<?xml version="1.0"?>

<VTKFile type="UnstructuredGrid" version="0.1">

  <UnstructuredGrid>

    <Piece NumberOfPoints="5328" NumberOfCells="1332">

      <PointData>

        <DataArray type="Float64" Name="DeuxMu" format="ascii">

1.52519710901484359e+02
1.52519710901484359e+02
1.52519710901484359e+02
1.52519710901484359e+02
1.56479522857399076e+02
1.56479522857399076e+02
1.56479522857399076e+02
1.56479522857399076e+02
1.54841281229783789e+02
1.54841281229783789e+02
1.54841281229783789e+02
1.54841281229783789e+02
1.53197594465715667e+02
1.53197594465715667e+02
1.53197594465715667e+02
1.53197594465715667e+02
1.51590837784610699e+02
1.51590837784610699e+02
1.51590837784610699e+02
1.51590837784610699e+02
1.53990614275284628e+02
1.53990614275284628e+02
1.53990614275284628e+02
1.53990614275284628e+02
1.52993148454098304e+02
1.52993148454098304e+02
1.52993148454098304e+02
1.52993148454098304e+02
1.52785634435205452e+02
1.52785634435205452e+02
1.52785634435205452e+02
1.52785634435205452e+02
1.52093960799677234e+02
1.52093960799677234e+02
1.52093960799677234e+02
1.52093960799677234e+02
1.55600537989457848e+02
1.55600537989457848e+02
1.55600537989457848e+02
1.55600537989457848e+02
1.51268602172300007e+02
1.51268602172300007e+02
1.51268602172300007e+02
1.51268602172300007e+02
1.53313819035802027e+02
1.53313819035802027e+02
1.53313819035802027e+02
1.53313819035802027e+02
1.51898195846119961e+02
1.51898195846119961e+02
1.51898195846119961e+02
1.51898195846119961e+02
1.52900987900303704e+02
1.52900987900303704e+02
1.52900987900303704e+02
1.52900987900303704e+02
1.51697481194341719e+02
1.51697481194341719e+02
1.51697481194341719e+02
1.51697481194341719e+02
1.53395482112872372e+02
1.53395482112872372e+02
1.53395482112872372e+02
1.53395482112872372e+02
1.51878406401095731e+02
1.51878406401095731e+02
1.51878406401095731e+02
1.51878406401095731e+02
1.52315023109009474e+02
1.52315023109009474e+02
1.52315023109009474e+02
1.52315023109009474e+02
1.50994474339342190e+02
1.50994474339342190e+02
1.50994474339342190e+02
1.50994474339342190e+02
1.52416668969744165e+02
1.52416668969744165e+02
1.52416668969744165e+02
1.52416668969744165e+02
1.51182649787832958e+02
1.51182649787832958e+02
1.51182649787832958e+02
1.51182649787832958e+02
1.52891135082983055e+02
1.52891135082983055e+02
1.52891135082983055e+02
1.52891135082983055e+02
1.54919093939449198e+02
1.54919093939449198e+02
1.54919093939449198e+02
1.54919093939449198e+02
1.51299670987203854e+02
1.51299670987203854e+02
1.51299670987203854e+02
1.51299670987203854e+02
1.58578310696299695e+02
1.58578310696299695e+02
1.58578310696299695e+02
1.58578310696299695e+02
1.54338271158971480e+02
1.54338271158971480e+02
1.54338271158971480e+02
1.54338271158971480e+02
1.58086139795607551e+02
1.58086139795607551e+02
1.58086139795607551e+02
1.58086139795607551e+02
1.55502032622309343e+02
1.55502032622309343e+02
1.55502032622309343e+02
1.55502032622309343e+02
1.53330537238210269e+02
1.53330537238210269e+02
1.53330537238210269e+02
1.53330537238210269e+02
1.52510786317772272e+02
1.52510786317772272e+02
1.52510786317772272e+02
1.52510786317772272e+02
1.56025944238729750e+02
1.56025944238729750e+02
1.56025944238729750e+02
1.56025944238729750e+02
1.53377586369373034e+02
1.53377586369373034e+02
1.53377586369373034e+02
1.53377586369373034e+02
1.55189112133007882e+02
1.55189112133007882e+02
1.55189112133007882e+02
1.55189112133007882e+02
1.52807020233144954e+02
1.52807020233144954e+02
1.52807020233144954e+02
1.52807020233144954e+02
1.56298277786059458e+02
1.56298277786059458e+02
1.56298277786059458e+02
1.56298277786059458e+02
1.54503264900090670e+02
1.54503264900090670e+02
1.54503264900090670e+02
1.54503264900090670e+02
1.56540366329471624e+02
1.56540366329471624e+02
1.56540366329471624e+02
1.56540366329471624e+02
1.55517986700356460e+02
1.55517986700356460e+02
1.55517986700356460e+02
1.55517986700356460e+02
1.56488749039521537e+02
1.56488749039521537e+02
1.56488749039521537e+02
1.56488749039521537e+02
1.57573743415159242e+02
1.57573743415159242e+02
1.57573743415159242e+02
1.57573743415159242e+02
1.52932009033897913e+02
1.52932009033897913e+02
1.52932009033897913e+02
1.52932009033897913e+02
1.54928366029265419e+02
1.54928366029265419e+02
1.54928366029265419e+02
1.54928366029265419e+02
1.58071559590089066e+02
1.58071559590089066e+02
1.58071559590089066e+02
1.58071559590089066e+02
1.53357352361431595e+02
1.53357352361431595e+02
1.53357352361431595e+02
1.53357352361431595e+02
1.55349691937266471e+02
1.55349691937266471e+02
1.55349691937266471e+02
1.55349691937266471e+02
1.50496822206176091e+02
1.50496822206176091e+02
1.50496822206176091e+02
1.50496822206176091e+02
1.51003759445786841e+02
1.51003759445786841e+02
1.51003759445786841e+02
1.51003759445786841e+02
1.51800118651207129e+02
1.51800118651207129e+02
1.51800118651207129e+02
1.51800118651207129e+02
1.50202299199889296e+02
1.50202299199889296e+02
1.50202299199889296e+02
1.50202299199889296e+02
1.50509678222799806e+02
1.50509678222799806e+02
1.50509678222799806e+02
1.50509678222799806e+02
1.56346043857112733e+02
1.56346043857112733e+02
1.56346043857112733e+02
1.56346043857112733e+02
1.52822904267453197e+02
1.52822904267453197e+02
1.52822904267453197e+02
1.52822904267453197e+02
1.54856877450124955e+02
1.54856877450124955e+02
1.54856877450124955e+02
1.54856877450124955e+02
1.56674004480423264e+02
1.56674004480423264e+02
1.56674004480423264e+02
1.56674004480423264e+02
1.54356327169359531e+02
1.54356327169359531e+02
1.54356327169359531e+02
1.54356327169359531e+02
1.49657943442976432e+02
1.49657943442976432e+02
1.49657943442976432e+02
1.49657943442976432e+02
1.50756034417239988e+02
1.50756034417239988e+02
1.50756034417239988e+02
1.50756034417239988e+02
1.48927720707507206e+02
1.48927720707507206e+02
1.48927720707507206e+02
1.48927720707507206e+02
1.49311219676191143e+02
1.49311219676191143e+02
1.49311219676191143e+02
1.49311219676191143e+02
1.51590044506188235e+02
1.51590044506188235e+02
1.51590044506188235e+02
1.51590044506188235e+02
1.49882967921690920e+02
1.49882967921690920e+02
1.49882967921690920e+02
1.49882967921690920e+02
1.56255783632465693e+02
1.56255783632465693e+02
1.56255783632465693e+02
1.56255783632465693e+02
1.49249649109945693e+02
1.49249649109945693e+02
1.49249649109945693e+02
1.49249649109945693e+02
1.50267549198097583e+02
1.50267549198097583e+02
1.50267549198097583e+02
1.50267549198097583e+02
1.50148437433013441e+02
1.50148437433013441e+02
1.50148437433013441e+02
1.50148437433013441e+02
1.58528355084699854e+02
1.58528355084699854e+02
1.58528355084699854e+02
1.58528355084699854e+02
1.57671549204048091e+02
1.57671549204048091e+02
1.57671549204048091e+02
1.57671549204048091e+02
1.55816794569881949e+02
1.55816794569881949e+02
1.55816794569881949e+02
1.55816794569881949e+02
1.54720651953078743e+02
1.54720651953078743e+02
1.54720651953078743e+02
1.54720651953078743e+02
1.58455956579977851e+02
1.58455956579977851e+02
1.58455956579977851e+02
1.58455956579977851e+02
1.54611606356259898e+02
1.54611606356259898e+02
1.54611606356259898e+02
1.54611606356259898e+02
1.52374975024524844e+02
1.52374975024524844e+02
1.52374975024524844e+02
1.52374975024524844e+02
1.50310919174413868e+02
1.50310919174413868e+02
1.50310919174413868e+02
1.50310919174413868e+02
1.50947560673665123e+02
1.50947560673665123e+02
1.50947560673665123e+02
1.50947560673665123e+02
1.54886290556336746e+02
1.54886290556336746e+02
1.54886290556336746e+02
1.54886290556336746e+02
1.55908506960828987e+02
1.55908506960828987e+02
1.55908506960828987e+02
1.55908506960828987e+02
1.54270831299115173e+02
1.54270831299115173e+02
1.54270831299115173e+02
1.54270831299115173e+02
1.54368440117142057e+02
1.54368440117142057e+02
1.54368440117142057e+02
1.54368440117142057e+02
1.50030260738484117e+02
1.50030260738484117e+02
1.50030260738484117e+02
1.50030260738484117e+02
1.53388321328570328e+02
1.53388321328570328e+02
1.53388321328570328e+02
1.53388321328570328e+02
1.55194755696979144e+02
1.55194755696979144e+02
1.55194755696979144e+02
1.55194755696979144e+02
1.56156662094492077e+02
1.56156662094492077e+02
1.56156662094492077e+02
1.56156662094492077e+02
1.53687620253637448e+02
1.53687620253637448e+02
1.53687620253637448e+02
1.53687620253637448e+02
1.54586216727549214e+02
1.54586216727549214e+02
1.54586216727549214e+02
1.54586216727549214e+02
1.55162958706150079e+02
1.55162958706150079e+02
1.55162958706150079e+02
1.55162958706150079e+02
1.50683072753518786e+02
1.50683072753518786e+02
1.50683072753518786e+02
1.50683072753518786e+02
1.52774724488449579e+02
1.52774724488449579e+02
1.52774724488449579e+02
1.52774724488449579e+02
1.51576824311479697e+02
1.51576824311479697e+02
1.51576824311479697e+02
1.51576824311479697e+02
1.53613567311980717e+02
1.53613567311980717e+02
1.53613567311980717e+02
1.53613567311980717e+02
1.52938460927356857e+02
1.52938460927356857e+02
1.52938460927356857e+02
1.52938460927356857e+02
1.53687275628503755e+02
1.53687275628503755e+02
1.53687275628503755e+02
1.53687275628503755e+02
1.55237855452279462e+02
1.55237855452279462e+02
1.55237855452279462e+02
1.55237855452279462e+02
1.51926406532635184e+02
1.51926406532635184e+02
1.51926406532635184e+02
1.51926406532635184e+02
1.56692783971552700e+02
1.56692783971552700e+02
1.56692783971552700e+02
1.56692783971552700e+02
1.53948615181417125e+02
1.53948615181417125e+02
1.53948615181417125e+02
1.53948615181417125e+02
1.50674876592078817e+02
1.50674876592078817e+02
1.50674876592078817e+02
1.50674876592078817e+02
1.54870987720767260e+02
1.54870987720767260e+02
1.54870987720767260e+02
1.54870987720767260e+02
1.50770758223122471e+02
1.50770758223122471e+02
1.50770758223122471e+02
1.50770758223122471e+02
1.49366126951110601e+02
1.49366126951110601e+02
1.49366126951110601e+02
1.49366126951110601e+02
1.54955032568486558e+02
1.54955032568486558e+02
1.54955032568486558e+02
1.54955032568486558e+02
1.49563542459989748e+02
1.49563542459989748e+02
1.49563542459989748e+02
1.49563542459989748e+02
1.52462868483962012e+02
1.52462868483962012e+02
1.52462868483962012e+02
1.52462868483962012e+02
1.54992860248034702e+02
1.54992860248034702e+02
1.54992860248034702e+02
1.54992860248034702e+02
1.52693170876801560e+02
1.52693170876801560e+02
1.52693170876801560e+02
1.52693170876801560e+02
1.53605059001141314e+02
1.53605059001141314e+02
1.53605059001141314e+02
1.53605059001141314e+02
1.55701999088999031e+02
1.55701999088999031e+02
1.55701999088999031e+02
1.55701999088999031e+02
1.50755640290501987e+02
1.50755640290501987e+02
1.50755640290501987e+02
1.50755640290501987e+02
1.53359063719081348e+02
1.53359063719081348e+02
1.53359063719081348e+02
1.53359063719081348e+02
1.54080321761691778e+02
1.54080321761691778e+02
1.54080321761691778e+02
1.54080321761691778e+02
1.51812873769561179e+02
1.51812873769561179e+02
1.51812873769561179e+02
1.51812873769561179e+02
1.49530150084551394e+02
1.49530150084551394e+02
1.49530150084551394e+02
1.49530150084551394e+02
1.52658629824688063e+02
1.52658629824688063e+02
1.52658629824688063e+02
1.52658629824688063e+02
1.54024469297947377e+02
1.54024469297947377e+02
1.54024469297947377e+02
1.54024469297947377e+02
1.54699826238660989e+02
1.54699826238660989e+02
1.54699826238660989e+02
1.54699826238660989e+02
1.52063327207666077e+02
1.52063327207666077e+02
1.52063327207666077e+02
1.52063327207666077e+02
1.49119743063083689e+02
1.49119743063083689e+02
1.49119743063083689e+02
1.49119743063083689e+02
1.52223729137784346e+02
1.52223729137784346e+02
1.52223729137784346e+02
1.52223729137784346e+02
1.47500197424534235e+02
1.47500197424534235e+02
1.47500197424534235e+02
1.47500197424534235e+02
1.52279348640010056e+02
1.52279348640010056e+02
1.52279348640010056e+02
1.52279348640010056e+02
1.49275952444340874e+02
1.49275952444340874e+02
1.49275952444340874e+02
1.49275952444340874e+02
1.48581851758393810e+02
1.48581851758393810e+02
1.48581851758393810e+02
1.48581851758393810e+02
1.54861269146802215e+02
1.54861269146802215e+02
1.54861269146802215e+02
1.54861269146802215e+02
1.51216663210318558e+02
1.51216663210318558e+02
1.51216663210318558e+02
1.51216663210318558e+02
1.50850765033646979e+02
1.50850765033646979e+02
1.50850765033646979e+02
1.50850765033646979e+02
1.50385280326714224e+02
1.50385280326714224e+02
1.50385280326714224e+02
1.50385280326714224e+02
1.48730846972531594e+02
1.48730846972531594e+02
1.48730846972531594e+02
1.48730846972531594e+02
1.50124331257163732e+02
1.50124331257163732e+02
1.50124331257163732e+02
1.50124331257163732e+02
1.51325031863021565e+02
1.51325031863021565e+02
1.51325031863021565e+02
1.51325031863021565e+02
1.49447476951452245e+02
1.49447476951452245e+02
1.49447476951452245e+02
1.49447476951452245e+02
1.53107346198757995e+02
1.53107346198757995e+02
1.53107346198757995e+02
1.53107346198757995e+02
1.50944841832447622e+02
1.50944841832447622e+02
1.50944841832447622e+02
1.50944841832447622e+02
1.55884466318498880e+02
1.55884466318498880e+02
1.55884466318498880e+02
1.55884466318498880e+02
1.56740799301129755e+02
1.56740799301129755e+02
1.56740799301129755e+02
1.56740799301129755e+02
1.53658539836680234e+02
1.53658539836680234e+02
1.53658539836680234e+02
1.53658539836680234e+02
1.53386048245344966e+02
1.53386048245344966e+02
1.53386048245344966e+02
1.53386048245344966e+02
1.50318681773889921e+02
1.50318681773889921e+02
1.50318681773889921e+02
1.50318681773889921e+02
1.54851304489273645e+02
1.54851304489273645e+02
1.54851304489273645e+02
1.54851304489273645e+02
1.51638969669454610e+02
1.51638969669454610e+02
1.51638969669454610e+02
1.51638969669454610e+02
1.53608598779124236e+02
1.53608598779124236e+02
1.53608598779124236e+02
1.53608598779124236e+02
1.56707792208224760e+02
1.56707792208224760e+02
1.56707792208224760e+02
1.56707792208224760e+02
1.48579317122152133e+02
1.48579317122152133e+02
1.48579317122152133e+02
1.48579317122152133e+02
1.54681347754151602e+02
1.54681347754151602e+02
1.54681347754151602e+02
1.54681347754151602e+02
1.54514293823767588e+02
1.54514293823767588e+02
1.54514293823767588e+02
1.54514293823767588e+02
1.55865168214165209e+02
1.55865168214165209e+02
1.55865168214165209e+02
1.55865168214165209e+02
1.54867804387695401e+02
1.54867804387695401e+02
1.54867804387695401e+02
1.54867804387695401e+02
1.55633135050339547e+02
1.55633135050339547e+02
1.55633135050339547e+02
1.55633135050339547e+02
1.59329097464968129e+02
1.59329097464968129e+02
1.59329097464968129e+02
1.59329097464968129e+02
1.54181637187895035e+02
1.54181637187895035e+02
1.54181637187895035e+02
1.54181637187895035e+02
1.57519657168178753e+02
1.57519657168178753e+02
1.57519657168178753e+02
1.57519657168178753e+02
1.52105825923547911e+02
1.52105825923547911e+02
1.52105825923547911e+02
1.52105825923547911e+02
1.51219989572953324e+02
1.51219989572953324e+02
1.51219989572953324e+02
1.51219989572953324e+02
1.52070138991648435e+02
1.52070138991648435e+02
1.52070138991648435e+02
1.52070138991648435e+02
1.52460556743428896e+02
1.52460556743428896e+02
1.52460556743428896e+02
1.52460556743428896e+02
1.53479199275325129e+02
1.53479199275325129e+02
1.53479199275325129e+02
1.53479199275325129e+02
1.51670093669381515e+02
1.51670093669381515e+02
1.51670093669381515e+02
1.51670093669381515e+02
1.58209663424410081e+02
1.58209663424410081e+02
1.58209663424410081e+02
1.58209663424410081e+02
1.53702942683214161e+02
1.53702942683214161e+02
1.53702942683214161e+02
1.53702942683214161e+02
1.53545871593355713e+02
1.53545871593355713e+02
1.53545871593355713e+02
1.53545871593355713e+02
1.53731440955302816e+02
1.53731440955302816e+02
1.53731440955302816e+02
1.53731440955302816e+02
1.54860406410777642e+02
1.54860406410777642e+02
1.54860406410777642e+02
1.54860406410777642e+02
1.53743614705194091e+02
1.53743614705194091e+02
1.53743614705194091e+02
1.53743614705194091e+02
1.54150031600262366e+02
1.54150031600262366e+02
1.54150031600262366e+02
1.54150031600262366e+02
1.55752504596680780e+02
1.55752504596680780e+02
1.55752504596680780e+02
1.55752504596680780e+02
1.55662243751586146e+02
1.55662243751586146e+02
1.55662243751586146e+02
1.55662243751586146e+02
1.55457603859843033e+02
1.55457603859843033e+02
1.55457603859843033e+02
1.55457603859843033e+02
1.52490313341840363e+02
1.52490313341840363e+02
1.52490313341840363e+02
1.52490313341840363e+02
1.58335125661974416e+02
1.58335125661974416e+02
1.58335125661974416e+02
1.58335125661974416e+02
1.56777182110891516e+02
1.56777182110891516e+02
1.56777182110891516e+02
1.56777182110891516e+02
1.55741583090620395e+02
1.55741583090620395e+02
1.55741583090620395e+02
1.55741583090620395e+02
1.58456137932584625e+02
1.58456137932584625e+02
1.58456137932584625e+02
1.58456137932584625e+02
1.58513400911563025e+02
1.58513400911563025e+02
1.58513400911563025e+02
1.58513400911563025e+02
1.54197314564482326e+02
1.54197314564482326e+02
1.54197314564482326e+02
1.54197314564482326e+02
1.54336782603026734e+02
1.54336782603026734e+02
1.54336782603026734e+02
1.54336782603026734e+02
1.52177153366986289e+02
1.52177153366986289e+02
1.52177153366986289e+02
1.52177153366986289e+02
1.51732330848662343e+02
1.51732330848662343e+02
1.51732330848662343e+02
1.51732330848662343e+02
1.52441469645293751e+02
1.52441469645293751e+02
1.52441469645293751e+02
1.52441469645293751e+02
1.52664936700056757e+02
1.52664936700056757e+02
1.52664936700056757e+02
1.52664936700056757e+02
1.53485954204151341e+02
1.53485954204151341e+02
1.53485954204151341e+02
1.53485954204151341e+02
1.54948094471118964e+02
1.54948094471118964e+02
1.54948094471118964e+02
1.54948094471118964e+02
1.55755868616753730e+02
1.55755868616753730e+02
1.55755868616753730e+02
1.55755868616753730e+02
1.53659794978294656e+02
1.53659794978294656e+02
1.53659794978294656e+02
1.53659794978294656e+02
1.57635345260718168e+02
1.57635345260718168e+02
1.57635345260718168e+02
1.57635345260718168e+02
1.53852237297697570e+02
1.53852237297697570e+02
1.53852237297697570e+02
1.53852237297697570e+02
1.52878759248059481e+02
1.52878759248059481e+02
1.52878759248059481e+02
1.52878759248059481e+02
1.51883540055920349e+02
1.51883540055920349e+02
1.51883540055920349e+02
1.51883540055920349e+02
1.52793385752901173e+02
1.52793385752901173e+02
1.52793385752901173e+02
1.52793385752901173e+02
1.50829382173015517e+02
1.50829382173015517e+02
1.50829382173015517e+02
1.50829382173015517e+02
1.52764749509315152e+02
1.52764749509315152e+02
1.52764749509315152e+02
1.52764749509315152e+02
1.48235378088025755e+02
1.48235378088025755e+02
1.48235378088025755e+02
1.48235378088025755e+02
1.50372439438569501e+02
1.50372439438569501e+02
1.50372439438569501e+02
1.50372439438569501e+02
1.48301938827501829e+02
1.48301938827501829e+02
1.48301938827501829e+02
1.48301938827501829e+02
1.51745673636108620e+02
1.51745673636108620e+02
1.51745673636108620e+02
1.51745673636108620e+02
1.50588227312674576e+02
1.50588227312674576e+02
1.50588227312674576e+02
1.50588227312674576e+02
1.52768255777712938e+02
1.52768255777712938e+02
1.52768255777712938e+02
1.52768255777712938e+02
1.50565716551358946e+02
1.50565716551358946e+02
1.50565716551358946e+02
1.50565716551358946e+02
1.49690574592388288e+02
1.49690574592388288e+02
1.49690574592388288e+02
1.49690574592388288e+02
1.53186698265567259e+02
1.53186698265567259e+02
1.53186698265567259e+02
1.53186698265567259e+02
1.47792476017548495e+02
1.47792476017548495e+02
1.47792476017548495e+02
1.47792476017548495e+02
1.53057728787460064e+02
1.53057728787460064e+02
1.53057728787460064e+02
1.53057728787460064e+02
1.49727134437857870e+02
1.49727134437857870e+02
1.49727134437857870e+02
1.49727134437857870e+02
1.50347638228970226e+02
1.50347638228970226e+02
1.50347638228970226e+02
1.50347638228970226e+02
1.51536965431321477e+02
1.51536965431321477e+02
1.51536965431321477e+02
1.51536965431321477e+02
1.50840528819306797e+02
1.50840528819306797e+02
1.50840528819306797e+02
1.50840528819306797e+02
1.54864431746426447e+02
1.54864431746426447e+02
1.54864431746426447e+02
1.54864431746426447e+02
1.52067610011160752e+02
1.52067610011160752e+02
1.52067610011160752e+02
1.52067610011160752e+02
1.51486150174249389e+02
1.51486150174249389e+02
1.51486150174249389e+02
1.51486150174249389e+02
1.53156499733629460e+02
1.53156499733629460e+02
1.53156499733629460e+02
1.53156499733629460e+02
1.54025345915967421e+02
1.54025345915967421e+02
1.54025345915967421e+02
1.54025345915967421e+02
1.51705335524025173e+02
1.51705335524025173e+02
1.51705335524025173e+02
1.51705335524025173e+02
1.51229550624601984e+02
1.51229550624601984e+02
1.51229550624601984e+02
1.51229550624601984e+02
1.51547233666072486e+02
1.51547233666072486e+02
1.51547233666072486e+02
1.51547233666072486e+02
1.52471096493977655e+02
1.52471096493977655e+02
1.52471096493977655e+02
1.52471096493977655e+02
1.56354012583337578e+02
1.56354012583337578e+02
1.56354012583337578e+02
1.56354012583337578e+02
1.51491354541880355e+02
1.51491354541880355e+02
1.51491354541880355e+02
1.51491354541880355e+02
1.52394193283249479e+02
1.52394193283249479e+02
1.52394193283249479e+02
1.52394193283249479e+02
1.51507778545095789e+02
1.51507778545095789e+02
1.51507778545095789e+02
1.51507778545095789e+02
1.56652286623298068e+02
1.56652286623298068e+02
1.56652286623298068e+02
1.56652286623298068e+02
1.51698768445116286e+02
1.51698768445116286e+02
1.51698768445116286e+02
1.51698768445116286e+02
1.51802262743954770e+02
1.51802262743954770e+02
1.51802262743954770e+02
1.51802262743954770e+02
1.52782749096846288e+02
1.52782749096846288e+02
1.52782749096846288e+02
1.52782749096846288e+02
1.52573402594530506e+02
1.52573402594530506e+02
1.52573402594530506e+02
1.52573402594530506e+02
1.52853739241977848e+02
1.52853739241977848e+02
1.52853739241977848e+02
1.52853739241977848e+02
1.53303974141778127e+02
1.53303974141778127e+02
1.53303974141778127e+02
1.53303974141778127e+02
1.54409681988389281e+02
1.54409681988389281e+02
1.54409681988389281e+02
1.54409681988389281e+02
1.60093997889345900e+02
1.60093997889345900e+02
1.60093997889345900e+02
1.60093997889345900e+02
1.48591861374949673e+02
1.48591861374949673e+02
1.48591861374949673e+02
1.48591861374949673e+02
1.52247976859212969e+02
1.52247976859212969e+02
1.52247976859212969e+02
1.52247976859212969e+02
1.53960936794726138e+02
1.53960936794726138e+02
1.53960936794726138e+02
1.53960936794726138e+02
1.58638081570465232e+02
1.58638081570465232e+02
1.58638081570465232e+02
1.58638081570465232e+02
1.54373112505948342e+02
1.54373112505948342e+02
1.54373112505948342e+02
1.54373112505948342e+02
1.57098937661188188e+02
1.57098937661188188e+02
1.57098937661188188e+02
1.57098937661188188e+02
1.47249642121659889e+02
1.47249642121659889e+02
1.47249642121659889e+02
1.47249642121659889e+02
1.51137554930140453e+02
1.51137554930140453e+02
1.51137554930140453e+02
1.51137554930140453e+02
1.48926181842467372e+02
1.48926181842467372e+02
1.48926181842467372e+02
1.48926181842467372e+02
1.54110148475751714e+02
1.54110148475751714e+02
1.54110148475751714e+02
1.54110148475751714e+02
1.55699792254708456e+02
1.55699792254708456e+02
1.55699792254708456e+02
1.55699792254708456e+02
1.47921176798726748e+02
1.47921176798726748e+02
1.47921176798726748e+02
1.47921176798726748e+02
1.55412524975660574e+02
1.55412524975660574e+02
1.55412524975660574e+02
1.55412524975660574e+02
1.52297845881963696e+02
1.52297845881963696e+02
1.52297845881963696e+02
1.52297845881963696e+02
1.54786880317112917e+02
1.54786880317112917e+02
1.54786880317112917e+02
1.54786880317112917e+02
1.55455418940848745e+02
1.55455418940848745e+02
1.55455418940848745e+02
1.55455418940848745e+02
1.55046590185404114e+02
1.55046590185404114e+02
1.55046590185404114e+02
1.55046590185404114e+02
1.56833976687702005e+02
1.56833976687702005e+02
1.56833976687702005e+02
1.56833976687702005e+02
1.46802766632235716e+02
1.46802766632235716e+02
1.46802766632235716e+02
1.46802766632235716e+02
1.43115943700778729e+02
1.43115943700778729e+02
1.43115943700778729e+02
1.43115943700778729e+02
1.50867596193647586e+02
1.50867596193647586e+02
1.50867596193647586e+02
1.50867596193647586e+02
1.53897444837212561e+02
1.53897444837212561e+02
1.53897444837212561e+02
1.53897444837212561e+02
1.45744181411608679e+02
1.45744181411608679e+02
1.45744181411608679e+02
1.45744181411608679e+02
1.56915251571889144e+02
1.56915251571889144e+02
1.56915251571889144e+02
1.56915251571889144e+02
1.59034441314523036e+02
1.59034441314523036e+02
1.59034441314523036e+02
1.59034441314523036e+02
1.53114925865559456e+02
1.53114925865559456e+02
1.53114925865559456e+02
1.53114925865559456e+02
1.51178321246160039e+02
1.51178321246160039e+02
1.51178321246160039e+02
1.51178321246160039e+02
1.53588305638503670e+02
1.53588305638503670e+02
1.53588305638503670e+02
1.53588305638503670e+02
1.52842057372526739e+02
1.52842057372526739e+02
1.52842057372526739e+02
1.52842057372526739e+02
1.52248028232585398e+02
1.52248028232585398e+02
1.52248028232585398e+02
1.52248028232585398e+02
1.54735043431729537e+02
1.54735043431729537e+02
1.54735043431729537e+02
1.54735043431729537e+02
1.55290922389474559e+02
1.55290922389474559e+02
1.55290922389474559e+02
1.55290922389474559e+02
1.52565948592051541e+02
1.52565948592051541e+02
1.52565948592051541e+02
1.52565948592051541e+02
1.54312523060375042e+02
1.54312523060375042e+02
1.54312523060375042e+02
1.54312523060375042e+02
1.58394464912129195e+02
1.58394464912129195e+02
1.58394464912129195e+02
1.58394464912129195e+02
1.52991368853322427e+02
1.52991368853322427e+02
1.52991368853322427e+02
1.52991368853322427e+02
1.53667704479218798e+02
1.53667704479218798e+02
1.53667704479218798e+02
1.53667704479218798e+02
1.55527444950062119e+02
1.55527444950062119e+02
1.55527444950062119e+02
1.55527444950062119e+02
1.52116492168648648e+02
1.52116492168648648e+02
1.52116492168648648e+02
1.52116492168648648e+02
1.54253646467535447e+02
1.54253646467535447e+02
1.54253646467535447e+02
1.54253646467535447e+02
1.52161949170737472e+02
1.52161949170737472e+02
1.52161949170737472e+02
1.52161949170737472e+02
1.57135329825531500e+02
1.57135329825531500e+02
1.57135329825531500e+02
1.57135329825531500e+02
1.51779781001725723e+02
1.51779781001725723e+02
1.51779781001725723e+02
1.51779781001725723e+02
1.51385508205783026e+02
1.51385508205783026e+02
1.51385508205783026e+02
1.51385508205783026e+02
1.54587742784004348e+02
1.54587742784004348e+02
1.54587742784004348e+02
1.54587742784004348e+02
1.57981444574558566e+02
1.57981444574558566e+02
1.57981444574558566e+02
1.57981444574558566e+02
1.56737048021782016e+02
1.56737048021782016e+02
1.56737048021782016e+02
1.56737048021782016e+02
1.51911586852024158e+02
1.51911586852024158e+02
1.51911586852024158e+02
1.51911586852024158e+02
1.54047511861611895e+02
1.54047511861611895e+02
1.54047511861611895e+02
1.54047511861611895e+02
1.56548445166402416e+02
1.56548445166402416e+02
1.56548445166402416e+02
1.56548445166402416e+02
1.58852325169549459e+02
1.58852325169549459e+02
1.58852325169549459e+02
1.58852325169549459e+02
1.53528964653339102e+02
1.53528964653339102e+02
1.53528964653339102e+02
1.53528964653339102e+02
1.52395777610802725e+02
1.52395777610802725e+02
1.52395777610802725e+02
1.52395777610802725e+02
1.51837825840390735e+02
1.51837825840390735e+02
1.51837825840390735e+02
1.51837825840390735e+02
1.55743951320135835e+02
1.55743951320135835e+02
1.55743951320135835e+02
1.55743951320135835e+02
1.54364449142083743e+02
1.54364449142083743e+02
1.54364449142083743e+02
1.54364449142083743e+02
1.55151787329279557e+02
1.55151787329279557e+02
1.55151787329279557e+02
1.55151787329279557e+02
1.54876075992820489e+02
1.54876075992820489e+02
1.54876075992820489e+02
1.54876075992820489e+02
1.55959625057899984e+02
1.55959625057899984e+02
1.55959625057899984e+02
1.55959625057899984e+02
1.58722275333078983e+02
1.58722275333078983e+02
1.58722275333078983e+02
1.58722275333078983e+02
1.55241574220161539e+02
1.55241574220161539e+02
1.55241574220161539e+02
1.55241574220161539e+02
1.60505689806560184e+02
1.60505689806560184e+02
1.60505689806560184e+02
1.60505689806560184e+02
1.52495840726915389e+02
1.52495840726915389e+02
1.52495840726915389e+02
1.52495840726915389e+02
1.53291423481473174e+02
1.53291423481473174e+02
1.53291423481473174e+02
1.53291423481473174e+02
1.60646082948456211e+02
1.60646082948456211e+02
1.60646082948456211e+02
1.60646082948456211e+02
1.52874904938536076e+02
1.52874904938536076e+02
1.52874904938536076e+02
1.52874904938536076e+02
1.49583488468753416e+02
1.49583488468753416e+02
1.49583488468753416e+02
1.49583488468753416e+02
1.51470750095082622e+02
1.51470750095082622e+02
1.51470750095082622e+02
1.51470750095082622e+02
1.52507396363688741e+02
1.52507396363688741e+02
1.52507396363688741e+02
1.52507396363688741e+02
1.60546014200517305e+02
1.60546014200517305e+02
1.60546014200517305e+02
1.60546014200517305e+02
1.56466781562376894e+02
1.56466781562376894e+02
1.56466781562376894e+02
1.56466781562376894e+02
1.56783433973320768e+02
1.56783433973320768e+02
1.56783433973320768e+02
1.56783433973320768e+02
1.52288429296276519e+02
1.52288429296276519e+02
1.52288429296276519e+02
1.52288429296276519e+02
1.53162068728384781e+02
1.53162068728384781e+02
1.53162068728384781e+02
1.53162068728384781e+02
1.48230145266474580e+02
1.48230145266474580e+02
1.48230145266474580e+02
1.48230145266474580e+02
1.53109076766764900e+02
1.53109076766764900e+02
1.53109076766764900e+02
1.53109076766764900e+02
1.53362456893113489e+02
1.53362456893113489e+02
1.53362456893113489e+02
1.53362456893113489e+02
1.56970953761149303e+02
1.56970953761149303e+02
1.56970953761149303e+02
1.56970953761149303e+02
1.55468209764959113e+02
1.55468209764959113e+02
1.55468209764959113e+02
1.55468209764959113e+02
1.58812935658452830e+02
1.58812935658452830e+02
1.58812935658452830e+02
1.58812935658452830e+02
1.54851018920844069e+02
1.54851018920844069e+02
1.54851018920844069e+02
1.54851018920844069e+02
1.54724072520716419e+02
1.54724072520716419e+02
1.54724072520716419e+02
1.54724072520716419e+02
1.56730798858882963e+02
1.56730798858882963e+02
1.56730798858882963e+02
1.56730798858882963e+02
1.54152550248470732e+02
1.54152550248470732e+02
1.54152550248470732e+02
1.54152550248470732e+02
1.55841250528411649e+02
1.55841250528411649e+02
1.55841250528411649e+02
1.55841250528411649e+02
1.55702063654041979e+02
1.55702063654041979e+02
1.55702063654041979e+02
1.55702063654041979e+02
1.53971175276662620e+02
1.53971175276662620e+02
1.53971175276662620e+02
1.53971175276662620e+02
1.57291823613978380e+02
1.57291823613978380e+02
1.57291823613978380e+02
1.57291823613978380e+02
1.50647020986175335e+02
1.50647020986175335e+02
1.50647020986175335e+02
1.50647020986175335e+02
1.52074473624888043e+02
1.52074473624888043e+02
1.52074473624888043e+02
1.52074473624888043e+02
1.52939103731214090e+02
1.52939103731214090e+02
1.52939103731214090e+02
1.52939103731214090e+02
1.54013532386445661e+02
1.54013532386445661e+02
1.54013532386445661e+02
1.54013532386445661e+02
1.58505977742969577e+02
1.58505977742969577e+02
1.58505977742969577e+02
1.58505977742969577e+02
1.47972705306729949e+02
1.47972705306729949e+02
1.47972705306729949e+02
1.47972705306729949e+02
1.56070337741642163e+02
1.56070337741642163e+02
1.56070337741642163e+02
1.56070337741642163e+02
1.55456631219693122e+02
1.55456631219693122e+02
1.55456631219693122e+02
1.55456631219693122e+02
1.54094126369195237e+02
1.54094126369195237e+02
1.54094126369195237e+02
1.54094126369195237e+02
1.52580995673049586e+02
1.52580995673049586e+02
1.52580995673049586e+02
1.52580995673049586e+02
1.54969805417339586e+02
1.54969805417339586e+02
1.54969805417339586e+02
1.54969805417339586e+02
1.59997392668378609e+02
1.59997392668378609e+02
1.59997392668378609e+02
1.59997392668378609e+02
1.60923801663232041e+02
1.60923801663232041e+02
1.60923801663232041e+02
1.60923801663232041e+02
1.51359371375466594e+02
1.51359371375466594e+02
1.51359371375466594e+02
1.51359371375466594e+02
1.52721529270621176e+02
1.52721529270621176e+02
1.52721529270621176e+02
1.52721529270621176e+02
1.57812586840620497e+02
1.57812586840620497e+02
1.57812586840620497e+02
1.57812586840620497e+02
1.52201626821506721e+02
1.52201626821506721e+02
1.52201626821506721e+02
1.52201626821506721e+02
1.49242629498047506e+02
1.49242629498047506e+02
1.49242629498047506e+02
1.49242629498047506e+02
1.50763045476781656e+02
1.50763045476781656e+02
1.50763045476781656e+02
1.50763045476781656e+02
1.53479491278941595e+02
1.53479491278941595e+02
1.53479491278941595e+02
1.53479491278941595e+02
1.57882356196525819e+02
1.57882356196525819e+02
1.57882356196525819e+02
1.57882356196525819e+02
1.51034500807388838e+02
1.51034500807388838e+02
1.51034500807388838e+02
1.51034500807388838e+02
1.56800571599970937e+02
1.56800571599970937e+02
1.56800571599970937e+02
1.56800571599970937e+02
1.59074063635018319e+02
1.59074063635018319e+02
1.59074063635018319e+02
1.59074063635018319e+02
1.47039522081282001e+02
1.47039522081282001e+02
1.47039522081282001e+02
1.47039522081282001e+02
1.45744467593730974e+02
1.45744467593730974e+02
1.45744467593730974e+02
1.45744467593730974e+02
1.53435641483244098e+02
1.53435641483244098e+02
1.53435641483244098e+02
1.53435641483244098e+02
1.48182713672947386e+02
1.48182713672947386e+02
1.48182713672947386e+02
1.48182713672947386e+02
1.53949267526123435e+02
1.53949267526123435e+02
1.53949267526123435e+02
1.53949267526123435e+02
1.56211264681200475e+02
1.56211264681200475e+02
1.56211264681200475e+02
1.56211264681200475e+02
1.49194299559779807e+02
1.49194299559779807e+02
1.49194299559779807e+02
1.49194299559779807e+02
1.51201292306716937e+02
1.51201292306716937e+02
1.51201292306716937e+02
1.51201292306716937e+02
1.48408853838195228e+02
1.48408853838195228e+02
1.48408853838195228e+02
1.48408853838195228e+02
1.52486350573819266e+02
1.52486350573819266e+02
1.52486350573819266e+02
1.52486350573819266e+02
1.51476332834148792e+02
1.51476332834148792e+02
1.51476332834148792e+02
1.51476332834148792e+02
1.55284741275483810e+02
1.55284741275483810e+02
1.55284741275483810e+02
1.55284741275483810e+02
1.53267502740917536e+02
1.53267502740917536e+02
1.53267502740917536e+02
1.53267502740917536e+02
1.55721255888414419e+02
1.55721255888414419e+02
1.55721255888414419e+02
1.55721255888414419e+02
1.52503094390067901e+02
1.52503094390067901e+02
1.52503094390067901e+02
1.52503094390067901e+02
1.49288795345609429e+02
1.49288795345609429e+02
1.49288795345609429e+02
1.49288795345609429e+02
1.51483316566465021e+02
1.51483316566465021e+02
1.51483316566465021e+02
1.51483316566465021e+02
1.49347768948993291e+02
1.49347768948993291e+02
1.49347768948993291e+02
1.49347768948993291e+02
1.53868367447873368e+02
1.53868367447873368e+02
1.53868367447873368e+02
1.53868367447873368e+02
1.47250744965237999e+02
1.47250744965237999e+02
1.47250744965237999e+02
1.47250744965237999e+02
1.55261336972898874e+02
1.55261336972898874e+02
1.55261336972898874e+02
1.55261336972898874e+02
1.54001773320641661e+02
1.54001773320641661e+02
1.54001773320641661e+02
1.54001773320641661e+02
1.53682666487048721e+02
1.53682666487048721e+02
1.53682666487048721e+02
1.53682666487048721e+02
1.53863309832779464e+02
1.53863309832779464e+02
1.53863309832779464e+02
1.53863309832779464e+02
1.52398286961109676e+02
1.52398286961109676e+02
1.52398286961109676e+02
1.52398286961109676e+02
1.49352104640919379e+02
1.49352104640919379e+02
1.49352104640919379e+02
1.49352104640919379e+02
1.50039793151969349e+02
1.50039793151969349e+02
1.50039793151969349e+02
1.50039793151969349e+02
1.54152432822816820e+02
1.54152432822816820e+02
1.54152432822816820e+02
1.54152432822816820e+02
1.48737232471136963e+02
1.48737232471136963e+02
1.48737232471136963e+02
1.48737232471136963e+02
1.46242269412351902e+02
1.46242269412351902e+02
1.46242269412351902e+02
1.46242269412351902e+02
1.53453563004635612e+02
1.53453563004635612e+02
1.53453563004635612e+02
1.53453563004635612e+02
1.52157159460678912e+02
1.52157159460678912e+02
1.52157159460678912e+02
1.52157159460678912e+02
1.50548155591826600e+02
1.50548155591826600e+02
1.50548155591826600e+02
1.50548155591826600e+02
1.53274583882797032e+02
1.53274583882797032e+02
1.53274583882797032e+02
1.53274583882797032e+02
1.54718975415322888e+02
1.54718975415322888e+02
1.54718975415322888e+02
1.54718975415322888e+02
1.59203562155664770e+02
1.59203562155664770e+02
1.59203562155664770e+02
1.59203562155664770e+02
1.56390377631627615e+02
1.56390377631627615e+02
1.56390377631627615e+02
1.56390377631627615e+02
1.56994781384517722e+02
1.56994781384517722e+02
1.56994781384517722e+02
1.56994781384517722e+02
1.54009410407927732e+02
1.54009410407927732e+02
1.54009410407927732e+02
1.54009410407927732e+02
1.55334192559695566e+02
1.55334192559695566e+02
1.55334192559695566e+02
1.55334192559695566e+02
1.55412290681277199e+02
1.55412290681277199e+02
1.55412290681277199e+02
1.55412290681277199e+02
1.56193046593422991e+02
1.56193046593422991e+02
1.56193046593422991e+02
1.56193046593422991e+02
1.56292591099549895e+02
1.56292591099549895e+02
1.56292591099549895e+02
1.56292591099549895e+02
1.53740273710089440e+02
1.53740273710089440e+02
1.53740273710089440e+02
1.53740273710089440e+02
1.53822121511480049e+02
1.53822121511480049e+02
1.53822121511480049e+02
1.53822121511480049e+02
1.57009693782993054e+02
1.57009693782993054e+02
1.57009693782993054e+02
1.57009693782993054e+02
1.55396816195880007e+02
1.55396816195880007e+02
1.55396816195880007e+02
1.55396816195880007e+02
1.53752668328575623e+02
1.53752668328575623e+02
1.53752668328575623e+02
1.53752668328575623e+02
1.54196473902127849e+02
1.54196473902127849e+02
1.54196473902127849e+02
1.54196473902127849e+02
1.55859559586781359e+02
1.55859559586781359e+02
1.55859559586781359e+02
1.55859559586781359e+02
1.49379057757572099e+02
1.49379057757572099e+02
1.49379057757572099e+02
1.49379057757572099e+02
1.48981483356202403e+02
1.48981483356202403e+02
1.48981483356202403e+02
1.48981483356202403e+02
1.48413154064245305e+02
1.48413154064245305e+02
1.48413154064245305e+02
1.48413154064245305e+02
1.51649275417588484e+02
1.51649275417588484e+02
1.51649275417588484e+02
1.51649275417588484e+02
1.59108539096150594e+02
1.59108539096150594e+02
1.59108539096150594e+02
1.59108539096150594e+02
1.56243749029660705e+02
1.56243749029660705e+02
1.56243749029660705e+02
1.56243749029660705e+02
1.50698542189301293e+02
1.50698542189301293e+02
1.50698542189301293e+02
1.50698542189301293e+02
1.49390297911857857e+02
1.49390297911857857e+02
1.49390297911857857e+02
1.49390297911857857e+02
1.54130055879490101e+02
1.54130055879490101e+02
1.54130055879490101e+02
1.54130055879490101e+02
1.50199391784031462e+02
1.50199391784031462e+02
1.50199391784031462e+02
1.50199391784031462e+02
1.52172919770413927e+02
1.52172919770413927e+02
1.52172919770413927e+02
1.52172919770413927e+02
1.53272391865742406e+02
1.53272391865742406e+02
1.53272391865742406e+02
1.53272391865742406e+02
1.54011175251127412e+02
1.54011175251127412e+02
1.54011175251127412e+02
1.54011175251127412e+02
1.47129541087016122e+02
1.47129541087016122e+02
1.47129541087016122e+02
1.47129541087016122e+02
1.51669463552520597e+02
1.51669463552520597e+02
1.51669463552520597e+02
1.51669463552520597e+02
1.54492124505704055e+02
1.54492124505704055e+02
1.54492124505704055e+02
1.54492124505704055e+02
1.56211048271302985e+02
1.56211048271302985e+02
1.56211048271302985e+02
1.56211048271302985e+02
1.49455855886429958e+02
1.49455855886429958e+02
1.49455855886429958e+02
1.49455855886429958e+02
1.52202970295310564e+02
1.52202970295310564e+02
1.52202970295310564e+02
1.52202970295310564e+02
1.45454552543153397e+02
1.45454552543153397e+02
1.45454552543153397e+02
1.45454552543153397e+02
1.52206258504731295e+02
1.52206258504731295e+02
1.52206258504731295e+02
1.52206258504731295e+02
1.51323410268184745e+02
1.51323410268184745e+02
1.51323410268184745e+02
1.51323410268184745e+02
1.58421883373790166e+02
1.58421883373790166e+02
1.58421883373790166e+02
1.58421883373790166e+02
1.54666952907011961e+02
1.54666952907011961e+02
1.54666952907011961e+02
1.54666952907011961e+02
1.53910241672851726e+02
1.53910241672851726e+02
1.53910241672851726e+02
1.53910241672851726e+02
1.51509631260129993e+02
1.51509631260129993e+02
1.51509631260129993e+02
1.51509631260129993e+02
1.50686506573412601e+02
1.50686506573412601e+02
1.50686506573412601e+02
1.50686506573412601e+02
1.54070877470913047e+02
1.54070877470913047e+02
1.54070877470913047e+02
1.54070877470913047e+02
1.53938505830610211e+02
1.53938505830610211e+02
1.53938505830610211e+02
1.53938505830610211e+02
1.58304334820942813e+02
1.58304334820942813e+02
1.58304334820942813e+02
1.58304334820942813e+02
1.56218236636476973e+02
1.56218236636476973e+02
1.56218236636476973e+02
1.56218236636476973e+02
1.55035588520637646e+02
1.55035588520637646e+02
1.55035588520637646e+02
1.55035588520637646e+02
1.52005085362141642e+02
1.52005085362141642e+02
1.52005085362141642e+02
1.52005085362141642e+02
1.55392047419133831e+02
1.55392047419133831e+02
1.55392047419133831e+02
1.55392047419133831e+02
1.52780263143657976e+02
1.52780263143657976e+02
1.52780263143657976e+02
1.52780263143657976e+02
1.51295311950102786e+02
1.51295311950102786e+02
1.51295311950102786e+02
1.51295311950102786e+02
1.51935271733276693e+02
1.51935271733276693e+02
1.51935271733276693e+02
1.51935271733276693e+02
1.51484573790269110e+02
1.51484573790269110e+02
1.51484573790269110e+02
1.51484573790269110e+02
1.55557855646944034e+02
1.55557855646944034e+02
1.55557855646944034e+02
1.55557855646944034e+02
1.57153097259803531e+02
1.57153097259803531e+02
1.57153097259803531e+02
1.57153097259803531e+02
1.59945900587902742e+02
1.59945900587902742e+02
1.59945900587902742e+02
1.59945900587902742e+02
1.51816544059749305e+02
1.51816544059749305e+02
1.51816544059749305e+02
1.51816544059749305e+02
1.53556658895201792e+02
1.53556658895201792e+02
1.53556658895201792e+02
1.53556658895201792e+02
1.54503512928285232e+02
1.54503512928285232e+02
1.54503512928285232e+02
1.54503512928285232e+02
1.57478278952225310e+02
1.57478278952225310e+02
1.57478278952225310e+02
1.57478278952225310e+02
1.54500179812669558e+02
1.54500179812669558e+02
1.54500179812669558e+02
1.54500179812669558e+02
1.55316845428730630e+02
1.55316845428730630e+02
1.55316845428730630e+02
1.55316845428730630e+02
1.57454405857952679e+02
1.57454405857952679e+02
1.57454405857952679e+02
1.57454405857952679e+02
1.57277219614618645e+02
1.57277219614618645e+02
1.57277219614618645e+02
1.57277219614618645e+02
1.58075454940149342e+02
1.58075454940149342e+02
1.58075454940149342e+02
1.58075454940149342e+02
1.56639654843552250e+02
1.56639654843552250e+02
1.56639654843552250e+02
1.56639654843552250e+02
1.57719937344175634e+02
1.57719937344175634e+02
1.57719937344175634e+02
1.57719937344175634e+02
1.56321821827138990e+02
1.56321821827138990e+02
1.56321821827138990e+02
1.56321821827138990e+02
1.48233101328139270e+02
1.48233101328139270e+02
1.48233101328139270e+02
1.48233101328139270e+02
1.57551914469088956e+02
1.57551914469088956e+02
1.57551914469088956e+02
1.57551914469088956e+02
1.58507426213976487e+02
1.58507426213976487e+02
1.58507426213976487e+02
1.58507426213976487e+02
1.47489033802813140e+02
1.47489033802813140e+02
1.47489033802813140e+02
1.47489033802813140e+02
1.48167570814981445e+02
1.48167570814981445e+02
1.48167570814981445e+02
1.48167570814981445e+02
1.45209672158766551e+02
1.45209672158766551e+02
1.45209672158766551e+02
1.45209672158766551e+02
1.55919577342474128e+02
1.55919577342474128e+02
1.55919577342474128e+02
1.55919577342474128e+02
1.51024532704984807e+02
1.51024532704984807e+02
1.51024532704984807e+02
1.51024532704984807e+02
1.50552297194987716e+02
1.50552297194987716e+02
1.50552297194987716e+02
1.50552297194987716e+02
1.47693889186853710e+02
1.47693889186853710e+02
1.47693889186853710e+02
1.47693889186853710e+02
1.49326447613223877e+02
1.49326447613223877e+02
1.49326447613223877e+02
1.49326447613223877e+02
1.50704162573117657e+02
1.50704162573117657e+02
1.50704162573117657e+02
1.50704162573117657e+02
1.53190748182935323e+02
1.53190748182935323e+02
1.53190748182935323e+02
1.53190748182935323e+02
1.49795568341528963e+02
1.49795568341528963e+02
1.49795568341528963e+02
1.49795568341528963e+02
1.57881598097470714e+02
1.57881598097470714e+02
1.57881598097470714e+02
1.57881598097470714e+02
1.58099755884189364e+02
1.58099755884189364e+02
1.58099755884189364e+02
1.58099755884189364e+02
1.48930343651041255e+02
1.48930343651041255e+02
1.48930343651041255e+02
1.48930343651041255e+02
1.46634040020996451e+02
1.46634040020996451e+02
1.46634040020996451e+02
1.46634040020996451e+02
1.46868568646337053e+02
1.46868568646337053e+02
1.46868568646337053e+02
1.46868568646337053e+02
1.44907779853514398e+02
1.44907779853514398e+02
1.44907779853514398e+02
1.44907779853514398e+02
1.49311908054429665e+02
1.49311908054429665e+02
1.49311908054429665e+02
1.49311908054429665e+02
1.57761883944855754e+02
1.57761883944855754e+02
1.57761883944855754e+02
1.57761883944855754e+02
1.50814137692092231e+02
1.50814137692092231e+02
1.50814137692092231e+02
1.50814137692092231e+02
1.49680745522577467e+02
1.49680745522577467e+02
1.49680745522577467e+02
1.49680745522577467e+02
1.50330974770336297e+02
1.50330974770336297e+02
1.50330974770336297e+02
1.50330974770336297e+02
1.50590403501709062e+02
1.50590403501709062e+02
1.50590403501709062e+02
1.50590403501709062e+02
1.49905954891396902e+02
1.49905954891396902e+02
1.49905954891396902e+02
1.49905954891396902e+02
1.52240776143972454e+02
1.52240776143972454e+02
1.52240776143972454e+02
1.52240776143972454e+02
1.51089619556481523e+02
1.51089619556481523e+02
1.51089619556481523e+02
1.51089619556481523e+02
1.52187247832115617e+02
1.52187247832115617e+02
1.52187247832115617e+02
1.52187247832115617e+02
1.51750169153058295e+02
1.51750169153058295e+02
1.51750169153058295e+02
1.51750169153058295e+02
1.58641430645305746e+02
1.58641430645305746e+02
1.58641430645305746e+02
1.58641430645305746e+02
1.53001812696854870e+02
1.53001812696854870e+02
1.53001812696854870e+02
1.53001812696854870e+02
1.54106354997003990e+02
1.54106354997003990e+02
1.54106354997003990e+02
1.54106354997003990e+02
1.52819734178362722e+02
1.52819734178362722e+02
1.52819734178362722e+02
1.52819734178362722e+02
1.51032191664144307e+02
1.51032191664144307e+02
1.51032191664144307e+02
1.51032191664144307e+02
1.52227708675230389e+02
1.52227708675230389e+02
1.52227708675230389e+02
1.52227708675230389e+02
1.61444179825944019e+02
1.61444179825944019e+02
1.61444179825944019e+02
1.61444179825944019e+02
1.63514736656809646e+02
1.63514736656809646e+02
1.63514736656809646e+02
1.63514736656809646e+02
1.58140403171684142e+02
1.58140403171684142e+02
1.58140403171684142e+02
1.58140403171684142e+02
1.50698826970412767e+02
1.50698826970412767e+02
1.50698826970412767e+02
1.50698826970412767e+02
1.58635785812555554e+02
1.58635785812555554e+02
1.58635785812555554e+02
1.58635785812555554e+02
1.54619061118380216e+02
1.54619061118380216e+02
1.54619061118380216e+02
1.54619061118380216e+02
1.52109532194129542e+02
1.52109532194129542e+02
1.52109532194129542e+02
1.52109532194129542e+02
1.56682392649935451e+02
1.56682392649935451e+02
1.56682392649935451e+02
1.56682392649935451e+02
1.60742393247416345e+02
1.60742393247416345e+02
1.60742393247416345e+02
1.60742393247416345e+02
1.56645662997499841e+02
1.56645662997499841e+02
1.56645662997499841e+02
1.56645662997499841e+02
1.54212922698168910e+02
1.54212922698168910e+02
1.54212922698168910e+02
1.54212922698168910e+02
1.50463843888192088e+02
1.50463843888192088e+02
1.50463843888192088e+02
1.50463843888192088e+02
1.57407076962460678e+02
1.57407076962460678e+02
1.57407076962460678e+02
1.57407076962460678e+02
1.51065822412782126e+02
1.51065822412782126e+02
1.51065822412782126e+02
1.51065822412782126e+02
1.55783291665254325e+02
1.55783291665254325e+02
1.55783291665254325e+02
1.55783291665254325e+02
1.48160181194516753e+02
1.48160181194516753e+02
1.48160181194516753e+02
1.48160181194516753e+02
1.45279926239774284e+02
1.45279926239774284e+02
1.45279926239774284e+02
1.45279926239774284e+02
1.54679212453529004e+02
1.54679212453529004e+02
1.54679212453529004e+02
1.54679212453529004e+02
1.50429305753046378e+02
1.50429305753046378e+02
1.50429305753046378e+02
1.50429305753046378e+02
1.55953754597113033e+02
1.55953754597113033e+02
1.55953754597113033e+02
1.55953754597113033e+02
1.48224189429624261e+02
1.48224189429624261e+02
1.48224189429624261e+02
1.48224189429624261e+02
1.52542461224519371e+02
1.52542461224519371e+02
1.52542461224519371e+02
1.52542461224519371e+02
1.53687444304830876e+02
1.53687444304830876e+02
1.53687444304830876e+02
1.53687444304830876e+02
1.54918842783548058e+02
1.54918842783548058e+02
1.54918842783548058e+02
1.54918842783548058e+02
1.52175813198067800e+02
1.52175813198067800e+02
1.52175813198067800e+02
1.52175813198067800e+02
1.53735063043944990e+02
1.53735063043944990e+02
1.53735063043944990e+02
1.53735063043944990e+02
1.57317883467144014e+02
1.57317883467144014e+02
1.57317883467144014e+02
1.57317883467144014e+02
1.56441128855079029e+02
1.56441128855079029e+02
1.56441128855079029e+02
1.56441128855079029e+02
1.57560685229254346e+02
1.57560685229254346e+02
1.57560685229254346e+02
1.57560685229254346e+02
1.59411569377944460e+02
1.59411569377944460e+02
1.59411569377944460e+02
1.59411569377944460e+02
1.56196030211978496e+02
1.56196030211978496e+02
1.56196030211978496e+02
1.56196030211978496e+02
1.48919063466660077e+02
1.48919063466660077e+02
1.48919063466660077e+02
1.48919063466660077e+02
1.48953284266769913e+02
1.48953284266769913e+02
1.48953284266769913e+02
1.48953284266769913e+02
1.52885904745453161e+02
1.52885904745453161e+02
1.52885904745453161e+02
1.52885904745453161e+02
1.50896674301270764e+02
1.50896674301270764e+02
1.50896674301270764e+02
1.50896674301270764e+02
1.51094466371621365e+02
1.51094466371621365e+02
1.51094466371621365e+02
1.51094466371621365e+02
1.51207450440903898e+02
1.51207450440903898e+02
1.51207450440903898e+02
1.51207450440903898e+02
1.51662155814743954e+02
1.51662155814743954e+02
1.51662155814743954e+02
1.51662155814743954e+02
1.48580709986334853e+02
1.48580709986334853e+02
1.48580709986334853e+02
1.48580709986334853e+02
1.49832642855072322e+02
1.49832642855072322e+02
1.49832642855072322e+02
1.49832642855072322e+02
1.48455705203324726e+02
1.48455705203324726e+02
1.48455705203324726e+02
1.48455705203324726e+02
1.50758994655458054e+02
1.50758994655458054e+02
1.50758994655458054e+02
1.50758994655458054e+02
1.51860087687786262e+02
1.51860087687786262e+02
1.51860087687786262e+02
1.51860087687786262e+02
1.49498253021257000e+02
1.49498253021257000e+02
1.49498253021257000e+02
1.49498253021257000e+02
1.51648253041622212e+02
1.51648253041622212e+02
1.51648253041622212e+02
1.51648253041622212e+02
1.55111278804119877e+02
1.55111278804119877e+02
1.55111278804119877e+02
1.55111278804119877e+02
1.54764840947220875e+02
1.54764840947220875e+02
1.54764840947220875e+02
1.54764840947220875e+02
1.58850054786502398e+02
1.58850054786502398e+02
1.58850054786502398e+02
1.58850054786502398e+02
1.58803013012160392e+02
1.58803013012160392e+02
1.58803013012160392e+02
1.58803013012160392e+02
1.58311476702999528e+02
1.58311476702999528e+02
1.58311476702999528e+02
1.58311476702999528e+02
1.59835532353428846e+02
1.59835532353428846e+02
1.59835532353428846e+02
1.59835532353428846e+02
1.53360875134562349e+02
1.53360875134562349e+02
1.53360875134562349e+02
1.53360875134562349e+02
1.50573521983129041e+02
1.50573521983129041e+02
1.50573521983129041e+02
1.50573521983129041e+02
1.50911142302242069e+02
1.50911142302242069e+02
1.50911142302242069e+02
1.50911142302242069e+02
1.53476253040144343e+02
1.53476253040144343e+02
1.53476253040144343e+02
1.53476253040144343e+02
1.54194558522584401e+02
1.54194558522584401e+02
1.54194558522584401e+02
1.54194558522584401e+02
1.56928090657224345e+02
1.56928090657224345e+02
1.56928090657224345e+02
1.56928090657224345e+02
1.54057185259126896e+02
1.54057185259126896e+02
1.54057185259126896e+02
1.54057185259126896e+02
1.53521342103455311e+02
1.53521342103455311e+02
1.53521342103455311e+02
1.53521342103455311e+02
1.52055754669273085e+02
1.52055754669273085e+02
1.52055754669273085e+02
1.52055754669273085e+02
1.51898534347836403e+02
1.51898534347836403e+02
1.51898534347836403e+02
1.51898534347836403e+02
1.56478869808172647e+02
1.56478869808172647e+02
1.56478869808172647e+02
1.56478869808172647e+02
1.56663750999172038e+02
1.56663750999172038e+02
1.56663750999172038e+02
1.56663750999172038e+02
1.57220630800542608e+02
1.57220630800542608e+02
1.57220630800542608e+02
1.57220630800542608e+02
1.55031124315634003e+02
1.55031124315634003e+02
1.55031124315634003e+02
1.55031124315634003e+02
1.54133200379973744e+02
1.54133200379973744e+02
1.54133200379973744e+02
1.54133200379973744e+02
1.58219855041954787e+02
1.58219855041954787e+02
1.58219855041954787e+02
1.58219855041954787e+02
1.54938107920987989e+02
1.54938107920987989e+02
1.54938107920987989e+02
1.54938107920987989e+02
1.56266594559668135e+02
1.56266594559668135e+02
1.56266594559668135e+02
1.56266594559668135e+02
1.50764420436724947e+02
1.50764420436724947e+02
1.50764420436724947e+02
1.50764420436724947e+02
1.49504756945871293e+02
1.49504756945871293e+02
1.49504756945871293e+02
1.49504756945871293e+02
1.54012425211868106e+02
1.54012425211868106e+02
1.54012425211868106e+02
1.54012425211868106e+02
1.58413487660941541e+02
1.58413487660941541e+02
1.58413487660941541e+02
1.58413487660941541e+02
1.55960681418945114e+02
1.55960681418945114e+02
1.55960681418945114e+02
1.55960681418945114e+02
1.49682120984011391e+02
1.49682120984011391e+02
1.49682120984011391e+02
1.49682120984011391e+02
1.48039663619427927e+02
1.48039663619427927e+02
1.48039663619427927e+02
1.48039663619427927e+02
1.54773648805483674e+02
1.54773648805483674e+02
1.54773648805483674e+02
1.54773648805483674e+02
1.47854668518783029e+02
1.47854668518783029e+02
1.47854668518783029e+02
1.47854668518783029e+02
1.53734183863902871e+02
1.53734183863902871e+02
1.53734183863902871e+02
1.53734183863902871e+02
1.50239378505297253e+02
1.50239378505297253e+02
1.50239378505297253e+02
1.50239378505297253e+02
1.51000604402353105e+02
1.51000604402353105e+02
1.51000604402353105e+02
1.51000604402353105e+02
1.46679493509094470e+02
1.46679493509094470e+02
1.46679493509094470e+02
1.46679493509094470e+02
1.46030322432222363e+02
1.46030322432222363e+02
1.46030322432222363e+02
1.46030322432222363e+02
1.49446889554984296e+02
1.49446889554984296e+02
1.49446889554984296e+02
1.49446889554984296e+02
1.51323167537490292e+02
1.51323167537490292e+02
1.51323167537490292e+02
1.51323167537490292e+02
1.48532206472172930e+02
1.48532206472172930e+02
1.48532206472172930e+02
1.48532206472172930e+02
1.54576829740634196e+02
1.54576829740634196e+02
1.54576829740634196e+02
1.54576829740634196e+02
1.52752647113677881e+02
1.52752647113677881e+02
1.52752647113677881e+02
1.52752647113677881e+02
1.53631502181881046e+02
1.53631502181881046e+02
1.53631502181881046e+02
1.53631502181881046e+02
1.50565290908976607e+02
1.50565290908976607e+02
1.50565290908976607e+02
1.50565290908976607e+02
1.54941897476154907e+02
1.54941897476154907e+02
1.54941897476154907e+02
1.54941897476154907e+02
1.55863198186608543e+02
1.55863198186608543e+02
1.55863198186608543e+02
1.55863198186608543e+02
1.57920758202708868e+02
1.57920758202708868e+02
1.57920758202708868e+02
1.57920758202708868e+02
1.58615573068640515e+02
1.58615573068640515e+02
1.58615573068640515e+02
1.58615573068640515e+02
1.55687371165052411e+02
1.55687371165052411e+02
1.55687371165052411e+02
1.55687371165052411e+02
1.57022444538600723e+02
1.57022444538600723e+02
1.57022444538600723e+02
1.57022444538600723e+02
1.59541686596517792e+02
1.59541686596517792e+02
1.59541686596517792e+02
1.59541686596517792e+02
1.56119549653227807e+02
1.56119549653227807e+02
1.56119549653227807e+02
1.56119549653227807e+02
1.56649397812891408e+02
1.56649397812891408e+02
1.56649397812891408e+02
1.56649397812891408e+02
1.51065885933369600e+02
1.51065885933369600e+02
1.51065885933369600e+02
1.51065885933369600e+02
1.49505909227852896e+02
1.49505909227852896e+02
1.49505909227852896e+02
1.49505909227852896e+02
1.54553910401458126e+02
1.54553910401458126e+02
1.54553910401458126e+02
1.54553910401458126e+02
1.55479992969361120e+02
1.55479992969361120e+02
1.55479992969361120e+02
1.55479992969361120e+02
1.51516324630819042e+02
1.51516324630819042e+02
1.51516324630819042e+02
1.51516324630819042e+02
1.54951688127089312e+02
1.54951688127089312e+02
1.54951688127089312e+02
1.54951688127089312e+02
1.57011728563867621e+02
1.57011728563867621e+02
1.57011728563867621e+02
1.57011728563867621e+02
1.53896293944910582e+02
1.53896293944910582e+02
1.53896293944910582e+02
1.53896293944910582e+02
1.54512940025817272e+02
1.54512940025817272e+02
1.54512940025817272e+02
1.54512940025817272e+02
1.54291976928322981e+02
1.54291976928322981e+02
1.54291976928322981e+02
1.54291976928322981e+02
1.55613502840297684e+02
1.55613502840297684e+02
1.55613502840297684e+02
1.55613502840297684e+02
1.49821706595818711e+02
1.49821706595818711e+02
1.49821706595818711e+02
1.49821706595818711e+02
1.49827728400760179e+02
1.49827728400760179e+02
1.49827728400760179e+02
1.49827728400760179e+02
1.56622598418484841e+02
1.56622598418484841e+02
1.56622598418484841e+02
1.56622598418484841e+02
1.50474964559249372e+02
1.50474964559249372e+02
1.50474964559249372e+02
1.50474964559249372e+02
1.59557431214177086e+02
1.59557431214177086e+02
1.59557431214177086e+02
1.59557431214177086e+02
1.54315819167280267e+02
1.54315819167280267e+02
1.54315819167280267e+02
1.54315819167280267e+02
1.54595262752990948e+02
1.54595262752990948e+02
1.54595262752990948e+02
1.54595262752990948e+02
1.58557327420407518e+02
1.58557327420407518e+02
1.58557327420407518e+02
1.58557327420407518e+02
1.57720394785815614e+02
1.57720394785815614e+02
1.57720394785815614e+02
1.57720394785815614e+02
1.54044552724427490e+02
1.54044552724427490e+02
1.54044552724427490e+02
1.54044552724427490e+02
1.54385513866320679e+02
1.54385513866320679e+02
1.54385513866320679e+02
1.54385513866320679e+02
1.50803073498503352e+02
1.50803073498503352e+02
1.50803073498503352e+02
1.50803073498503352e+02
1.58181933686296873e+02
1.58181933686296873e+02
1.58181933686296873e+02
1.58181933686296873e+02
1.53825697519361682e+02
1.53825697519361682e+02
1.53825697519361682e+02
1.53825697519361682e+02
1.58621888648809232e+02
1.58621888648809232e+02
1.58621888648809232e+02
1.58621888648809232e+02
1.52050994836009579e+02
1.52050994836009579e+02
1.52050994836009579e+02
1.52050994836009579e+02
1.58637624263314990e+02
1.58637624263314990e+02
1.58637624263314990e+02
1.58637624263314990e+02
1.51240328550788121e+02
1.51240328550788121e+02
1.51240328550788121e+02
1.51240328550788121e+02
1.52980914913128402e+02
1.52980914913128402e+02
1.52980914913128402e+02
1.52980914913128402e+02
1.54654778970060875e+02
1.54654778970060875e+02
1.54654778970060875e+02
1.54654778970060875e+02
1.53650974217946640e+02
1.53650974217946640e+02
1.53650974217946640e+02
1.53650974217946640e+02
1.58426924165833469e+02
1.58426924165833469e+02
1.58426924165833469e+02
1.58426924165833469e+02
1.56681895971364526e+02
1.56681895971364526e+02
1.56681895971364526e+02
1.56681895971364526e+02
1.51053636311367171e+02
1.51053636311367171e+02
1.51053636311367171e+02
1.51053636311367171e+02
1.53938657437181178e+02
1.53938657437181178e+02
1.53938657437181178e+02
1.53938657437181178e+02
1.52857868477588426e+02
1.52857868477588426e+02
1.52857868477588426e+02
1.52857868477588426e+02
1.54344485648055468e+02
1.54344485648055468e+02
1.54344485648055468e+02
1.54344485648055468e+02
1.52211561593107831e+02
1.52211561593107831e+02
1.52211561593107831e+02
1.52211561593107831e+02
1.49877642425728766e+02
1.49877642425728766e+02
1.49877642425728766e+02
1.49877642425728766e+02
1.51180969871734533e+02
1.51180969871734533e+02
1.51180969871734533e+02
1.51180969871734533e+02
1.54444002414415934e+02
1.54444002414415934e+02
1.54444002414415934e+02
1.54444002414415934e+02
1.52377516297367748e+02
1.52377516297367748e+02
1.52377516297367748e+02
1.52377516297367748e+02
1.55150934435471299e+02
1.55150934435471299e+02
1.55150934435471299e+02
1.55150934435471299e+02
1.55079039026645489e+02
1.55079039026645489e+02
1.55079039026645489e+02
1.55079039026645489e+02
1.55402769435029370e+02
1.55402769435029370e+02
1.55402769435029370e+02
1.55402769435029370e+02
1.54606112662114072e+02
1.54606112662114072e+02
1.54606112662114072e+02
1.54606112662114072e+02
1.54984947677269076e+02
1.54984947677269076e+02
1.54984947677269076e+02
1.54984947677269076e+02
1.56076508401047505e+02
1.56076508401047505e+02
1.56076508401047505e+02
1.56076508401047505e+02
1.54208791749914297e+02
1.54208791749914297e+02
1.54208791749914297e+02
1.54208791749914297e+02
1.54076078449853384e+02
1.54076078449853384e+02
1.54076078449853384e+02
1.54076078449853384e+02
1.52261407668252303e+02
1.52261407668252303e+02
1.52261407668252303e+02
1.52261407668252303e+02
1.55254303582697560e+02
1.55254303582697560e+02
1.55254303582697560e+02
1.55254303582697560e+02
1.52192956179427227e+02
1.52192956179427227e+02
1.52192956179427227e+02
1.52192956179427227e+02
1.55859381906412892e+02
1.55859381906412892e+02
1.55859381906412892e+02
1.55859381906412892e+02
1.52278839335659114e+02
1.52278839335659114e+02
1.52278839335659114e+02
1.52278839335659114e+02
1.54846033559603029e+02
1.54846033559603029e+02
1.54846033559603029e+02
1.54846033559603029e+02
1.53528095194259635e+02
1.53528095194259635e+02
1.53528095194259635e+02
1.53528095194259635e+02
1.53205398272179281e+02
1.53205398272179281e+02
1.53205398272179281e+02
1.53205398272179281e+02
1.52391204352401047e+02
1.52391204352401047e+02
1.52391204352401047e+02
1.52391204352401047e+02
1.54369846992860317e+02
1.54369846992860317e+02
1.54369846992860317e+02
1.54369846992860317e+02
1.47472235373879386e+02
1.47472235373879386e+02
1.47472235373879386e+02
1.47472235373879386e+02
1.53597208661347224e+02
1.53597208661347224e+02
1.53597208661347224e+02
1.53597208661347224e+02
1.55327817311718491e+02
1.55327817311718491e+02
1.55327817311718491e+02
1.55327817311718491e+02
1.52622166729136097e+02
1.52622166729136097e+02
1.52622166729136097e+02
1.52622166729136097e+02
1.50506802718141898e+02
1.50506802718141898e+02
1.50506802718141898e+02
1.50506802718141898e+02
1.52394663955274837e+02
1.52394663955274837e+02
1.52394663955274837e+02
1.52394663955274837e+02
1.52190888159749079e+02
1.52190888159749079e+02
1.52190888159749079e+02
1.52190888159749079e+02
1.51887967277984245e+02
1.51887967277984245e+02
1.51887967277984245e+02
1.51887967277984245e+02
1.52851615569008374e+02
1.52851615569008374e+02
1.52851615569008374e+02
1.52851615569008374e+02
1.53725621471419458e+02
1.53725621471419458e+02
1.53725621471419458e+02
1.53725621471419458e+02
1.54604083714855534e+02
1.54604083714855534e+02
1.54604083714855534e+02
1.54604083714855534e+02
1.53130385009946394e+02
1.53130385009946394e+02
1.53130385009946394e+02
1.53130385009946394e+02
1.49706620446273547e+02
1.49706620446273547e+02
1.49706620446273547e+02
1.49706620446273547e+02
1.54228064118010252e+02
1.54228064118010252e+02
1.54228064118010252e+02
1.54228064118010252e+02
1.51380281011184309e+02
1.51380281011184309e+02
1.51380281011184309e+02
1.51380281011184309e+02
1.53337798578660738e+02
1.53337798578660738e+02
1.53337798578660738e+02
1.53337798578660738e+02
1.54338019740784603e+02
1.54338019740784603e+02
1.54338019740784603e+02
1.54338019740784603e+02
1.50829398539420140e+02
1.50829398539420140e+02
1.50829398539420140e+02
1.50829398539420140e+02
1.56111516503211107e+02
1.56111516503211107e+02
1.56111516503211107e+02
1.56111516503211107e+02
1.58003590499355994e+02
1.58003590499355994e+02
1.58003590499355994e+02
1.58003590499355994e+02
1.54384130398410036e+02
1.54384130398410036e+02
1.54384130398410036e+02
1.54384130398410036e+02
1.57832427847873419e+02
1.57832427847873419e+02
1.57832427847873419e+02
1.57832427847873419e+02
1.57199287787908162e+02
1.57199287787908162e+02
1.57199287787908162e+02
1.57199287787908162e+02
1.57763998893325066e+02
1.57763998893325066e+02
1.57763998893325066e+02
1.57763998893325066e+02
1.58327454784947605e+02
1.58327454784947605e+02
1.58327454784947605e+02
1.58327454784947605e+02
1.58788043636397958e+02
1.58788043636397958e+02
1.58788043636397958e+02
1.58788043636397958e+02
1.56584100892106676e+02
1.56584100892106676e+02
1.56584100892106676e+02
1.56584100892106676e+02
1.56299388812504532e+02
1.56299388812504532e+02
1.56299388812504532e+02
1.56299388812504532e+02
1.55944866470505247e+02
1.55944866470505247e+02
1.55944866470505247e+02
1.55944866470505247e+02
1.55178902733350156e+02
1.55178902733350156e+02
1.55178902733350156e+02
1.55178902733350156e+02
1.55698493715253619e+02
1.55698493715253619e+02
1.55698493715253619e+02
1.55698493715253619e+02
1.53595954661885287e+02
1.53595954661885287e+02
1.53595954661885287e+02
1.53595954661885287e+02
1.57108168371276577e+02
1.57108168371276577e+02
1.57108168371276577e+02
1.57108168371276577e+02
1.56145905705509335e+02
1.56145905705509335e+02
1.56145905705509335e+02
1.56145905705509335e+02
1.59540624646124286e+02
1.59540624646124286e+02
1.59540624646124286e+02
1.59540624646124286e+02
1.44862187817594418e+02
1.44862187817594418e+02
1.44862187817594418e+02
1.44862187817594418e+02
1.46247968170460126e+02
1.46247968170460126e+02
1.46247968170460126e+02
1.46247968170460126e+02
1.46193018313421646e+02
1.46193018313421646e+02
1.46193018313421646e+02
1.46193018313421646e+02
1.55700162643429849e+02
1.55700162643429849e+02
1.55700162643429849e+02
1.55700162643429849e+02
1.51280972358937305e+02
1.51280972358937305e+02
1.51280972358937305e+02
1.51280972358937305e+02
1.49911614910039134e+02
1.49911614910039134e+02
1.49911614910039134e+02
1.49911614910039134e+02
1.52263566248519282e+02
1.52263566248519282e+02
1.52263566248519282e+02
1.52263566248519282e+02
1.51648708059574460e+02
1.51648708059574460e+02
1.51648708059574460e+02
1.51648708059574460e+02
1.53783407235101151e+02
1.53783407235101151e+02
1.53783407235101151e+02
1.53783407235101151e+02
1.54927656431032432e+02
1.54927656431032432e+02
1.54927656431032432e+02
1.54927656431032432e+02
1.46654370357632331e+02
1.46654370357632331e+02
1.46654370357632331e+02
1.46654370357632331e+02
1.60432074041891980e+02
1.60432074041891980e+02
1.60432074041891980e+02
1.60432074041891980e+02
1.54047240631326986e+02
1.54047240631326986e+02
1.54047240631326986e+02
1.54047240631326986e+02
1.55027701980306290e+02
1.55027701980306290e+02
1.55027701980306290e+02
1.55027701980306290e+02
1.51378225733685042e+02
1.51378225733685042e+02
1.51378225733685042e+02
1.51378225733685042e+02
1.52838291079545996e+02
1.52838291079545996e+02
1.52838291079545996e+02
1.52838291079545996e+02
1.55950724652957462e+02
1.55950724652957462e+02
1.55950724652957462e+02
1.55950724652957462e+02
1.56248619624252115e+02
1.56248619624252115e+02
1.56248619624252115e+02
1.56248619624252115e+02
1.59516052077462149e+02
1.59516052077462149e+02
1.59516052077462149e+02
1.59516052077462149e+02
1.58010971847094027e+02
1.58010971847094027e+02
1.58010971847094027e+02
1.58010971847094027e+02
1.56472306526525642e+02
1.56472306526525642e+02
1.56472306526525642e+02
1.56472306526525642e+02
1.58875247490926029e+02
1.58875247490926029e+02
1.58875247490926029e+02
1.58875247490926029e+02
1.59174012275564166e+02
1.59174012275564166e+02
1.59174012275564166e+02
1.59174012275564166e+02
1.54877690378369380e+02
1.54877690378369380e+02
1.54877690378369380e+02
1.54877690378369380e+02
1.48915864923678612e+02
1.48915864923678612e+02
1.48915864923678612e+02
1.48915864923678612e+02
1.52110132142090492e+02
1.52110132142090492e+02
1.52110132142090492e+02
1.52110132142090492e+02
1.57128994890271201e+02
1.57128994890271201e+02
1.57128994890271201e+02
1.57128994890271201e+02
1.55377821473460386e+02
1.55377821473460386e+02
1.55377821473460386e+02
1.55377821473460386e+02
1.56312678036280602e+02
1.56312678036280602e+02
1.56312678036280602e+02
1.56312678036280602e+02
1.53560640821681147e+02
1.53560640821681147e+02
1.53560640821681147e+02
1.53560640821681147e+02
1.61782466313018318e+02
1.61782466313018318e+02
1.61782466313018318e+02
1.61782466313018318e+02
1.60265923724888466e+02
1.60265923724888466e+02
1.60265923724888466e+02
1.60265923724888466e+02
1.60419962937670931e+02
1.60419962937670931e+02
1.60419962937670931e+02
1.60419962937670931e+02
1.58313857976980984e+02
1.58313857976980984e+02
1.58313857976980984e+02
1.58313857976980984e+02
1.57174184415300090e+02
1.57174184415300090e+02
1.57174184415300090e+02
1.57174184415300090e+02
1.53637670415555732e+02
1.53637670415555732e+02
1.53637670415555732e+02
1.53637670415555732e+02
1.50639328570569972e+02
1.50639328570569972e+02
1.50639328570569972e+02
1.50639328570569972e+02
1.57493396507323183e+02
1.57493396507323183e+02
1.57493396507323183e+02
1.57493396507323183e+02
1.52514649085088507e+02
1.52514649085088507e+02
1.52514649085088507e+02
1.52514649085088507e+02
1.58991929927901992e+02
1.58991929927901992e+02
1.58991929927901992e+02
1.58991929927901992e+02
1.54126906027601621e+02
1.54126906027601621e+02
1.54126906027601621e+02
1.54126906027601621e+02
1.61210697055835425e+02
1.61210697055835425e+02
1.61210697055835425e+02
1.61210697055835425e+02
1.53048948962255423e+02
1.53048948962255423e+02
1.53048948962255423e+02
1.53048948962255423e+02
1.51012980080296728e+02
1.51012980080296728e+02
1.51012980080296728e+02
1.51012980080296728e+02
1.52999682943996277e+02
1.52999682943996277e+02
1.52999682943996277e+02
1.52999682943996277e+02
1.50312570073922757e+02
1.50312570073922757e+02
1.50312570073922757e+02
1.50312570073922757e+02
1.57603403995795304e+02
1.57603403995795304e+02
1.57603403995795304e+02
1.57603403995795304e+02
1.56474418921282961e+02
1.56474418921282961e+02
1.56474418921282961e+02
1.56474418921282961e+02
1.48453027980912054e+02
1.48453027980912054e+02
1.48453027980912054e+02
1.48453027980912054e+02
1.56483522846909977e+02
1.56483522846909977e+02
1.56483522846909977e+02
1.56483522846909977e+02
1.50257586838537065e+02
1.50257586838537065e+02
1.50257586838537065e+02
1.50257586838537065e+02
1.53727626650064366e+02
1.53727626650064366e+02
1.53727626650064366e+02
1.53727626650064366e+02
1.49699826066051685e+02
1.49699826066051685e+02
1.49699826066051685e+02
1.49699826066051685e+02
1.57520810106791885e+02
1.57520810106791885e+02
1.57520810106791885e+02
1.57520810106791885e+02
1.54800337149723248e+02
1.54800337149723248e+02
1.54800337149723248e+02
1.54800337149723248e+02
1.54491073679046281e+02
1.54491073679046281e+02
1.54491073679046281e+02
1.54491073679046281e+02
1.54036046156664469e+02
1.54036046156664469e+02
1.54036046156664469e+02
1.54036046156664469e+02
1.53038098362225554e+02
1.53038098362225554e+02
1.53038098362225554e+02
1.53038098362225554e+02
1.50543219528083824e+02
1.50543219528083824e+02
1.50543219528083824e+02
1.50543219528083824e+02
1.58422358448472835e+02
1.58422358448472835e+02
1.58422358448472835e+02
1.58422358448472835e+02
1.48683905428633324e+02
1.48683905428633324e+02
1.48683905428633324e+02
1.48683905428633324e+02
1.49195170662122450e+02
1.49195170662122450e+02
1.49195170662122450e+02
1.49195170662122450e+02
1.48901520337700816e+02
1.48901520337700816e+02
1.48901520337700816e+02
1.48901520337700816e+02
1.51259640437800954e+02
1.51259640437800954e+02
1.51259640437800954e+02
1.51259640437800954e+02
1.51034185352435543e+02
1.51034185352435543e+02
1.51034185352435543e+02
1.51034185352435543e+02
1.51573729661197291e+02
1.51573729661197291e+02
1.51573729661197291e+02
1.51573729661197291e+02
1.47941037578760046e+02
1.47941037578760046e+02
1.47941037578760046e+02
1.47941037578760046e+02
1.49894768666848080e+02
1.49894768666848080e+02
1.49894768666848080e+02
1.49894768666848080e+02
1.47726103461955034e+02
1.47726103461955034e+02
1.47726103461955034e+02
1.47726103461955034e+02
1.51687421826592413e+02
1.51687421826592413e+02
1.51687421826592413e+02
1.51687421826592413e+02
1.49540082995816704e+02
1.49540082995816704e+02
1.49540082995816704e+02
1.49540082995816704e+02
1.54383488706154139e+02
1.54383488706154139e+02
1.54383488706154139e+02
1.54383488706154139e+02
1.54555513744668900e+02
1.54555513744668900e+02
1.54555513744668900e+02
1.54555513744668900e+02
1.56670742859413338e+02
1.56670742859413338e+02
1.56670742859413338e+02
1.56670742859413338e+02
1.54742906872750694e+02
1.54742906872750694e+02
1.54742906872750694e+02
1.54742906872750694e+02
1.52633461383385708e+02
1.52633461383385708e+02
1.52633461383385708e+02
1.52633461383385708e+02
1.54971221275792146e+02
1.54971221275792146e+02
1.54971221275792146e+02
1.54971221275792146e+02
1.55550140472007342e+02
1.55550140472007342e+02
1.55550140472007342e+02
1.55550140472007342e+02
1.53794606665802974e+02
1.53794606665802974e+02
1.53794606665802974e+02
1.53794606665802974e+02
1.55565947620587451e+02
1.55565947620587451e+02
1.55565947620587451e+02
1.55565947620587451e+02
1.47632881536354688e+02
1.47632881536354688e+02
1.47632881536354688e+02
1.47632881536354688e+02
1.56524467863582686e+02
1.56524467863582686e+02
1.56524467863582686e+02
1.56524467863582686e+02
1.54009217723745849e+02
1.54009217723745849e+02
1.54009217723745849e+02
1.54009217723745849e+02
1.50252720407994730e+02
1.50252720407994730e+02
1.50252720407994730e+02
1.50252720407994730e+02
1.59653721619379837e+02
1.59653721619379837e+02
1.59653721619379837e+02
1.59653721619379837e+02
1.55704927559453353e+02
1.55704927559453353e+02
1.55704927559453353e+02
1.55704927559453353e+02
1.57672618386578051e+02
1.57672618386578051e+02
1.57672618386578051e+02
1.57672618386578051e+02
1.56438772492632495e+02
1.56438772492632495e+02
1.56438772492632495e+02
1.56438772492632495e+02
1.53943105078823692e+02
1.53943105078823692e+02
1.53943105078823692e+02
1.53943105078823692e+02
1.56345520141456802e+02
1.56345520141456802e+02
1.56345520141456802e+02
1.56345520141456802e+02
1.57159683433379286e+02
1.57159683433379286e+02
1.57159683433379286e+02
1.57159683433379286e+02
1.57679132591844109e+02
1.57679132591844109e+02
1.57679132591844109e+02
1.57679132591844109e+02
1.55376005074356272e+02
1.55376005074356272e+02
1.55376005074356272e+02
1.55376005074356272e+02
1.55879264028565956e+02
1.55879264028565956e+02
1.55879264028565956e+02
1.55879264028565956e+02
1.54800369723810348e+02
1.54800369723810348e+02
1.54800369723810348e+02
1.54800369723810348e+02
1.54776355763990324e+02
1.54776355763990324e+02
1.54776355763990324e+02
1.54776355763990324e+02
1.55059550486196656e+02
1.55059550486196656e+02
1.55059550486196656e+02
1.55059550486196656e+02
1.54992679578630373e+02
1.54992679578630373e+02
1.54992679578630373e+02
1.54992679578630373e+02
1.52569577043723967e+02
1.52569577043723967e+02
1.52569577043723967e+02
1.52569577043723967e+02
1.55731540162366315e+02
1.55731540162366315e+02
1.55731540162366315e+02
1.55731540162366315e+02
1.49140254420409150e+02
1.49140254420409150e+02
1.49140254420409150e+02
1.49140254420409150e+02
1.58086603328570163e+02
1.58086603328570163e+02
1.58086603328570163e+02
1.58086603328570163e+02
1.55840568497626577e+02
1.55840568497626577e+02
1.55840568497626577e+02
1.55840568497626577e+02
1.57540612391871605e+02
1.57540612391871605e+02
1.57540612391871605e+02
1.57540612391871605e+02
1.54933764567563060e+02
1.54933764567563060e+02
1.54933764567563060e+02
1.54933764567563060e+02
1.54446521124874266e+02
1.54446521124874266e+02
1.54446521124874266e+02
1.54446521124874266e+02
1.52023281027542964e+02
1.52023281027542964e+02
1.52023281027542964e+02
1.52023281027542964e+02
1.60912125020877681e+02
1.60912125020877681e+02
1.60912125020877681e+02
1.60912125020877681e+02
1.55911141836005640e+02
1.55911141836005640e+02
1.55911141836005640e+02
1.55911141836005640e+02
1.51179123760817959e+02
1.51179123760817959e+02
1.51179123760817959e+02
1.51179123760817959e+02
1.48892881106789616e+02
1.48892881106789616e+02
1.48892881106789616e+02
1.48892881106789616e+02
1.43420505864447364e+02
1.43420505864447364e+02
1.43420505864447364e+02
1.43420505864447364e+02
1.53900638262613768e+02
1.53900638262613768e+02
1.53900638262613768e+02
1.53900638262613768e+02
1.50703143762681663e+02
1.50703143762681663e+02
1.50703143762681663e+02
1.50703143762681663e+02
1.50661683259961876e+02
1.50661683259961876e+02
1.50661683259961876e+02
1.50661683259961876e+02
1.50405079599904951e+02
1.50405079599904951e+02
1.50405079599904951e+02
1.50405079599904951e+02
1.49441410375316025e+02
1.49441410375316025e+02
1.49441410375316025e+02
1.49441410375316025e+02
1.45828944553043158e+02
1.45828944553043158e+02
1.45828944553043158e+02
1.45828944553043158e+02
1.50919087420180887e+02
1.50919087420180887e+02
1.50919087420180887e+02
1.50919087420180887e+02
1.43695099316893874e+02
1.43695099316893874e+02
1.43695099316893874e+02
1.43695099316893874e+02
1.57022539300669081e+02
1.57022539300669081e+02
1.57022539300669081e+02
1.57022539300669081e+02
1.57673438275484671e+02
1.57673438275484671e+02
1.57673438275484671e+02
1.57673438275484671e+02
1.54425486173744957e+02
1.54425486173744957e+02
1.54425486173744957e+02
1.54425486173744957e+02
1.54259598198857532e+02
1.54259598198857532e+02
1.54259598198857532e+02
1.54259598198857532e+02
1.61766368935079015e+02
1.61766368935079015e+02
1.61766368935079015e+02
1.61766368935079015e+02
1.60041398548937110e+02
1.60041398548937110e+02
1.60041398548937110e+02
1.60041398548937110e+02
1.51706645446083400e+02
1.51706645446083400e+02
1.51706645446083400e+02
1.51706645446083400e+02
1.61470573015698761e+02
1.61470573015698761e+02
1.61470573015698761e+02
1.61470573015698761e+02
1.52547596642470410e+02
1.52547596642470410e+02
1.52547596642470410e+02
1.52547596642470410e+02
1.53118753105315477e+02
1.53118753105315477e+02
1.53118753105315477e+02
1.53118753105315477e+02
1.54631595020778292e+02
1.54631595020778292e+02
1.54631595020778292e+02
1.54631595020778292e+02
1.55097123517899945e+02
1.55097123517899945e+02
1.55097123517899945e+02
1.55097123517899945e+02
1.56100306964819225e+02
1.56100306964819225e+02
1.56100306964819225e+02
1.56100306964819225e+02
1.50797433069329429e+02
1.50797433069329429e+02
1.50797433069329429e+02
1.50797433069329429e+02
1.55988159020362588e+02
1.55988159020362588e+02
1.55988159020362588e+02
1.55988159020362588e+02
1.54917530999417977e+02
1.54917530999417977e+02
1.54917530999417977e+02
1.54917530999417977e+02
1.58320949424951891e+02
1.58320949424951891e+02
1.58320949424951891e+02
1.58320949424951891e+02
1.55437846835986107e+02
1.55437846835986107e+02
1.55437846835986107e+02
1.55437846835986107e+02
1.55049774255466389e+02
1.55049774255466389e+02
1.55049774255466389e+02
1.55049774255466389e+02
1.55925178937301837e+02
1.55925178937301837e+02
1.55925178937301837e+02
1.55925178937301837e+02
1.53061308065420604e+02
1.53061308065420604e+02
1.53061308065420604e+02
1.53061308065420604e+02
1.51589562710981994e+02
1.51589562710981994e+02
1.51589562710981994e+02
1.51589562710981994e+02
1.52720432839254215e+02
1.52720432839254215e+02
1.52720432839254215e+02
1.52720432839254215e+02
1.51340062119093233e+02
1.51340062119093233e+02
1.51340062119093233e+02
1.51340062119093233e+02
1.54067961837911753e+02
1.54067961837911753e+02
1.54067961837911753e+02
1.54067961837911753e+02
1.55038300439823644e+02
1.55038300439823644e+02
1.55038300439823644e+02
1.55038300439823644e+02
1.47404401668446866e+02
1.47404401668446866e+02
1.47404401668446866e+02
1.47404401668446866e+02
1.51702657371152128e+02
1.51702657371152128e+02
1.51702657371152128e+02
1.51702657371152128e+02
1.48425871868587166e+02
1.48425871868587166e+02
1.48425871868587166e+02
1.48425871868587166e+02
1.51154714427588146e+02
1.51154714427588146e+02
1.51154714427588146e+02
1.51154714427588146e+02
1.51688334975544336e+02
1.51688334975544336e+02
1.51688334975544336e+02
1.51688334975544336e+02
1.45915600625222936e+02
1.45915600625222936e+02
1.45915600625222936e+02
1.45915600625222936e+02
1.47095882479528711e+02
1.47095882479528711e+02
1.47095882479528711e+02
1.47095882479528711e+02
1.47023882948804101e+02
1.47023882948804101e+02
1.47023882948804101e+02
1.47023882948804101e+02
1.52143400996278956e+02
1.52143400996278956e+02
1.52143400996278956e+02
1.52143400996278956e+02
1.58851082739086849e+02
1.58851082739086849e+02
1.58851082739086849e+02
1.58851082739086849e+02
1.51740749419882860e+02
1.51740749419882860e+02
1.51740749419882860e+02
1.51740749419882860e+02
1.48372024737223910e+02
1.48372024737223910e+02
1.48372024737223910e+02
1.48372024737223910e+02
1.58305185552736305e+02
1.58305185552736305e+02
1.58305185552736305e+02
1.58305185552736305e+02
1.55684252822312658e+02
1.55684252822312658e+02
1.55684252822312658e+02
1.55684252822312658e+02
1.56359438825435831e+02
1.56359438825435831e+02
1.56359438825435831e+02
1.56359438825435831e+02
1.61845789495529459e+02
1.61845789495529459e+02
1.61845789495529459e+02
1.61845789495529459e+02
1.52757649179626583e+02
1.52757649179626583e+02
1.52757649179626583e+02
1.52757649179626583e+02
1.54923643689486539e+02
1.54923643689486539e+02
1.54923643689486539e+02
1.54923643689486539e+02
1.54810327774842847e+02
1.54810327774842847e+02
1.54810327774842847e+02
1.54810327774842847e+02
1.56984278396696112e+02
1.56984278396696112e+02
1.56984278396696112e+02
1.56984278396696112e+02
1.53064425834942142e+02
1.53064425834942142e+02
1.53064425834942142e+02
1.53064425834942142e+02
1.54130934011936375e+02
1.54130934011936375e+02
1.54130934011936375e+02
1.54130934011936375e+02
1.50405375930871713e+02
1.50405375930871713e+02
1.50405375930871713e+02
1.50405375930871713e+02
1.53961476913269166e+02
1.53961476913269166e+02
1.53961476913269166e+02
1.53961476913269166e+02
1.50892155332628391e+02
1.50892155332628391e+02
1.50892155332628391e+02
1.50892155332628391e+02
1.58166212326781960e+02
1.58166212326781960e+02
1.58166212326781960e+02
1.58166212326781960e+02
1.55556467832752418e+02
1.55556467832752418e+02
1.55556467832752418e+02
1.55556467832752418e+02
1.54352906007634061e+02
1.54352906007634061e+02
1.54352906007634061e+02
1.54352906007634061e+02
1.54927033900061986e+02
1.54927033900061986e+02
1.54927033900061986e+02
1.54927033900061986e+02
1.55951366606955560e+02
1.55951366606955560e+02
1.55951366606955560e+02
1.55951366606955560e+02
1.54708444844323537e+02
1.54708444844323537e+02
1.54708444844323537e+02
1.54708444844323537e+02
1.53235710742382167e+02
1.53235710742382167e+02
1.53235710742382167e+02
1.53235710742382167e+02
1.52735719721241963e+02
1.52735719721241963e+02
1.52735719721241963e+02
1.52735719721241963e+02
1.50993834937979301e+02
1.50993834937979301e+02
1.50993834937979301e+02
1.50993834937979301e+02
1.56758251004713543e+02
1.56758251004713543e+02
1.56758251004713543e+02
1.56758251004713543e+02
1.52993462954750100e+02
1.52993462954750100e+02
1.52993462954750100e+02
1.52993462954750100e+02
1.55538484275102604e+02
1.55538484275102604e+02
1.55538484275102604e+02
1.55538484275102604e+02
1.57666089278633308e+02
1.57666089278633308e+02
1.57666089278633308e+02
1.57666089278633308e+02
1.57024602594950238e+02
1.57024602594950238e+02
1.57024602594950238e+02
1.57024602594950238e+02
1.54189628032615502e+02
1.54189628032615502e+02
1.54189628032615502e+02
1.54189628032615502e+02
1.55375127265825540e+02
1.55375127265825540e+02
1.55375127265825540e+02
1.55375127265825540e+02
1.58380365949291246e+02
1.58380365949291246e+02
1.58380365949291246e+02
1.58380365949291246e+02
1.57470719148230415e+02
1.57470719148230415e+02
1.57470719148230415e+02
1.57470719148230415e+02
1.58692451483484490e+02
1.58692451483484490e+02
1.58692451483484490e+02
1.58692451483484490e+02
1.58734919978700304e+02
1.58734919978700304e+02
1.58734919978700304e+02
1.58734919978700304e+02
1.59345595866437293e+02
1.59345595866437293e+02
1.59345595866437293e+02
1.59345595866437293e+02
1.53874090139297692e+02
1.53874090139297692e+02
1.53874090139297692e+02
1.53874090139297692e+02
1.52351428355700222e+02
1.52351428355700222e+02
1.52351428355700222e+02
1.52351428355700222e+02
1.57927279650399669e+02
1.57927279650399669e+02
1.57927279650399669e+02
1.57927279650399669e+02
1.57095226997573377e+02
1.57095226997573377e+02
1.57095226997573377e+02
1.57095226997573377e+02
1.56746479438604609e+02
1.56746479438604609e+02
1.56746479438604609e+02
1.56746479438604609e+02
1.55729750725909184e+02
1.55729750725909184e+02
1.55729750725909184e+02
1.55729750725909184e+02
1.56763281254822630e+02
1.56763281254822630e+02
1.56763281254822630e+02
1.56763281254822630e+02
1.60286159093368752e+02
1.60286159093368752e+02
1.60286159093368752e+02
1.60286159093368752e+02
1.54699433765327484e+02
1.54699433765327484e+02
1.54699433765327484e+02
1.54699433765327484e+02
1.55830599744350479e+02
1.55830599744350479e+02
1.55830599744350479e+02
1.55830599744350479e+02
1.58297029323254264e+02
1.58297029323254264e+02
1.58297029323254264e+02
1.58297029323254264e+02
1.58121736637334436e+02
1.58121736637334436e+02
1.58121736637334436e+02
1.58121736637334436e+02
1.51232904524991568e+02
1.51232904524991568e+02
1.51232904524991568e+02
1.51232904524991568e+02
1.63527009734737078e+02
1.63527009734737078e+02
1.63527009734737078e+02
1.63527009734737078e+02
1.57237556749621376e+02
1.57237556749621376e+02
1.57237556749621376e+02
1.57237556749621376e+02
1.56945721547736269e+02
1.56945721547736269e+02
1.56945721547736269e+02
1.56945721547736269e+02
1.59025720053863637e+02
1.59025720053863637e+02
1.59025720053863637e+02
1.59025720053863637e+02
1.43263027746114290e+02
1.43263027746114290e+02
1.43263027746114290e+02
1.43263027746114290e+02
1.58615029757840148e+02
1.58615029757840148e+02
1.58615029757840148e+02
1.58615029757840148e+02
1.57968365696397115e+02
1.57968365696397115e+02
1.57968365696397115e+02
1.57968365696397115e+02
1.59389552661405446e+02
1.59389552661405446e+02
1.59389552661405446e+02
1.59389552661405446e+02
1.54960362801970575e+02
1.54960362801970575e+02
1.54960362801970575e+02
1.54960362801970575e+02
1.53967450334609396e+02
1.53967450334609396e+02
1.53967450334609396e+02
1.53967450334609396e+02
1.55830765846040265e+02
1.55830765846040265e+02
1.55830765846040265e+02
1.55830765846040265e+02
1.55830415135311000e+02
1.55830415135311000e+02
1.55830415135311000e+02
1.55830415135311000e+02
1.48318303990845038e+02
1.48318303990845038e+02
1.48318303990845038e+02
1.48318303990845038e+02
1.55359687588654793e+02
1.55359687588654793e+02
1.55359687588654793e+02
1.55359687588654793e+02
1.51953340177860241e+02
1.51953340177860241e+02
1.51953340177860241e+02
1.51953340177860241e+02
1.52458687760613060e+02
1.52458687760613060e+02
1.52458687760613060e+02
1.52458687760613060e+02
1.58085037889518048e+02
1.58085037889518048e+02
1.58085037889518048e+02
1.58085037889518048e+02
1.57655038450790101e+02
1.57655038450790101e+02
1.57655038450790101e+02
1.57655038450790101e+02
1.50718346470488257e+02
1.50718346470488257e+02
1.50718346470488257e+02
1.50718346470488257e+02
1.61425020785847465e+02
1.61425020785847465e+02
1.61425020785847465e+02
1.61425020785847465e+02
1.52095298123616857e+02
1.52095298123616857e+02
1.52095298123616857e+02
1.52095298123616857e+02
1.49419356338960711e+02
1.49419356338960711e+02
1.49419356338960711e+02
1.49419356338960711e+02
1.49466426222383859e+02
1.49466426222383859e+02
1.49466426222383859e+02
1.49466426222383859e+02
1.48526431342499649e+02
1.48526431342499649e+02
1.48526431342499649e+02
1.48526431342499649e+02
1.54558590343771442e+02
1.54558590343771442e+02
1.54558590343771442e+02
1.54558590343771442e+02
1.49236251504913128e+02
1.49236251504913128e+02
1.49236251504913128e+02
1.49236251504913128e+02
1.54072185416966335e+02
1.54072185416966335e+02
1.54072185416966335e+02
1.54072185416966335e+02
1.53067238144585133e+02
1.53067238144585133e+02
1.53067238144585133e+02
1.53067238144585133e+02
1.55117246683587126e+02
1.55117246683587126e+02
1.55117246683587126e+02
1.55117246683587126e+02
1.57784363334436108e+02
1.57784363334436108e+02
1.57784363334436108e+02
1.57784363334436108e+02
1.56872384595814196e+02
1.56872384595814196e+02
1.56872384595814196e+02
1.56872384595814196e+02
1.53981547952030667e+02
1.53981547952030667e+02
1.53981547952030667e+02
1.53981547952030667e+02
1.55033139747870564e+02
1.55033139747870564e+02
1.55033139747870564e+02
1.55033139747870564e+02
1.55083974221055797e+02
1.55083974221055797e+02
1.55083974221055797e+02
1.55083974221055797e+02
1.54007633404385558e+02
1.54007633404385558e+02
1.54007633404385558e+02
1.54007633404385558e+02
1.55252907817234444e+02
1.55252907817234444e+02
1.55252907817234444e+02
1.55252907817234444e+02
1.50923547100803461e+02
1.50923547100803461e+02
1.50923547100803461e+02
1.50923547100803461e+02
1.50790645318990130e+02
1.50790645318990130e+02
1.50790645318990130e+02
1.50790645318990130e+02
1.55102521639295531e+02
1.55102521639295531e+02
1.55102521639295531e+02
1.55102521639295531e+02
1.53473603850278522e+02
1.53473603850278522e+02
1.53473603850278522e+02
1.53473603850278522e+02
1.51937818901213774e+02
1.51937818901213774e+02
1.51937818901213774e+02
1.51937818901213774e+02
1.51742908467260150e+02
1.51742908467260150e+02
1.51742908467260150e+02
1.51742908467260150e+02
1.46920638375611162e+02
1.46920638375611162e+02
1.46920638375611162e+02
1.46920638375611162e+02
1.50773571935899554e+02
1.50773571935899554e+02
1.50773571935899554e+02
1.50773571935899554e+02
1.47863848272778625e+02
1.47863848272778625e+02
1.47863848272778625e+02
1.47863848272778625e+02
1.58491945337854759e+02
1.58491945337854759e+02
1.58491945337854759e+02
1.58491945337854759e+02
1.49355820289501111e+02
1.49355820289501111e+02
1.49355820289501111e+02
1.49355820289501111e+02
1.48891888614830862e+02
1.48891888614830862e+02
1.48891888614830862e+02
1.48891888614830862e+02
1.52031249809446905e+02
1.52031249809446905e+02
1.52031249809446905e+02
1.52031249809446905e+02
1.59134234618003120e+02
1.59134234618003120e+02
1.59134234618003120e+02
1.59134234618003120e+02
1.56522119966022586e+02
1.56522119966022586e+02
1.56522119966022586e+02
1.56522119966022586e+02
1.51679506165335852e+02
1.51679506165335852e+02
1.51679506165335852e+02
1.51679506165335852e+02
1.52245491399139439e+02
1.52245491399139439e+02
1.52245491399139439e+02
1.52245491399139439e+02
1.54429881523077711e+02
1.54429881523077711e+02
1.54429881523077711e+02
1.54429881523077711e+02
1.52012393584511045e+02
1.52012393584511045e+02
1.52012393584511045e+02
1.52012393584511045e+02
1.56601886052940841e+02
1.56601886052940841e+02
1.56601886052940841e+02
1.56601886052940841e+02
1.55386675127270223e+02
1.55386675127270223e+02
1.55386675127270223e+02
1.55386675127270223e+02
1.54265710027582600e+02
1.54265710027582600e+02
1.54265710027582600e+02
1.54265710027582600e+02
1.51800690072533428e+02
1.51800690072533428e+02
1.51800690072533428e+02
1.51800690072533428e+02
1.50221847008593386e+02
1.50221847008593386e+02
1.50221847008593386e+02
1.50221847008593386e+02
1.52323803784846291e+02
1.52323803784846291e+02
1.52323803784846291e+02
1.52323803784846291e+02
1.60738038168901596e+02
1.60738038168901596e+02
1.60738038168901596e+02
1.60738038168901596e+02
1.53429644952427452e+02
1.53429644952427452e+02
1.53429644952427452e+02
1.53429644952427452e+02
1.49850450359057874e+02
1.49850450359057874e+02
1.49850450359057874e+02
1.49850450359057874e+02
1.53985988891866270e+02
1.53985988891866270e+02
1.53985988891866270e+02
1.53985988891866270e+02
1.55084352071906068e+02
1.55084352071906068e+02
1.55084352071906068e+02
1.55084352071906068e+02
1.57409437777495839e+02
1.57409437777495839e+02
1.57409437777495839e+02
1.57409437777495839e+02
1.52958093799897313e+02
1.52958093799897313e+02
1.52958093799897313e+02
1.52958093799897313e+02
1.51496520895184432e+02
1.51496520895184432e+02
1.51496520895184432e+02
1.51496520895184432e+02
1.52569787204413672e+02
1.52569787204413672e+02
1.52569787204413672e+02
1.52569787204413672e+02
1.56593132281678436e+02
1.56593132281678436e+02
1.56593132281678436e+02
1.56593132281678436e+02
1.54847034907981140e+02
1.54847034907981140e+02
1.54847034907981140e+02
1.54847034907981140e+02
1.58960389272463260e+02
1.58960389272463260e+02
1.58960389272463260e+02
1.58960389272463260e+02
1.56991287398828689e+02
1.56991287398828689e+02
1.56991287398828689e+02
1.56991287398828689e+02
1.56058152100451139e+02
1.56058152100451139e+02
1.56058152100451139e+02
1.56058152100451139e+02
1.54494955334470660e+02
1.54494955334470660e+02
1.54494955334470660e+02
1.54494955334470660e+02
1.58522546174638251e+02
1.58522546174638251e+02
1.58522546174638251e+02
1.58522546174638251e+02
1.55059439586095806e+02
1.55059439586095806e+02
1.55059439586095806e+02
1.55059439586095806e+02
1.55081934012830402e+02
1.55081934012830402e+02
1.55081934012830402e+02
1.55081934012830402e+02
1.54831812284547567e+02
1.54831812284547567e+02
1.54831812284547567e+02
1.54831812284547567e+02
1.52033723341685572e+02
1.52033723341685572e+02
1.52033723341685572e+02
1.52033723341685572e+02
1.58774083239557086e+02
1.58774083239557086e+02
1.58774083239557086e+02
1.58774083239557086e+02
1.52972687923730831e+02
1.52972687923730831e+02
1.52972687923730831e+02
1.52972687923730831e+02
1.55718795253670152e+02
1.55718795253670152e+02
1.55718795253670152e+02
1.55718795253670152e+02
1.55052370977727435e+02
1.55052370977727435e+02
1.55052370977727435e+02
1.55052370977727435e+02
1.54953033141755782e+02
1.54953033141755782e+02
1.54953033141755782e+02
1.54953033141755782e+02
1.54568887517928971e+02
1.54568887517928971e+02
1.54568887517928971e+02
1.54568887517928971e+02
1.57533494222865016e+02
1.57533494222865016e+02
1.57533494222865016e+02
1.57533494222865016e+02
1.59049941099870040e+02
1.59049941099870040e+02
1.59049941099870040e+02
1.59049941099870040e+02
1.58112794940263313e+02
1.58112794940263313e+02
1.58112794940263313e+02
1.58112794940263313e+02
1.53560828075755353e+02
1.53560828075755353e+02
1.53560828075755353e+02
1.53560828075755353e+02
1.51770760988154223e+02
1.51770760988154223e+02
1.51770760988154223e+02
1.51770760988154223e+02
1.52374489963802006e+02
1.52374489963802006e+02
1.52374489963802006e+02
1.52374489963802006e+02
1.53606656803035634e+02
1.53606656803035634e+02
1.53606656803035634e+02
1.53606656803035634e+02
1.54317761887729176e+02
1.54317761887729176e+02
1.54317761887729176e+02
1.54317761887729176e+02
1.52605944628667970e+02
1.52605944628667970e+02
1.52605944628667970e+02
1.52605944628667970e+02
1.55504449431683810e+02
1.55504449431683810e+02
1.55504449431683810e+02
1.55504449431683810e+02
1.50913820288448647e+02
1.50913820288448647e+02
1.50913820288448647e+02
1.50913820288448647e+02
1.55395197021061364e+02
1.55395197021061364e+02
1.55395197021061364e+02
1.55395197021061364e+02
1.52644991999854199e+02
1.52644991999854199e+02
1.52644991999854199e+02
1.52644991999854199e+02
1.53710808919511550e+02
1.53710808919511550e+02
1.53710808919511550e+02
1.53710808919511550e+02
1.56567453546320024e+02
1.56567453546320024e+02
1.56567453546320024e+02
1.56567453546320024e+02
1.56186856697715029e+02
1.56186856697715029e+02
1.56186856697715029e+02
1.56186856697715029e+02
1.51897000124123593e+02
1.51897000124123593e+02
1.51897000124123593e+02
1.51897000124123593e+02
1.52684275286513383e+02
1.52684275286513383e+02
1.52684275286513383e+02
1.52684275286513383e+02
1.52532352569378759e+02
1.52532352569378759e+02
1.52532352569378759e+02
1.52532352569378759e+02
1.49188129264146824e+02
1.49188129264146824e+02
1.49188129264146824e+02
1.49188129264146824e+02
1.51199939532259037e+02
1.51199939532259037e+02
1.51199939532259037e+02
1.51199939532259037e+02
1.47888083799808726e+02
1.47888083799808726e+02
1.47888083799808726e+02
1.47888083799808726e+02
1.58849707778598798e+02
1.58849707778598798e+02
1.58849707778598798e+02
1.58849707778598798e+02
1.53534738517923188e+02
1.53534738517923188e+02
1.53534738517923188e+02
1.53534738517923188e+02
1.59369911569305259e+02
1.59369911569305259e+02
1.59369911569305259e+02
1.59369911569305259e+02
1.55170984681246864e+02
1.55170984681246864e+02
1.55170984681246864e+02
1.55170984681246864e+02
1.60406321262018139e+02
1.60406321262018139e+02
1.60406321262018139e+02
1.60406321262018139e+02
1.53594258390729095e+02
1.53594258390729095e+02
1.53594258390729095e+02
1.53594258390729095e+02
1.49716864322796738e+02
1.49716864322796738e+02
1.49716864322796738e+02
1.49716864322796738e+02
1.56727500537246272e+02
1.56727500537246272e+02
1.56727500537246272e+02
1.56727500537246272e+02
1.52735093697901249e+02
1.52735093697901249e+02
1.52735093697901249e+02
1.52735093697901249e+02
1.51912178683053696e+02
1.51912178683053696e+02
1.51912178683053696e+02
1.51912178683053696e+02
1.51845797366898353e+02
1.51845797366898353e+02
1.51845797366898353e+02
1.51845797366898353e+02
1.51872002685744263e+02
1.51872002685744263e+02
1.51872002685744263e+02
1.51872002685744263e+02
1.55440754410292470e+02
1.55440754410292470e+02
1.55440754410292470e+02
1.55440754410292470e+02
1.53648342274608353e+02
1.53648342274608353e+02
1.53648342274608353e+02
1.53648342274608353e+02
1.52957181629756036e+02
1.52957181629756036e+02
1.52957181629756036e+02
1.52957181629756036e+02
1.51371040544201776e+02
1.51371040544201776e+02
1.51371040544201776e+02
1.51371040544201776e+02
1.51558619761768000e+02
1.51558619761768000e+02
1.51558619761768000e+02
1.51558619761768000e+02
1.54321283793669636e+02
1.54321283793669636e+02
1.54321283793669636e+02
1.54321283793669636e+02
1.53368383645374593e+02
1.53368383645374593e+02
1.53368383645374593e+02
1.53368383645374593e+02
1.55018227333261450e+02
1.55018227333261450e+02
1.55018227333261450e+02
1.55018227333261450e+02
1.56526363600539582e+02
1.56526363600539582e+02
1.56526363600539582e+02
1.56526363600539582e+02
1.53531777439200795e+02
1.53531777439200795e+02
1.53531777439200795e+02
1.53531777439200795e+02
1.51499161945204833e+02
1.51499161945204833e+02
1.51499161945204833e+02
1.51499161945204833e+02
1.50649317443463246e+02
1.50649317443463246e+02
1.50649317443463246e+02
1.50649317443463246e+02
1.52211419744698617e+02
1.52211419744698617e+02
1.52211419744698617e+02
1.52211419744698617e+02
1.52464556419938162e+02
1.52464556419938162e+02
1.52464556419938162e+02
1.52464556419938162e+02
1.54177437483827021e+02
1.54177437483827021e+02
1.54177437483827021e+02
1.54177437483827021e+02
1.51088881878504282e+02
1.51088881878504282e+02
1.51088881878504282e+02
1.51088881878504282e+02
1.53268250527296232e+02
1.53268250527296232e+02
1.53268250527296232e+02
1.53268250527296232e+02
1.54270475101457350e+02
1.54270475101457350e+02
1.54270475101457350e+02
1.54270475101457350e+02
1.54788303086178246e+02
1.54788303086178246e+02
1.54788303086178246e+02
1.54788303086178246e+02
1.51167635706447243e+02
1.51167635706447243e+02
1.51167635706447243e+02
1.51167635706447243e+02
1.53153259265140463e+02
1.53153259265140463e+02
1.53153259265140463e+02
1.53153259265140463e+02
1.54709640373535080e+02
1.54709640373535080e+02
1.54709640373535080e+02
1.54709640373535080e+02
1.54592781306224310e+02
1.54592781306224310e+02
1.54592781306224310e+02
1.54592781306224310e+02
1.52149069342745776e+02
1.52149069342745776e+02
1.52149069342745776e+02
1.52149069342745776e+02
1.53590675730768481e+02
1.53590675730768481e+02
1.53590675730768481e+02
1.53590675730768481e+02
1.47358697551899354e+02
1.47358697551899354e+02
1.47358697551899354e+02
1.47358697551899354e+02
1.49403010226961186e+02
1.49403010226961186e+02
1.49403010226961186e+02
1.49403010226961186e+02
1.52280195184056879e+02
1.52280195184056879e+02
1.52280195184056879e+02
1.52280195184056879e+02
1.51819304947496505e+02
1.51819304947496505e+02
1.51819304947496505e+02
1.51819304947496505e+02
1.51163200293544890e+02
1.51163200293544890e+02
1.51163200293544890e+02
1.51163200293544890e+02
1.51832257629182067e+02
1.51832257629182067e+02
1.51832257629182067e+02
1.51832257629182067e+02
1.52174060692706860e+02
1.52174060692706860e+02
1.52174060692706860e+02
1.52174060692706860e+02
1.55814015805414130e+02
1.55814015805414130e+02
1.55814015805414130e+02
1.55814015805414130e+02
1.55902543265634904e+02
1.55902543265634904e+02
1.55902543265634904e+02
1.55902543265634904e+02
1.55121530803979482e+02
1.55121530803979482e+02
1.55121530803979482e+02
1.55121530803979482e+02
1.58647971230471796e+02
1.58647971230471796e+02
1.58647971230471796e+02
1.58647971230471796e+02
1.56052653648672276e+02
1.56052653648672276e+02
1.56052653648672276e+02
1.56052653648672276e+02
1.57172890273196856e+02
1.57172890273196856e+02
1.57172890273196856e+02
1.57172890273196856e+02
1.55774835288697403e+02
1.55774835288697403e+02
1.55774835288697403e+02
1.55774835288697403e+02
1.60223669192539177e+02
1.60223669192539177e+02
1.60223669192539177e+02
1.60223669192539177e+02
1.55042680286821934e+02
1.55042680286821934e+02
1.55042680286821934e+02
1.55042680286821934e+02
1.51662633824805482e+02
1.51662633824805482e+02
1.51662633824805482e+02
1.51662633824805482e+02
1.52676395216842678e+02
1.52676395216842678e+02
1.52676395216842678e+02
1.52676395216842678e+02
1.56423255338785452e+02
1.56423255338785452e+02
1.56423255338785452e+02
1.56423255338785452e+02
1.50993076111343157e+02
1.50993076111343157e+02
1.50993076111343157e+02
1.50993076111343157e+02
1.50226231657546691e+02
1.50226231657546691e+02
1.50226231657546691e+02
1.50226231657546691e+02
1.55595260985430542e+02
1.55595260985430542e+02
1.55595260985430542e+02
1.55595260985430542e+02
1.52054003815440126e+02
1.52054003815440126e+02
1.52054003815440126e+02
1.52054003815440126e+02
1.52598533889546502e+02
1.52598533889546502e+02
1.52598533889546502e+02
1.52598533889546502e+02
1.55365477867702936e+02
1.55365477867702936e+02
1.55365477867702936e+02
1.55365477867702936e+02
1.50175588318918130e+02
1.50175588318918130e+02
1.50175588318918130e+02
1.50175588318918130e+02
1.52664470322651681e+02
1.52664470322651681e+02
1.52664470322651681e+02
1.52664470322651681e+02
1.53512750157762355e+02
1.53512750157762355e+02
1.53512750157762355e+02
1.53512750157762355e+02
1.54490223489009082e+02
1.54490223489009082e+02
1.54490223489009082e+02
1.54490223489009082e+02
1.54365589347566299e+02
1.54365589347566299e+02
1.54365589347566299e+02
1.54365589347566299e+02
1.49608953125695905e+02
1.49608953125695905e+02
1.49608953125695905e+02
1.49608953125695905e+02
1.49560869201935475e+02
1.49560869201935475e+02
1.49560869201935475e+02
1.49560869201935475e+02
1.46741742419033017e+02
1.46741742419033017e+02
1.46741742419033017e+02
1.46741742419033017e+02
1.48425455001927531e+02
1.48425455001927531e+02
1.48425455001927531e+02
1.48425455001927531e+02
1.51406083668947701e+02
1.51406083668947701e+02
1.51406083668947701e+02
1.51406083668947701e+02
1.49783454833643731e+02
1.49783454833643731e+02
1.49783454833643731e+02
1.49783454833643731e+02
1.48082890847814070e+02
1.48082890847814070e+02
1.48082890847814070e+02
1.48082890847814070e+02
1.49035552402572421e+02
1.49035552402572421e+02
1.49035552402572421e+02
1.49035552402572421e+02
1.54324718275580381e+02
1.54324718275580381e+02
1.54324718275580381e+02
1.54324718275580381e+02
1.55125117176297096e+02
1.55125117176297096e+02
1.55125117176297096e+02
1.55125117176297096e+02
1.52302019865781347e+02
1.52302019865781347e+02
1.52302019865781347e+02
1.52302019865781347e+02
1.57713982978259281e+02
1.57713982978259281e+02
1.57713982978259281e+02
1.57713982978259281e+02
1.58995940076195637e+02
1.58995940076195637e+02
1.58995940076195637e+02
1.58995940076195637e+02
1.55400883435368968e+02
1.55400883435368968e+02
1.55400883435368968e+02
1.55400883435368968e+02
1.54159966017916162e+02
1.54159966017916162e+02
1.54159966017916162e+02
1.54159966017916162e+02
1.55347319444162480e+02
1.55347319444162480e+02
1.55347319444162480e+02
1.55347319444162480e+02
1.54197281385634653e+02
1.54197281385634653e+02
1.54197281385634653e+02
1.54197281385634653e+02
1.57549615254427835e+02
1.57549615254427835e+02
1.57549615254427835e+02
1.57549615254427835e+02
1.56141273686245313e+02
1.56141273686245313e+02
1.56141273686245313e+02
1.56141273686245313e+02
1.51529260131924048e+02
1.51529260131924048e+02
1.51529260131924048e+02
1.51529260131924048e+02
1.52732145928582895e+02
1.52732145928582895e+02
1.52732145928582895e+02
1.52732145928582895e+02
1.54043240681927728e+02
1.54043240681927728e+02
1.54043240681927728e+02
1.54043240681927728e+02
1.59032602393668640e+02
1.59032602393668640e+02
1.59032602393668640e+02
1.59032602393668640e+02
1.52945220364497743e+02
1.52945220364497743e+02
1.52945220364497743e+02
1.52945220364497743e+02
1.55691511772105429e+02
1.55691511772105429e+02
1.55691511772105429e+02
1.55691511772105429e+02
1.56178331813022936e+02
1.56178331813022936e+02
1.56178331813022936e+02
1.56178331813022936e+02
1.52116867507438030e+02
1.52116867507438030e+02
1.52116867507438030e+02
1.52116867507438030e+02
1.57540827929827401e+02
1.57540827929827401e+02
1.57540827929827401e+02
1.57540827929827401e+02
1.52390021379773742e+02
1.52390021379773742e+02
1.52390021379773742e+02
1.52390021379773742e+02
1.58356311354782633e+02
1.58356311354782633e+02
1.58356311354782633e+02
1.58356311354782633e+02
1.55680687712628782e+02
1.55680687712628782e+02
1.55680687712628782e+02
1.55680687712628782e+02
1.58080120233617549e+02
1.58080120233617549e+02
1.58080120233617549e+02
1.58080120233617549e+02
1.53257661940729349e+02
1.53257661940729349e+02
1.53257661940729349e+02
1.53257661940729349e+02
1.52905805978170292e+02
1.52905805978170292e+02
1.52905805978170292e+02
1.52905805978170292e+02
1.53426898695889690e+02
1.53426898695889690e+02
1.53426898695889690e+02
1.53426898695889690e+02
1.51065855220043375e+02
1.51065855220043375e+02
1.51065855220043375e+02
1.51065855220043375e+02
1.52799574132701423e+02
1.52799574132701423e+02
1.52799574132701423e+02
1.52799574132701423e+02
1.57689088534972058e+02
1.57689088534972058e+02
1.57689088534972058e+02
1.57689088534972058e+02
1.61032850693983761e+02
1.61032850693983761e+02
1.61032850693983761e+02
1.61032850693983761e+02
1.53390498288252871e+02
1.53390498288252871e+02
1.53390498288252871e+02
1.53390498288252871e+02
1.59215398983591314e+02
1.59215398983591314e+02
1.59215398983591314e+02
1.59215398983591314e+02
1.56057920810002145e+02
1.56057920810002145e+02
1.56057920810002145e+02
1.56057920810002145e+02
1.57575795128095820e+02
1.57575795128095820e+02
1.57575795128095820e+02
1.57575795128095820e+02
1.61897082649005512e+02
1.61897082649005512e+02
1.61897082649005512e+02
1.61897082649005512e+02
1.56668486012206017e+02
1.56668486012206017e+02
1.56668486012206017e+02
1.56668486012206017e+02
1.60763574270256669e+02
1.60763574270256669e+02
1.60763574270256669e+02
1.60763574270256669e+02
1.54546931469342638e+02
1.54546931469342638e+02
1.54546931469342638e+02
1.54546931469342638e+02
1.55740016626397704e+02
1.55740016626397704e+02
1.55740016626397704e+02
1.55740016626397704e+02
1.55671527417243368e+02
1.55671527417243368e+02
1.55671527417243368e+02
1.55671527417243368e+02
1.61502561935991139e+02
1.61502561935991139e+02
1.61502561935991139e+02
1.61502561935991139e+02
1.53633067041846715e+02
1.53633067041846715e+02
1.53633067041846715e+02
1.53633067041846715e+02
1.55384780197834885e+02
1.55384780197834885e+02
1.55384780197834885e+02
1.55384780197834885e+02
1.54635407712491400e+02
1.54635407712491400e+02
1.54635407712491400e+02
1.54635407712491400e+02
1.48993217439486074e+02
1.48993217439486074e+02
1.48993217439486074e+02
1.48993217439486074e+02
1.50412738554709648e+02
1.50412738554709648e+02
1.50412738554709648e+02
1.50412738554709648e+02
1.53082843191743336e+02
1.53082843191743336e+02
1.53082843191743336e+02
1.53082843191743336e+02
1.50770601969637596e+02
1.50770601969637596e+02
1.50770601969637596e+02
1.50770601969637596e+02
1.49134814736700264e+02
1.49134814736700264e+02
1.49134814736700264e+02
1.49134814736700264e+02
1.50513242490907743e+02
1.50513242490907743e+02
1.50513242490907743e+02
1.50513242490907743e+02
1.48419064767051708e+02
1.48419064767051708e+02
1.48419064767051708e+02
1.48419064767051708e+02
1.47149326263443186e+02
1.47149326263443186e+02
1.47149326263443186e+02
1.47149326263443186e+02
1.54954197057809210e+02
1.54954197057809210e+02
1.54954197057809210e+02
1.54954197057809210e+02
1.53323228289822794e+02
1.53323228289822794e+02
1.53323228289822794e+02
1.53323228289822794e+02
1.55287054924157360e+02
1.55287054924157360e+02
1.55287054924157360e+02
1.55287054924157360e+02
1.49539133358252940e+02
1.49539133358252940e+02
1.49539133358252940e+02
1.49539133358252940e+02
1.48810434778064007e+02
1.48810434778064007e+02
1.48810434778064007e+02
1.48810434778064007e+02
1.51687688158451834e+02
1.51687688158451834e+02
1.51687688158451834e+02
1.51687688158451834e+02
1.52027104105556134e+02
1.52027104105556134e+02
1.52027104105556134e+02
1.52027104105556134e+02
1.53312431822970751e+02
1.53312431822970751e+02
1.53312431822970751e+02
1.53312431822970751e+02
1.57196713736590311e+02
1.57196713736590311e+02
1.57196713736590311e+02
1.57196713736590311e+02
1.58884115735458636e+02
1.58884115735458636e+02
1.58884115735458636e+02
1.58884115735458636e+02
1.54547807314418122e+02
1.54547807314418122e+02
1.54547807314418122e+02
1.54547807314418122e+02
1.50329550034441326e+02
1.50329550034441326e+02
1.50329550034441326e+02
1.50329550034441326e+02
1.53749344337746379e+02
1.53749344337746379e+02
1.53749344337746379e+02
1.53749344337746379e+02
1.52074342894749435e+02
1.52074342894749435e+02
1.52074342894749435e+02
1.52074342894749435e+02
1.50071585543603931e+02
1.50071585543603931e+02
1.50071585543603931e+02
1.50071585543603931e+02
1.54911424543275359e+02
1.54911424543275359e+02
1.54911424543275359e+02
1.54911424543275359e+02
1.58062076056857848e+02
1.58062076056857848e+02
1.58062076056857848e+02
1.58062076056857848e+02
1.54015652928269191e+02
1.54015652928269191e+02
1.54015652928269191e+02
1.54015652928269191e+02
1.51479431817777055e+02
1.51479431817777055e+02
1.51479431817777055e+02
1.51479431817777055e+02
1.54909820845107959e+02
1.54909820845107959e+02
1.54909820845107959e+02
1.54909820845107959e+02
1.51275107202121376e+02
1.51275107202121376e+02
1.51275107202121376e+02
1.51275107202121376e+02
1.54174924059137538e+02
1.54174924059137538e+02
1.54174924059137538e+02
1.54174924059137538e+02
1.55493242330295914e+02
1.55493242330295914e+02
1.55493242330295914e+02
1.55493242330295914e+02
1.53279910429523198e+02
1.53279910429523198e+02
1.53279910429523198e+02
1.53279910429523198e+02
1.51016885578741608e+02
1.51016885578741608e+02
1.51016885578741608e+02
1.51016885578741608e+02
1.55215402927661131e+02
1.55215402927661131e+02
1.55215402927661131e+02
1.55215402927661131e+02
1.54352511599194543e+02
1.54352511599194543e+02
1.54352511599194543e+02
1.54352511599194543e+02
1.53897251594783825e+02
1.53897251594783825e+02
1.53897251594783825e+02
1.53897251594783825e+02
1.58129467274468169e+02
1.58129467274468169e+02
1.58129467274468169e+02
1.58129467274468169e+02
1.58694282376572545e+02
1.58694282376572545e+02
1.58694282376572545e+02
1.58694282376572545e+02
1.53269238863494735e+02
1.53269238863494735e+02
1.53269238863494735e+02
1.53269238863494735e+02
1.49488710220633379e+02
1.49488710220633379e+02
1.49488710220633379e+02
1.49488710220633379e+02
1.56796052284314214e+02
1.56796052284314214e+02
1.56796052284314214e+02
1.56796052284314214e+02
1.56633300105806711e+02
1.56633300105806711e+02
1.56633300105806711e+02
1.56633300105806711e+02
1.58086923553533012e+02
1.58086923553533012e+02
1.58086923553533012e+02
1.58086923553533012e+02
1.58474833862844719e+02
1.58474833862844719e+02
1.58474833862844719e+02
1.58474833862844719e+02
1.59787135019683319e+02
1.59787135019683319e+02
1.59787135019683319e+02
1.59787135019683319e+02
1.58476253192362947e+02
1.58476253192362947e+02
1.58476253192362947e+02
1.58476253192362947e+02
1.57727803568999065e+02
1.57727803568999065e+02
1.57727803568999065e+02
1.57727803568999065e+02
1.57415069553184708e+02
1.57415069553184708e+02
1.57415069553184708e+02
1.57415069553184708e+02
1.50014249576030579e+02
1.50014249576030579e+02
1.50014249576030579e+02
1.50014249576030579e+02
1.55154221567073677e+02
1.55154221567073677e+02
1.55154221567073677e+02
1.55154221567073677e+02
1.52242534171911643e+02
1.52242534171911643e+02
1.52242534171911643e+02
1.52242534171911643e+02
1.53351672066900306e+02
1.53351672066900306e+02
1.53351672066900306e+02
1.53351672066900306e+02
1.58873073877168849e+02
1.58873073877168849e+02
1.58873073877168849e+02
1.58873073877168849e+02
1.61191044316209513e+02
1.61191044316209513e+02
1.61191044316209513e+02
1.61191044316209513e+02
1.54597768455550153e+02
1.54597768455550153e+02
1.54597768455550153e+02
1.54597768455550153e+02
1.57671606322493403e+02
1.57671606322493403e+02
1.57671606322493403e+02
1.57671606322493403e+02
1.58969371323332496e+02
1.58969371323332496e+02
1.58969371323332496e+02
1.58969371323332496e+02
1.60745641555092334e+02
1.60745641555092334e+02
1.60745641555092334e+02
1.60745641555092334e+02
1.53418090636908858e+02
1.53418090636908858e+02
1.53418090636908858e+02
1.53418090636908858e+02
1.57558057293186579e+02
1.57558057293186579e+02
1.57558057293186579e+02
1.57558057293186579e+02
1.60287646748755407e+02
1.60287646748755407e+02
1.60287646748755407e+02
1.60287646748755407e+02
1.60741221355722075e+02
1.60741221355722075e+02
1.60741221355722075e+02
1.60741221355722075e+02
1.60938619850254298e+02
1.60938619850254298e+02
1.60938619850254298e+02
1.60938619850254298e+02
1.59943945150994779e+02
1.59943945150994779e+02
1.59943945150994779e+02
1.59943945150994779e+02
1.56383437152151686e+02
1.56383437152151686e+02
1.56383437152151686e+02
1.56383437152151686e+02
1.54073325418407450e+02
1.54073325418407450e+02
1.54073325418407450e+02
1.54073325418407450e+02
1.60732797770940152e+02
1.60732797770940152e+02
1.60732797770940152e+02
1.60732797770940152e+02
1.52871178632096814e+02
1.52871178632096814e+02
1.52871178632096814e+02
1.52871178632096814e+02
1.57387431535237994e+02
1.57387431535237994e+02
1.57387431535237994e+02
1.57387431535237994e+02
1.49542508332973370e+02
1.49542508332973370e+02
1.49542508332973370e+02
1.49542508332973370e+02
1.56574371726392570e+02
1.56574371726392570e+02
1.56574371726392570e+02
1.56574371726392570e+02
1.54782639737735764e+02
1.54782639737735764e+02
1.54782639737735764e+02
1.54782639737735764e+02
1.59271736757010217e+02
1.59271736757010217e+02
1.59271736757010217e+02
1.59271736757010217e+02
1.56618243162684422e+02
1.56618243162684422e+02
1.56618243162684422e+02
1.56618243162684422e+02
1.59101578146964869e+02
1.59101578146964869e+02
1.59101578146964869e+02
1.59101578146964869e+02
1.56974130297293897e+02
1.56974130297293897e+02
1.56974130297293897e+02
1.56974130297293897e+02
1.57481523127345270e+02
1.57481523127345270e+02
1.57481523127345270e+02
1.57481523127345270e+02
1.57296447769187694e+02
1.57296447769187694e+02
1.57296447769187694e+02
1.57296447769187694e+02
1.54162531900107155e+02
1.54162531900107155e+02
1.54162531900107155e+02
1.54162531900107155e+02
1.56798648741397926e+02
1.56798648741397926e+02
1.56798648741397926e+02
1.56798648741397926e+02
1.49609027956145667e+02
1.49609027956145667e+02
1.49609027956145667e+02
1.49609027956145667e+02
1.56336580320156230e+02
1.56336580320156230e+02
1.56336580320156230e+02
1.56336580320156230e+02
1.48803784638316984e+02
1.48803784638316984e+02
1.48803784638316984e+02
1.48803784638316984e+02
1.54111635279595617e+02
1.54111635279595617e+02
1.54111635279595617e+02
1.54111635279595617e+02
1.53035707435053411e+02
1.53035707435053411e+02
1.53035707435053411e+02
1.53035707435053411e+02
1.49286308910198329e+02
1.49286308910198329e+02
1.49286308910198329e+02
1.49286308910198329e+02
1.53744557603523845e+02
1.53744557603523845e+02
1.53744557603523845e+02
1.53744557603523845e+02
1.54263866480213039e+02
1.54263866480213039e+02
1.54263866480213039e+02
1.54263866480213039e+02
1.59506620141163665e+02
1.59506620141163665e+02
1.59506620141163665e+02
1.59506620141163665e+02
1.54200514873183863e+02
1.54200514873183863e+02
1.54200514873183863e+02
1.54200514873183863e+02
1.49479701937991734e+02
1.49479701937991734e+02
1.49479701937991734e+02
1.49479701937991734e+02
1.48462422713590229e+02
1.48462422713590229e+02
1.48462422713590229e+02
1.48462422713590229e+02
1.59116070597650918e+02
1.59116070597650918e+02
1.59116070597650918e+02
1.59116070597650918e+02
1.50544014768741221e+02
1.50544014768741221e+02
1.50544014768741221e+02
1.50544014768741221e+02
1.53312152733045508e+02
1.53312152733045508e+02
1.53312152733045508e+02
1.53312152733045508e+02
1.59982816670184434e+02
1.59982816670184434e+02
1.59982816670184434e+02
1.59982816670184434e+02
1.56030903363761439e+02
1.56030903363761439e+02
1.56030903363761439e+02
1.56030903363761439e+02
1.56487091067421488e+02
1.56487091067421488e+02
1.56487091067421488e+02
1.56487091067421488e+02
1.53429335908205672e+02
1.53429335908205672e+02
1.53429335908205672e+02
1.53429335908205672e+02
1.51698093181955016e+02
1.51698093181955016e+02
1.51698093181955016e+02
1.51698093181955016e+02
1.52088092092169518e+02
1.52088092092169518e+02
1.52088092092169518e+02
1.52088092092169518e+02
1.52424545651532071e+02
1.52424545651532071e+02
1.52424545651532071e+02
1.52424545651532071e+02
1.52633634593211070e+02
1.52633634593211070e+02
1.52633634593211070e+02
1.52633634593211070e+02
1.52438758182527351e+02
1.52438758182527351e+02
1.52438758182527351e+02
1.52438758182527351e+02
1.56573319133665166e+02
1.56573319133665166e+02
1.56573319133665166e+02
1.56573319133665166e+02
1.55957813502646559e+02
1.55957813502646559e+02
1.55957813502646559e+02
1.55957813502646559e+02
1.57530360212192420e+02
1.57530360212192420e+02
1.57530360212192420e+02
1.57530360212192420e+02
1.59811808127322308e+02
1.59811808127322308e+02
1.59811808127322308e+02
1.59811808127322308e+02
1.57175114652796168e+02
1.57175114652796168e+02
1.57175114652796168e+02
1.57175114652796168e+02
1.57590584053115521e+02
1.57590584053115521e+02
1.57590584053115521e+02
1.57590584053115521e+02
1.55986939444001194e+02
1.55986939444001194e+02
1.55986939444001194e+02
1.55986939444001194e+02
1.51782560250921307e+02
1.51782560250921307e+02
1.51782560250921307e+02
1.51782560250921307e+02
1.51875613952894327e+02
1.51875613952894327e+02
1.51875613952894327e+02
1.51875613952894327e+02
1.55929081985583082e+02
1.55929081985583082e+02
1.55929081985583082e+02
1.55929081985583082e+02
1.59224375677230512e+02
1.59224375677230512e+02
1.59224375677230512e+02
1.59224375677230512e+02
1.56669053942441565e+02
1.56669053942441565e+02
1.56669053942441565e+02
1.56669053942441565e+02
1.51633003791713037e+02
1.51633003791713037e+02
1.51633003791713037e+02
1.51633003791713037e+02
1.52702453347997874e+02
1.52702453347997874e+02
1.52702453347997874e+02
1.52702453347997874e+02
1.53025285088464244e+02
1.53025285088464244e+02
1.53025285088464244e+02
1.53025285088464244e+02
1.51220060637363872e+02
1.51220060637363872e+02
1.51220060637363872e+02
1.51220060637363872e+02
1.52825292780350594e+02
1.52825292780350594e+02
1.52825292780350594e+02
1.52825292780350594e+02
1.53155505129929850e+02
1.53155505129929850e+02
1.53155505129929850e+02
1.53155505129929850e+02
1.57075265400515946e+02
1.57075265400515946e+02
1.57075265400515946e+02
1.57075265400515946e+02
1.54161360698045655e+02
1.54161360698045655e+02
1.54161360698045655e+02
1.54161360698045655e+02
1.51773592323317132e+02
1.51773592323317132e+02
1.51773592323317132e+02
1.51773592323317132e+02
1.55281531263130148e+02
1.55281531263130148e+02
1.55281531263130148e+02
1.55281531263130148e+02
1.54226178444180931e+02
1.54226178444180931e+02
1.54226178444180931e+02
1.54226178444180931e+02
1.52994339318599714e+02
1.52994339318599714e+02
1.52994339318599714e+02
1.52994339318599714e+02
1.53320426327288629e+02
1.53320426327288629e+02
1.53320426327288629e+02
1.53320426327288629e+02
1.56745324489688841e+02
1.56745324489688841e+02
1.56745324489688841e+02
1.56745324489688841e+02
1.54831502272546942e+02
1.54831502272546942e+02
1.54831502272546942e+02
1.54831502272546942e+02
1.57436238354386063e+02
1.57436238354386063e+02
1.57436238354386063e+02
1.57436238354386063e+02
1.56200344794553075e+02
1.56200344794553075e+02
1.56200344794553075e+02
1.56200344794553075e+02
1.57225028477957721e+02
1.57225028477957721e+02
1.57225028477957721e+02
1.57225028477957721e+02
1.55618771079165867e+02
1.55618771079165867e+02
1.55618771079165867e+02
1.55618771079165867e+02
1.55546416050610901e+02
1.55546416050610901e+02
1.55546416050610901e+02
1.55546416050610901e+02
1.53303772965994767e+02
1.53303772965994767e+02
1.53303772965994767e+02
1.53303772965994767e+02
1.54649875758526520e+02
1.54649875758526520e+02
1.54649875758526520e+02
1.54649875758526520e+02
1.45931829099565448e+02
1.45931829099565448e+02
1.45931829099565448e+02
1.45931829099565448e+02
1.56984056917272312e+02
1.56984056917272312e+02
1.56984056917272312e+02
1.56984056917272312e+02
1.55512252739375015e+02
1.55512252739375015e+02
1.55512252739375015e+02
1.55512252739375015e+02
1.50488395529988395e+02
1.50488395529988395e+02
1.50488395529988395e+02
1.50488395529988395e+02
1.51089901148292086e+02
1.51089901148292086e+02
1.51089901148292086e+02
1.51089901148292086e+02
1.51436625982874261e+02
1.51436625982874261e+02
1.51436625982874261e+02
1.51436625982874261e+02
1.50326645328443249e+02
1.50326645328443249e+02
1.50326645328443249e+02
1.50326645328443249e+02
1.55363841573717878e+02
1.55363841573717878e+02
1.55363841573717878e+02
1.55363841573717878e+02
1.57779010144656439e+02
1.57779010144656439e+02
1.57779010144656439e+02
1.57779010144656439e+02
1.55775155661301056e+02
1.55775155661301056e+02
1.55775155661301056e+02
1.55775155661301056e+02
1.49329350545272007e+02
1.49329350545272007e+02
1.49329350545272007e+02
1.49329350545272007e+02
1.59161236501704025e+02
1.59161236501704025e+02
1.59161236501704025e+02
1.59161236501704025e+02
1.59357138318086953e+02
1.59357138318086953e+02
1.59357138318086953e+02
1.59357138318086953e+02
1.59365086125134667e+02
1.59365086125134667e+02
1.59365086125134667e+02
1.59365086125134667e+02
1.55718585917247594e+02
1.55718585917247594e+02
1.55718585917247594e+02
1.55718585917247594e+02
1.56368681303016814e+02
1.56368681303016814e+02
1.56368681303016814e+02
1.56368681303016814e+02
1.52363129346854180e+02
1.52363129346854180e+02
1.52363129346854180e+02
1.52363129346854180e+02
1.54892082547593787e+02
1.54892082547593787e+02
1.54892082547593787e+02
1.54892082547593787e+02
1.52907736718410831e+02
1.52907736718410831e+02
1.52907736718410831e+02
1.52907736718410831e+02
1.50398497765338448e+02
1.50398497765338448e+02
1.50398497765338448e+02
1.50398497765338448e+02
1.57777092576539673e+02
1.57777092576539673e+02
1.57777092576539673e+02
1.57777092576539673e+02
1.51163644619874276e+02
1.51163644619874276e+02
1.51163644619874276e+02
1.51163644619874276e+02
1.50191517700592044e+02
1.50191517700592044e+02
1.50191517700592044e+02
1.50191517700592044e+02
1.53393404571190757e+02
1.53393404571190757e+02
1.53393404571190757e+02
1.53393404571190757e+02
1.56033315558109820e+02
1.56033315558109820e+02
1.56033315558109820e+02
1.56033315558109820e+02
1.49732574743615999e+02
1.49732574743615999e+02
1.49732574743615999e+02
1.49732574743615999e+02
1.54211118256945213e+02
1.54211118256945213e+02
1.54211118256945213e+02
1.54211118256945213e+02
1.50131297640553328e+02
1.50131297640553328e+02
1.50131297640553328e+02
1.50131297640553328e+02
1.60154163539579713e+02
1.60154163539579713e+02
1.60154163539579713e+02
1.60154163539579713e+02
1.48687611860238178e+02
1.48687611860238178e+02
1.48687611860238178e+02
1.48687611860238178e+02
1.47459063419759502e+02
1.47459063419759502e+02
1.47459063419759502e+02
1.47459063419759502e+02
1.51466766178432437e+02
1.51466766178432437e+02
1.51466766178432437e+02
1.51466766178432437e+02
1.51954946670336199e+02
1.51954946670336199e+02
1.51954946670336199e+02
1.51954946670336199e+02
1.56696998290997215e+02
1.56696998290997215e+02
1.56696998290997215e+02
1.56696998290997215e+02
1.56932672735500830e+02
1.56932672735500830e+02
1.56932672735500830e+02
1.56932672735500830e+02
1.55833300003955770e+02
1.55833300003955770e+02
1.55833300003955770e+02
1.55833300003955770e+02
1.53791069962444510e+02
1.53791069962444510e+02
1.53791069962444510e+02
1.53791069962444510e+02
1.53925895775604090e+02
1.53925895775604090e+02
1.53925895775604090e+02
1.53925895775604090e+02
1.53417553637209210e+02
1.53417553637209210e+02
1.53417553637209210e+02
1.53417553637209210e+02
1.51235487424845815e+02
1.51235487424845815e+02
1.51235487424845815e+02
1.51235487424845815e+02
1.53645952243435147e+02
1.53645952243435147e+02
1.53645952243435147e+02
1.53645952243435147e+02
1.48579117045543256e+02
1.48579117045543256e+02
1.48579117045543256e+02
1.48579117045543256e+02
1.54954021479768528e+02
1.54954021479768528e+02
1.54954021479768528e+02
1.54954021479768528e+02
1.51471282314393335e+02
1.51471282314393335e+02
1.51471282314393335e+02
1.51471282314393335e+02
1.50771949409743854e+02
1.50771949409743854e+02
1.50771949409743854e+02
1.50771949409743854e+02
1.51225736643545360e+02
1.51225736643545360e+02
1.51225736643545360e+02
1.51225736643545360e+02
1.52001492157834889e+02
1.52001492157834889e+02
1.52001492157834889e+02
1.52001492157834889e+02
1.52265408156955203e+02
1.52265408156955203e+02
1.52265408156955203e+02
1.52265408156955203e+02
1.49677535759097225e+02
1.49677535759097225e+02
1.49677535759097225e+02
1.49677535759097225e+02
1.52423820296488458e+02
1.52423820296488458e+02
1.52423820296488458e+02
1.52423820296488458e+02
1.50381766194392952e+02
1.50381766194392952e+02
1.50381766194392952e+02
1.50381766194392952e+02
1.48779685523091530e+02
1.48779685523091530e+02
1.48779685523091530e+02
1.48779685523091530e+02
1.46854393590190909e+02
1.46854393590190909e+02
1.46854393590190909e+02
1.46854393590190909e+02
1.49494992527442776e+02
1.49494992527442776e+02
1.49494992527442776e+02
1.49494992527442776e+02
1.48966014104356390e+02
1.48966014104356390e+02
1.48966014104356390e+02
1.48966014104356390e+02
1.50500877590757256e+02
1.50500877590757256e+02
1.50500877590757256e+02
1.50500877590757256e+02
1.49880737389464542e+02
1.49880737389464542e+02
1.49880737389464542e+02
1.49880737389464542e+02
1.53776483919657522e+02
1.53776483919657522e+02
1.53776483919657522e+02
1.53776483919657522e+02
1.51299233391565707e+02
1.51299233391565707e+02
1.51299233391565707e+02
1.51299233391565707e+02
1.52266067105464174e+02
1.52266067105464174e+02
1.52266067105464174e+02
1.52266067105464174e+02
1.54280507674119832e+02
1.54280507674119832e+02
1.54280507674119832e+02
1.54280507674119832e+02
1.59156398016940216e+02
1.59156398016940216e+02
1.59156398016940216e+02
1.59156398016940216e+02
1.51062018366164210e+02
1.51062018366164210e+02
1.51062018366164210e+02
1.51062018366164210e+02
1.55265898361977150e+02
1.55265898361977150e+02
1.55265898361977150e+02
1.55265898361977150e+02
1.57530652110525153e+02
1.57530652110525153e+02
1.57530652110525153e+02
1.57530652110525153e+02
1.54922125993622444e+02
1.54922125993622444e+02
1.54922125993622444e+02
1.54922125993622444e+02
1.52167517155796332e+02
1.52167517155796332e+02
1.52167517155796332e+02
1.52167517155796332e+02
1.51618180073230974e+02
1.51618180073230974e+02
1.51618180073230974e+02
1.51618180073230974e+02
1.52453729687719914e+02
1.52453729687719914e+02
1.52453729687719914e+02
1.52453729687719914e+02
1.46575051237218418e+02
1.46575051237218418e+02
1.46575051237218418e+02
1.46575051237218418e+02
1.47462076971173900e+02
1.47462076971173900e+02
1.47462076971173900e+02
1.47462076971173900e+02
1.49843454269510232e+02
1.49843454269510232e+02
1.49843454269510232e+02
1.49843454269510232e+02
1.49585293332814871e+02
1.49585293332814871e+02
1.49585293332814871e+02
1.49585293332814871e+02
1.48279993011751998e+02
1.48279993011751998e+02
1.48279993011751998e+02
1.48279993011751998e+02
1.50699806815257546e+02
1.50699806815257546e+02
1.50699806815257546e+02
1.50699806815257546e+02
1.49682152925335714e+02
1.49682152925335714e+02
1.49682152925335714e+02
1.49682152925335714e+02
1.52122084132830793e+02
1.52122084132830793e+02
1.52122084132830793e+02
1.52122084132830793e+02
1.49008168572744751e+02
1.49008168572744751e+02
1.49008168572744751e+02
1.49008168572744751e+02
1.52157682041787467e+02
1.52157682041787467e+02
1.52157682041787467e+02
1.52157682041787467e+02
1.54364885911355032e+02
1.54364885911355032e+02
1.54364885911355032e+02
1.54364885911355032e+02
1.55491167619933805e+02
1.55491167619933805e+02
1.55491167619933805e+02
1.55491167619933805e+02
1.55640380059510051e+02
1.55640380059510051e+02
1.55640380059510051e+02
1.55640380059510051e+02
1.51807493279333698e+02
1.51807493279333698e+02
1.51807493279333698e+02
1.51807493279333698e+02
1.53426270169766553e+02
1.53426270169766553e+02
1.53426270169766553e+02
1.53426270169766553e+02
1.54604496004738110e+02
1.54604496004738110e+02
1.54604496004738110e+02
1.54604496004738110e+02
1.51810784818887612e+02
1.51810784818887612e+02
1.51810784818887612e+02
1.51810784818887612e+02
1.54980349977391455e+02
1.54980349977391455e+02
1.54980349977391455e+02
1.54980349977391455e+02
1.52349590370981730e+02
1.52349590370981730e+02
1.52349590370981730e+02
1.52349590370981730e+02


        </DataArray>

        <DataArray type="Float64" Name="E_ale" format="ascii">

1.98275624171929678e+02
1.98275624171929678e+02
1.98275624171929678e+02
1.98275624171929678e+02
2.03423379714618818e+02
2.03423379714618818e+02
2.03423379714618818e+02
2.03423379714618818e+02
2.01293665598718945e+02
2.01293665598718945e+02
2.01293665598718945e+02
2.01293665598718945e+02
1.99156872805430368e+02
1.99156872805430368e+02
1.99156872805430368e+02
1.99156872805430368e+02
1.97068089119993914e+02
1.97068089119993914e+02
1.97068089119993914e+02
1.97068089119993914e+02
2.00187798557870025e+02
2.00187798557870025e+02
2.00187798557870025e+02
2.00187798557870025e+02
1.98891092990327792e+02
1.98891092990327792e+02
1.98891092990327792e+02
1.98891092990327792e+02
1.98621324765767099e+02
1.98621324765767099e+02
1.98621324765767099e+02
1.98621324765767099e+02
1.97722149039580415e+02
1.97722149039580415e+02
1.97722149039580415e+02
1.97722149039580415e+02
2.02280699386295197e+02
2.02280699386295197e+02
2.02280699386295197e+02
2.02280699386295197e+02
1.96649182823990003e+02
1.96649182823990003e+02
1.96649182823990003e+02
1.96649182823990003e+02
1.99307964746542638e+02
1.99307964746542638e+02
1.99307964746542638e+02
1.99307964746542638e+02
1.97467654599955949e+02
1.97467654599955949e+02
1.97467654599955949e+02
1.97467654599955949e+02
1.98771284270394830e+02
1.98771284270394830e+02
1.98771284270394830e+02
1.98771284270394830e+02
1.97206725552644258e+02
1.97206725552644258e+02
1.97206725552644258e+02
1.97206725552644258e+02
1.99414126746734098e+02
1.99414126746734098e+02
1.99414126746734098e+02
1.99414126746734098e+02
1.97441928321424456e+02
1.97441928321424456e+02
1.97441928321424456e+02
1.97441928321424456e+02
1.98009530041712338e+02
1.98009530041712338e+02
1.98009530041712338e+02
1.98009530041712338e+02
1.96292816641144839e+02
1.96292816641144839e+02
1.96292816641144839e+02
1.96292816641144839e+02
1.98141669660667418e+02
1.98141669660667418e+02
1.98141669660667418e+02
1.98141669660667418e+02
1.96537444724182848e+02
1.96537444724182848e+02
1.96537444724182848e+02
1.96537444724182848e+02
1.98758475607877983e+02
1.98758475607877983e+02
1.98758475607877983e+02
1.98758475607877983e+02
2.01394822121283966e+02
2.01394822121283966e+02
2.01394822121283966e+02
2.01394822121283966e+02
1.96689572283365010e+02
1.96689572283365010e+02
1.96689572283365010e+02
1.96689572283365010e+02
2.06151803905189610e+02
2.06151803905189610e+02
2.06151803905189610e+02
2.06151803905189610e+02
2.00639752506662944e+02
2.00639752506662944e+02
2.00639752506662944e+02
2.00639752506662944e+02
2.05511981734289805e+02
2.05511981734289805e+02
2.05511981734289805e+02
2.05511981734289805e+02
2.02152642409002141e+02
2.02152642409002141e+02
2.02152642409002141e+02
2.02152642409002141e+02
1.99329698409673369e+02
1.99329698409673369e+02
1.99329698409673369e+02
1.99329698409673369e+02
1.98264022213103942e+02
1.98264022213103942e+02
1.98264022213103942e+02
1.98264022213103942e+02
2.02833727510348695e+02
2.02833727510348695e+02
2.02833727510348695e+02
2.02833727510348695e+02
1.99390862280184962e+02
1.99390862280184962e+02
1.99390862280184962e+02
1.99390862280184962e+02
2.01745845772910258e+02
2.01745845772910258e+02
2.01745845772910258e+02
2.01745845772910258e+02
1.98649126303088451e+02
1.98649126303088451e+02
1.98649126303088451e+02
1.98649126303088451e+02
2.03187761121877287e+02
2.03187761121877287e+02
2.03187761121877287e+02
2.03187761121877287e+02
2.00854244370117868e+02
2.00854244370117868e+02
2.00854244370117868e+02
2.00854244370117868e+02
2.03502476228313100e+02
2.03502476228313100e+02
2.03502476228313100e+02
2.03502476228313100e+02
2.02173382710463386e+02
2.02173382710463386e+02
2.02173382710463386e+02
2.02173382710463386e+02
2.03435373751377995e+02
2.03435373751377995e+02
2.03435373751377995e+02
2.03435373751377995e+02
2.04845866439707038e+02
2.04845866439707038e+02
2.04845866439707038e+02
2.04845866439707038e+02
1.98811611744067307e+02
1.98811611744067307e+02
1.98811611744067307e+02
1.98811611744067307e+02
2.01406875838045067e+02
2.01406875838045067e+02
2.01406875838045067e+02
2.01406875838045067e+02
2.05493027467115780e+02
2.05493027467115780e+02
2.05493027467115780e+02
2.05493027467115780e+02
1.99364558069861062e+02
1.99364558069861062e+02
1.99364558069861062e+02
1.99364558069861062e+02
2.01954599518446400e+02
2.01954599518446400e+02
2.01954599518446400e+02
2.01954599518446400e+02
1.95645868868028913e+02
1.95645868868028913e+02
1.95645868868028913e+02
1.95645868868028913e+02
1.96304887279522916e+02
1.96304887279522916e+02
1.96304887279522916e+02
1.96304887279522916e+02
1.97340154246569284e+02
1.97340154246569284e+02
1.97340154246569284e+02
1.97340154246569284e+02
1.95262988959856102e+02
1.95262988959856102e+02
1.95262988959856102e+02
1.95262988959856102e+02
1.95662581689639751e+02
1.95662581689639751e+02
1.95662581689639751e+02
1.95662581689639751e+02
2.03249857014246572e+02
2.03249857014246572e+02
2.03249857014246572e+02
2.03249857014246572e+02
1.98669775547689170e+02
1.98669775547689170e+02
1.98669775547689170e+02
1.98669775547689170e+02
2.01313940685162436e+02
2.01313940685162436e+02
2.01313940685162436e+02
2.01313940685162436e+02
2.03676205824550237e+02
2.03676205824550237e+02
2.03676205824550237e+02
2.03676205824550237e+02
2.00663225320167413e+02
2.00663225320167413e+02
2.00663225320167413e+02
2.00663225320167413e+02
1.94555326475869350e+02
1.94555326475869350e+02
1.94555326475869350e+02
1.94555326475869350e+02
1.95982844742411999e+02
1.95982844742411999e+02
1.95982844742411999e+02
1.95982844742411999e+02
1.93606036919759390e+02
1.93606036919759390e+02
1.93606036919759390e+02
1.93606036919759390e+02
1.94104585579048489e+02
1.94104585579048489e+02
1.94104585579048489e+02
1.94104585579048489e+02
1.97067057858044706e+02
1.97067057858044706e+02
1.97067057858044706e+02
1.97067057858044706e+02
1.94847858298198190e+02
1.94847858298198190e+02
1.94847858298198190e+02
1.94847858298198190e+02
2.03132518722205390e+02
2.03132518722205390e+02
2.03132518722205390e+02
2.03132518722205390e+02
1.94024543842929404e+02
1.94024543842929404e+02
1.94024543842929404e+02
1.94024543842929404e+02
1.95347813957526853e+02
1.95347813957526853e+02
1.95347813957526853e+02
1.95347813957526853e+02
1.95192968662917480e+02
1.95192968662917480e+02
1.95192968662917480e+02
1.95192968662917480e+02
2.06086861610109821e+02
2.06086861610109821e+02
2.06086861610109821e+02
2.06086861610109821e+02
2.04973013965262510e+02
2.04973013965262510e+02
2.04973013965262510e+02
2.04973013965262510e+02
2.02561832940846557e+02
2.02561832940846557e+02
2.02561832940846557e+02
2.02561832940846557e+02
2.01136847539002389e+02
2.01136847539002389e+02
2.01136847539002389e+02
2.01136847539002389e+02
2.05992743553971195e+02
2.05992743553971195e+02
2.05992743553971195e+02
2.05992743553971195e+02
2.00995088263137887e+02
2.00995088263137887e+02
2.00995088263137887e+02
2.00995088263137887e+02
1.98087467531882311e+02
1.98087467531882311e+02
1.98087467531882311e+02
1.98087467531882311e+02
1.95404194926738029e+02
1.95404194926738029e+02
1.95404194926738029e+02
1.95404194926738029e+02
1.96231828875764677e+02
1.96231828875764677e+02
1.96231828875764677e+02
1.96231828875764677e+02
2.01352177723237787e+02
2.01352177723237787e+02
2.01352177723237787e+02
2.01352177723237787e+02
2.02681059049077675e+02
2.02681059049077675e+02
2.02681059049077675e+02
2.02681059049077675e+02
2.00552080688849713e+02
2.00552080688849713e+02
2.00552080688849713e+02
2.00552080688849713e+02
2.00678972152284672e+02
2.00678972152284672e+02
2.00678972152284672e+02
2.00678972152284672e+02
1.95039338960029369e+02
1.95039338960029369e+02
1.95039338960029369e+02
1.95039338960029369e+02
1.99404817727141449e+02
1.99404817727141449e+02
1.99404817727141449e+02
1.99404817727141449e+02
2.01753182406072909e+02
2.01753182406072909e+02
2.01753182406072909e+02
2.01753182406072909e+02
2.03003660722839697e+02
2.03003660722839697e+02
2.03003660722839697e+02
2.03003660722839697e+02
1.99793906329728685e+02
1.99793906329728685e+02
1.99793906329728685e+02
1.99793906329728685e+02
2.00962081745813975e+02
2.00962081745813975e+02
2.00962081745813975e+02
2.00962081745813975e+02
2.01711846317995111e+02
2.01711846317995111e+02
2.01711846317995111e+02
2.01711846317995111e+02
1.95887994579574439e+02
1.95887994579574439e+02
1.95887994579574439e+02
1.95887994579574439e+02
1.98607141834984446e+02
1.98607141834984446e+02
1.98607141834984446e+02
1.98607141834984446e+02
1.97049871604923595e+02
1.97049871604923595e+02
1.97049871604923595e+02
1.97049871604923595e+02
1.99697637505574932e+02
1.99697637505574932e+02
1.99697637505574932e+02
1.99697637505574932e+02
1.98819999205563903e+02
1.98819999205563903e+02
1.98819999205563903e+02
1.98819999205563903e+02
1.99793458317054899e+02
1.99793458317054899e+02
1.99793458317054899e+02
1.99793458317054899e+02
2.01809212087963289e+02
2.01809212087963289e+02
2.01809212087963289e+02
2.01809212087963289e+02
1.97504328492425742e+02
1.97504328492425742e+02
1.97504328492425742e+02
1.97504328492425742e+02
2.03700619163018501e+02
2.03700619163018501e+02
2.03700619163018501e+02
2.03700619163018501e+02
2.00133199735842283e+02
2.00133199735842283e+02
2.00133199735842283e+02
2.00133199735842283e+02
1.95877339569702457e+02
1.95877339569702457e+02
1.95877339569702457e+02
1.95877339569702457e+02
2.01332284036997436e+02
2.01332284036997436e+02
2.01332284036997436e+02
2.01332284036997436e+02
1.96001985690059229e+02
1.96001985690059229e+02
1.96001985690059229e+02
1.96001985690059229e+02
1.94175965036443785e+02
1.94175965036443785e+02
1.94175965036443785e+02
1.94175965036443785e+02
2.01441542339032537e+02
2.01441542339032537e+02
2.01441542339032537e+02
2.01441542339032537e+02
1.94432605197986675e+02
1.94432605197986675e+02
1.94432605197986675e+02
1.94432605197986675e+02
1.98201729029150613e+02
1.98201729029150613e+02
1.98201729029150613e+02
1.98201729029150613e+02
2.01490718322445105e+02
2.01490718322445105e+02
2.01490718322445105e+02
2.01490718322445105e+02
1.98501122139842039e+02
1.98501122139842039e+02
1.98501122139842039e+02
1.98501122139842039e+02
1.99686576701483716e+02
1.99686576701483716e+02
1.99686576701483716e+02
1.99686576701483716e+02
2.02412598815698743e+02
2.02412598815698743e+02
2.02412598815698743e+02
2.02412598815698743e+02
1.95982332377652597e+02
1.95982332377652597e+02
1.95982332377652597e+02
1.95982332377652597e+02
1.99366782834805775e+02
1.99366782834805775e+02
1.99366782834805775e+02
1.99366782834805775e+02
2.00304418290199322e+02
2.00304418290199322e+02
2.00304418290199322e+02
2.00304418290199322e+02
1.97356735900429527e+02
1.97356735900429527e+02
1.97356735900429527e+02
1.97356735900429527e+02
1.94389195109916812e+02
1.94389195109916812e+02
1.94389195109916812e+02
1.94389195109916812e+02
1.98456218772094502e+02
1.98456218772094502e+02
1.98456218772094502e+02
1.98456218772094502e+02
2.00231810087331581e+02
2.00231810087331581e+02
2.00231810087331581e+02
2.00231810087331581e+02
2.01109774110259281e+02
2.01109774110259281e+02
2.01109774110259281e+02
2.01109774110259281e+02
1.97682325369965923e+02
1.97682325369965923e+02
1.97682325369965923e+02
1.97682325369965923e+02
1.93855665982008787e+02
1.93855665982008787e+02
1.93855665982008787e+02
1.93855665982008787e+02
1.97890847879119661e+02
1.97890847879119661e+02
1.97890847879119661e+02
1.97890847879119661e+02
1.91750256651894517e+02
1.91750256651894517e+02
1.91750256651894517e+02
1.91750256651894517e+02
1.97963153232013070e+02
1.97963153232013070e+02
1.97963153232013070e+02
1.97963153232013070e+02
1.94058738177643136e+02
1.94058738177643136e+02
1.94058738177643136e+02
1.94058738177643136e+02
1.93156407285911968e+02
1.93156407285911968e+02
1.93156407285911968e+02
1.93156407285911968e+02
2.01319649890842896e+02
2.01319649890842896e+02
2.01319649890842896e+02
2.01319649890842896e+02
1.96581662173414145e+02
1.96581662173414145e+02
1.96581662173414145e+02
1.96581662173414145e+02
1.96105994543741076e+02
1.96105994543741076e+02
1.96105994543741076e+02
1.96105994543741076e+02
1.95500864424728491e+02
1.95500864424728491e+02
1.95500864424728491e+02
1.95500864424728491e+02
1.93350101064291096e+02
1.93350101064291096e+02
1.93350101064291096e+02
1.93350101064291096e+02
1.95161630634312871e+02
1.95161630634312871e+02
1.95161630634312871e+02
1.95161630634312871e+02
1.96722541421928042e+02
1.96722541421928042e+02
1.96722541421928042e+02
1.96722541421928042e+02
1.94281720036887918e+02
1.94281720036887918e+02
1.94281720036887918e+02
1.94281720036887918e+02
1.99039550058385402e+02
1.99039550058385402e+02
1.99039550058385402e+02
1.99039550058385402e+02
1.96228294382181929e+02
1.96228294382181929e+02
1.96228294382181929e+02
1.96228294382181929e+02
2.02649806214048567e+02
2.02649806214048567e+02
2.02649806214048567e+02
2.02649806214048567e+02
2.03763039091468670e+02
2.03763039091468670e+02
2.03763039091468670e+02
2.03763039091468670e+02
1.99756101787684315e+02
1.99756101787684315e+02
1.99756101787684315e+02
1.99756101787684315e+02
1.99401862718948479e+02
1.99401862718948479e+02
1.99401862718948479e+02
1.99401862718948479e+02
1.95414286306056908e+02
1.95414286306056908e+02
1.95414286306056908e+02
1.95414286306056908e+02
2.01306695836055752e+02
2.01306695836055752e+02
2.01306695836055752e+02
2.01306695836055752e+02
1.97130660570291013e+02
1.97130660570291013e+02
1.97130660570291013e+02
1.97130660570291013e+02
1.99691178412861518e+02
1.99691178412861518e+02
1.99691178412861518e+02
1.99691178412861518e+02
2.03720129870692205e+02
2.03720129870692205e+02
2.03720129870692205e+02
2.03720129870692205e+02
1.93153112258797762e+02
1.93153112258797762e+02
1.93153112258797762e+02
1.93153112258797762e+02
2.01085752080397071e+02
2.01085752080397071e+02
2.01085752080397071e+02
2.01085752080397071e+02
2.00868581970897878e+02
2.00868581970897878e+02
2.00868581970897878e+02
2.00868581970897878e+02
2.02624718678414780e+02
2.02624718678414780e+02
2.02624718678414780e+02
2.02624718678414780e+02
2.01328145704004015e+02
2.01328145704004015e+02
2.01328145704004015e+02
2.01328145704004015e+02
2.02323075565441400e+02
2.02323075565441400e+02
2.02323075565441400e+02
2.02323075565441400e+02
2.07127826704458556e+02
2.07127826704458556e+02
2.07127826704458556e+02
2.07127826704458556e+02
2.00436128344263551e+02
2.00436128344263551e+02
2.00436128344263551e+02
2.00436128344263551e+02
2.04775554318632402e+02
2.04775554318632402e+02
2.04775554318632402e+02
2.04775554318632402e+02
1.97737573700612302e+02
1.97737573700612302e+02
1.97737573700612302e+02
1.97737573700612302e+02
1.96585986444839335e+02
1.96585986444839335e+02
1.96585986444839335e+02
1.96585986444839335e+02
1.97691180689142953e+02
1.97691180689142953e+02
1.97691180689142953e+02
1.97691180689142953e+02
1.98198723766457562e+02
1.98198723766457562e+02
1.98198723766457562e+02
1.98198723766457562e+02
1.99522959057922662e+02
1.99522959057922662e+02
1.99522959057922662e+02
1.99522959057922662e+02
1.97171121770195981e+02
1.97171121770195981e+02
1.97171121770195981e+02
1.97171121770195981e+02
2.05672562451733114e+02
2.05672562451733114e+02
2.05672562451733114e+02
2.05672562451733114e+02
1.99813825488178423e+02
1.99813825488178423e+02
1.99813825488178423e+02
1.99813825488178423e+02
1.99609633071362424e+02
1.99609633071362424e+02
1.99609633071362424e+02
1.99609633071362424e+02
1.99850873241893680e+02
1.99850873241893680e+02
1.99850873241893680e+02
1.99850873241893680e+02
2.01318528334010949e+02
2.01318528334010949e+02
2.01318528334010949e+02
2.01318528334010949e+02
1.99866699116752329e+02
1.99866699116752329e+02
1.99866699116752329e+02
1.99866699116752329e+02
2.00395041080341088e+02
2.00395041080341088e+02
2.00395041080341088e+02
2.00395041080341088e+02
2.02478255975685016e+02
2.02478255975685016e+02
2.02478255975685016e+02
2.02478255975685016e+02
2.02360916877061982e+02
2.02360916877061982e+02
2.02360916877061982e+02
2.02360916877061982e+02
2.02094885017795946e+02
2.02094885017795946e+02
2.02094885017795946e+02
2.02094885017795946e+02
1.98237407344392466e+02
1.98237407344392466e+02
1.98237407344392466e+02
1.98237407344392466e+02
2.05835663360566741e+02
2.05835663360566741e+02
2.05835663360566741e+02
2.05835663360566741e+02
2.03810336744158974e+02
2.03810336744158974e+02
2.03810336744158974e+02
2.03810336744158974e+02
2.02464058017806536e+02
2.02464058017806536e+02
2.02464058017806536e+02
2.02464058017806536e+02
2.05992979312360006e+02
2.05992979312360006e+02
2.05992979312360006e+02
2.05992979312360006e+02
2.06067421185031947e+02
2.06067421185031947e+02
2.06067421185031947e+02
2.06067421185031947e+02
2.00456508933827024e+02
2.00456508933827024e+02
2.00456508933827024e+02
2.00456508933827024e+02
2.00637817383934760e+02
2.00637817383934760e+02
2.00637817383934760e+02
2.00637817383934760e+02
1.97830299377082184e+02
1.97830299377082184e+02
1.97830299377082184e+02
1.97830299377082184e+02
1.97252030103261063e+02
1.97252030103261063e+02
1.97252030103261063e+02
1.97252030103261063e+02
1.98173910538881898e+02
1.98173910538881898e+02
1.98173910538881898e+02
1.98173910538881898e+02
1.98464417710073775e+02
1.98464417710073775e+02
1.98464417710073775e+02
1.98464417710073775e+02
1.99531740465396751e+02
1.99531740465396751e+02
1.99531740465396751e+02
1.99531740465396751e+02
2.01432522812454664e+02
2.01432522812454664e+02
2.01432522812454664e+02
2.01432522812454664e+02
2.02482629201779872e+02
2.02482629201779872e+02
2.02482629201779872e+02
2.02482629201779872e+02
1.99757733471783069e+02
1.99757733471783069e+02
1.99757733471783069e+02
1.99757733471783069e+02
2.04925948838933607e+02
2.04925948838933607e+02
2.04925948838933607e+02
2.04925948838933607e+02
2.00007908487006830e+02
2.00007908487006830e+02
2.00007908487006830e+02
2.00007908487006830e+02
1.98742387022477345e+02
1.98742387022477345e+02
1.98742387022477345e+02
1.98742387022477345e+02
1.97448602072696445e+02
1.97448602072696445e+02
1.97448602072696445e+02
1.97448602072696445e+02
1.98631401478771522e+02
1.98631401478771522e+02
1.98631401478771522e+02
1.98631401478771522e+02
1.96078196824920184e+02
1.96078196824920184e+02
1.96078196824920184e+02
1.96078196824920184e+02
1.98594174362109698e+02
1.98594174362109698e+02
1.98594174362109698e+02
1.98594174362109698e+02
1.92705991514433492e+02
1.92705991514433492e+02
1.92705991514433492e+02
1.92705991514433492e+02
1.95484171270140365e+02
1.95484171270140365e+02
1.95484171270140365e+02
1.95484171270140365e+02
1.92792520475752383e+02
1.92792520475752383e+02
1.92792520475752383e+02
1.92792520475752383e+02
1.97269375726941206e+02
1.97269375726941206e+02
1.97269375726941206e+02
1.97269375726941206e+02
1.95764695506476954e+02
1.95764695506476954e+02
1.95764695506476954e+02
1.95764695506476954e+02
1.98598732511026839e+02
1.98598732511026839e+02
1.98598732511026839e+02
1.98598732511026839e+02
1.95735431516766653e+02
1.95735431516766653e+02
1.95735431516766653e+02
1.95735431516766653e+02
1.94597746970104765e+02
1.94597746970104765e+02
1.94597746970104765e+02
1.94597746970104765e+02
1.99142707745237431e+02
1.99142707745237431e+02
1.99142707745237431e+02
1.99142707745237431e+02
1.92130218822813049e+02
1.92130218822813049e+02
1.92130218822813049e+02
1.92130218822813049e+02
1.98975047423698072e+02
1.98975047423698072e+02
1.98975047423698072e+02
1.98975047423698072e+02
1.94645274769215234e+02
1.94645274769215234e+02
1.94645274769215234e+02
1.94645274769215234e+02
1.95451929697661313e+02
1.95451929697661313e+02
1.95451929697661313e+02
1.95451929697661313e+02
1.96998055060717917e+02
1.96998055060717917e+02
1.96998055060717917e+02
1.96998055060717917e+02
1.96092687465098834e+02
1.96092687465098834e+02
1.96092687465098834e+02
1.96092687465098834e+02
2.01323761270354396e+02
2.01323761270354396e+02
2.01323761270354396e+02
2.01323761270354396e+02
1.97687893014508973e+02
1.97687893014508973e+02
1.97687893014508973e+02
1.97687893014508973e+02
1.96931995226524208e+02
1.96931995226524208e+02
1.96931995226524208e+02
1.96931995226524208e+02
1.99103449653718314e+02
1.99103449653718314e+02
1.99103449653718314e+02
1.99103449653718314e+02
2.00232949690757664e+02
2.00232949690757664e+02
2.00232949690757664e+02
2.00232949690757664e+02
1.97216936181232740e+02
1.97216936181232740e+02
1.97216936181232740e+02
1.97216936181232740e+02
1.96598415811982591e+02
1.96598415811982591e+02
1.96598415811982591e+02
1.96598415811982591e+02
1.97011403765894244e+02
1.97011403765894244e+02
1.97011403765894244e+02
1.97011403765894244e+02
1.98212425442170968e+02
1.98212425442170968e+02
1.98212425442170968e+02
1.98212425442170968e+02
2.03260216358338852e+02
2.03260216358338852e+02
2.03260216358338852e+02
2.03260216358338852e+02
1.96938760904444450e+02
1.96938760904444450e+02
1.96938760904444450e+02
1.96938760904444450e+02
1.98112451268224333e+02
1.98112451268224333e+02
1.98112451268224333e+02
1.98112451268224333e+02
1.96960112108624514e+02
1.96960112108624514e+02
1.96960112108624514e+02
1.96960112108624514e+02
2.03647972610287496e+02
2.03647972610287496e+02
2.03647972610287496e+02
2.03647972610287496e+02
1.97208398978651189e+02
1.97208398978651189e+02
1.97208398978651189e+02
1.97208398978651189e+02
1.97342941567141196e+02
1.97342941567141196e+02
1.97342941567141196e+02
1.97342941567141196e+02
1.98617573825900166e+02
1.98617573825900166e+02
1.98617573825900166e+02
1.98617573825900166e+02
1.98345423372889655e+02
1.98345423372889655e+02
1.98345423372889655e+02
1.98345423372889655e+02
1.98709861014571203e+02
1.98709861014571203e+02
1.98709861014571203e+02
1.98709861014571203e+02
1.99295166384311557e+02
1.99295166384311557e+02
1.99295166384311557e+02
1.99295166384311557e+02
2.00732586584906073e+02
2.00732586584906073e+02
2.00732586584906073e+02
2.00732586584906073e+02
2.08122197256149661e+02
2.08122197256149661e+02
2.08122197256149661e+02
2.08122197256149661e+02
1.93169419787434578e+02
1.93169419787434578e+02
1.93169419787434578e+02
1.93169419787434578e+02
1.97922369916976862e+02
1.97922369916976862e+02
1.97922369916976862e+02
1.97922369916976862e+02
2.00149217833143979e+02
2.00149217833143979e+02
2.00149217833143979e+02
2.00149217833143979e+02
2.06229506041604822e+02
2.06229506041604822e+02
2.06229506041604822e+02
2.06229506041604822e+02
2.00685046257732864e+02
2.00685046257732864e+02
2.00685046257732864e+02
2.00685046257732864e+02
2.04228618959544633e+02
2.04228618959544633e+02
2.04228618959544633e+02
2.04228618959544633e+02
1.91424534758157876e+02
1.91424534758157876e+02
1.91424534758157876e+02
1.91424534758157876e+02
1.96478821409182586e+02
1.96478821409182586e+02
1.96478821409182586e+02
1.96478821409182586e+02
1.93604036395207572e+02
1.93604036395207572e+02
1.93604036395207572e+02
1.93604036395207572e+02
2.00343193018477251e+02
2.00343193018477251e+02
2.00343193018477251e+02
2.00343193018477251e+02
2.02409729931121007e+02
2.02409729931121007e+02
2.02409729931121007e+02
2.02409729931121007e+02
1.92297529838344786e+02
1.92297529838344786e+02
1.92297529838344786e+02
1.92297529838344786e+02
2.02036282468358763e+02
2.02036282468358763e+02
2.02036282468358763e+02
2.02036282468358763e+02
1.97987199646552824e+02
1.97987199646552824e+02
1.97987199646552824e+02
1.97987199646552824e+02
2.01222944412246790e+02
2.01222944412246790e+02
2.01222944412246790e+02
2.01222944412246790e+02
2.02092044623103391e+02
2.02092044623103391e+02
2.02092044623103391e+02
2.02092044623103391e+02
2.01560567241025353e+02
2.01560567241025353e+02
2.01560567241025353e+02
2.01560567241025353e+02
2.03884169694012598e+02
2.03884169694012598e+02
2.03884169694012598e+02
2.03884169694012598e+02
1.90843596621906443e+02
1.90843596621906443e+02
1.90843596621906443e+02
1.90843596621906443e+02
1.86050726811012339e+02
1.86050726811012339e+02
1.86050726811012339e+02
1.86050726811012339e+02
1.96127875051741881e+02
1.96127875051741881e+02
1.96127875051741881e+02
1.96127875051741881e+02
2.00066678288376352e+02
2.00066678288376352e+02
2.00066678288376352e+02
2.00066678288376352e+02
1.89467435835091294e+02
1.89467435835091294e+02
1.89467435835091294e+02
1.89467435835091294e+02
2.03989827043455904e+02
2.03989827043455904e+02
2.03989827043455904e+02
2.03989827043455904e+02
2.06744773708879961e+02
2.06744773708879961e+02
2.06744773708879961e+02
2.06744773708879961e+02
1.99049403625227285e+02
1.99049403625227285e+02
1.99049403625227285e+02
1.99049403625227285e+02
1.96531817620008042e+02
1.96531817620008042e+02
1.96531817620008042e+02
1.96531817620008042e+02
1.99664797330054768e+02
1.99664797330054768e+02
1.99664797330054768e+02
1.99664797330054768e+02
1.98694674584284769e+02
1.98694674584284769e+02
1.98694674584284769e+02
1.98694674584284769e+02
1.97922436702361011e+02
1.97922436702361011e+02
1.97922436702361011e+02
1.97922436702361011e+02
2.01155556461248409e+02
2.01155556461248409e+02
2.01155556461248409e+02
2.01155556461248409e+02
2.01878199106316941e+02
2.01878199106316941e+02
2.01878199106316941e+02
2.01878199106316941e+02
1.98335733169667009e+02
1.98335733169667009e+02
1.98335733169667009e+02
1.98335733169667009e+02
2.00606279978487578e+02
2.00606279978487578e+02
2.00606279978487578e+02
2.00606279978487578e+02
2.05912804385767942e+02
2.05912804385767942e+02
2.05912804385767942e+02
2.05912804385767942e+02
1.98888779509319164e+02
1.98888779509319164e+02
1.98888779509319164e+02
1.98888779509319164e+02
1.99768015822984438e+02
1.99768015822984438e+02
1.99768015822984438e+02
1.99768015822984438e+02
2.02185678435080746e+02
2.02185678435080746e+02
2.02185678435080746e+02
2.02185678435080746e+02
1.97751439819243245e+02
1.97751439819243245e+02
1.97751439819243245e+02
1.97751439819243245e+02
2.00529740407796083e+02
2.00529740407796083e+02
2.00529740407796083e+02
2.00529740407796083e+02
1.97810533921958722e+02
1.97810533921958722e+02
1.97810533921958722e+02
1.97810533921958722e+02
2.04275928773190941e+02
2.04275928773190941e+02
2.04275928773190941e+02
2.04275928773190941e+02
1.97313715302243452e+02
1.97313715302243452e+02
1.97313715302243452e+02
1.97313715302243452e+02
1.96801160667517934e+02
1.96801160667517934e+02
1.96801160667517934e+02
1.96801160667517934e+02
2.00964065619205655e+02
2.00964065619205655e+02
2.00964065619205655e+02
2.00964065619205655e+02
2.05375877946926153e+02
2.05375877946926153e+02
2.05375877946926153e+02
2.05375877946926153e+02
2.03758162428316609e+02
2.03758162428316609e+02
2.03758162428316609e+02
2.03758162428316609e+02
1.97485062907631402e+02
1.97485062907631402e+02
1.97485062907631402e+02
1.97485062907631402e+02
2.00261765420095458e+02
2.00261765420095458e+02
2.00261765420095458e+02
2.00261765420095458e+02
2.03512978716323147e+02
2.03512978716323147e+02
2.03512978716323147e+02
2.03512978716323147e+02
2.06508022720414317e+02
2.06508022720414317e+02
2.06508022720414317e+02
2.06508022720414317e+02
1.99587654049340841e+02
1.99587654049340841e+02
1.99587654049340841e+02
1.99587654049340841e+02
1.98114510894043548e+02
1.98114510894043548e+02
1.98114510894043548e+02
1.98114510894043548e+02
1.97389173592507944e+02
1.97389173592507944e+02
1.97389173592507944e+02
1.97389173592507944e+02
2.02467136716176583e+02
2.02467136716176583e+02
2.02467136716176583e+02
2.02467136716176583e+02
2.00673783884708882e+02
2.00673783884708882e+02
2.00673783884708882e+02
2.00673783884708882e+02
2.01697323528063436e+02
2.01697323528063436e+02
2.01697323528063436e+02
2.01697323528063436e+02
2.01338898790666633e+02
2.01338898790666633e+02
2.01338898790666633e+02
2.01338898790666633e+02
2.02747512575269980e+02
2.02747512575269980e+02
2.02747512575269980e+02
2.02747512575269980e+02
2.06338957933002689e+02
2.06338957933002689e+02
2.06338957933002689e+02
2.06338957933002689e+02
2.01814046486210003e+02
2.01814046486210003e+02
2.01814046486210003e+02
2.01814046486210003e+02
2.08657396748528242e+02
2.08657396748528242e+02
2.08657396748528242e+02
2.08657396748528242e+02
1.98244592944990018e+02
1.98244592944990018e+02
1.98244592944990018e+02
1.98244592944990018e+02
1.99278850525915146e+02
1.99278850525915146e+02
1.99278850525915146e+02
1.99278850525915146e+02
2.08839907832993077e+02
2.08839907832993077e+02
2.08839907832993077e+02
2.08839907832993077e+02
1.98737376420096922e+02
1.98737376420096922e+02
1.98737376420096922e+02
1.98737376420096922e+02
1.94458535009379460e+02
1.94458535009379460e+02
1.94458535009379460e+02
1.94458535009379460e+02
1.96911975123607419e+02
1.96911975123607419e+02
1.96911975123607419e+02
1.96911975123607419e+02
1.98259615272795372e+02
1.98259615272795372e+02
1.98259615272795372e+02
1.98259615272795372e+02
2.08709818460672494e+02
2.08709818460672494e+02
2.08709818460672494e+02
2.08709818460672494e+02
2.03406816031089960e+02
2.03406816031089960e+02
2.03406816031089960e+02
2.03406816031089960e+02
2.03818464165317010e+02
2.03818464165317010e+02
2.03818464165317010e+02
2.03818464165317010e+02
1.97974958085159471e+02
1.97974958085159471e+02
1.97974958085159471e+02
1.97974958085159471e+02
1.99110689346900216e+02
1.99110689346900216e+02
1.99110689346900216e+02
1.99110689346900216e+02
1.92699188846416945e+02
1.92699188846416945e+02
1.92699188846416945e+02
1.92699188846416945e+02
1.99041799796794379e+02
1.99041799796794379e+02
1.99041799796794379e+02
1.99041799796794379e+02
1.99371193961047538e+02
1.99371193961047538e+02
1.99371193961047538e+02
1.99371193961047538e+02
2.04062239889494094e+02
2.04062239889494094e+02
2.04062239889494094e+02
2.04062239889494094e+02
2.02108672694446852e+02
2.02108672694446852e+02
2.02108672694446852e+02
2.02108672694446852e+02
2.06456816355988678e+02
2.06456816355988678e+02
2.06456816355988678e+02
2.06456816355988678e+02
2.01306324597097301e+02
2.01306324597097301e+02
2.01306324597097301e+02
2.01306324597097301e+02
2.01141294276931347e+02
2.01141294276931347e+02
2.01141294276931347e+02
2.01141294276931347e+02
2.03750038516547875e+02
2.03750038516547875e+02
2.03750038516547875e+02
2.03750038516547875e+02
2.00398315323011957e+02
2.00398315323011957e+02
2.00398315323011957e+02
2.00398315323011957e+02
2.02593625686935155e+02
2.02593625686935155e+02
2.02593625686935155e+02
2.02593625686935155e+02
2.02412682750254589e+02
2.02412682750254589e+02
2.02412682750254589e+02
2.02412682750254589e+02
2.00162527859661395e+02
2.00162527859661395e+02
2.00162527859661395e+02
2.00162527859661395e+02
2.04479370698171891e+02
2.04479370698171891e+02
2.04479370698171891e+02
2.04479370698171891e+02
1.95841127282027941e+02
1.95841127282027941e+02
1.95841127282027941e+02
1.95841127282027941e+02
1.97696815712354464e+02
1.97696815712354464e+02
1.97696815712354464e+02
1.97696815712354464e+02
1.98820834850578336e+02
1.98820834850578336e+02
1.98820834850578336e+02
1.98820834850578336e+02
2.00217592102379371e+02
2.00217592102379371e+02
2.00217592102379371e+02
2.00217592102379371e+02
2.06057771065860464e+02
2.06057771065860464e+02
2.06057771065860464e+02
2.06057771065860464e+02
1.92364516898748946e+02
1.92364516898748946e+02
1.92364516898748946e+02
1.92364516898748946e+02
2.02891439064134801e+02
2.02891439064134801e+02
2.02891439064134801e+02
2.02891439064134801e+02
2.02093620585601059e+02
2.02093620585601059e+02
2.02093620585601059e+02
2.02093620585601059e+02
2.00322364279953831e+02
2.00322364279953831e+02
2.00322364279953831e+02
2.00322364279953831e+02
1.98355294374964473e+02
1.98355294374964473e+02
1.98355294374964473e+02
1.98355294374964473e+02
2.01460747042541470e+02
2.01460747042541470e+02
2.01460747042541470e+02
2.01460747042541470e+02
2.07996610468892214e+02
2.07996610468892214e+02
2.07996610468892214e+02
2.07996610468892214e+02
2.09200942162201670e+02
2.09200942162201670e+02
2.09200942162201670e+02
2.09200942162201670e+02
1.96767182788106595e+02
1.96767182788106595e+02
1.96767182788106595e+02
1.96767182788106595e+02
1.98537988051807531e+02
1.98537988051807531e+02
1.98537988051807531e+02
1.98537988051807531e+02
2.05156362892806641e+02
2.05156362892806641e+02
2.05156362892806641e+02
2.05156362892806641e+02
1.97862114867958752e+02
1.97862114867958752e+02
1.97862114867958752e+02
1.97862114867958752e+02
1.94015418347461747e+02
1.94015418347461747e+02
1.94015418347461747e+02
1.94015418347461747e+02
1.95991959119816158e+02
1.95991959119816158e+02
1.95991959119816158e+02
1.95991959119816158e+02
1.99523338662624070e+02
1.99523338662624070e+02
1.99523338662624070e+02
1.99523338662624070e+02
2.05247063055483579e+02
2.05247063055483579e+02
2.05247063055483579e+02
2.05247063055483579e+02
1.96344851049605495e+02
1.96344851049605495e+02
1.96344851049605495e+02
1.96344851049605495e+02
2.03840743079962209e+02
2.03840743079962209e+02
2.03840743079962209e+02
2.03840743079962209e+02
2.06796282725523810e+02
2.06796282725523810e+02
2.06796282725523810e+02
2.06796282725523810e+02
1.91151378705666616e+02
1.91151378705666616e+02
1.91151378705666616e+02
1.91151378705666616e+02
1.89467807871850283e+02
1.89467807871850283e+02
1.89467807871850283e+02
1.89467807871850283e+02
1.99466333928217324e+02
1.99466333928217324e+02
1.99466333928217324e+02
1.99466333928217324e+02
1.92637527774831625e+02
1.92637527774831625e+02
1.92637527774831625e+02
1.92637527774831625e+02
2.00134047783960455e+02
2.00134047783960455e+02
2.00134047783960455e+02
2.00134047783960455e+02
2.03074644085560635e+02
2.03074644085560635e+02
2.03074644085560635e+02
2.03074644085560635e+02
1.93952589427713747e+02
1.93952589427713747e+02
1.93952589427713747e+02
1.93952589427713747e+02
1.96561679998732018e+02
1.96561679998732018e+02
1.96561679998732018e+02
1.96561679998732018e+02
1.92931509989653790e+02
1.92931509989653790e+02
1.92931509989653790e+02
1.92931509989653790e+02
1.98232255745965034e+02
1.98232255745965034e+02
1.98232255745965034e+02
1.98232255745965034e+02
1.96919232684393421e+02
1.96919232684393421e+02
1.96919232684393421e+02
1.96919232684393421e+02
2.01870163658128973e+02
2.01870163658128973e+02
2.01870163658128973e+02
2.01870163658128973e+02
1.99247753563192816e+02
1.99247753563192816e+02
1.99247753563192816e+02
1.99247753563192816e+02
2.02437632654938767e+02
2.02437632654938767e+02
2.02437632654938767e+02
2.02437632654938767e+02
1.98254022707088268e+02
1.98254022707088268e+02
1.98254022707088268e+02
1.98254022707088268e+02
1.94075433949292261e+02
1.94075433949292261e+02
1.94075433949292261e+02
1.94075433949292261e+02
1.96928311536404550e+02
1.96928311536404550e+02
1.96928311536404550e+02
1.96928311536404550e+02
1.94152099633691279e+02
1.94152099633691279e+02
1.94152099633691279e+02
1.94152099633691279e+02
2.00028877682235390e+02
2.00028877682235390e+02
2.00028877682235390e+02
2.00028877682235390e+02
1.91425968454809407e+02
1.91425968454809407e+02
1.91425968454809407e+02
1.91425968454809407e+02
2.01839738064768540e+02
2.01839738064768540e+02
2.01839738064768540e+02
2.01839738064768540e+02
2.00202305316834156e+02
2.00202305316834156e+02
2.00202305316834156e+02
2.00202305316834156e+02
1.99787466433163331e+02
1.99787466433163331e+02
1.99787466433163331e+02
1.99787466433163331e+02
2.00022302782613309e+02
2.00022302782613309e+02
2.00022302782613309e+02
2.00022302782613309e+02
1.98117773049442576e+02
1.98117773049442576e+02
1.98117773049442576e+02
1.98117773049442576e+02
1.94157736033195192e+02
1.94157736033195192e+02
1.94157736033195192e+02
1.94157736033195192e+02
1.95051731097560150e+02
1.95051731097560150e+02
1.95051731097560150e+02
1.95051731097560150e+02
2.00398162669661872e+02
2.00398162669661872e+02
2.00398162669661872e+02
2.00398162669661872e+02
1.93358402212478040e+02
1.93358402212478040e+02
1.93358402212478040e+02
1.93358402212478040e+02
1.90114950236057496e+02
1.90114950236057496e+02
1.90114950236057496e+02
1.90114950236057496e+02
1.99489631906026290e+02
1.99489631906026290e+02
1.99489631906026290e+02
1.99489631906026290e+02
1.97804307298882577e+02
1.97804307298882577e+02
1.97804307298882577e+02
1.97804307298882577e+02
1.95712602269374599e+02
1.95712602269374599e+02
1.95712602269374599e+02
1.95712602269374599e+02
1.99256959047636144e+02
1.99256959047636144e+02
1.99256959047636144e+02
1.99256959047636144e+02
2.01134668039919745e+02
2.01134668039919745e+02
2.01134668039919745e+02
2.01134668039919745e+02
2.06964630802364212e+02
2.06964630802364212e+02
2.06964630802364212e+02
2.06964630802364212e+02
2.03307490921115914e+02
2.03307490921115914e+02
2.03307490921115914e+02
2.03307490921115914e+02
2.04093215799873036e+02
2.04093215799873036e+02
2.04093215799873036e+02
2.04093215799873036e+02
2.00212233530306065e+02
2.00212233530306065e+02
2.00212233530306065e+02
2.00212233530306065e+02
2.01934450327604225e+02
2.01934450327604225e+02
2.01934450327604225e+02
2.01934450327604225e+02
2.02035977885660373e+02
2.02035977885660373e+02
2.02035977885660373e+02
2.02035977885660373e+02
2.03050960571449878e+02
2.03050960571449878e+02
2.03050960571449878e+02
2.03050960571449878e+02
2.03180368429414870e+02
2.03180368429414870e+02
2.03180368429414870e+02
2.03180368429414870e+02
1.99862355823116275e+02
1.99862355823116275e+02
1.99862355823116275e+02
1.99862355823116275e+02
1.99968757964924066e+02
1.99968757964924066e+02
1.99968757964924066e+02
1.99968757964924066e+02
2.04112601917890970e+02
2.04112601917890970e+02
2.04112601917890970e+02
2.04112601917890970e+02
2.02015861054644006e+02
2.02015861054644006e+02
2.02015861054644006e+02
2.02015861054644006e+02
1.99878468827148311e+02
1.99878468827148311e+02
1.99878468827148311e+02
1.99878468827148311e+02
2.00455416072766212e+02
2.00455416072766212e+02
2.00455416072766212e+02
2.00455416072766212e+02
2.02617427462815755e+02
2.02617427462815755e+02
2.02617427462815755e+02
2.02617427462815755e+02
1.94192775084843731e+02
1.94192775084843731e+02
1.94192775084843731e+02
1.94192775084843731e+02
1.93675928363063122e+02
1.93675928363063122e+02
1.93675928363063122e+02
1.93675928363063122e+02
1.92937100283518902e+02
1.92937100283518902e+02
1.92937100283518902e+02
1.92937100283518902e+02
1.97144058042865026e+02
1.97144058042865026e+02
1.97144058042865026e+02
1.97144058042865026e+02
2.06841100824995777e+02
2.06841100824995777e+02
2.06841100824995777e+02
2.06841100824995777e+02
2.03116873738558922e+02
2.03116873738558922e+02
2.03116873738558922e+02
2.03116873738558922e+02
1.95908104846091703e+02
1.95908104846091703e+02
1.95908104846091703e+02
1.95908104846091703e+02
1.94207387285415223e+02
1.94207387285415223e+02
1.94207387285415223e+02
1.94207387285415223e+02
2.00369072643337120e+02
2.00369072643337120e+02
2.00369072643337120e+02
2.00369072643337120e+02
1.95259209319240910e+02
1.95259209319240910e+02
1.95259209319240910e+02
1.95259209319240910e+02
1.97824795701538108e+02
1.97824795701538108e+02
1.97824795701538108e+02
1.97824795701538108e+02
1.99254109425465145e+02
1.99254109425465145e+02
1.99254109425465145e+02
1.99254109425465145e+02
2.00214527826465627e+02
2.00214527826465627e+02
2.00214527826465627e+02
2.00214527826465627e+02
1.91268403413120978e+02
1.91268403413120978e+02
1.91268403413120978e+02
1.91268403413120978e+02
1.97170302618276764e+02
1.97170302618276764e+02
1.97170302618276764e+02
1.97170302618276764e+02
2.00839761857415283e+02
2.00839761857415283e+02
2.00839761857415283e+02
2.00839761857415283e+02
2.03074362752693872e+02
2.03074362752693872e+02
2.03074362752693872e+02
2.03074362752693872e+02
1.94292612652358940e+02
1.94292612652358940e+02
1.94292612652358940e+02
1.94292612652358940e+02
1.97863861383903753e+02
1.97863861383903753e+02
1.97863861383903753e+02
1.97863861383903753e+02
1.89090918306099439e+02
1.89090918306099439e+02
1.89090918306099439e+02
1.89090918306099439e+02
1.97868136056150689e+02
1.97868136056150689e+02
1.97868136056150689e+02
1.97868136056150689e+02
1.96720433348640171e+02
1.96720433348640171e+02
1.96720433348640171e+02
1.96720433348640171e+02
2.05948448385927236e+02
2.05948448385927236e+02
2.05948448385927236e+02
2.05948448385927236e+02
2.01067038779115563e+02
2.01067038779115563e+02
2.01067038779115563e+02
2.01067038779115563e+02
2.00083314174707255e+02
2.00083314174707255e+02
2.00083314174707255e+02
2.00083314174707255e+02
1.96962520638168996e+02
1.96962520638168996e+02
1.96962520638168996e+02
1.96962520638168996e+02
1.95892458545436398e+02
1.95892458545436398e+02
1.95892458545436398e+02
1.95892458545436398e+02
2.00292140712186978e+02
2.00292140712186978e+02
2.00292140712186978e+02
2.00292140712186978e+02
2.00120057579793297e+02
2.00120057579793297e+02
2.00120057579793297e+02
2.00120057579793297e+02
2.05795635267225663e+02
2.05795635267225663e+02
2.05795635267225663e+02
2.05795635267225663e+02
2.03083707627420068e+02
2.03083707627420068e+02
2.03083707627420068e+02
2.03083707627420068e+02
2.01546265076828945e+02
2.01546265076828945e+02
2.01546265076828945e+02
2.01546265076828945e+02
1.97606610970784146e+02
1.97606610970784146e+02
1.97606610970784146e+02
1.97606610970784146e+02
2.02009661644873972e+02
2.02009661644873972e+02
2.02009661644873972e+02
2.02009661644873972e+02
1.98614342086755386e+02
1.98614342086755386e+02
1.98614342086755386e+02
1.98614342086755386e+02
1.96683905535133619e+02
1.96683905535133619e+02
1.96683905535133619e+02
1.96683905535133619e+02
1.97515853253259706e+02
1.97515853253259706e+02
1.97515853253259706e+02
1.97515853253259706e+02
1.96929945927349848e+02
1.96929945927349848e+02
1.96929945927349848e+02
1.96929945927349848e+02
2.02225212341027259e+02
2.02225212341027259e+02
2.02225212341027259e+02
2.02225212341027259e+02
2.04299026437744601e+02
2.04299026437744601e+02
2.04299026437744601e+02
2.04299026437744601e+02
2.07929670764273567e+02
2.07929670764273567e+02
2.07929670764273567e+02
2.07929670764273567e+02
1.97361507277674093e+02
1.97361507277674093e+02
1.97361507277674093e+02
1.97361507277674093e+02
1.99623656563762353e+02
1.99623656563762353e+02
1.99623656563762353e+02
1.99623656563762353e+02
2.00854566806770805e+02
2.00854566806770805e+02
2.00854566806770805e+02
2.00854566806770805e+02
2.04721762637892908e+02
2.04721762637892908e+02
2.04721762637892908e+02
2.04721762637892908e+02
2.00850233756470431e+02
2.00850233756470431e+02
2.00850233756470431e+02
2.00850233756470431e+02
2.01911899057349814e+02
2.01911899057349814e+02
2.01911899057349814e+02
2.01911899057349814e+02
2.04690727615338488e+02
2.04690727615338488e+02
2.04690727615338488e+02
2.04690727615338488e+02
2.04460385499004246e+02
2.04460385499004246e+02
2.04460385499004246e+02
2.04460385499004246e+02
2.05498091422194136e+02
2.05498091422194136e+02
2.05498091422194136e+02
2.05498091422194136e+02
2.03631551296617914e+02
2.03631551296617914e+02
2.03631551296617914e+02
2.03631551296617914e+02
2.05035918547428338e+02
2.05035918547428338e+02
2.05035918547428338e+02
2.05035918547428338e+02
2.03218368375280704e+02
2.03218368375280704e+02
2.03218368375280704e+02
2.03218368375280704e+02
1.92703031726581060e+02
1.92703031726581060e+02
1.92703031726581060e+02
1.92703031726581060e+02
2.04817488809815643e+02
2.04817488809815643e+02
2.04817488809815643e+02
2.04817488809815643e+02
2.06059654078169444e+02
2.06059654078169444e+02
2.06059654078169444e+02
2.06059654078169444e+02
1.91735743943657098e+02
1.91735743943657098e+02
1.91735743943657098e+02
1.91735743943657098e+02
1.92617842059475890e+02
1.92617842059475890e+02
1.92617842059475890e+02
1.92617842059475890e+02
1.88772573806396537e+02
1.88772573806396537e+02
1.88772573806396537e+02
1.88772573806396537e+02
2.02695450545216374e+02
2.02695450545216374e+02
2.02695450545216374e+02
2.02695450545216374e+02
1.96331892516480252e+02
1.96331892516480252e+02
1.96331892516480252e+02
1.96331892516480252e+02
1.95717986353484036e+02
1.95717986353484036e+02
1.95717986353484036e+02
1.95717986353484036e+02
1.92002055942909834e+02
1.92002055942909834e+02
1.92002055942909834e+02
1.92002055942909834e+02
1.94124381897191029e+02
1.94124381897191029e+02
1.94124381897191029e+02
1.94124381897191029e+02
1.95915411345052974e+02
1.95915411345052974e+02
1.95915411345052974e+02
1.95915411345052974e+02
1.99147972637815911e+02
1.99147972637815911e+02
1.99147972637815911e+02
1.99147972637815911e+02
1.94734238843987640e+02
1.94734238843987640e+02
1.94734238843987640e+02
1.94734238843987640e+02
2.05246077526711929e+02
2.05246077526711929e+02
2.05246077526711929e+02
2.05246077526711929e+02
2.05529682649446187e+02
2.05529682649446187e+02
2.05529682649446187e+02
2.05529682649446187e+02
1.93609446746353655e+02
1.93609446746353655e+02
1.93609446746353655e+02
1.93609446746353655e+02
1.90624252027295398e+02
1.90624252027295398e+02
1.90624252027295398e+02
1.90624252027295398e+02
1.90929139240238186e+02
1.90929139240238186e+02
1.90929139240238186e+02
1.90929139240238186e+02
1.88380113809568712e+02
1.88380113809568712e+02
1.88380113809568712e+02
1.88380113809568712e+02
1.94105480470758579e+02
1.94105480470758579e+02
1.94105480470758579e+02
1.94105480470758579e+02
2.05090449128312486e+02
2.05090449128312486e+02
2.05090449128312486e+02
2.05090449128312486e+02
1.96058378999719906e+02
1.96058378999719906e+02
1.96058378999719906e+02
1.96058378999719906e+02
1.94584969179350708e+02
1.94584969179350708e+02
1.94584969179350708e+02
1.94584969179350708e+02
1.95430267201437204e+02
1.95430267201437204e+02
1.95430267201437204e+02
1.95430267201437204e+02
1.95767524552221772e+02
1.95767524552221772e+02
1.95767524552221772e+02
1.95767524552221772e+02
1.94877741358815967e+02
1.94877741358815967e+02
1.94877741358815967e+02
1.94877741358815967e+02
1.97913008987164204e+02
1.97913008987164204e+02
1.97913008987164204e+02
1.97913008987164204e+02
1.96416505423426003e+02
1.96416505423426003e+02
1.96416505423426003e+02
1.96416505423426003e+02
1.97843422181750299e+02
1.97843422181750299e+02
1.97843422181750299e+02
1.97843422181750299e+02
1.97275219898975791e+02
1.97275219898975791e+02
1.97275219898975791e+02
1.97275219898975791e+02
2.06233859838897473e+02
2.06233859838897473e+02
2.06233859838897473e+02
2.06233859838897473e+02
1.98902356505911342e+02
1.98902356505911342e+02
1.98902356505911342e+02
1.98902356505911342e+02
2.00338261496105190e+02
2.00338261496105190e+02
2.00338261496105190e+02
2.00338261496105190e+02
1.98665654431871531e+02
1.98665654431871531e+02
1.98665654431871531e+02
1.98665654431871531e+02
1.96341849163387622e+02
1.96341849163387622e+02
1.96341849163387622e+02
1.96341849163387622e+02
1.97896021277799520e+02
1.97896021277799520e+02
1.97896021277799520e+02
1.97896021277799520e+02
2.09877433773727233e+02
2.09877433773727233e+02
2.09877433773727233e+02
2.09877433773727233e+02
2.12569157653852557e+02
2.12569157653852557e+02
2.12569157653852557e+02
2.12569157653852557e+02
2.05582524123189387e+02
2.05582524123189387e+02
2.05582524123189387e+02
2.05582524123189387e+02
1.95908475061536592e+02
1.95908475061536592e+02
1.95908475061536592e+02
1.95908475061536592e+02
2.06226521556322211e+02
2.06226521556322211e+02
2.06226521556322211e+02
2.06226521556322211e+02
2.01004779453894287e+02
2.01004779453894287e+02
2.01004779453894287e+02
2.01004779453894287e+02
1.97742391852368428e+02
1.97742391852368428e+02
1.97742391852368428e+02
1.97742391852368428e+02
2.03687110444916101e+02
2.03687110444916101e+02
2.03687110444916101e+02
2.03687110444916101e+02
2.08965111221641251e+02
2.08965111221641251e+02
2.08965111221641251e+02
2.08965111221641251e+02
2.03639361896749790e+02
2.03639361896749790e+02
2.03639361896749790e+02
2.03639361896749790e+02
2.00476799507619575e+02
2.00476799507619575e+02
2.00476799507619575e+02
2.00476799507619575e+02
1.95602997054649734e+02
1.95602997054649734e+02
1.95602997054649734e+02
1.95602997054649734e+02
2.04629200051198893e+02
2.04629200051198893e+02
2.04629200051198893e+02
2.04629200051198893e+02
1.96385569136616766e+02
1.96385569136616766e+02
1.96385569136616766e+02
1.96385569136616766e+02
2.02518279164830631e+02
2.02518279164830631e+02
2.02518279164830631e+02
2.02518279164830631e+02
1.92608235552871776e+02
1.92608235552871776e+02
1.92608235552871776e+02
1.92608235552871776e+02
1.88863904111706574e+02
1.88863904111706574e+02
1.88863904111706574e+02
1.88863904111706574e+02
2.01082976189587697e+02
2.01082976189587697e+02
2.01082976189587697e+02
2.01082976189587697e+02
1.95558097478960292e+02
1.95558097478960292e+02
1.95558097478960292e+02
1.95558097478960292e+02
2.02739880976246951e+02
2.02739880976246951e+02
2.02739880976246951e+02
2.02739880976246951e+02
1.92691446258511547e+02
1.92691446258511547e+02
1.92691446258511547e+02
1.92691446258511547e+02
1.98305199591875180e+02
1.98305199591875180e+02
1.98305199591875180e+02
1.98305199591875180e+02
1.99793677596280162e+02
1.99793677596280162e+02
1.99793677596280162e+02
1.99793677596280162e+02
2.01394495618612467e+02
2.01394495618612467e+02
2.01394495618612467e+02
2.01394495618612467e+02
1.97828557157488149e+02
1.97828557157488149e+02
1.97828557157488149e+02
1.97828557157488149e+02
1.99855581957128493e+02
1.99855581957128493e+02
1.99855581957128493e+02
1.99855581957128493e+02
2.04513248507287216e+02
2.04513248507287216e+02
2.04513248507287216e+02
2.04513248507287216e+02
2.03373467511602740e+02
2.03373467511602740e+02
2.03373467511602740e+02
2.03373467511602740e+02
2.04828890798030670e+02
2.04828890798030670e+02
2.04828890798030670e+02
2.04828890798030670e+02
2.07235040191327812e+02
2.07235040191327812e+02
2.07235040191327812e+02
2.07235040191327812e+02
2.03054839275572050e+02
2.03054839275572050e+02
2.03054839275572050e+02
2.03054839275572050e+02
1.93594782506658106e+02
1.93594782506658106e+02
1.93594782506658106e+02
1.93594782506658106e+02
1.93639269546800904e+02
1.93639269546800904e+02
1.93639269546800904e+02
1.93639269546800904e+02
1.98751676169089109e+02
1.98751676169089109e+02
1.98751676169089109e+02
1.98751676169089109e+02
1.96165676591651987e+02
1.96165676591651987e+02
1.96165676591651987e+02
1.96165676591651987e+02
1.96422806283107775e+02
1.96422806283107775e+02
1.96422806283107775e+02
1.96422806283107775e+02
1.96569685573175065e+02
1.96569685573175065e+02
1.96569685573175065e+02
1.96569685573175065e+02
1.97160802559167138e+02
1.97160802559167138e+02
1.97160802559167138e+02
1.97160802559167138e+02
1.93154922982235320e+02
1.93154922982235320e+02
1.93154922982235320e+02
1.93154922982235320e+02
1.94782435711594019e+02
1.94782435711594019e+02
1.94782435711594019e+02
1.94782435711594019e+02
1.92992416764322144e+02
1.92992416764322144e+02
1.92992416764322144e+02
1.92992416764322144e+02
1.95986693052095490e+02
1.95986693052095490e+02
1.95986693052095490e+02
1.95986693052095490e+02
1.97418113994122137e+02
1.97418113994122137e+02
1.97418113994122137e+02
1.97418113994122137e+02
1.94347728927634108e+02
1.94347728927634108e+02
1.94347728927634108e+02
1.94347728927634108e+02
1.97142728954108890e+02
1.97142728954108890e+02
1.97142728954108890e+02
1.97142728954108890e+02
2.01644662445355863e+02
2.01644662445355863e+02
2.01644662445355863e+02
2.01644662445355863e+02
2.01194293231387149e+02
2.01194293231387149e+02
2.01194293231387149e+02
2.01194293231387149e+02
2.06505071222453125e+02
2.06505071222453125e+02
2.06505071222453125e+02
2.06505071222453125e+02
2.06443916915808501e+02
2.06443916915808501e+02
2.06443916915808501e+02
2.06443916915808501e+02
2.05804919713899380e+02
2.05804919713899380e+02
2.05804919713899380e+02
2.05804919713899380e+02
2.07786192059457505e+02
2.07786192059457505e+02
2.07786192059457505e+02
2.07786192059457505e+02
1.99369137674931068e+02
1.99369137674931068e+02
1.99369137674931068e+02
1.99369137674931068e+02
1.95745578578067750e+02
1.95745578578067750e+02
1.95745578578067750e+02
1.95745578578067750e+02
1.96184484992914690e+02
1.96184484992914690e+02
1.96184484992914690e+02
1.96184484992914690e+02
1.99519128952187657e+02
1.99519128952187657e+02
1.99519128952187657e+02
1.99519128952187657e+02
2.00452926079359713e+02
2.00452926079359713e+02
2.00452926079359713e+02
2.00452926079359713e+02
2.04006517854391660e+02
2.04006517854391660e+02
2.04006517854391660e+02
2.04006517854391660e+02
2.00274340836864980e+02
2.00274340836864980e+02
2.00274340836864980e+02
2.00274340836864980e+02
1.99577744734491915e+02
1.99577744734491915e+02
1.99577744734491915e+02
1.99577744734491915e+02
1.97672481070055028e+02
1.97672481070055028e+02
1.97672481070055028e+02
1.97672481070055028e+02
1.97468094652187347e+02
1.97468094652187347e+02
1.97468094652187347e+02
1.97468094652187347e+02
2.03422530750624446e+02
2.03422530750624446e+02
2.03422530750624446e+02
2.03422530750624446e+02
2.03662876298923663e+02
2.03662876298923663e+02
2.03662876298923663e+02
2.03662876298923663e+02
2.04386820040705402e+02
2.04386820040705402e+02
2.04386820040705402e+02
2.04386820040705402e+02
2.01540461610324201e+02
2.01540461610324201e+02
2.01540461610324201e+02
2.01540461610324201e+02
2.00373160493965884e+02
2.00373160493965884e+02
2.00373160493965884e+02
2.00373160493965884e+02
2.05685811554541232e+02
2.05685811554541232e+02
2.05685811554541232e+02
2.05685811554541232e+02
2.01419540297284385e+02
2.01419540297284385e+02
2.01419540297284385e+02
2.01419540297284385e+02
2.03146572927568599e+02
2.03146572927568599e+02
2.03146572927568599e+02
2.03146572927568599e+02
1.95993746567742420e+02
1.95993746567742420e+02
1.95993746567742420e+02
1.95993746567742420e+02
1.94356184029632686e+02
1.94356184029632686e+02
1.94356184029632686e+02
1.94356184029632686e+02
2.00216152775428554e+02
2.00216152775428554e+02
2.00216152775428554e+02
2.00216152775428554e+02
2.05937533959224027e+02
2.05937533959224027e+02
2.05937533959224027e+02
2.05937533959224027e+02
2.02748885844628660e+02
2.02748885844628660e+02
2.02748885844628660e+02
2.02748885844628660e+02
1.94586757279214822e+02
1.94586757279214822e+02
1.94586757279214822e+02
1.94586757279214822e+02
1.92451562705256322e+02
1.92451562705256322e+02
1.92451562705256322e+02
1.92451562705256322e+02
2.01205743447128782e+02
2.01205743447128782e+02
2.01205743447128782e+02
2.01205743447128782e+02
1.92211069074417935e+02
1.92211069074417935e+02
1.92211069074417935e+02
1.92211069074417935e+02
1.99854439023073724e+02
1.99854439023073724e+02
1.99854439023073724e+02
1.99854439023073724e+02
1.95311192056886426e+02
1.95311192056886426e+02
1.95311192056886426e+02
1.95311192056886426e+02
1.96300785723059050e+02
1.96300785723059050e+02
1.96300785723059050e+02
1.96300785723059050e+02
1.90683341561822829e+02
1.90683341561822829e+02
1.90683341561822829e+02
1.90683341561822829e+02
1.89839419161889083e+02
1.89839419161889083e+02
1.89839419161889083e+02
1.89839419161889083e+02
1.94280956421479601e+02
1.94280956421479601e+02
1.94280956421479601e+02
1.94280956421479601e+02
1.96720117798737391e+02
1.96720117798737391e+02
1.96720117798737391e+02
1.96720117798737391e+02
1.93091868413824812e+02
1.93091868413824812e+02
1.93091868413824812e+02
1.93091868413824812e+02
2.00949878662824460e+02
2.00949878662824460e+02
2.00949878662824460e+02
2.00949878662824460e+02
1.98578441247781257e+02
1.98578441247781257e+02
1.98578441247781257e+02
1.98578441247781257e+02
1.99720952836445377e+02
1.99720952836445377e+02
1.99720952836445377e+02
1.99720952836445377e+02
1.95734878181669586e+02
1.95734878181669586e+02
1.95734878181669586e+02
1.95734878181669586e+02
2.01424466719001373e+02
2.01424466719001373e+02
2.01424466719001373e+02
2.01424466719001373e+02
2.02622157642591105e+02
2.02622157642591105e+02
2.02622157642591105e+02
2.02622157642591105e+02
2.05296985663521525e+02
2.05296985663521525e+02
2.05296985663521525e+02
2.05296985663521525e+02
2.06200244989232658e+02
2.06200244989232658e+02
2.06200244989232658e+02
2.06200244989232658e+02
2.02393582514568124e+02
2.02393582514568124e+02
2.02393582514568124e+02
2.02393582514568124e+02
2.04129177900180963e+02
2.04129177900180963e+02
2.04129177900180963e+02
2.04129177900180963e+02
2.07404192575473132e+02
2.07404192575473132e+02
2.07404192575473132e+02
2.07404192575473132e+02
2.02955414549196149e+02
2.02955414549196149e+02
2.02955414549196149e+02
2.02955414549196149e+02
2.03644217156758828e+02
2.03644217156758828e+02
2.03644217156758828e+02
2.03644217156758828e+02
1.96385651713380497e+02
1.96385651713380497e+02
1.96385651713380497e+02
1.96385651713380497e+02
1.94357681996208782e+02
1.94357681996208782e+02
1.94357681996208782e+02
1.94357681996208782e+02
2.00920083521895577e+02
2.00920083521895577e+02
2.00920083521895577e+02
2.00920083521895577e+02
2.02123990860169471e+02
2.02123990860169471e+02
2.02123990860169471e+02
2.02123990860169471e+02
1.96971222020064772e+02
1.96971222020064772e+02
1.96971222020064772e+02
1.96971222020064772e+02
2.01437194565216117e+02
2.01437194565216117e+02
2.01437194565216117e+02
2.01437194565216117e+02
2.04115247133027907e+02
2.04115247133027907e+02
2.04115247133027907e+02
2.04115247133027907e+02
2.00065182128383753e+02
2.00065182128383753e+02
2.00065182128383753e+02
2.00065182128383753e+02
2.00866822033562471e+02
2.00866822033562471e+02
2.00866822033562471e+02
2.00866822033562471e+02
2.00579570006819893e+02
2.00579570006819893e+02
2.00579570006819893e+02
2.00579570006819893e+02
2.02297553692386998e+02
2.02297553692386998e+02
2.02297553692386998e+02
2.02297553692386998e+02
1.94768218574564315e+02
1.94768218574564315e+02
1.94768218574564315e+02
1.94768218574564315e+02
1.94776046920988222e+02
1.94776046920988222e+02
1.94776046920988222e+02
1.94776046920988222e+02
2.03609377944030285e+02
2.03609377944030285e+02
2.03609377944030285e+02
2.03609377944030285e+02
1.95617453927024172e+02
1.95617453927024172e+02
1.95617453927024172e+02
1.95617453927024172e+02
2.07424660578430206e+02
2.07424660578430206e+02
2.07424660578430206e+02
2.07424660578430206e+02
2.00610564917464359e+02
2.00610564917464359e+02
2.00610564917464359e+02
2.00610564917464359e+02
2.00973841578888226e+02
2.00973841578888226e+02
2.00973841578888226e+02
2.00973841578888226e+02
2.06124525646529776e+02
2.06124525646529776e+02
2.06124525646529776e+02
2.06124525646529776e+02
2.05036513221560313e+02
2.05036513221560313e+02
2.05036513221560313e+02
2.05036513221560313e+02
2.00257918541755743e+02
2.00257918541755743e+02
2.00257918541755743e+02
2.00257918541755743e+02
2.00701168026216891e+02
2.00701168026216891e+02
2.00701168026216891e+02
2.00701168026216891e+02
1.96043995548054369e+02
1.96043995548054369e+02
1.96043995548054369e+02
1.96043995548054369e+02
2.05636513792185923e+02
2.05636513792185923e+02
2.05636513792185923e+02
2.05636513792185923e+02
1.99973406775170190e+02
1.99973406775170190e+02
1.99973406775170190e+02
1.99973406775170190e+02
2.06208455243451994e+02
2.06208455243451994e+02
2.06208455243451994e+02
2.06208455243451994e+02
1.97666293286812447e+02
1.97666293286812447e+02
1.97666293286812447e+02
1.97666293286812447e+02
2.06228911542309504e+02
2.06228911542309504e+02
2.06228911542309504e+02
2.06228911542309504e+02
1.96612427116024548e+02
1.96612427116024548e+02
1.96612427116024548e+02
1.96612427116024548e+02
1.98875189387066911e+02
1.98875189387066911e+02
1.98875189387066911e+02
1.98875189387066911e+02
2.01051212661079148e+02
2.01051212661079148e+02
2.01051212661079148e+02
2.01051212661079148e+02
1.99746266483330629e+02
1.99746266483330629e+02
1.99746266483330629e+02
1.99746266483330629e+02
2.05955001415583524e+02
2.05955001415583524e+02
2.05955001415583524e+02
2.05955001415583524e+02
2.03686464762773880e+02
2.03686464762773880e+02
2.03686464762773880e+02
2.03686464762773880e+02
1.96369727204777320e+02
1.96369727204777320e+02
1.96369727204777320e+02
1.96369727204777320e+02
2.00120254668335548e+02
2.00120254668335548e+02
2.00120254668335548e+02
2.00120254668335548e+02
1.98715229020864967e+02
1.98715229020864967e+02
1.98715229020864967e+02
1.98715229020864967e+02
2.00647831342472102e+02
2.00647831342472102e+02
2.00647831342472102e+02
2.00647831342472102e+02
1.97875030071040186e+02
1.97875030071040186e+02
1.97875030071040186e+02
1.97875030071040186e+02
1.94840935153447390e+02
1.94840935153447390e+02
1.94840935153447390e+02
1.94840935153447390e+02
1.96535260833254881e+02
1.96535260833254881e+02
1.96535260833254881e+02
1.96535260833254881e+02
2.00777203138740703e+02
2.00777203138740703e+02
2.00777203138740703e+02
2.00777203138740703e+02
1.98090771186578081e+02
1.98090771186578081e+02
1.98090771186578081e+02
1.98090771186578081e+02
2.01696214766112689e+02
2.01696214766112689e+02
2.01696214766112689e+02
2.01696214766112689e+02
2.01602750734639130e+02
2.01602750734639130e+02
2.01602750734639130e+02
2.01602750734639130e+02
2.02023600265538192e+02
2.02023600265538192e+02
2.02023600265538192e+02
2.02023600265538192e+02
2.00987946460748304e+02
2.00987946460748304e+02
2.00987946460748304e+02
2.00987946460748304e+02
2.01480431980449822e+02
2.01480431980449822e+02
2.01480431980449822e+02
2.01480431980449822e+02
2.02899460921361765e+02
2.02899460921361765e+02
2.02899460921361765e+02
2.02899460921361765e+02
2.00471429274888578e+02
2.00471429274888578e+02
2.00471429274888578e+02
2.00471429274888578e+02
2.00298901984809390e+02
2.00298901984809390e+02
2.00298901984809390e+02
2.00298901984809390e+02
1.97939829968727992e+02
1.97939829968727992e+02
1.97939829968727992e+02
1.97939829968727992e+02
2.01830594657506850e+02
2.01830594657506850e+02
2.01830594657506850e+02
2.01830594657506850e+02
1.97850843033255416e+02
1.97850843033255416e+02
1.97850843033255416e+02
1.97850843033255416e+02
2.02617196478336780e+02
2.02617196478336780e+02
2.02617196478336780e+02
2.02617196478336780e+02
1.97962491136356846e+02
1.97962491136356846e+02
1.97962491136356846e+02
1.97962491136356846e+02
2.01299843627483938e+02
2.01299843627483938e+02
2.01299843627483938e+02
2.01299843627483938e+02
1.99586523752537545e+02
1.99586523752537545e+02
1.99586523752537545e+02
1.99586523752537545e+02
1.99167017753833079e+02
1.99167017753833079e+02
1.99167017753833079e+02
1.99167017753833079e+02
1.98108565658121364e+02
1.98108565658121364e+02
1.98108565658121364e+02
1.98108565658121364e+02
2.00680801090718404e+02
2.00680801090718404e+02
2.00680801090718404e+02
2.00680801090718404e+02
1.91713905986043216e+02
1.91713905986043216e+02
1.91713905986043216e+02
1.91713905986043216e+02
1.99676371259751392e+02
1.99676371259751392e+02
1.99676371259751392e+02
1.99676371259751392e+02
2.01926162505234032e+02
2.01926162505234032e+02
2.01926162505234032e+02
2.01926162505234032e+02
1.98408816747876926e+02
1.98408816747876926e+02
1.98408816747876926e+02
1.98408816747876926e+02
1.95658843533584474e+02
1.95658843533584474e+02
1.95658843533584474e+02
1.95658843533584474e+02
1.98113063141857282e+02
1.98113063141857282e+02
1.98113063141857282e+02
1.98113063141857282e+02
1.97848154607673791e+02
1.97848154607673791e+02
1.97848154607673791e+02
1.97848154607673791e+02
1.97454357461379516e+02
1.97454357461379516e+02
1.97454357461379516e+02
1.97454357461379516e+02
1.98707100239710883e+02
1.98707100239710883e+02
1.98707100239710883e+02
1.98707100239710883e+02
1.99843307912845319e+02
1.99843307912845319e+02
1.99843307912845319e+02
1.99843307912845319e+02
2.00985308829312203e+02
2.00985308829312203e+02
2.00985308829312203e+02
2.00985308829312203e+02
1.99069500512930318e+02
1.99069500512930318e+02
1.99069500512930318e+02
1.99069500512930318e+02
1.94618606580155614e+02
1.94618606580155614e+02
1.94618606580155614e+02
1.94618606580155614e+02
2.00496483353413339e+02
2.00496483353413339e+02
2.00496483353413339e+02
2.00496483353413339e+02
1.96794365314539590e+02
1.96794365314539590e+02
1.96794365314539590e+02
1.96794365314539590e+02
1.99339138152258954e+02
1.99339138152258954e+02
1.99339138152258954e+02
1.99339138152258954e+02
2.00639425663020006e+02
2.00639425663020006e+02
2.00639425663020006e+02
2.00639425663020006e+02
1.96078218101246193e+02
1.96078218101246193e+02
1.96078218101246193e+02
1.96078218101246193e+02
2.02944971454174436e+02
2.02944971454174436e+02
2.02944971454174436e+02
2.02944971454174436e+02
2.05404667649162803e+02
2.05404667649162803e+02
2.05404667649162803e+02
2.05404667649162803e+02
2.00699369517933036e+02
2.00699369517933036e+02
2.00699369517933036e+02
2.00699369517933036e+02
2.05182156202235433e+02
2.05182156202235433e+02
2.05182156202235433e+02
2.05182156202235433e+02
2.04359074124280625e+02
2.04359074124280625e+02
2.04359074124280625e+02
2.04359074124280625e+02
2.05093198561322595e+02
2.05093198561322595e+02
2.05093198561322595e+02
2.05093198561322595e+02
2.05825691220431906e+02
2.05825691220431906e+02
2.05825691220431906e+02
2.05825691220431906e+02
2.06424456727317335e+02
2.06424456727317335e+02
2.06424456727317335e+02
2.06424456727317335e+02
2.03559331159738690e+02
2.03559331159738690e+02
2.03559331159738690e+02
2.03559331159738690e+02
2.03189205456255905e+02
2.03189205456255905e+02
2.03189205456255905e+02
2.03189205456255905e+02
2.02728326411656809e+02
2.02728326411656809e+02
2.02728326411656809e+02
2.02728326411656809e+02
2.01732573553355223e+02
2.01732573553355223e+02
2.01732573553355223e+02
2.01732573553355223e+02
2.02408041829829699e+02
2.02408041829829699e+02
2.02408041829829699e+02
2.02408041829829699e+02
1.99674741060450884e+02
1.99674741060450884e+02
1.99674741060450884e+02
1.99674741060450884e+02
2.04240618882659561e+02
2.04240618882659561e+02
2.04240618882659561e+02
2.04240618882659561e+02
2.02989677417162142e+02
2.02989677417162142e+02
2.02989677417162142e+02
2.02989677417162142e+02
2.07402812039961589e+02
2.07402812039961589e+02
2.07402812039961589e+02
2.07402812039961589e+02
1.88320844162872760e+02
1.88320844162872760e+02
1.88320844162872760e+02
1.88320844162872760e+02
1.90122358621598153e+02
1.90122358621598153e+02
1.90122358621598153e+02
1.90122358621598153e+02
1.90050923807448129e+02
1.90050923807448129e+02
1.90050923807448129e+02
1.90050923807448129e+02
2.02410211436458809e+02
2.02410211436458809e+02
2.02410211436458809e+02
2.02410211436458809e+02
1.96665264066618505e+02
1.96665264066618505e+02
1.96665264066618505e+02
1.96665264066618505e+02
1.94885099383050886e+02
1.94885099383050886e+02
1.94885099383050886e+02
1.94885099383050886e+02
1.97942636123075090e+02
1.97942636123075090e+02
1.97942636123075090e+02
1.97942636123075090e+02
1.97143320477446792e+02
1.97143320477446792e+02
1.97143320477446792e+02
1.97143320477446792e+02
1.99918429405631514e+02
1.99918429405631514e+02
1.99918429405631514e+02
1.99918429405631514e+02
2.01405953360342181e+02
2.01405953360342181e+02
2.01405953360342181e+02
2.01405953360342181e+02
1.90650681464922030e+02
1.90650681464922030e+02
1.90650681464922030e+02
1.90650681464922030e+02
2.08561696254459576e+02
2.08561696254459576e+02
2.08561696254459576e+02
2.08561696254459576e+02
2.00261412820725070e+02
2.00261412820725070e+02
2.00261412820725070e+02
2.00261412820725070e+02
2.01536012574398200e+02
2.01536012574398200e+02
2.01536012574398200e+02
2.01536012574398200e+02
1.96791693453790572e+02
1.96791693453790572e+02
1.96791693453790572e+02
1.96791693453790572e+02
1.98689778403409804e+02
1.98689778403409804e+02
1.98689778403409804e+02
1.98689778403409804e+02
2.02735942048844691e+02
2.02735942048844691e+02
2.02735942048844691e+02
2.02735942048844691e+02
2.03123205511527743e+02
2.03123205511527743e+02
2.03123205511527743e+02
2.03123205511527743e+02
2.07370867700700785e+02
2.07370867700700785e+02
2.07370867700700785e+02
2.07370867700700785e+02
2.05414263401222229e+02
2.05414263401222229e+02
2.05414263401222229e+02
2.05414263401222229e+02
2.03413998484483329e+02
2.03413998484483329e+02
2.03413998484483329e+02
2.03413998484483329e+02
2.06537821738203860e+02
2.06537821738203860e+02
2.06537821738203860e+02
2.06537821738203860e+02
2.06926215958233428e+02
2.06926215958233428e+02
2.06926215958233428e+02
2.06926215958233428e+02
2.01340997491880216e+02
2.01340997491880216e+02
2.01340997491880216e+02
2.01340997491880216e+02
1.93590624400782190e+02
1.93590624400782190e+02
1.93590624400782190e+02
1.93590624400782190e+02
1.97743171784717646e+02
1.97743171784717646e+02
1.97743171784717646e+02
1.97743171784717646e+02
2.04267693357352556e+02
2.04267693357352556e+02
2.04267693357352556e+02
2.04267693357352556e+02
2.01991167915498494e+02
2.01991167915498494e+02
2.01991167915498494e+02
2.01991167915498494e+02
2.03206481447164805e+02
2.03206481447164805e+02
2.03206481447164805e+02
2.03206481447164805e+02
1.99628833068185486e+02
1.99628833068185486e+02
1.99628833068185486e+02
1.99628833068185486e+02
2.10317206206923828e+02
2.10317206206923828e+02
2.10317206206923828e+02
2.10317206206923828e+02
2.08345700842355001e+02
2.08345700842355001e+02
2.08345700842355001e+02
2.08345700842355001e+02
2.08545951818972213e+02
2.08545951818972213e+02
2.08545951818972213e+02
2.08545951818972213e+02
2.05808015370075282e+02
2.05808015370075282e+02
2.05808015370075282e+02
2.05808015370075282e+02
2.04326439739890134e+02
2.04326439739890134e+02
2.04326439739890134e+02
2.04326439739890134e+02
1.99728971540222460e+02
1.99728971540222460e+02
1.99728971540222460e+02
1.99728971540222460e+02
1.95831127141740978e+02
1.95831127141740978e+02
1.95831127141740978e+02
1.95831127141740978e+02
2.04741415459520141e+02
2.04741415459520141e+02
2.04741415459520141e+02
2.04741415459520141e+02
1.98269043810615074e+02
1.98269043810615074e+02
1.98269043810615074e+02
1.98269043810615074e+02
2.06689508906272579e+02
2.06689508906272579e+02
2.06689508906272579e+02
2.06689508906272579e+02
2.00364977835882115e+02
2.00364977835882115e+02
2.00364977835882115e+02
2.00364977835882115e+02
2.09573906172586078e+02
2.09573906172586078e+02
2.09573906172586078e+02
2.09573906172586078e+02
1.98963633650932053e+02
1.98963633650932053e+02
1.98963633650932053e+02
1.98963633650932053e+02
1.96316874104385761e+02
1.96316874104385761e+02
1.96316874104385761e+02
1.96316874104385761e+02
1.98899587827195177e+02
1.98899587827195177e+02
1.98899587827195177e+02
1.98899587827195177e+02
1.95406341096099595e+02
1.95406341096099595e+02
1.95406341096099595e+02
1.95406341096099595e+02
2.04884425194533918e+02
2.04884425194533918e+02
2.04884425194533918e+02
2.04884425194533918e+02
2.03416744597667844e+02
2.03416744597667844e+02
2.03416744597667844e+02
2.03416744597667844e+02
1.92988936375185659e+02
1.92988936375185659e+02
1.92988936375185659e+02
1.92988936375185659e+02
2.03428579700982965e+02
2.03428579700982965e+02
2.03428579700982965e+02
2.03428579700982965e+02
1.95334862890098208e+02
1.95334862890098208e+02
1.95334862890098208e+02
1.95334862890098208e+02
1.99845914645083695e+02
1.99845914645083695e+02
1.99845914645083695e+02
1.99845914645083695e+02
1.94609773885867185e+02
1.94609773885867185e+02
1.94609773885867185e+02
1.94609773885867185e+02
2.04777053138829473e+02
2.04777053138829473e+02
2.04777053138829473e+02
2.04777053138829473e+02
2.01240438294640228e+02
2.01240438294640228e+02
2.01240438294640228e+02
2.01240438294640228e+02
2.00838395782760188e+02
2.00838395782760188e+02
2.00838395782760188e+02
2.00838395782760188e+02
2.00246860003663812e+02
2.00246860003663812e+02
2.00246860003663812e+02
2.00246860003663812e+02
1.98949527870893235e+02
1.98949527870893235e+02
1.98949527870893235e+02
1.98949527870893235e+02
1.95706185386508963e+02
1.95706185386508963e+02
1.95706185386508963e+02
1.95706185386508963e+02
2.05949065983014691e+02
2.05949065983014691e+02
2.05949065983014691e+02
2.05949065983014691e+02
1.93289077057223324e+02
1.93289077057223324e+02
1.93289077057223324e+02
1.93289077057223324e+02
1.93953721860759202e+02
1.93953721860759202e+02
1.93953721860759202e+02
1.93953721860759202e+02
1.93571976439011053e+02
1.93571976439011053e+02
1.93571976439011053e+02
1.93571976439011053e+02
1.96637532569141257e+02
1.96637532569141257e+02
1.96637532569141257e+02
1.96637532569141257e+02
1.96344440958166217e+02
1.96344440958166217e+02
1.96344440958166217e+02
1.96344440958166217e+02
1.97045848559556475e+02
1.97045848559556475e+02
1.97045848559556475e+02
1.97045848559556475e+02
1.92323348852388051e+02
1.92323348852388051e+02
1.92323348852388051e+02
1.92323348852388051e+02
1.94863199266902512e+02
1.94863199266902512e+02
1.94863199266902512e+02
1.94863199266902512e+02
1.92043934500541553e+02
1.92043934500541553e+02
1.92043934500541553e+02
1.92043934500541553e+02
1.97193648374570159e+02
1.97193648374570159e+02
1.97193648374570159e+02
1.97193648374570159e+02
1.94402107894561709e+02
1.94402107894561709e+02
1.94402107894561709e+02
1.94402107894561709e+02
2.00698535318000381e+02
2.00698535318000381e+02
2.00698535318000381e+02
2.00698535318000381e+02
2.00922167868069579e+02
2.00922167868069579e+02
2.00922167868069579e+02
2.00922167868069579e+02
2.03671965717237356e+02
2.03671965717237356e+02
2.03671965717237356e+02
2.03671965717237356e+02
2.01165778934575911e+02
2.01165778934575911e+02
2.01165778934575911e+02
2.01165778934575911e+02
1.98423499798401423e+02
1.98423499798401423e+02
1.98423499798401423e+02
1.98423499798401423e+02
2.01462587658529799e+02
2.01462587658529799e+02
2.01462587658529799e+02
2.01462587658529799e+02
2.02215182613609556e+02
2.02215182613609556e+02
2.02215182613609556e+02
2.02215182613609556e+02
1.99932988665543888e+02
1.99932988665543888e+02
1.99932988665543888e+02
1.99932988665543888e+02
2.02235731906763704e+02
2.02235731906763704e+02
2.02235731906763704e+02
2.02235731906763704e+02
1.91922745997261103e+02
1.91922745997261103e+02
1.91922745997261103e+02
1.91922745997261103e+02
2.03481808222657492e+02
2.03481808222657492e+02
2.03481808222657492e+02
2.03481808222657492e+02
2.00211983040869626e+02
2.00211983040869626e+02
2.00211983040869626e+02
2.00211983040869626e+02
1.95328536530393166e+02
1.95328536530393166e+02
1.95328536530393166e+02
1.95328536530393166e+02
2.07549838105193800e+02
2.07549838105193800e+02
2.07549838105193800e+02
2.07549838105193800e+02
2.02416405827289367e+02
2.02416405827289367e+02
2.02416405827289367e+02
2.02416405827289367e+02
2.04974403902551472e+02
2.04974403902551472e+02
2.04974403902551472e+02
2.04974403902551472e+02
2.03370404240422232e+02
2.03370404240422232e+02
2.03370404240422232e+02
2.03370404240422232e+02
2.00126036602470805e+02
2.00126036602470805e+02
2.00126036602470805e+02
2.00126036602470805e+02
2.03249176183893837e+02
2.03249176183893837e+02
2.03249176183893837e+02
2.03249176183893837e+02
2.04307588463393074e+02
2.04307588463393074e+02
2.04307588463393074e+02
2.04307588463393074e+02
2.04982872369397342e+02
2.04982872369397342e+02
2.04982872369397342e+02
2.04982872369397342e+02
2.01988806596663153e+02
2.01988806596663153e+02
2.01988806596663153e+02
2.01988806596663153e+02
2.02643043237135743e+02
2.02643043237135743e+02
2.02643043237135743e+02
2.02643043237135743e+02
2.01240480640953450e+02
2.01240480640953450e+02
2.01240480640953450e+02
2.01240480640953450e+02
2.01209262493187424e+02
2.01209262493187424e+02
2.01209262493187424e+02
2.01209262493187424e+02
2.01577415632055676e+02
2.01577415632055676e+02
2.01577415632055676e+02
2.01577415632055676e+02
2.01490483452219479e+02
2.01490483452219479e+02
2.01490483452219479e+02
2.01490483452219479e+02
1.98340450156841172e+02
1.98340450156841172e+02
1.98340450156841172e+02
1.98340450156841172e+02
2.02451002211076229e+02
2.02451002211076229e+02
2.02451002211076229e+02
2.02451002211076229e+02
1.93882330746531892e+02
1.93882330746531892e+02
1.93882330746531892e+02
1.93882330746531892e+02
2.05512584327141212e+02
2.05512584327141212e+02
2.05512584327141212e+02
2.05512584327141212e+02
2.02592739046914573e+02
2.02592739046914573e+02
2.02592739046914573e+02
2.02592739046914573e+02
2.04802796109433103e+02
2.04802796109433103e+02
2.04802796109433103e+02
2.04802796109433103e+02
2.01413893937832000e+02
2.01413893937832000e+02
2.01413893937832000e+02
2.01413893937832000e+02
2.00780477462336535e+02
2.00780477462336535e+02
2.00780477462336535e+02
2.00780477462336535e+02
1.97630265335805859e+02
1.97630265335805859e+02
1.97630265335805859e+02
1.97630265335805859e+02
2.09185762527141009e+02
2.09185762527141009e+02
2.09185762527141009e+02
2.09185762527141009e+02
2.02684484386807327e+02
2.02684484386807327e+02
2.02684484386807327e+02
2.02684484386807327e+02
1.96532860889063357e+02
1.96532860889063357e+02
1.96532860889063357e+02
1.96532860889063357e+02
1.93560745438826501e+02
1.93560745438826501e+02
1.93560745438826501e+02
1.93560745438826501e+02
1.86446657623781562e+02
1.86446657623781562e+02
1.86446657623781562e+02
1.86446657623781562e+02
2.00070829741397887e+02
2.00070829741397887e+02
2.00070829741397887e+02
2.00070829741397887e+02
1.95914086891486164e+02
1.95914086891486164e+02
1.95914086891486164e+02
1.95914086891486164e+02
1.95860188237950439e+02
1.95860188237950439e+02
1.95860188237950439e+02
1.95860188237950439e+02
1.95526603479876457e+02
1.95526603479876457e+02
1.95526603479876457e+02
1.95526603479876457e+02
1.94273833487910821e+02
1.94273833487910821e+02
1.94273833487910821e+02
1.94273833487910821e+02
1.89577627918956125e+02
1.89577627918956125e+02
1.89577627918956125e+02
1.89577627918956125e+02
1.96194813646235161e+02
1.96194813646235161e+02
1.96194813646235161e+02
1.96194813646235161e+02
1.86803629111962039e+02
1.86803629111962039e+02
1.86803629111962039e+02
1.86803629111962039e+02
2.04129301090869802e+02
2.04129301090869802e+02
2.04129301090869802e+02
2.04129301090869802e+02
2.04975469758130060e+02
2.04975469758130060e+02
2.04975469758130060e+02
2.04975469758130060e+02
2.00753132025868439e+02
2.00753132025868439e+02
2.00753132025868439e+02
2.00753132025868439e+02
2.00537477658514803e+02
2.00537477658514803e+02
2.00537477658514803e+02
2.00537477658514803e+02
2.10296279615602714e+02
2.10296279615602714e+02
2.10296279615602714e+02
2.10296279615602714e+02
2.08053818113618263e+02
2.08053818113618263e+02
2.08053818113618263e+02
2.08053818113618263e+02
1.97218639079908428e+02
1.97218639079908428e+02
1.97218639079908428e+02
1.97218639079908428e+02
2.09911744920408410e+02
2.09911744920408410e+02
2.09911744920408410e+02
2.09911744920408410e+02
1.98311875635211550e+02
1.98311875635211550e+02
1.98311875635211550e+02
1.98311875635211550e+02
1.99054379036910120e+02
1.99054379036910120e+02
1.99054379036910120e+02
1.99054379036910120e+02
2.01021073527011794e+02
2.01021073527011794e+02
2.01021073527011794e+02
2.01021073527011794e+02
2.01626260573269946e+02
2.01626260573269946e+02
2.01626260573269946e+02
2.01626260573269946e+02
2.02930399054264996e+02
2.02930399054264996e+02
2.02930399054264996e+02
2.02930399054264996e+02
1.96036662990128264e+02
1.96036662990128264e+02
1.96036662990128264e+02
1.96036662990128264e+02
2.02784606726471367e+02
2.02784606726471367e+02
2.02784606726471367e+02
2.02784606726471367e+02
2.01392790299243387e+02
2.01392790299243387e+02
2.01392790299243387e+02
2.01392790299243387e+02
2.05817234252437459e+02
2.05817234252437459e+02
2.05817234252437459e+02
2.05817234252437459e+02
2.02069200886781942e+02
2.02069200886781942e+02
2.02069200886781942e+02
2.02069200886781942e+02
2.01564706532106328e+02
2.01564706532106328e+02
2.01564706532106328e+02
2.01564706532106328e+02
2.02702732618492405e+02
2.02702732618492405e+02
2.02702732618492405e+02
2.02702732618492405e+02
1.98979700485046777e+02
1.98979700485046777e+02
1.98979700485046777e+02
1.98979700485046777e+02
1.97066431524276595e+02
1.97066431524276595e+02
1.97066431524276595e+02
1.97066431524276595e+02
1.98536562691030468e+02
1.98536562691030468e+02
1.98536562691030468e+02
1.98536562691030468e+02
1.96742080754821217e+02
1.96742080754821217e+02
1.96742080754821217e+02
1.96742080754821217e+02
2.00288350389285284e+02
2.00288350389285284e+02
2.00288350389285284e+02
2.00288350389285284e+02
2.01549790571770757e+02
2.01549790571770757e+02
2.01549790571770757e+02
2.01549790571770757e+02
1.91625722168980928e+02
1.91625722168980928e+02
1.91625722168980928e+02
1.91625722168980928e+02
1.97213454582497775e+02
1.97213454582497775e+02
1.97213454582497775e+02
1.97213454582497775e+02
1.92953633429163318e+02
1.92953633429163318e+02
1.92953633429163318e+02
1.92953633429163318e+02
1.96501128755864585e+02
1.96501128755864585e+02
1.96501128755864585e+02
1.96501128755864585e+02
1.97194835468207629e+02
1.97194835468207629e+02
1.97194835468207629e+02
1.97194835468207629e+02
1.89690280812789808e+02
1.89690280812789808e+02
1.89690280812789808e+02
1.89690280812789808e+02
1.91224647223387336e+02
1.91224647223387336e+02
1.91224647223387336e+02
1.91224647223387336e+02
1.91131047833445336e+02
1.91131047833445336e+02
1.91131047833445336e+02
1.91131047833445336e+02
1.97786421295162654e+02
1.97786421295162654e+02
1.97786421295162654e+02
1.97786421295162654e+02
2.06506407560812903e+02
2.06506407560812903e+02
2.06506407560812903e+02
2.06506407560812903e+02
1.97262974245847715e+02
1.97262974245847715e+02
1.97262974245847715e+02
1.97262974245847715e+02
1.92883632158391094e+02
1.92883632158391094e+02
1.92883632158391094e+02
1.92883632158391094e+02
2.05796741218557202e+02
2.05796741218557202e+02
2.05796741218557202e+02
2.05796741218557202e+02
2.02389528669006467e+02
2.02389528669006467e+02
2.02389528669006467e+02
2.02389528669006467e+02
2.03267270473066588e+02
2.03267270473066588e+02
2.03267270473066588e+02
2.03267270473066588e+02
2.10399526344188303e+02
2.10399526344188303e+02
2.10399526344188303e+02
2.10399526344188303e+02
1.98584943933514580e+02
1.98584943933514580e+02
1.98584943933514580e+02
1.98584943933514580e+02
2.01400736796332524e+02
2.01400736796332524e+02
2.01400736796332524e+02
2.01400736796332524e+02
2.01253426107295695e+02
2.01253426107295695e+02
2.01253426107295695e+02
2.01253426107295695e+02
2.04079561915704943e+02
2.04079561915704943e+02
2.04079561915704943e+02
2.04079561915704943e+02
1.98983753585424779e+02
1.98983753585424779e+02
1.98983753585424779e+02
1.98983753585424779e+02
2.00370214215517308e+02
2.00370214215517308e+02
2.00370214215517308e+02
2.00370214215517308e+02
1.95526988710133224e+02
1.95526988710133224e+02
1.95526988710133224e+02
1.95526988710133224e+02
2.00149919987249916e+02
2.00149919987249916e+02
2.00149919987249916e+02
2.00149919987249916e+02
1.96159801932416912e+02
1.96159801932416912e+02
1.96159801932416912e+02
1.96159801932416912e+02
2.05616076024816550e+02
2.05616076024816550e+02
2.05616076024816550e+02
2.05616076024816550e+02
2.02223408182578140e+02
2.02223408182578140e+02
2.02223408182578140e+02
2.02223408182578140e+02
2.00658777809924288e+02
2.00658777809924288e+02
2.00658777809924288e+02
2.00658777809924288e+02
2.01405144070080581e+02
2.01405144070080581e+02
2.01405144070080581e+02
2.01405144070080581e+02
2.02736776589042222e+02
2.02736776589042222e+02
2.02736776589042222e+02
2.02736776589042222e+02
2.01120978297620610e+02
2.01120978297620610e+02
2.01120978297620610e+02
2.01120978297620610e+02
1.99206423965096832e+02
1.99206423965096832e+02
1.99206423965096832e+02
1.99206423965096832e+02
1.98556435637614555e+02
1.98556435637614555e+02
1.98556435637614555e+02
1.98556435637614555e+02
1.96291985419373106e+02
1.96291985419373106e+02
1.96291985419373106e+02
1.96291985419373106e+02
2.03785726306127629e+02
2.03785726306127629e+02
2.03785726306127629e+02
2.03785726306127629e+02
1.98891501841175142e+02
1.98891501841175142e+02
1.98891501841175142e+02
1.98891501841175142e+02
2.02200029557633400e+02
2.02200029557633400e+02
2.02200029557633400e+02
2.02200029557633400e+02
2.04965916062223300e+02
2.04965916062223300e+02
2.04965916062223300e+02
2.04965916062223300e+02
2.04131983373435304e+02
2.04131983373435304e+02
2.04131983373435304e+02
2.04131983373435304e+02
2.00446516442400167e+02
2.00446516442400167e+02
2.00446516442400167e+02
2.00446516442400167e+02
2.01987665445573214e+02
2.01987665445573214e+02
2.01987665445573214e+02
2.01987665445573214e+02
2.05894475734078640e+02
2.05894475734078640e+02
2.05894475734078640e+02
2.05894475734078640e+02
2.04711934892699531e+02
2.04711934892699531e+02
2.04711934892699531e+02
2.04711934892699531e+02
2.06300186928529826e+02
2.06300186928529826e+02
2.06300186928529826e+02
2.06300186928529826e+02
2.06355395972310390e+02
2.06355395972310390e+02
2.06355395972310390e+02
2.06355395972310390e+02
2.07149274626368481e+02
2.07149274626368481e+02
2.07149274626368481e+02
2.07149274626368481e+02
2.00036317181087014e+02
2.00036317181087014e+02
2.00036317181087014e+02
2.00036317181087014e+02
1.98056856862410285e+02
1.98056856862410285e+02
1.98056856862410285e+02
1.98056856862410285e+02
2.05305463545519558e+02
2.05305463545519558e+02
2.05305463545519558e+02
2.05305463545519558e+02
2.04223795096845407e+02
2.04223795096845407e+02
2.04223795096845407e+02
2.04223795096845407e+02
2.03770423270186001e+02
2.03770423270186001e+02
2.03770423270186001e+02
2.03770423270186001e+02
2.02448675943681934e+02
2.02448675943681934e+02
2.02448675943681934e+02
2.02448675943681934e+02
2.03792265631269430e+02
2.03792265631269430e+02
2.03792265631269430e+02
2.03792265631269430e+02
2.08372006821379387e+02
2.08372006821379387e+02
2.08372006821379387e+02
2.08372006821379387e+02
2.01109263894925732e+02
2.01109263894925732e+02
2.01109263894925732e+02
2.01109263894925732e+02
2.02579779667655629e+02
2.02579779667655629e+02
2.02579779667655629e+02
2.02579779667655629e+02
2.05786138120230561e+02
2.05786138120230561e+02
2.05786138120230561e+02
2.05786138120230561e+02
2.05558257628534761e+02
2.05558257628534761e+02
2.05558257628534761e+02
2.05558257628534761e+02
1.96602775882489027e+02
1.96602775882489027e+02
1.96602775882489027e+02
1.96602775882489027e+02
2.12585112655158213e+02
2.12585112655158213e+02
2.12585112655158213e+02
2.12585112655158213e+02
2.04408823774507795e+02
2.04408823774507795e+02
2.04408823774507795e+02
2.04408823774507795e+02
2.04029438012057170e+02
2.04029438012057170e+02
2.04029438012057170e+02
2.04029438012057170e+02
2.06733436070022748e+02
2.06733436070022748e+02
2.06733436070022748e+02
2.06733436070022748e+02
1.86241936069948565e+02
1.86241936069948565e+02
1.86241936069948565e+02
1.86241936069948565e+02
2.06199538685192181e+02
2.06199538685192181e+02
2.06199538685192181e+02
2.06199538685192181e+02
2.05358875405316240e+02
2.05358875405316240e+02
2.05358875405316240e+02
2.05358875405316240e+02
2.07206418459827091e+02
2.07206418459827091e+02
2.07206418459827091e+02
2.07206418459827091e+02
2.01448471642561742e+02
2.01448471642561742e+02
2.01448471642561742e+02
2.01448471642561742e+02
2.00157685434992203e+02
2.00157685434992203e+02
2.00157685434992203e+02
2.00157685434992203e+02
2.02579995599852367e+02
2.02579995599852367e+02
2.02579995599852367e+02
2.02579995599852367e+02
2.02579539675904300e+02
2.02579539675904300e+02
2.02579539675904300e+02
2.02579539675904300e+02
1.92813795188098538e+02
1.92813795188098538e+02
1.92813795188098538e+02
1.92813795188098538e+02
2.01967593865251246e+02
2.01967593865251246e+02
2.01967593865251246e+02
2.01967593865251246e+02
1.97539342231218313e+02
1.97539342231218313e+02
1.97539342231218313e+02
1.97539342231218313e+02
1.98196294088796975e+02
1.98196294088796975e+02
1.98196294088796975e+02
1.98196294088796975e+02
2.05510549256373480e+02
2.05510549256373480e+02
2.05510549256373480e+02
2.05510549256373480e+02
2.04951549986027146e+02
2.04951549986027146e+02
2.04951549986027146e+02
2.04951549986027146e+02
1.95933850411634722e+02
1.95933850411634722e+02
1.95933850411634722e+02
1.95933850411634722e+02
2.09852527021601702e+02
2.09852527021601702e+02
2.09852527021601702e+02
2.09852527021601702e+02
1.97723887560701911e+02
1.97723887560701911e+02
1.97723887560701911e+02
1.97723887560701911e+02
1.94245163240648935e+02
1.94245163240648935e+02
1.94245163240648935e+02
1.94245163240648935e+02
1.94306354089099017e+02
1.94306354089099017e+02
1.94306354089099017e+02
1.94306354089099017e+02
1.93084360745249541e+02
1.93084360745249541e+02
1.93084360745249541e+02
1.93084360745249541e+02
2.00926167446902895e+02
2.00926167446902895e+02
2.00926167446902895e+02
2.00926167446902895e+02
1.94007126956387054e+02
1.94007126956387054e+02
1.94007126956387054e+02
1.94007126956387054e+02
2.00293841042056243e+02
2.00293841042056243e+02
2.00293841042056243e+02
2.00293841042056243e+02
1.98987409587960684e+02
1.98987409587960684e+02
1.98987409587960684e+02
1.98987409587960684e+02
2.01652420688663284e+02
2.01652420688663284e+02
2.01652420688663284e+02
2.01652420688663284e+02
2.05119672334766932e+02
2.05119672334766932e+02
2.05119672334766932e+02
2.05119672334766932e+02
2.03934099974558450e+02
2.03934099974558450e+02
2.03934099974558450e+02
2.03934099974558450e+02
2.00176012337639889e+02
2.00176012337639889e+02
2.00176012337639889e+02
2.00176012337639889e+02
2.01543081672231722e+02
2.01543081672231722e+02
2.01543081672231722e+02
2.01543081672231722e+02
2.01609166487372534e+02
2.01609166487372534e+02
2.01609166487372534e+02
2.01609166487372534e+02
2.00209923425701220e+02
2.00209923425701220e+02
2.00209923425701220e+02
2.00209923425701220e+02
2.01828780162404797e+02
2.01828780162404797e+02
2.01828780162404797e+02
2.01828780162404797e+02
1.96200611231044491e+02
1.96200611231044491e+02
1.96200611231044491e+02
1.96200611231044491e+02
1.96027838914687180e+02
1.96027838914687180e+02
1.96027838914687180e+02
1.96027838914687180e+02
2.01633278131084211e+02
2.01633278131084211e+02
2.01633278131084211e+02
2.01633278131084211e+02
1.99515685005362087e+02
1.99515685005362087e+02
1.99515685005362087e+02
1.99515685005362087e+02
1.97519164571577903e+02
1.97519164571577903e+02
1.97519164571577903e+02
1.97519164571577903e+02
1.97265781007438193e+02
1.97265781007438193e+02
1.97265781007438193e+02
1.97265781007438193e+02
1.90996829888294513e+02
1.90996829888294513e+02
1.90996829888294513e+02
1.90996829888294513e+02
1.96005643516669437e+02
1.96005643516669437e+02
1.96005643516669437e+02
1.96005643516669437e+02
1.92223002754612224e+02
1.92223002754612224e+02
1.92223002754612224e+02
1.92223002754612224e+02
2.06039528939211209e+02
2.06039528939211209e+02
2.06039528939211209e+02
2.06039528939211209e+02
1.94162566376351464e+02
1.94162566376351464e+02
1.94162566376351464e+02
1.94162566376351464e+02
1.93559455199280109e+02
1.93559455199280109e+02
1.93559455199280109e+02
1.93559455199280109e+02
1.97640624752280985e+02
1.97640624752280985e+02
1.97640624752280985e+02
1.97640624752280985e+02
2.06874505003404067e+02
2.06874505003404067e+02
2.06874505003404067e+02
2.06874505003404067e+02
2.03478755955829371e+02
2.03478755955829371e+02
2.03478755955829371e+02
2.03478755955829371e+02
1.97183358014936601e+02
1.97183358014936601e+02
1.97183358014936601e+02
1.97183358014936601e+02
1.97919138818881294e+02
1.97919138818881294e+02
1.97919138818881294e+02
1.97919138818881294e+02
2.00758845980001041e+02
2.00758845980001041e+02
2.00758845980001041e+02
2.00758845980001041e+02
1.97616111659864373e+02
1.97616111659864373e+02
1.97616111659864373e+02
1.97616111659864373e+02
2.03582451868823114e+02
2.03582451868823114e+02
2.03582451868823114e+02
2.03582451868823114e+02
2.02002677665451301e+02
2.02002677665451301e+02
2.02002677665451301e+02
2.02002677665451301e+02
2.00545423035857368e+02
2.00545423035857368e+02
2.00545423035857368e+02
2.00545423035857368e+02
1.97340897094293467e+02
1.97340897094293467e+02
1.97340897094293467e+02
1.97340897094293467e+02
1.95288401111171424e+02
1.95288401111171424e+02
1.95288401111171424e+02
1.95288401111171424e+02
1.98020944920300195e+02
1.98020944920300195e+02
1.98020944920300195e+02
1.98020944920300195e+02
2.08959449619572098e+02
2.08959449619572098e+02
2.08959449619572098e+02
2.08959449619572098e+02
1.99458538438155699e+02
1.99458538438155699e+02
1.99458538438155699e+02
1.99458538438155699e+02
1.94805585466775256e+02
1.94805585466775256e+02
1.94805585466775256e+02
1.94805585466775256e+02
2.00181785559426146e+02
2.00181785559426146e+02
2.00181785559426146e+02
2.00181785559426146e+02
2.01609657693477885e+02
2.01609657693477885e+02
2.01609657693477885e+02
2.01609657693477885e+02
2.04632269110744602e+02
2.04632269110744602e+02
2.04632269110744602e+02
2.04632269110744602e+02
1.98845521939866501e+02
1.98845521939866501e+02
1.98845521939866501e+02
1.98845521939866501e+02
1.96945477163739753e+02
1.96945477163739753e+02
1.96945477163739753e+02
1.96945477163739753e+02
1.98340723365737773e+02
1.98340723365737773e+02
1.98340723365737773e+02
1.98340723365737773e+02
2.03571071966181989e+02
2.03571071966181989e+02
2.03571071966181989e+02
2.03571071966181989e+02
2.01301145380375488e+02
2.01301145380375488e+02
2.01301145380375488e+02
2.01301145380375488e+02
2.06648506054202244e+02
2.06648506054202244e+02
2.06648506054202244e+02
2.06648506054202244e+02
2.04088673618477287e+02
2.04088673618477287e+02
2.04088673618477287e+02
2.04088673618477287e+02
2.02875597730586492e+02
2.02875597730586492e+02
2.02875597730586492e+02
2.02875597730586492e+02
2.00843441934811864e+02
2.00843441934811864e+02
2.00843441934811864e+02
2.00843441934811864e+02
2.06079310027029749e+02
2.06079310027029749e+02
2.06079310027029749e+02
2.06079310027029749e+02
2.01577271461924568e+02
2.01577271461924568e+02
2.01577271461924568e+02
2.01577271461924568e+02
2.01606514216679528e+02
2.01606514216679528e+02
2.01606514216679528e+02
2.01606514216679528e+02
2.01281355969911857e+02
2.01281355969911857e+02
2.01281355969911857e+02
2.01281355969911857e+02
1.97643840344191233e+02
1.97643840344191233e+02
1.97643840344191233e+02
1.97643840344191233e+02
2.06406308211424204e+02
2.06406308211424204e+02
2.06406308211424204e+02
2.06406308211424204e+02
1.98864494300850083e+02
1.98864494300850083e+02
1.98864494300850083e+02
1.98864494300850083e+02
2.02434433829771194e+02
2.02434433829771194e+02
2.02434433829771194e+02
2.02434433829771194e+02
2.01568082271045682e+02
2.01568082271045682e+02
2.01568082271045682e+02
2.01568082271045682e+02
2.01438943084282528e+02
2.01438943084282528e+02
2.01438943084282528e+02
2.01438943084282528e+02
2.00939553773307665e+02
2.00939553773307665e+02
2.00939553773307665e+02
2.00939553773307665e+02
2.04793542489724530e+02
2.04793542489724530e+02
2.04793542489724530e+02
2.04793542489724530e+02
2.06764923429831043e+02
2.06764923429831043e+02
2.06764923429831043e+02
2.06764923429831043e+02
2.05546633422342325e+02
2.05546633422342325e+02
2.05546633422342325e+02
2.05546633422342325e+02
1.99629076498481965e+02
1.99629076498481965e+02
1.99629076498481965e+02
1.99629076498481965e+02
1.97301989284600495e+02
1.97301989284600495e+02
1.97301989284600495e+02
1.97301989284600495e+02
1.98086836952942605e+02
1.98086836952942605e+02
1.98086836952942605e+02
1.98086836952942605e+02
1.99688653843946327e+02
1.99688653843946327e+02
1.99688653843946327e+02
1.99688653843946327e+02
2.00613090454047949e+02
2.00613090454047949e+02
2.00613090454047949e+02
2.00613090454047949e+02
1.98387728017268358e+02
1.98387728017268358e+02
1.98387728017268358e+02
1.98387728017268358e+02
2.02155784261188955e+02
2.02155784261188955e+02
2.02155784261188955e+02
2.02155784261188955e+02
1.96187966374983262e+02
1.96187966374983262e+02
1.96187966374983262e+02
1.96187966374983262e+02
2.02013756127379793e+02
2.02013756127379793e+02
2.02013756127379793e+02
2.02013756127379793e+02
1.98438489599810481e+02
1.98438489599810481e+02
1.98438489599810481e+02
1.98438489599810481e+02
1.99824051595365006e+02
1.99824051595365006e+02
1.99824051595365006e+02
1.99824051595365006e+02
2.03537689610216034e+02
2.03537689610216034e+02
2.03537689610216034e+02
2.03537689610216034e+02
2.03042913707029527e+02
2.03042913707029527e+02
2.03042913707029527e+02
2.03042913707029527e+02
1.97466100161360686e+02
1.97466100161360686e+02
1.97466100161360686e+02
1.97466100161360686e+02
1.98489557872467401e+02
1.98489557872467401e+02
1.98489557872467401e+02
1.98489557872467401e+02
1.98292058340192398e+02
1.98292058340192398e+02
1.98292058340192398e+02
1.98292058340192398e+02
1.93944568043390888e+02
1.93944568043390888e+02
1.93944568043390888e+02
1.93944568043390888e+02
1.96559921391936768e+02
1.96559921391936768e+02
1.96559921391936768e+02
1.96559921391936768e+02
1.92254508939751361e+02
1.92254508939751361e+02
1.92254508939751361e+02
1.92254508939751361e+02
2.06504620112178429e+02
2.06504620112178429e+02
2.06504620112178429e+02
2.06504620112178429e+02
1.99595160073300150e+02
1.99595160073300150e+02
1.99595160073300150e+02
1.99595160073300150e+02
2.07180885040096854e+02
2.07180885040096854e+02
2.07180885040096854e+02
2.07180885040096854e+02
2.01722280085620923e+02
2.01722280085620923e+02
2.01722280085620923e+02
2.01722280085620923e+02
2.08528217640623581e+02
2.08528217640623581e+02
2.08528217640623581e+02
2.08528217640623581e+02
1.99672535907947832e+02
1.99672535907947832e+02
1.99672535907947832e+02
1.99672535907947832e+02
1.94631923619635756e+02
1.94631923619635756e+02
1.94631923619635756e+02
1.94631923619635756e+02
2.03745750698420153e+02
2.03745750698420153e+02
2.03745750698420153e+02
2.03745750698420153e+02
1.98555621807271621e+02
1.98555621807271621e+02
1.98555621807271621e+02
1.98555621807271621e+02
1.97485832287969828e+02
1.97485832287969828e+02
1.97485832287969828e+02
1.97485832287969828e+02
1.97399536576967876e+02
1.97399536576967876e+02
1.97399536576967876e+02
1.97399536576967876e+02
1.97433603491467551e+02
1.97433603491467551e+02
1.97433603491467551e+02
1.97433603491467551e+02
2.02072980733380234e+02
2.02072980733380234e+02
2.02072980733380234e+02
2.02072980733380234e+02
1.99742844956990865e+02
1.99742844956990865e+02
1.99742844956990865e+02
1.99742844956990865e+02
1.98844336118682861e+02
1.98844336118682861e+02
1.98844336118682861e+02
1.98844336118682861e+02
1.96782352707462309e+02
1.96782352707462309e+02
1.96782352707462309e+02
1.96782352707462309e+02
1.97026205690298411e+02
1.97026205690298411e+02
1.97026205690298411e+02
1.97026205690298411e+02
2.00617668931770538e+02
2.00617668931770538e+02
2.00617668931770538e+02
2.00617668931770538e+02
1.99378898738986976e+02
1.99378898738986976e+02
1.99378898738986976e+02
1.99378898738986976e+02
2.01523695533239902e+02
2.01523695533239902e+02
2.01523695533239902e+02
2.01523695533239902e+02
2.03484272680701480e+02
2.03484272680701480e+02
2.03484272680701480e+02
2.03484272680701480e+02
1.99591310670961036e+02
1.99591310670961036e+02
1.99591310670961036e+02
1.99591310670961036e+02
1.96948910528766305e+02
1.96948910528766305e+02
1.96948910528766305e+02
1.96948910528766305e+02
1.95844112676502220e+02
1.95844112676502220e+02
1.95844112676502220e+02
1.95844112676502220e+02
1.97874845668108208e+02
1.97874845668108208e+02
1.97874845668108208e+02
1.97874845668108208e+02
1.98203923345919605e+02
1.98203923345919605e+02
1.98203923345919605e+02
1.98203923345919605e+02
2.00430668728975149e+02
2.00430668728975149e+02
2.00430668728975149e+02
2.00430668728975149e+02
1.96415546442055557e+02
1.96415546442055557e+02
1.96415546442055557e+02
1.96415546442055557e+02
1.99248725685485113e+02
1.99248725685485113e+02
1.99248725685485113e+02
1.99248725685485113e+02
2.00551617631894544e+02
2.00551617631894544e+02
2.00551617631894544e+02
2.00551617631894544e+02
2.01224794012031708e+02
2.01224794012031708e+02
2.01224794012031708e+02
2.01224794012031708e+02
1.96517926418381421e+02
1.96517926418381421e+02
1.96517926418381421e+02
1.96517926418381421e+02
1.99099237044682610e+02
1.99099237044682610e+02
1.99099237044682610e+02
1.99099237044682610e+02
2.01122532485595599e+02
2.01122532485595599e+02
2.01122532485595599e+02
2.01122532485595599e+02
2.00970615698091592e+02
2.00970615698091592e+02
2.00970615698091592e+02
2.00970615698091592e+02
1.97793790145569517e+02
1.97793790145569517e+02
1.97793790145569517e+02
1.97793790145569517e+02
1.99667878449999023e+02
1.99667878449999023e+02
1.99667878449999023e+02
1.99667878449999023e+02
1.91566306817469155e+02
1.91566306817469155e+02
1.91566306817469155e+02
1.91566306817469155e+02
1.94223913295049556e+02
1.94223913295049556e+02
1.94223913295049556e+02
1.94223913295049556e+02
1.97964253739273943e+02
1.97964253739273943e+02
1.97964253739273943e+02
1.97964253739273943e+02
1.97365096431745457e+02
1.97365096431745457e+02
1.97365096431745457e+02
1.97365096431745457e+02
1.96512160381608368e+02
1.96512160381608368e+02
1.96512160381608368e+02
1.96512160381608368e+02
1.97381934917936690e+02
1.97381934917936690e+02
1.97381934917936690e+02
1.97381934917936690e+02
1.97826278900518929e+02
1.97826278900518929e+02
1.97826278900518929e+02
1.97826278900518929e+02
2.02558220547038388e+02
2.02558220547038388e+02
2.02558220547038388e+02
2.02558220547038388e+02
2.02673306245325364e+02
2.02673306245325364e+02
2.02673306245325364e+02
2.02673306245325364e+02
2.01657990045173335e+02
2.01657990045173335e+02
2.01657990045173335e+02
2.01657990045173335e+02
2.06242362599613330e+02
2.06242362599613330e+02
2.06242362599613330e+02
2.06242362599613330e+02
2.02868449743273970e+02
2.02868449743273970e+02
2.02868449743273970e+02
2.02868449743273970e+02
2.04324757355155924e+02
2.04324757355155924e+02
2.04324757355155924e+02
2.04324757355155924e+02
2.02507285875306621e+02
2.02507285875306621e+02
2.02507285875306621e+02
2.02507285875306621e+02
2.08290769950300927e+02
2.08290769950300927e+02
2.08290769950300927e+02
2.08290769950300927e+02
2.01555484372868506e+02
2.01555484372868506e+02
2.01555484372868506e+02
2.01555484372868506e+02
1.97161423972247121e+02
1.97161423972247121e+02
1.97161423972247121e+02
1.97161423972247121e+02
1.98479313781895485e+02
1.98479313781895485e+02
1.98479313781895485e+02
1.98479313781895485e+02
2.03350231940421082e+02
2.03350231940421082e+02
2.03350231940421082e+02
2.03350231940421082e+02
1.96290998944746093e+02
1.96290998944746093e+02
1.96290998944746093e+02
1.96290998944746093e+02
1.95294101154810704e+02
1.95294101154810704e+02
1.95294101154810704e+02
1.95294101154810704e+02
2.02273839281059708e+02
2.02273839281059708e+02
2.02273839281059708e+02
2.02273839281059708e+02
1.97670204960072169e+02
1.97670204960072169e+02
1.97670204960072169e+02
1.97670204960072169e+02
1.98378094056410475e+02
1.98378094056410475e+02
1.98378094056410475e+02
1.98378094056410475e+02
2.01975121228013819e+02
2.01975121228013819e+02
2.01975121228013819e+02
2.01975121228013819e+02
1.95228264814593558e+02
1.95228264814593558e+02
1.95228264814593558e+02
1.95228264814593558e+02
1.98463811419447183e+02
1.98463811419447183e+02
1.98463811419447183e+02
1.98463811419447183e+02
1.99566575205091056e+02
1.99566575205091056e+02
1.99566575205091056e+02
1.99566575205091056e+02
2.00837290535711816e+02
2.00837290535711816e+02
2.00837290535711816e+02
2.00837290535711816e+02
2.00675266151836183e+02
2.00675266151836183e+02
2.00675266151836183e+02
2.00675266151836183e+02
1.94491639063404676e+02
1.94491639063404676e+02
1.94491639063404676e+02
1.94491639063404676e+02
1.94429129962516129e+02
1.94429129962516129e+02
1.94429129962516129e+02
1.94429129962516129e+02
1.90764265144742922e+02
1.90764265144742922e+02
1.90764265144742922e+02
1.90764265144742922e+02
1.92953091502505799e+02
1.92953091502505799e+02
1.92953091502505799e+02
1.92953091502505799e+02
1.96827908769632018e+02
1.96827908769632018e+02
1.96827908769632018e+02
1.96827908769632018e+02
1.94718491283736853e+02
1.94718491283736853e+02
1.94718491283736853e+02
1.94718491283736853e+02
1.92507758102158306e+02
1.92507758102158306e+02
1.92507758102158306e+02
1.92507758102158306e+02
1.93746218123344164e+02
1.93746218123344164e+02
1.93746218123344164e+02
1.93746218123344164e+02
2.00622133758254506e+02
2.00622133758254506e+02
2.00622133758254506e+02
2.00622133758254506e+02
2.01662652329186216e+02
2.01662652329186216e+02
2.01662652329186216e+02
2.01662652329186216e+02
1.97992625825515745e+02
1.97992625825515745e+02
1.97992625825515745e+02
1.97992625825515745e+02
2.05028177871737086e+02
2.05028177871737086e+02
2.05028177871737086e+02
2.05028177871737086e+02
2.06694722099054331e+02
2.06694722099054331e+02
2.06694722099054331e+02
2.06694722099054331e+02
2.02021148465979678e+02
2.02021148465979678e+02
2.02021148465979678e+02
2.02021148465979678e+02
2.00407955823291019e+02
2.00407955823291019e+02
2.00407955823291019e+02
2.00407955823291019e+02
2.01951515277411232e+02
2.01951515277411232e+02
2.01951515277411232e+02
2.01951515277411232e+02
2.00456465801325038e+02
2.00456465801325038e+02
2.00456465801325038e+02
2.00456465801325038e+02
2.04814499830756176e+02
2.04814499830756176e+02
2.04814499830756176e+02
2.04814499830756176e+02
2.02983655792118896e+02
2.02983655792118896e+02
2.02983655792118896e+02
2.02983655792118896e+02
1.96988038171501273e+02
1.96988038171501273e+02
1.96988038171501273e+02
1.96988038171501273e+02
1.98551789707157752e+02
1.98551789707157752e+02
1.98551789707157752e+02
1.98551789707157752e+02
2.00256212886506063e+02
2.00256212886506063e+02
2.00256212886506063e+02
2.00256212886506063e+02
2.06742383111769243e+02
2.06742383111769243e+02
2.06742383111769243e+02
2.06742383111769243e+02
1.98828786473847089e+02
1.98828786473847089e+02
1.98828786473847089e+02
1.98828786473847089e+02
2.02398965303737072e+02
2.02398965303737072e+02
2.02398965303737072e+02
2.02398965303737072e+02
2.03031831356929814e+02
2.03031831356929814e+02
2.03031831356929814e+02
2.03031831356929814e+02
1.97751927759669456e+02
1.97751927759669456e+02
1.97751927759669456e+02
1.97751927759669456e+02
2.04803076308775644e+02
2.04803076308775644e+02
2.04803076308775644e+02
2.04803076308775644e+02
1.98107027793705868e+02
1.98107027793705868e+02
1.98107027793705868e+02
1.98107027793705868e+02
2.05863204761217446e+02
2.05863204761217446e+02
2.05863204761217446e+02
2.05863204761217446e+02
2.02384894026417413e+02
2.02384894026417413e+02
2.02384894026417413e+02
2.02384894026417413e+02
2.05504156303702814e+02
2.05504156303702814e+02
2.05504156303702814e+02
2.05504156303702814e+02
1.99234960522948171e+02
1.99234960522948171e+02
1.99234960522948171e+02
1.99234960522948171e+02
1.98777547771621386e+02
1.98777547771621386e+02
1.98777547771621386e+02
1.98777547771621386e+02
1.99454968304656603e+02
1.99454968304656603e+02
1.99454968304656603e+02
1.99454968304656603e+02
1.96385611786056387e+02
1.96385611786056387e+02
1.96385611786056387e+02
1.96385611786056387e+02
1.98639446372511856e+02
1.98639446372511856e+02
1.98639446372511856e+02
1.98639446372511856e+02
2.04995815095463684e+02
2.04995815095463684e+02
2.04995815095463684e+02
2.04995815095463684e+02
2.09342705902178892e+02
2.09342705902178892e+02
2.09342705902178892e+02
2.09342705902178892e+02
1.99407647774728730e+02
1.99407647774728730e+02
1.99407647774728730e+02
1.99407647774728730e+02
2.06980018678668728e+02
2.06980018678668728e+02
2.06980018678668728e+02
2.06980018678668728e+02
2.02875297053002811e+02
2.02875297053002811e+02
2.02875297053002811e+02
2.02875297053002811e+02
2.04848533666524560e+02
2.04848533666524560e+02
2.04848533666524560e+02
2.04848533666524560e+02
2.10466207443707191e+02
2.10466207443707191e+02
2.10466207443707191e+02
2.10466207443707191e+02
2.03669031815867839e+02
2.03669031815867839e+02
2.03669031815867839e+02
2.03669031815867839e+02
2.08992646551333678e+02
2.08992646551333678e+02
2.08992646551333678e+02
2.08992646551333678e+02
2.00911010910145421e+02
2.00911010910145421e+02
2.00911010910145421e+02
2.00911010910145421e+02
2.02462021614317024e+02
2.02462021614317024e+02
2.02462021614317024e+02
2.02462021614317024e+02
2.02372985642416381e+02
2.02372985642416381e+02
2.02372985642416381e+02
2.02372985642416381e+02
2.09953330516788498e+02
2.09953330516788498e+02
2.09953330516788498e+02
2.09953330516788498e+02
1.99722987154400727e+02
1.99722987154400727e+02
1.99722987154400727e+02
1.99722987154400727e+02
2.02000214257185348e+02
2.02000214257185348e+02
2.02000214257185348e+02
2.02000214257185348e+02
2.01026030026238828e+02
2.01026030026238828e+02
2.01026030026238828e+02
2.01026030026238828e+02
1.93691182671331916e+02
1.93691182671331916e+02
1.93691182671331916e+02
1.93691182671331916e+02
1.95536560121122562e+02
1.95536560121122562e+02
1.95536560121122562e+02
1.95536560121122562e+02
1.99007696149266337e+02
1.99007696149266337e+02
1.99007696149266337e+02
1.99007696149266337e+02
1.96001782560528881e+02
1.96001782560528881e+02
1.96001782560528881e+02
1.96001782560528881e+02
1.93875259157710332e+02
1.93875259157710332e+02
1.93875259157710332e+02
1.93875259157710332e+02
1.95667215238180063e+02
1.95667215238180063e+02
1.95667215238180063e+02
1.95667215238180063e+02
1.92944784197167223e+02
1.92944784197167223e+02
1.92944784197167223e+02
1.92944784197167223e+02
1.91294124142476136e+02
1.91294124142476136e+02
1.91294124142476136e+02
1.91294124142476136e+02
2.01440456175151979e+02
2.01440456175151979e+02
2.01440456175151979e+02
2.01440456175151979e+02
1.99320196776769649e+02
1.99320196776769649e+02
1.99320196776769649e+02
1.99320196776769649e+02
2.01873171401404591e+02
2.01873171401404591e+02
2.01873171401404591e+02
2.01873171401404591e+02
1.94400873365728813e+02
1.94400873365728813e+02
1.94400873365728813e+02
1.94400873365728813e+02
1.93453565211483209e+02
1.93453565211483209e+02
1.93453565211483209e+02
1.93453565211483209e+02
1.97193994605987399e+02
1.97193994605987399e+02
1.97193994605987399e+02
1.97193994605987399e+02
1.97635235337222980e+02
1.97635235337222980e+02
1.97635235337222980e+02
1.97635235337222980e+02
1.99306161369861996e+02
1.99306161369861996e+02
1.99306161369861996e+02
1.99306161369861996e+02
2.04355727857567416e+02
2.04355727857567416e+02
2.04355727857567416e+02
2.04355727857567416e+02
2.06549350456096249e+02
2.06549350456096249e+02
2.06549350456096249e+02
2.06549350456096249e+02
2.00912149508743568e+02
2.00912149508743568e+02
2.00912149508743568e+02
2.00912149508743568e+02
1.95428415044773743e+02
1.95428415044773743e+02
1.95428415044773743e+02
1.95428415044773743e+02
1.99874147639070316e+02
1.99874147639070316e+02
1.99874147639070316e+02
1.99874147639070316e+02
1.97696645763174274e+02
1.97696645763174274e+02
1.97696645763174274e+02
1.97696645763174274e+02
1.95093061206685121e+02
1.95093061206685121e+02
1.95093061206685121e+02
1.95093061206685121e+02
2.01384851906257978e+02
2.01384851906257978e+02
2.01384851906257978e+02
2.01384851906257978e+02
2.05480698873915202e+02
2.05480698873915202e+02
2.05480698873915202e+02
2.05480698873915202e+02
2.00220348806749968e+02
2.00220348806749968e+02
2.00220348806749968e+02
2.00220348806749968e+02
1.96923261363110186e+02
1.96923261363110186e+02
1.96923261363110186e+02
1.96923261363110186e+02
2.01382767098640358e+02
2.01382767098640358e+02
2.01382767098640358e+02
2.01382767098640358e+02
1.96657639362757777e+02
1.96657639362757777e+02
1.96657639362757777e+02
1.96657639362757777e+02
2.00427401276878811e+02
2.00427401276878811e+02
2.00427401276878811e+02
2.00427401276878811e+02
2.02141215029384711e+02
2.02141215029384711e+02
2.02141215029384711e+02
2.02141215029384711e+02
1.99263883558380172e+02
1.99263883558380172e+02
1.99263883558380172e+02
1.99263883558380172e+02
1.96321951252364101e+02
1.96321951252364101e+02
1.96321951252364101e+02
1.96321951252364101e+02
2.01780023805959473e+02
2.01780023805959473e+02
2.01780023805959473e+02
2.01780023805959473e+02
2.00658265078952894e+02
2.00658265078952894e+02
2.00658265078952894e+02
2.00658265078952894e+02
2.00066427073218961e+02
2.00066427073218961e+02
2.00066427073218961e+02
2.00066427073218961e+02
2.05568307456808611e+02
2.05568307456808611e+02
2.05568307456808611e+02
2.05568307456808611e+02
2.06302567089544311e+02
2.06302567089544311e+02
2.06302567089544311e+02
2.06302567089544311e+02
1.99250010522543164e+02
1.99250010522543164e+02
1.99250010522543164e+02
1.99250010522543164e+02
1.94335323286823410e+02
1.94335323286823410e+02
1.94335323286823410e+02
1.94335323286823410e+02
2.03834867969608496e+02
2.03834867969608496e+02
2.03834867969608496e+02
2.03834867969608496e+02
2.03623290137548736e+02
2.03623290137548736e+02
2.03623290137548736e+02
2.03623290137548736e+02
2.05513000619592930e+02
2.05513000619592930e+02
2.05513000619592930e+02
2.05513000619592930e+02
2.06017284021698146e+02
2.06017284021698146e+02
2.06017284021698146e+02
2.06017284021698146e+02
2.07723275525588321e+02
2.07723275525588321e+02
2.07723275525588321e+02
2.07723275525588321e+02
2.06019129150071848e+02
2.06019129150071848e+02
2.06019129150071848e+02
2.06019129150071848e+02
2.05046144639698781e+02
2.05046144639698781e+02
2.05046144639698781e+02
2.05046144639698781e+02
2.04639590419140120e+02
2.04639590419140120e+02
2.04639590419140120e+02
2.04639590419140120e+02
1.95018524448839742e+02
1.95018524448839742e+02
1.95018524448839742e+02
1.95018524448839742e+02
2.01700488037195782e+02
2.01700488037195782e+02
2.01700488037195782e+02
2.01700488037195782e+02
1.97915294423485136e+02
1.97915294423485136e+02
1.97915294423485136e+02
1.97915294423485136e+02
1.99357173686970413e+02
1.99357173686970413e+02
1.99357173686970413e+02
1.99357173686970413e+02
2.06534996040319527e+02
2.06534996040319527e+02
2.06534996040319527e+02
2.06534996040319527e+02
2.09548357611072390e+02
2.09548357611072390e+02
2.09548357611072390e+02
2.09548357611072390e+02
2.00977098992215190e+02
2.00977098992215190e+02
2.00977098992215190e+02
2.00977098992215190e+02
2.04973088219241447e+02
2.04973088219241447e+02
2.04973088219241447e+02
2.04973088219241447e+02
2.06660182720332244e+02
2.06660182720332244e+02
2.06660182720332244e+02
2.06660182720332244e+02
2.08969334021620028e+02
2.08969334021620028e+02
2.08969334021620028e+02
2.08969334021620028e+02
1.99443517827981537e+02
1.99443517827981537e+02
1.99443517827981537e+02
1.99443517827981537e+02
2.04825474481142550e+02
2.04825474481142550e+02
2.04825474481142550e+02
2.04825474481142550e+02
2.08373940773382031e+02
2.08373940773382031e+02
2.08373940773382031e+02
2.08373940773382031e+02
2.08963587762438721e+02
2.08963587762438721e+02
2.08963587762438721e+02
2.08963587762438721e+02
2.09220205805330608e+02
2.09220205805330608e+02
2.09220205805330608e+02
2.09220205805330608e+02
2.07927128696293209e+02
2.07927128696293209e+02
2.07927128696293209e+02
2.07927128696293209e+02
2.03298468297797200e+02
2.03298468297797200e+02
2.03298468297797200e+02
2.03298468297797200e+02
2.00295323043929699e+02
2.00295323043929699e+02
2.00295323043929699e+02
2.00295323043929699e+02
2.08952637102222212e+02
2.08952637102222212e+02
2.08952637102222212e+02
2.08952637102222212e+02
1.98732532221725847e+02
1.98732532221725847e+02
1.98732532221725847e+02
1.98732532221725847e+02
2.04603660995809406e+02
2.04603660995809406e+02
2.04603660995809406e+02
2.04603660995809406e+02
1.94405260832865395e+02
1.94405260832865395e+02
1.94405260832865395e+02
1.94405260832865395e+02
2.03546683244310344e+02
2.03546683244310344e+02
2.03546683244310344e+02
2.03546683244310344e+02
2.01217431659056501e+02
2.01217431659056501e+02
2.01217431659056501e+02
2.01217431659056501e+02
2.07053257784113271e+02
2.07053257784113271e+02
2.07053257784113271e+02
2.07053257784113271e+02
2.03603716111489746e+02
2.03603716111489746e+02
2.03603716111489746e+02
2.03603716111489746e+02
2.06832051591054352e+02
2.06832051591054352e+02
2.06832051591054352e+02
2.06832051591054352e+02
2.04066369386482080e+02
2.04066369386482080e+02
2.04066369386482080e+02
2.04066369386482080e+02
2.04725980065548839e+02
2.04725980065548839e+02
2.04725980065548839e+02
2.04725980065548839e+02
2.04485382099943990e+02
2.04485382099943990e+02
2.04485382099943990e+02
2.04485382099943990e+02
2.00411291470139304e+02
2.00411291470139304e+02
2.00411291470139304e+02
2.00411291470139304e+02
2.03838243363817298e+02
2.03838243363817298e+02
2.03838243363817298e+02
2.03838243363817298e+02
1.94491736342989384e+02
1.94491736342989384e+02
1.94491736342989384e+02
1.94491736342989384e+02
2.03237554416203096e+02
2.03237554416203096e+02
2.03237554416203096e+02
2.03237554416203096e+02
1.93444920029812067e+02
1.93444920029812067e+02
1.93444920029812067e+02
1.93444920029812067e+02
2.00345125863474323e+02
2.00345125863474323e+02
2.00345125863474323e+02
2.00345125863474323e+02
1.98946419665569437e+02
1.98946419665569437e+02
1.98946419665569437e+02
1.98946419665569437e+02
1.94072201583257851e+02
1.94072201583257851e+02
1.94072201583257851e+02
1.94072201583257851e+02
1.99867924884580987e+02
1.99867924884580987e+02
1.99867924884580987e+02
1.99867924884580987e+02
2.00543026424276945e+02
2.00543026424276945e+02
2.00543026424276945e+02
2.00543026424276945e+02
2.07358606183512762e+02
2.07358606183512762e+02
2.07358606183512762e+02
2.07358606183512762e+02
2.00460669335139016e+02
2.00460669335139016e+02
2.00460669335139016e+02
2.00460669335139016e+02
1.94323612519389258e+02
1.94323612519389258e+02
1.94323612519389258e+02
1.94323612519389258e+02
1.93001149527667309e+02
1.93001149527667309e+02
1.93001149527667309e+02
1.93001149527667309e+02
2.06850891776946185e+02
2.06850891776946185e+02
2.06850891776946185e+02
2.06850891776946185e+02
1.95707219199363578e+02
1.95707219199363578e+02
1.95707219199363578e+02
1.95707219199363578e+02
1.99305798552959175e+02
1.99305798552959175e+02
1.99305798552959175e+02
1.99305798552959175e+02
2.07977661671239758e+02
2.07977661671239758e+02
2.07977661671239758e+02
2.07977661671239758e+02
2.02840174372889862e+02
2.02840174372889862e+02
2.02840174372889862e+02
2.02840174372889862e+02
2.03433218387647941e+02
2.03433218387647941e+02
2.03433218387647941e+02
2.03433218387647941e+02
1.99458136680667394e+02
1.99458136680667394e+02
1.99458136680667394e+02
1.99458136680667394e+02
1.97207521136541516e+02
1.97207521136541516e+02
1.97207521136541516e+02
1.97207521136541516e+02
1.97714519719820373e+02
1.97714519719820373e+02
1.97714519719820373e+02
1.97714519719820373e+02
1.98151909346991687e+02
1.98151909346991687e+02
1.98151909346991687e+02
1.98151909346991687e+02
1.98423724971174408e+02
1.98423724971174408e+02
1.98423724971174408e+02
1.98423724971174408e+02
1.98170385637285563e+02
1.98170385637285563e+02
1.98170385637285563e+02
1.98170385637285563e+02
2.03545314873764738e+02
2.03545314873764738e+02
2.03545314873764738e+02
2.03545314873764738e+02
2.02745157553440521e+02
2.02745157553440521e+02
2.02745157553440521e+02
2.02745157553440521e+02
2.04789468275850169e+02
2.04789468275850169e+02
2.04789468275850169e+02
2.04789468275850169e+02
2.07755350565518995e+02
2.07755350565518995e+02
2.07755350565518995e+02
2.07755350565518995e+02
2.04327649048635038e+02
2.04327649048635038e+02
2.04327649048635038e+02
2.04327649048635038e+02
2.04867759269050197e+02
2.04867759269050197e+02
2.04867759269050197e+02
2.04867759269050197e+02
2.02783021277201556e+02
2.02783021277201556e+02
2.02783021277201556e+02
2.02783021277201556e+02
1.97317328326197696e+02
1.97317328326197696e+02
1.97317328326197696e+02
1.97317328326197696e+02
1.97438298138762633e+02
1.97438298138762633e+02
1.97438298138762633e+02
1.97438298138762633e+02
2.02707806581258012e+02
2.02707806581258012e+02
2.02707806581258012e+02
2.02707806581258012e+02
2.06991688380399665e+02
2.06991688380399665e+02
2.06991688380399665e+02
2.06991688380399665e+02
2.03669770125174040e+02
2.03669770125174040e+02
2.03669770125174040e+02
2.03669770125174040e+02
1.97122904929226962e+02
1.97122904929226962e+02
1.97122904929226962e+02
1.97122904929226962e+02
1.98513189352397234e+02
1.98513189352397234e+02
1.98513189352397234e+02
1.98513189352397234e+02
1.98932870615003509e+02
1.98932870615003509e+02
1.98932870615003509e+02
1.98932870615003509e+02
1.96586078828573022e+02
1.96586078828573022e+02
1.96586078828573022e+02
1.96586078828573022e+02
1.98672880614455778e+02
1.98672880614455778e+02
1.98672880614455778e+02
1.98672880614455778e+02
1.99102156668908805e+02
1.99102156668908805e+02
1.99102156668908805e+02
1.99102156668908805e+02
2.04197845020670741e+02
2.04197845020670741e+02
2.04197845020670741e+02
2.04197845020670741e+02
2.00409768907459352e+02
2.00409768907459352e+02
2.00409768907459352e+02
2.00409768907459352e+02
1.97305670020312277e+02
1.97305670020312277e+02
1.97305670020312277e+02
1.97305670020312277e+02
2.01865990642069193e+02
2.01865990642069193e+02
2.01865990642069193e+02
2.01865990642069193e+02
2.00494031977435213e+02
2.00494031977435213e+02
2.00494031977435213e+02
2.00494031977435213e+02
1.98892641114179639e+02
1.98892641114179639e+02
1.98892641114179639e+02
1.98892641114179639e+02
1.99316554225475215e+02
1.99316554225475215e+02
1.99316554225475215e+02
1.99316554225475215e+02
2.03768921836595496e+02
2.03768921836595496e+02
2.03768921836595496e+02
2.03768921836595496e+02
2.01280952954311033e+02
2.01280952954311033e+02
2.01280952954311033e+02
2.01280952954311033e+02
2.04667109860701885e+02
2.04667109860701885e+02
2.04667109860701885e+02
2.04667109860701885e+02
2.03060448232919015e+02
2.03060448232919015e+02
2.03060448232919015e+02
2.03060448232919015e+02
2.04392537021345049e+02
2.04392537021345049e+02
2.04392537021345049e+02
2.04392537021345049e+02
2.02304402402915628e+02
2.02304402402915628e+02
2.02304402402915628e+02
2.02304402402915628e+02
2.02210340865794194e+02
2.02210340865794194e+02
2.02210340865794194e+02
2.02210340865794194e+02
1.99294904855793192e+02
1.99294904855793192e+02
1.99294904855793192e+02
1.99294904855793192e+02
2.01044838486084473e+02
2.01044838486084473e+02
2.01044838486084473e+02
2.01044838486084473e+02
1.89711377829435094e+02
1.89711377829435094e+02
1.89711377829435094e+02
1.89711377829435094e+02
2.04079273992454006e+02
2.04079273992454006e+02
2.04079273992454006e+02
2.04079273992454006e+02
2.02165928561187513e+02
2.02165928561187513e+02
2.02165928561187513e+02
2.02165928561187513e+02
1.95634914188984908e+02
1.95634914188984908e+02
1.95634914188984908e+02
1.95634914188984908e+02
1.96416871492779705e+02
1.96416871492779705e+02
1.96416871492779705e+02
1.96416871492779705e+02
1.96867613777736551e+02
1.96867613777736551e+02
1.96867613777736551e+02
1.96867613777736551e+02
1.95424638926976229e+02
1.95424638926976229e+02
1.95424638926976229e+02
1.95424638926976229e+02
2.01972994045833246e+02
2.01972994045833246e+02
2.01972994045833246e+02
2.01972994045833246e+02
2.05112713188053363e+02
2.05112713188053363e+02
2.05112713188053363e+02
2.05112713188053363e+02
2.02507702359691365e+02
2.02507702359691365e+02
2.02507702359691365e+02
2.02507702359691365e+02
1.94128155708853598e+02
1.94128155708853598e+02
1.94128155708853598e+02
1.94128155708853598e+02
2.06909607452215255e+02
2.06909607452215255e+02
2.06909607452215255e+02
2.06909607452215255e+02
2.07164279813513048e+02
2.07164279813513048e+02
2.07164279813513048e+02
2.07164279813513048e+02
2.07174611962675073e+02
2.07174611962675073e+02
2.07174611962675073e+02
2.07174611962675073e+02
2.02434161692421867e+02
2.02434161692421867e+02
2.02434161692421867e+02
2.02434161692421867e+02
2.03279285693921850e+02
2.03279285693921850e+02
2.03279285693921850e+02
2.03279285693921850e+02
1.98072068150910439e+02
1.98072068150910439e+02
1.98072068150910439e+02
1.98072068150910439e+02
2.01359707311871915e+02
2.01359707311871915e+02
2.01359707311871915e+02
2.01359707311871915e+02
1.98780057733934086e+02
1.98780057733934086e+02
1.98780057733934086e+02
1.98780057733934086e+02
1.95518047094939988e+02
1.95518047094939988e+02
1.95518047094939988e+02
1.95518047094939988e+02
2.05110220349501589e+02
2.05110220349501589e+02
2.05110220349501589e+02
2.05110220349501589e+02
1.96512738005836553e+02
1.96512738005836553e+02
1.96512738005836553e+02
1.96512738005836553e+02
1.95248973010769674e+02
1.95248973010769674e+02
1.95248973010769674e+02
1.95248973010769674e+02
1.99411425942547993e+02
1.99411425942547993e+02
1.99411425942547993e+02
1.99411425942547993e+02
2.02843310225542780e+02
2.02843310225542780e+02
2.02843310225542780e+02
2.02843310225542780e+02
1.94652347166700793e+02
1.94652347166700793e+02
1.94652347166700793e+02
1.94652347166700793e+02
2.00474453734028771e+02
2.00474453734028771e+02
2.00474453734028771e+02
2.00474453734028771e+02
1.95170686932719349e+02
1.95170686932719349e+02
1.95170686932719349e+02
1.95170686932719349e+02
2.08200412601453621e+02
2.08200412601453621e+02
2.08200412601453621e+02
2.08200412601453621e+02
1.93293895418309631e+02
1.93293895418309631e+02
1.93293895418309631e+02
1.93293895418309631e+02
1.91696782445687347e+02
1.91696782445687347e+02
1.91696782445687347e+02
1.91696782445687347e+02
1.96906796031962159e+02
1.96906796031962159e+02
1.96906796031962159e+02
1.96906796031962159e+02
1.97541430671437070e+02
1.97541430671437070e+02
1.97541430671437070e+02
1.97541430671437070e+02
2.03706097778296396e+02
2.03706097778296396e+02
2.03706097778296396e+02
2.03706097778296396e+02
2.04012474556151091e+02
2.04012474556151091e+02
2.04012474556151091e+02
2.04012474556151091e+02
2.02583290005142516e+02
2.02583290005142516e+02
2.02583290005142516e+02
2.02583290005142516e+02
1.99928390951177875e+02
1.99928390951177875e+02
1.99928390951177875e+02
1.99928390951177875e+02
2.00103664508285306e+02
2.00103664508285306e+02
2.00103664508285306e+02
2.00103664508285306e+02
1.99442819728371973e+02
1.99442819728371973e+02
1.99442819728371973e+02
1.99442819728371973e+02
1.96606133652299576e+02
1.96606133652299576e+02
1.96606133652299576e+02
1.96606133652299576e+02
1.99739737916465685e+02
1.99739737916465685e+02
1.99739737916465685e+02
1.99739737916465685e+02
1.93152852159206248e+02
1.93152852159206248e+02
1.93152852159206248e+02
1.93152852159206248e+02
2.01440227923699098e+02
2.01440227923699098e+02
2.01440227923699098e+02
2.01440227923699098e+02
1.96912667008711338e+02
1.96912667008711338e+02
1.96912667008711338e+02
1.96912667008711338e+02
1.96003534232667022e+02
1.96003534232667022e+02
1.96003534232667022e+02
1.96003534232667022e+02
1.96593457636608974e+02
1.96593457636608974e+02
1.96593457636608974e+02
1.96593457636608974e+02
1.97601939805185367e+02
1.97601939805185367e+02
1.97601939805185367e+02
1.97601939805185367e+02
1.97945030604041762e+02
1.97945030604041762e+02
1.97945030604041762e+02
1.97945030604041762e+02
1.94580796486826415e+02
1.94580796486826415e+02
1.94580796486826415e+02
1.94580796486826415e+02
1.98150966385434998e+02
1.98150966385434998e+02
1.98150966385434998e+02
1.98150966385434998e+02
1.95496296052710846e+02
1.95496296052710846e+02
1.95496296052710846e+02
1.95496296052710846e+02
1.93413591180019012e+02
1.93413591180019012e+02
1.93413591180019012e+02
1.93413591180019012e+02
1.90910711667248194e+02
1.90910711667248194e+02
1.90910711667248194e+02
1.90910711667248194e+02
1.94343490285675614e+02
1.94343490285675614e+02
1.94343490285675614e+02
1.94343490285675614e+02
1.93655818335663326e+02
1.93655818335663326e+02
1.93655818335663326e+02
1.93655818335663326e+02
1.95651140867984424e+02
1.95651140867984424e+02
1.95651140867984424e+02
1.95651140867984424e+02
1.94844958606303919e+02
1.94844958606303919e+02
1.94844958606303919e+02
1.94844958606303919e+02
1.99909429095554771e+02
1.99909429095554771e+02
1.99909429095554771e+02
1.99909429095554771e+02
1.96689003409035422e+02
1.96689003409035422e+02
1.96689003409035422e+02
1.96689003409035422e+02
1.97945887237103420e+02
1.97945887237103420e+02
1.97945887237103420e+02
1.97945887237103420e+02
2.00564659976355784e+02
2.00564659976355784e+02
2.00564659976355784e+02
2.00564659976355784e+02
2.06903317422022297e+02
2.06903317422022297e+02
2.06903317422022297e+02
2.06903317422022297e+02
1.96380623876013487e+02
1.96380623876013487e+02
1.96380623876013487e+02
1.96380623876013487e+02
2.01845667870570310e+02
2.01845667870570310e+02
2.01845667870570310e+02
2.01845667870570310e+02
2.04789847743682714e+02
2.04789847743682714e+02
2.04789847743682714e+02
2.04789847743682714e+02
2.01398763791709172e+02
2.01398763791709172e+02
2.01398763791709172e+02
2.01398763791709172e+02
1.97817772302535246e+02
1.97817772302535246e+02
1.97817772302535246e+02
1.97817772302535246e+02
1.97103634095200277e+02
1.97103634095200277e+02
1.97103634095200277e+02
1.97103634095200277e+02
1.98189848594035908e+02
1.98189848594035908e+02
1.98189848594035908e+02
1.98189848594035908e+02
1.90547566608383960e+02
1.90547566608383960e+02
1.90547566608383960e+02
1.90547566608383960e+02
1.91700700062526067e+02
1.91700700062526067e+02
1.91700700062526067e+02
1.91700700062526067e+02
1.94796490550363302e+02
1.94796490550363302e+02
1.94796490550363302e+02
1.94796490550363302e+02
1.94460881332659341e+02
1.94460881332659341e+02
1.94460881332659341e+02
1.94460881332659341e+02
1.92763990915277617e+02
1.92763990915277617e+02
1.92763990915277617e+02
1.92763990915277617e+02
1.95909748859834821e+02
1.95909748859834821e+02
1.95909748859834821e+02
1.95909748859834821e+02
1.94586798802936443e+02
1.94586798802936443e+02
1.94586798802936443e+02
1.94586798802936443e+02
1.97758709372680045e+02
1.97758709372680045e+02
1.97758709372680045e+02
1.97758709372680045e+02
1.93710619144568199e+02
1.93710619144568199e+02
1.93710619144568199e+02
1.93710619144568199e+02
1.97804986654323699e+02
1.97804986654323699e+02
1.97804986654323699e+02
1.97804986654323699e+02
2.00674351684761547e+02
2.00674351684761547e+02
2.00674351684761547e+02
2.00674351684761547e+02
2.02138517905913943e+02
2.02138517905913943e+02
2.02138517905913943e+02
2.02138517905913943e+02
2.02332494077363066e+02
2.02332494077363066e+02
2.02332494077363066e+02
2.02332494077363066e+02
1.97349741263133808e+02
1.97349741263133808e+02
1.97349741263133808e+02
1.97349741263133808e+02
1.99454151220696531e+02
1.99454151220696531e+02
1.99454151220696531e+02
1.99454151220696531e+02
2.00985844806159548e+02
2.00985844806159548e+02
2.00985844806159548e+02
2.00985844806159548e+02
1.97354020264553895e+02
1.97354020264553895e+02
1.97354020264553895e+02
1.97354020264553895e+02
2.01474454970608889e+02
2.01474454970608889e+02
2.01474454970608889e+02
2.01474454970608889e+02
1.98054467482276237e+02
1.98054467482276237e+02
1.98054467482276237e+02
1.98054467482276237e+02


        </DataArray>

        <DataArray type="Float64" Name="Lambda" format="ascii">

1.14389783176113269e+02
1.14389783176113269e+02
1.14389783176113269e+02
1.14389783176113269e+02
1.17359642143049300e+02
1.17359642143049300e+02
1.17359642143049300e+02
1.17359642143049300e+02
1.16130960922337835e+02
1.16130960922337835e+02
1.16130960922337835e+02
1.16130960922337835e+02
1.14898195849286736e+02
1.14898195849286736e+02
1.14898195849286736e+02
1.14898195849286736e+02
1.13693128338458024e+02
1.13693128338458024e+02
1.13693128338458024e+02
1.13693128338458024e+02
1.15492960706463478e+02
1.15492960706463478e+02
1.15492960706463478e+02
1.15492960706463478e+02
1.14744861340573706e+02
1.14744861340573706e+02
1.14744861340573706e+02
1.14744861340573706e+02
1.14589225826404089e+02
1.14589225826404089e+02
1.14589225826404089e+02
1.14589225826404089e+02
1.14070470599757911e+02
1.14070470599757911e+02
1.14070470599757911e+02
1.14070470599757911e+02
1.16700403492093372e+02
1.16700403492093372e+02
1.16700403492093372e+02
1.16700403492093372e+02
1.13451451629224991e+02
1.13451451629224991e+02
1.13451451629224991e+02
1.13451451629224991e+02
1.14985364276851513e+02
1.14985364276851513e+02
1.14985364276851513e+02
1.14985364276851513e+02
1.13923646884589957e+02
1.13923646884589957e+02
1.13923646884589957e+02
1.13923646884589957e+02
1.14675740925227785e+02
1.14675740925227785e+02
1.14675740925227785e+02
1.14675740925227785e+02
1.13773110895756290e+02
1.13773110895756290e+02
1.13773110895756290e+02
1.13773110895756290e+02
1.15046611584654272e+02
1.15046611584654272e+02
1.15046611584654272e+02
1.15046611584654272e+02
1.13908804800821798e+02
1.13908804800821798e+02
1.13908804800821798e+02
1.13908804800821798e+02
1.14236267331757119e+02
1.14236267331757119e+02
1.14236267331757119e+02
1.14236267331757119e+02
1.13245855754506621e+02
1.13245855754506621e+02
1.13245855754506621e+02
1.13245855754506621e+02
1.14312501727308117e+02
1.14312501727308117e+02
1.14312501727308117e+02
1.14312501727308117e+02
1.13386987340874711e+02
1.13386987340874711e+02
1.13386987340874711e+02
1.13386987340874711e+02
1.14668351312237291e+02
1.14668351312237291e+02
1.14668351312237291e+02
1.14668351312237291e+02
1.16189320454586891e+02
1.16189320454586891e+02
1.16189320454586891e+02
1.16189320454586891e+02
1.13474753240402876e+02
1.13474753240402876e+02
1.13474753240402876e+02
1.13474753240402876e+02
1.18933733022224772e+02
1.18933733022224772e+02
1.18933733022224772e+02
1.18933733022224772e+02
1.15753703369228617e+02
1.15753703369228617e+02
1.15753703369228617e+02
1.15753703369228617e+02
1.18564604846705649e+02
1.18564604846705649e+02
1.18564604846705649e+02
1.18564604846705649e+02
1.16626524466731993e+02
1.16626524466731993e+02
1.16626524466731993e+02
1.16626524466731993e+02
1.14997902928657709e+02
1.14997902928657709e+02
1.14997902928657709e+02
1.14997902928657709e+02
1.14383089738329190e+02
1.14383089738329190e+02
1.14383089738329190e+02
1.14383089738329190e+02
1.17019458179047305e+02
1.17019458179047305e+02
1.17019458179047305e+02
1.17019458179047305e+02
1.15033189777029776e+02
1.15033189777029776e+02
1.15033189777029776e+02
1.15033189777029776e+02
1.16391834099755897e+02
1.16391834099755897e+02
1.16391834099755897e+02
1.16391834099755897e+02
1.14605265174858715e+02
1.14605265174858715e+02
1.14605265174858715e+02
1.14605265174858715e+02
1.17223708339544572e+02
1.17223708339544572e+02
1.17223708339544572e+02
1.17223708339544572e+02
1.15877448675067996e+02
1.15877448675067996e+02
1.15877448675067996e+02
1.15877448675067996e+02
1.17405274747103704e+02
1.17405274747103704e+02
1.17405274747103704e+02
1.17405274747103704e+02
1.16638490025267330e+02
1.16638490025267330e+02
1.16638490025267330e+02
1.16638490025267330e+02
1.17366561779641145e+02
1.17366561779641145e+02
1.17366561779641145e+02
1.17366561779641145e+02
1.18180307561369432e+02
1.18180307561369432e+02
1.18180307561369432e+02
1.18180307561369432e+02
1.14699006775423442e+02
1.14699006775423442e+02
1.14699006775423442e+02
1.14699006775423442e+02
1.16196274521949078e+02
1.16196274521949078e+02
1.16196274521949078e+02
1.16196274521949078e+02
1.18553669692566785e+02
1.18553669692566785e+02
1.18553669692566785e+02
1.18553669692566785e+02
1.15018014271073682e+02
1.15018014271073682e+02
1.15018014271073682e+02
1.15018014271073682e+02
1.16512268952949839e+02
1.16512268952949839e+02
1.16512268952949839e+02
1.16512268952949839e+02
1.12872616654632054e+02
1.12872616654632054e+02
1.12872616654632054e+02
1.12872616654632054e+02
1.13252819584340131e+02
1.13252819584340131e+02
1.13252819584340131e+02
1.13252819584340131e+02
1.13850088988405346e+02
1.13850088988405346e+02
1.13850088988405346e+02
1.13850088988405346e+02
1.12651724399916972e+02
1.12651724399916972e+02
1.12651724399916972e+02
1.12651724399916972e+02
1.12882258667099848e+02
1.12882258667099848e+02
1.12882258667099848e+02
1.12882258667099848e+02
1.17259532892834557e+02
1.17259532892834557e+02
1.17259532892834557e+02
1.17259532892834557e+02
1.14617178200589890e+02
1.14617178200589890e+02
1.14617178200589890e+02
1.14617178200589890e+02
1.16142658087593702e+02
1.16142658087593702e+02
1.16142658087593702e+02
1.16142658087593702e+02
1.17505503360317434e+02
1.17505503360317434e+02
1.17505503360317434e+02
1.17505503360317434e+02
1.15767245377019663e+02
1.15767245377019663e+02
1.15767245377019663e+02
1.15767245377019663e+02
1.12243457582232310e+02
1.12243457582232310e+02
1.12243457582232310e+02
1.12243457582232310e+02
1.13067025812929998e+02
1.13067025812929998e+02
1.13067025812929998e+02
1.13067025812929998e+02
1.11695790530630418e+02
1.11695790530630418e+02
1.11695790530630418e+02
1.11695790530630418e+02
1.11983414757143350e+02
1.11983414757143350e+02
1.11983414757143350e+02
1.11983414757143350e+02
1.13692533379641162e+02
1.13692533379641162e+02
1.13692533379641162e+02
1.13692533379641162e+02
1.12412225941268176e+02
1.12412225941268176e+02
1.12412225941268176e+02
1.12412225941268176e+02
1.17191837724349256e+02
1.17191837724349256e+02
1.17191837724349256e+02
1.17191837724349256e+02
1.11937236832459263e+02
1.11937236832459263e+02
1.11937236832459263e+02
1.11937236832459263e+02
1.12700661898573173e+02
1.12700661898573173e+02
1.12700661898573173e+02
1.12700661898573173e+02
1.12611328074760067e+02
1.12611328074760067e+02
1.12611328074760067e+02
1.12611328074760067e+02
1.18896266313524890e+02
1.18896266313524890e+02
1.18896266313524890e+02
1.18896266313524890e+02
1.18253661903036047e+02
1.18253661903036047e+02
1.18253661903036047e+02
1.18253661903036047e+02
1.16862595927411462e+02
1.16862595927411462e+02
1.16862595927411462e+02
1.16862595927411462e+02
1.16040488964809057e+02
1.16040488964809057e+02
1.16040488964809057e+02
1.16040488964809057e+02
1.18841967434983374e+02
1.18841967434983374e+02
1.18841967434983374e+02
1.18841967434983374e+02
1.15958704767194916e+02
1.15958704767194916e+02
1.15958704767194916e+02
1.15958704767194916e+02
1.14281231268393640e+02
1.14281231268393640e+02
1.14281231268393640e+02
1.14281231268393640e+02
1.12733189380810387e+02
1.12733189380810387e+02
1.12733189380810387e+02
1.12733189380810387e+02
1.13210670505248842e+02
1.13210670505248842e+02
1.13210670505248842e+02
1.13210670505248842e+02
1.16164717917252560e+02
1.16164717917252560e+02
1.16164717917252560e+02
1.16164717917252560e+02
1.16931380220621719e+02
1.16931380220621719e+02
1.16931380220621719e+02
1.16931380220621719e+02
1.15703123474336365e+02
1.15703123474336365e+02
1.15703123474336365e+02
1.15703123474336365e+02
1.15776330087856522e+02
1.15776330087856522e+02
1.15776330087856522e+02
1.15776330087856522e+02
1.12522695553863088e+02
1.12522695553863088e+02
1.12522695553863088e+02
1.12522695553863088e+02
1.15041240996427746e+02
1.15041240996427746e+02
1.15041240996427746e+02
1.15041240996427746e+02
1.16396066772734358e+02
1.16396066772734358e+02
1.16396066772734358e+02
1.16396066772734358e+02
1.17117496570869051e+02
1.17117496570869051e+02
1.17117496570869051e+02
1.17117496570869051e+02
1.15265715190228079e+02
1.15265715190228079e+02
1.15265715190228079e+02
1.15265715190228079e+02
1.15939662545661903e+02
1.15939662545661903e+02
1.15939662545661903e+02
1.15939662545661903e+02
1.16372219029612552e+02
1.16372219029612552e+02
1.16372219029612552e+02
1.16372219029612552e+02
1.13012304565139090e+02
1.13012304565139090e+02
1.13012304565139090e+02
1.13012304565139090e+02
1.14581043366337170e+02
1.14581043366337170e+02
1.14581043366337170e+02
1.14581043366337170e+02
1.13682618233609759e+02
1.13682618233609759e+02
1.13682618233609759e+02
1.13682618233609759e+02
1.15210175483985537e+02
1.15210175483985537e+02
1.15210175483985537e+02
1.15210175483985537e+02
1.14703845695517629e+02
1.14703845695517629e+02
1.14703845695517629e+02
1.14703845695517629e+02
1.15265456721377817e+02
1.15265456721377817e+02
1.15265456721377817e+02
1.15265456721377817e+02
1.16428391589209582e+02
1.16428391589209582e+02
1.16428391589209582e+02
1.16428391589209582e+02
1.13944804899476381e+02
1.13944804899476381e+02
1.13944804899476381e+02
1.13944804899476381e+02
1.17519587978664518e+02
1.17519587978664518e+02
1.17519587978664518e+02
1.17519587978664518e+02
1.15461461386062837e+02
1.15461461386062837e+02
1.15461461386062837e+02
1.15461461386062837e+02
1.13006157444059099e+02
1.13006157444059099e+02
1.13006157444059099e+02
1.13006157444059099e+02
1.16153240790575424e+02
1.16153240790575424e+02
1.16153240790575424e+02
1.16153240790575424e+02
1.13078068667341853e+02
1.13078068667341853e+02
1.13078068667341853e+02
1.13078068667341853e+02
1.12024595213332944e+02
1.12024595213332944e+02
1.12024595213332944e+02
1.12024595213332944e+02
1.16216274426364919e+02
1.16216274426364919e+02
1.16216274426364919e+02
1.16216274426364919e+02
1.12172656844992304e+02
1.12172656844992304e+02
1.12172656844992304e+02
1.12172656844992304e+02
1.14347151362971502e+02
1.14347151362971502e+02
1.14347151362971502e+02
1.14347151362971502e+02
1.16244645186026005e+02
1.16244645186026005e+02
1.16244645186026005e+02
1.16244645186026005e+02
1.14519878157601170e+02
1.14519878157601170e+02
1.14519878157601170e+02
1.14519878157601170e+02
1.15203794250855978e+02
1.15203794250855978e+02
1.15203794250855978e+02
1.15203794250855978e+02
1.16776499316749266e+02
1.16776499316749266e+02
1.16776499316749266e+02
1.16776499316749266e+02
1.13066730217876497e+02
1.13066730217876497e+02
1.13066730217876497e+02
1.13066730217876497e+02
1.15019297789311011e+02
1.15019297789311011e+02
1.15019297789311011e+02
1.15019297789311011e+02
1.15560241321268819e+02
1.15560241321268819e+02
1.15560241321268819e+02
1.15560241321268819e+02
1.13859655327170870e+02
1.13859655327170870e+02
1.13859655327170870e+02
1.13859655327170870e+02
1.12147612563413546e+02
1.12147612563413546e+02
1.12147612563413546e+02
1.12147612563413546e+02
1.14493972368516040e+02
1.14493972368516040e+02
1.14493972368516040e+02
1.14493972368516040e+02
1.15518351973460511e+02
1.15518351973460511e+02
1.15518351973460511e+02
1.15518351973460511e+02
1.16024869678995728e+02
1.16024869678995728e+02
1.16024869678995728e+02
1.16024869678995728e+02
1.14047495405749572e+02
1.14047495405749572e+02
1.14047495405749572e+02
1.14047495405749572e+02
1.11839807297312746e+02
1.11839807297312746e+02
1.11839807297312746e+02
1.11839807297312746e+02
1.14167796853338260e+02
1.14167796853338260e+02
1.14167796853338260e+02
1.14167796853338260e+02
1.10625148068400676e+02
1.10625148068400676e+02
1.10625148068400676e+02
1.10625148068400676e+02
1.14209511480007535e+02
1.14209511480007535e+02
1.14209511480007535e+02
1.14209511480007535e+02
1.11956964333255641e+02
1.11956964333255641e+02
1.11956964333255641e+02
1.11956964333255641e+02
1.11436388818795351e+02
1.11436388818795351e+02
1.11436388818795351e+02
1.11436388818795351e+02
1.16145951860101661e+02
1.16145951860101661e+02
1.16145951860101661e+02
1.16145951860101661e+02
1.13412497407738911e+02
1.13412497407738911e+02
1.13412497407738911e+02
1.13412497407738911e+02
1.13138073775235227e+02
1.13138073775235227e+02
1.13138073775235227e+02
1.13138073775235227e+02
1.12788960245035668e+02
1.12788960245035668e+02
1.12788960245035668e+02
1.12788960245035668e+02
1.11548135229398710e+02
1.11548135229398710e+02
1.11548135229398710e+02
1.11548135229398710e+02
1.12593248442872792e+02
1.12593248442872792e+02
1.12593248442872792e+02
1.12593248442872792e+02
1.13493773897266166e+02
1.13493773897266166e+02
1.13493773897266166e+02
1.13493773897266166e+02
1.12085607713589170e+02
1.12085607713589170e+02
1.12085607713589170e+02
1.12085607713589170e+02
1.14830509649068503e+02
1.14830509649068503e+02
1.14830509649068503e+02
1.14830509649068503e+02
1.13208631374335724e+02
1.13208631374335724e+02
1.13208631374335724e+02
1.13208631374335724e+02
1.16913349738874160e+02
1.16913349738874160e+02
1.16913349738874160e+02
1.16913349738874160e+02
1.17555599475847288e+02
1.17555599475847288e+02
1.17555599475847288e+02
1.17555599475847288e+02
1.15243904877510161e+02
1.15243904877510161e+02
1.15243904877510161e+02
1.15243904877510161e+02
1.15039536184008725e+02
1.15039536184008725e+02
1.15039536184008725e+02
1.15039536184008725e+02
1.12739011330417426e+02
1.12739011330417426e+02
1.12739011330417426e+02
1.12739011330417426e+02
1.16138478366955226e+02
1.16138478366955226e+02
1.16138478366955226e+02
1.16138478366955226e+02
1.13729227252090965e+02
1.13729227252090965e+02
1.13729227252090965e+02
1.13729227252090965e+02
1.15206449084343177e+02
1.15206449084343177e+02
1.15206449084343177e+02
1.15206449084343177e+02
1.17530844156168570e+02
1.17530844156168570e+02
1.17530844156168570e+02
1.17530844156168570e+02
1.11434487841614086e+02
1.11434487841614086e+02
1.11434487841614086e+02
1.11434487841614086e+02
1.16011010815613673e+02
1.16011010815613673e+02
1.16011010815613673e+02
1.16011010815613673e+02
1.15885720367825684e+02
1.15885720367825684e+02
1.15885720367825684e+02
1.15885720367825684e+02
1.16898876160623900e+02
1.16898876160623900e+02
1.16898876160623900e+02
1.16898876160623900e+02
1.16150853290771536e+02
1.16150853290771536e+02
1.16150853290771536e+02
1.16150853290771536e+02
1.16724851287754632e+02
1.16724851287754632e+02
1.16724851287754632e+02
1.16724851287754632e+02
1.19496823098726082e+02
1.19496823098726082e+02
1.19496823098726082e+02
1.19496823098726082e+02
1.15636227890921276e+02
1.15636227890921276e+02
1.15636227890921276e+02
1.15636227890921276e+02
1.18139742876134065e+02
1.18139742876134065e+02
1.18139742876134065e+02
1.18139742876134065e+02
1.14079369442660933e+02
1.14079369442660933e+02
1.14079369442660933e+02
1.14079369442660933e+02
1.13414992179715000e+02
1.13414992179715000e+02
1.13414992179715000e+02
1.13414992179715000e+02
1.14052604243736312e+02
1.14052604243736312e+02
1.14052604243736312e+02
1.14052604243736312e+02
1.14345417557571665e+02
1.14345417557571665e+02
1.14345417557571665e+02
1.14345417557571665e+02
1.15109399456493833e+02
1.15109399456493833e+02
1.15109399456493833e+02
1.15109399456493833e+02
1.13752570252036122e+02
1.13752570252036122e+02
1.13752570252036122e+02
1.13752570252036122e+02
1.18657247568307568e+02
1.18657247568307568e+02
1.18657247568307568e+02
1.18657247568307568e+02
1.15277207012410614e+02
1.15277207012410614e+02
1.15277207012410614e+02
1.15277207012410614e+02
1.15159403695016778e+02
1.15159403695016778e+02
1.15159403695016778e+02
1.15159403695016778e+02
1.15298580716477119e+02
1.15298580716477119e+02
1.15298580716477119e+02
1.15298580716477119e+02
1.16145304808083225e+02
1.16145304808083225e+02
1.16145304808083225e+02
1.16145304808083225e+02
1.15307711028895554e+02
1.15307711028895554e+02
1.15307711028895554e+02
1.15307711028895554e+02
1.15612523700196775e+02
1.15612523700196775e+02
1.15612523700196775e+02
1.15612523700196775e+02
1.16814378447510578e+02
1.16814378447510578e+02
1.16814378447510578e+02
1.16814378447510578e+02
1.16746682813689588e+02
1.16746682813689588e+02
1.16746682813689588e+02
1.16746682813689588e+02
1.16593202894882268e+02
1.16593202894882268e+02
1.16593202894882268e+02
1.16593202894882268e+02
1.14367735006380258e+02
1.14367735006380258e+02
1.14367735006380258e+02
1.14367735006380258e+02
1.18751344246480798e+02
1.18751344246480798e+02
1.18751344246480798e+02
1.18751344246480798e+02
1.17582886583168630e+02
1.17582886583168630e+02
1.17582886583168630e+02
1.17582886583168630e+02
1.16806187317965311e+02
1.16806187317965311e+02
1.16806187317965311e+02
1.16806187317965311e+02
1.18842103449438454e+02
1.18842103449438454e+02
1.18842103449438454e+02
1.18842103449438454e+02
1.18885050683672276e+02
1.18885050683672276e+02
1.18885050683672276e+02
1.18885050683672276e+02
1.15647985923361745e+02
1.15647985923361745e+02
1.15647985923361745e+02
1.15647985923361745e+02
1.15752586952270050e+02
1.15752586952270050e+02
1.15752586952270050e+02
1.15752586952270050e+02
1.14132865025239710e+02
1.14132865025239710e+02
1.14132865025239710e+02
1.14132865025239710e+02
1.13799248136496757e+02
1.13799248136496757e+02
1.13799248136496757e+02
1.13799248136496757e+02
1.14331102233970313e+02
1.14331102233970313e+02
1.14331102233970313e+02
1.14331102233970313e+02
1.14498702525042560e+02
1.14498702525042560e+02
1.14498702525042560e+02
1.14498702525042560e+02
1.15114465653113498e+02
1.15114465653113498e+02
1.15114465653113498e+02
1.15114465653113498e+02
1.16211070853339223e+02
1.16211070853339223e+02
1.16211070853339223e+02
1.16211070853339223e+02
1.16816901462565298e+02
1.16816901462565298e+02
1.16816901462565298e+02
1.16816901462565298e+02
1.15244846233720992e+02
1.15244846233720992e+02
1.15244846233720992e+02
1.15244846233720992e+02
1.18226508945538612e+02
1.18226508945538612e+02
1.18226508945538612e+02
1.18226508945538612e+02
1.15389177973273164e+02
1.15389177973273164e+02
1.15389177973273164e+02
1.15389177973273164e+02
1.14659069436044604e+02
1.14659069436044604e+02
1.14659069436044604e+02
1.14659069436044604e+02
1.13912655041940241e+02
1.13912655041940241e+02
1.13912655041940241e+02
1.13912655041940241e+02
1.14595039314675873e+02
1.14595039314675873e+02
1.14595039314675873e+02
1.14595039314675873e+02
1.13122036629761624e+02
1.13122036629761624e+02
1.13122036629761624e+02
1.13122036629761624e+02
1.14573562131986350e+02
1.14573562131986350e+02
1.14573562131986350e+02
1.14573562131986350e+02
1.11176533566019316e+02
1.11176533566019316e+02
1.11176533566019316e+02
1.11176533566019316e+02
1.12779329578927133e+02
1.12779329578927133e+02
1.12779329578927133e+02
1.12779329578927133e+02
1.11226454120626357e+02
1.11226454120626357e+02
1.11226454120626357e+02
1.11226454120626357e+02
1.13809255227081451e+02
1.13809255227081451e+02
1.13809255227081451e+02
1.13809255227081451e+02
1.12941170484505918e+02
1.12941170484505918e+02
1.12941170484505918e+02
1.12941170484505918e+02
1.14576191833284710e+02
1.14576191833284710e+02
1.14576191833284710e+02
1.14576191833284710e+02
1.12924287413519210e+02
1.12924287413519210e+02
1.12924287413519210e+02
1.12924287413519210e+02
1.12267930944291209e+02
1.12267930944291209e+02
1.12267930944291209e+02
1.12267930944291209e+02
1.14890023699175430e+02
1.14890023699175430e+02
1.14890023699175430e+02
1.14890023699175430e+02
1.10844357013161357e+02
1.10844357013161357e+02
1.10844357013161357e+02
1.10844357013161357e+02
1.14793296590595034e+02
1.14793296590595034e+02
1.14793296590595034e+02
1.14793296590595034e+02
1.12295350828393396e+02
1.12295350828393396e+02
1.12295350828393396e+02
1.12295350828393396e+02
1.12760728671727662e+02
1.12760728671727662e+02
1.12760728671727662e+02
1.12760728671727662e+02
1.13652724073491100e+02
1.13652724073491100e+02
1.13652724073491100e+02
1.13652724073491100e+02
1.13130396614480091e+02
1.13130396614480091e+02
1.13130396614480091e+02
1.13130396614480091e+02
1.16148323809819829e+02
1.16148323809819829e+02
1.16148323809819829e+02
1.16148323809819829e+02
1.14050707508370550e+02
1.14050707508370550e+02
1.14050707508370550e+02
1.14050707508370550e+02
1.13614612630687034e+02
1.13614612630687034e+02
1.13614612630687034e+02
1.13614612630687034e+02
1.14867374800222095e+02
1.14867374800222095e+02
1.14867374800222095e+02
1.14867374800222095e+02
1.15519009436975566e+02
1.15519009436975566e+02
1.15519009436975566e+02
1.15519009436975566e+02
1.13779001643018873e+02
1.13779001643018873e+02
1.13779001643018873e+02
1.13779001643018873e+02
1.13422162968451488e+02
1.13422162968451488e+02
1.13422162968451488e+02
1.13422162968451488e+02
1.13660425249554365e+02
1.13660425249554365e+02
1.13660425249554365e+02
1.13660425249554365e+02
1.14353322370483241e+02
1.14353322370483241e+02
1.14353322370483241e+02
1.14353322370483241e+02
1.17265509437503184e+02
1.17265509437503184e+02
1.17265509437503184e+02
1.17265509437503184e+02
1.13618515906410238e+02
1.13618515906410238e+02
1.13618515906410238e+02
1.13618515906410238e+02
1.14295644962437109e+02
1.14295644962437109e+02
1.14295644962437109e+02
1.14295644962437109e+02
1.13630833908821828e+02
1.13630833908821828e+02
1.13630833908821828e+02
1.13630833908821828e+02
1.17489214967473544e+02
1.17489214967473544e+02
1.17489214967473544e+02
1.17489214967473544e+02
1.13774076333837215e+02
1.13774076333837215e+02
1.13774076333837215e+02
1.13774076333837215e+02
1.13851697057966064e+02
1.13851697057966064e+02
1.13851697057966064e+02
1.13851697057966064e+02
1.14587061822634709e+02
1.14587061822634709e+02
1.14587061822634709e+02
1.14587061822634709e+02
1.14430051945897873e+02
1.14430051945897873e+02
1.14430051945897873e+02
1.14430051945897873e+02
1.14640304431483386e+02
1.14640304431483386e+02
1.14640304431483386e+02
1.14640304431483386e+02
1.14977980606333588e+02
1.14977980606333588e+02
1.14977980606333588e+02
1.14977980606333588e+02
1.15807261491291953e+02
1.15807261491291953e+02
1.15807261491291953e+02
1.15807261491291953e+02
1.20070498417009418e+02
1.20070498417009418e+02
1.20070498417009418e+02
1.20070498417009418e+02
1.11443896031212248e+02
1.11443896031212248e+02
1.11443896031212248e+02
1.11443896031212248e+02
1.14185982644409719e+02
1.14185982644409719e+02
1.14185982644409719e+02
1.14185982644409719e+02
1.15470702596044589e+02
1.15470702596044589e+02
1.15470702596044589e+02
1.15470702596044589e+02
1.18978561177848931e+02
1.18978561177848931e+02
1.18978561177848931e+02
1.18978561177848931e+02
1.15779834379461263e+02
1.15779834379461263e+02
1.15779834379461263e+02
1.15779834379461263e+02
1.17824203245891127e+02
1.17824203245891127e+02
1.17824203245891127e+02
1.17824203245891127e+02
1.10437231591244924e+02
1.10437231591244924e+02
1.10437231591244924e+02
1.10437231591244924e+02
1.13353166197605333e+02
1.13353166197605333e+02
1.13353166197605333e+02
1.13353166197605333e+02
1.11694636381850515e+02
1.11694636381850515e+02
1.11694636381850515e+02
1.11694636381850515e+02
1.15582611356813786e+02
1.15582611356813786e+02
1.15582611356813786e+02
1.15582611356813786e+02
1.16774844191031335e+02
1.16774844191031335e+02
1.16774844191031335e+02
1.16774844191031335e+02
1.10940882599045054e+02
1.10940882599045054e+02
1.10940882599045054e+02
1.10940882599045054e+02
1.16559393731745431e+02
1.16559393731745431e+02
1.16559393731745431e+02
1.16559393731745431e+02
1.14223384411472779e+02
1.14223384411472779e+02
1.14223384411472779e+02
1.14223384411472779e+02
1.16090160237834667e+02
1.16090160237834667e+02
1.16090160237834667e+02
1.16090160237834667e+02
1.16591564205636573e+02
1.16591564205636573e+02
1.16591564205636573e+02
1.16591564205636573e+02
1.16284942639053071e+02
1.16284942639053071e+02
1.16284942639053071e+02
1.16284942639053071e+02
1.17625482515776483e+02
1.17625482515776483e+02
1.17625482515776483e+02
1.17625482515776483e+02
1.10102074974176787e+02
1.10102074974176787e+02
1.10102074974176787e+02
1.10102074974176787e+02
1.07336957775584040e+02
1.07336957775584040e+02
1.07336957775584040e+02
1.07336957775584040e+02
1.13150697145235696e+02
1.13150697145235696e+02
1.13150697145235696e+02
1.13150697145235696e+02
1.15423083627909435e+02
1.15423083627909435e+02
1.15423083627909435e+02
1.15423083627909435e+02
1.09308136058706509e+02
1.09308136058706509e+02
1.09308136058706509e+02
1.09308136058706509e+02
1.17686438678916858e+02
1.17686438678916858e+02
1.17686438678916858e+02
1.17686438678916858e+02
1.19275830985892270e+02
1.19275830985892270e+02
1.19275830985892270e+02
1.19275830985892270e+02
1.14836194399169571e+02
1.14836194399169571e+02
1.14836194399169571e+02
1.14836194399169571e+02
1.13383740934620008e+02
1.13383740934620008e+02
1.13383740934620008e+02
1.13383740934620008e+02
1.15191229228877745e+02
1.15191229228877745e+02
1.15191229228877745e+02
1.15191229228877745e+02
1.14631543029395047e+02
1.14631543029395047e+02
1.14631543029395047e+02
1.14631543029395047e+02
1.14186021174439034e+02
1.14186021174439034e+02
1.14186021174439034e+02
1.14186021174439034e+02
1.16051282573797153e+02
1.16051282573797153e+02
1.16051282573797153e+02
1.16051282573797153e+02
1.16468191792105912e+02
1.16468191792105912e+02
1.16468191792105912e+02
1.16468191792105912e+02
1.14424461444038641e+02
1.14424461444038641e+02
1.14424461444038641e+02
1.14424461444038641e+02
1.15734392295281282e+02
1.15734392295281282e+02
1.15734392295281282e+02
1.15734392295281282e+02
1.18795848684096882e+02
1.18795848684096882e+02
1.18795848684096882e+02
1.18795848684096882e+02
1.14743526639991813e+02
1.14743526639991813e+02
1.14743526639991813e+02
1.14743526639991813e+02
1.15250778359414085e+02
1.15250778359414085e+02
1.15250778359414085e+02
1.15250778359414085e+02
1.16645583712546568e+02
1.16645583712546568e+02
1.16645583712546568e+02
1.16645583712546568e+02
1.14087369126486479e+02
1.14087369126486479e+02
1.14087369126486479e+02
1.14087369126486479e+02
1.15690234850651578e+02
1.15690234850651578e+02
1.15690234850651578e+02
1.15690234850651578e+02
1.14121461878053111e+02
1.14121461878053111e+02
1.14121461878053111e+02
1.14121461878053111e+02
1.17851497369148603e+02
1.17851497369148603e+02
1.17851497369148603e+02
1.17851497369148603e+02
1.13834835751294293e+02
1.13834835751294293e+02
1.13834835751294293e+02
1.13834835751294293e+02
1.13539131154337269e+02
1.13539131154337269e+02
1.13539131154337269e+02
1.13539131154337269e+02
1.15940807088003254e+02
1.15940807088003254e+02
1.15940807088003254e+02
1.15940807088003254e+02
1.18486083430918924e+02
1.18486083430918924e+02
1.18486083430918924e+02
1.18486083430918924e+02
1.17552786016336498e+02
1.17552786016336498e+02
1.17552786016336498e+02
1.17552786016336498e+02
1.13933690139018111e+02
1.13933690139018111e+02
1.13933690139018111e+02
1.13933690139018111e+02
1.15535633896208907e+02
1.15535633896208907e+02
1.15535633896208907e+02
1.15535633896208907e+02
1.17411333874801812e+02
1.17411333874801812e+02
1.17411333874801812e+02
1.17411333874801812e+02
1.19139243877162102e+02
1.19139243877162102e+02
1.19139243877162102e+02
1.19139243877162102e+02
1.15146723490004334e+02
1.15146723490004334e+02
1.15146723490004334e+02
1.15146723490004334e+02
1.14296833208102029e+02
1.14296833208102029e+02
1.14296833208102029e+02
1.14296833208102029e+02
1.13878369380293037e+02
1.13878369380293037e+02
1.13878369380293037e+02
1.13878369380293037e+02
1.16807963490101869e+02
1.16807963490101869e+02
1.16807963490101869e+02
1.16807963490101869e+02
1.15773336856562807e+02
1.15773336856562807e+02
1.15773336856562807e+02
1.15773336856562807e+02
1.16363840496959668e+02
1.16363840496959668e+02
1.16363840496959668e+02
1.16363840496959668e+02
1.16157056994615360e+02
1.16157056994615360e+02
1.16157056994615360e+02
1.16157056994615360e+02
1.16969718793424974e+02
1.16969718793424974e+02
1.16969718793424974e+02
1.16969718793424974e+02
1.19041706499809237e+02
1.19041706499809237e+02
1.19041706499809237e+02
1.19041706499809237e+02
1.16431180665121147e+02
1.16431180665121147e+02
1.16431180665121147e+02
1.16431180665121147e+02
1.20379267354920131e+02
1.20379267354920131e+02
1.20379267354920131e+02
1.20379267354920131e+02
1.14371880545186542e+02
1.14371880545186542e+02
1.14371880545186542e+02
1.14371880545186542e+02
1.14968567611104874e+02
1.14968567611104874e+02
1.14968567611104874e+02
1.14968567611104874e+02
1.20484562211342151e+02
1.20484562211342151e+02
1.20484562211342151e+02
1.20484562211342151e+02
1.14656178703902057e+02
1.14656178703902057e+02
1.14656178703902057e+02
1.14656178703902057e+02
1.12187616351565069e+02
1.12187616351565069e+02
1.12187616351565069e+02
1.12187616351565069e+02
1.13603062571311952e+02
1.13603062571311952e+02
1.13603062571311952e+02
1.13603062571311952e+02
1.14380547272766549e+02
1.14380547272766549e+02
1.14380547272766549e+02
1.14380547272766549e+02
1.20409510650387958e+02
1.20409510650387958e+02
1.20409510650387958e+02
1.20409510650387958e+02
1.17350086171782664e+02
1.17350086171782664e+02
1.17350086171782664e+02
1.17350086171782664e+02
1.17587575479990576e+02
1.17587575479990576e+02
1.17587575479990576e+02
1.17587575479990576e+02
1.14216321972207382e+02
1.14216321972207382e+02
1.14216321972207382e+02
1.14216321972207382e+02
1.14871551546288586e+02
1.14871551546288586e+02
1.14871551546288586e+02
1.14871551546288586e+02
1.11172608949855913e+02
1.11172608949855913e+02
1.11172608949855913e+02
1.11172608949855913e+02
1.14831807575073668e+02
1.14831807575073668e+02
1.14831807575073668e+02
1.14831807575073668e+02
1.15021842669835110e+02
1.15021842669835110e+02
1.15021842669835110e+02
1.15021842669835110e+02
1.17728215320861977e+02
1.17728215320861977e+02
1.17728215320861977e+02
1.17728215320861977e+02
1.16601157323719320e+02
1.16601157323719320e+02
1.16601157323719320e+02
1.16601157323719320e+02
1.19109701743839608e+02
1.19109701743839608e+02
1.19109701743839608e+02
1.19109701743839608e+02
1.16138264190633052e+02
1.16138264190633052e+02
1.16138264190633052e+02
1.16138264190633052e+02
1.16043054390537307e+02
1.16043054390537307e+02
1.16043054390537307e+02
1.16043054390537307e+02
1.17548099144162222e+02
1.17548099144162222e+02
1.17548099144162222e+02
1.17548099144162222e+02
1.15614412686353049e+02
1.15614412686353049e+02
1.15614412686353049e+02
1.15614412686353049e+02
1.16880937896308723e+02
1.16880937896308723e+02
1.16880937896308723e+02
1.16880937896308723e+02
1.16776547740531484e+02
1.16776547740531484e+02
1.16776547740531484e+02
1.16776547740531484e+02
1.15478381457496951e+02
1.15478381457496951e+02
1.15478381457496951e+02
1.15478381457496951e+02
1.17968867710483778e+02
1.17968867710483778e+02
1.17968867710483778e+02
1.17968867710483778e+02
1.12985265739631487e+02
1.12985265739631487e+02
1.12985265739631487e+02
1.12985265739631487e+02
1.14055855218666025e+02
1.14055855218666025e+02
1.14055855218666025e+02
1.14055855218666025e+02
1.14704327798410574e+02
1.14704327798410574e+02
1.14704327798410574e+02
1.14704327798410574e+02
1.15510149289834246e+02
1.15510149289834246e+02
1.15510149289834246e+02
1.15510149289834246e+02
1.18879483307227190e+02
1.18879483307227190e+02
1.18879483307227190e+02
1.18879483307227190e+02
1.10979528980047448e+02
1.10979528980047448e+02
1.10979528980047448e+02
1.10979528980047448e+02
1.17052753306231608e+02
1.17052753306231608e+02
1.17052753306231608e+02
1.17052753306231608e+02
1.16592473414769842e+02
1.16592473414769842e+02
1.16592473414769842e+02
1.16592473414769842e+02
1.15570594776896428e+02
1.15570594776896428e+02
1.15570594776896428e+02
1.15570594776896428e+02
1.14435746754787189e+02
1.14435746754787189e+02
1.14435746754787189e+02
1.14435746754787189e+02
1.16227354063004697e+02
1.16227354063004697e+02
1.16227354063004697e+02
1.16227354063004697e+02
1.19998044501283957e+02
1.19998044501283957e+02
1.19998044501283957e+02
1.19998044501283957e+02
1.20692851247424031e+02
1.20692851247424031e+02
1.20692851247424031e+02
1.20692851247424031e+02
1.13519528531599946e+02
1.13519528531599946e+02
1.13519528531599946e+02
1.13519528531599946e+02
1.14541146952965875e+02
1.14541146952965875e+02
1.14541146952965875e+02
1.14541146952965875e+02
1.18359440130465359e+02
1.18359440130465359e+02
1.18359440130465359e+02
1.18359440130465359e+02
1.14151220116130034e+02
1.14151220116130034e+02
1.14151220116130034e+02
1.14151220116130034e+02
1.11931972123535616e+02
1.11931972123535616e+02
1.11931972123535616e+02
1.11931972123535616e+02
1.13072284107586242e+02
1.13072284107586242e+02
1.13072284107586242e+02
1.13072284107586242e+02
1.15109618459206189e+02
1.15109618459206189e+02
1.15109618459206189e+02
1.15109618459206189e+02
1.18411767147394357e+02
1.18411767147394357e+02
1.18411767147394357e+02
1.18411767147394357e+02
1.13275875605541628e+02
1.13275875605541628e+02
1.13275875605541628e+02
1.13275875605541628e+02
1.17600428699978181e+02
1.17600428699978181e+02
1.17600428699978181e+02
1.17600428699978181e+02
1.19305547726263725e+02
1.19305547726263725e+02
1.19305547726263725e+02
1.19305547726263725e+02
1.10279641560961494e+02
1.10279641560961494e+02
1.10279641560961494e+02
1.10279641560961494e+02
1.09308350695298230e+02
1.09308350695298230e+02
1.09308350695298230e+02
1.09308350695298230e+02
1.15076731112433066e+02
1.15076731112433066e+02
1.15076731112433066e+02
1.15076731112433066e+02
1.11137035254710554e+02
1.11137035254710554e+02
1.11137035254710554e+02
1.11137035254710554e+02
1.15461950644592562e+02
1.15461950644592562e+02
1.15461950644592562e+02
1.15461950644592562e+02
1.17158448510900357e+02
1.17158448510900357e+02
1.17158448510900357e+02
1.17158448510900357e+02
1.11895724669834834e+02
1.11895724669834834e+02
1.11895724669834834e+02
1.11895724669834834e+02
1.13400969230037688e+02
1.13400969230037688e+02
1.13400969230037688e+02
1.13400969230037688e+02
1.11306640378646406e+02
1.11306640378646406e+02
1.11306640378646406e+02
1.11306640378646406e+02
1.14364762930364421e+02
1.14364762930364421e+02
1.14364762930364421e+02
1.14364762930364421e+02
1.13607249625611587e+02
1.13607249625611587e+02
1.13607249625611587e+02
1.13607249625611587e+02
1.16463555956612865e+02
1.16463555956612865e+02
1.16463555956612865e+02
1.16463555956612865e+02
1.14950627055688145e+02
1.14950627055688145e+02
1.14950627055688145e+02
1.14950627055688145e+02
1.16790941916310814e+02
1.16790941916310814e+02
1.16790941916310814e+02
1.16790941916310814e+02
1.14377320792550918e+02
1.14377320792550918e+02
1.14377320792550918e+02
1.14377320792550918e+02
1.11966596509207065e+02
1.11966596509207065e+02
1.11966596509207065e+02
1.11966596509207065e+02
1.13612487424848780e+02
1.13612487424848780e+02
1.13612487424848780e+02
1.13612487424848780e+02
1.12010826711744954e+02
1.12010826711744954e+02
1.12010826711744954e+02
1.12010826711744954e+02
1.15401275585905026e+02
1.15401275585905026e+02
1.15401275585905026e+02
1.15401275585905026e+02
1.10438058723928492e+02
1.10438058723928492e+02
1.10438058723928492e+02
1.10438058723928492e+02
1.16446002729674149e+02
1.16446002729674149e+02
1.16446002729674149e+02
1.16446002729674149e+02
1.15501329990481238e+02
1.15501329990481238e+02
1.15501329990481238e+02
1.15501329990481238e+02
1.15261999865286526e+02
1.15261999865286526e+02
1.15261999865286526e+02
1.15261999865286526e+02
1.15397482374584584e+02
1.15397482374584584e+02
1.15397482374584584e+02
1.15397482374584584e+02
1.14298715220832250e+02
1.14298715220832250e+02
1.14298715220832250e+02
1.14298715220832250e+02
1.12014078480689520e+02
1.12014078480689520e+02
1.12014078480689520e+02
1.12014078480689520e+02
1.12529844863977004e+02
1.12529844863977004e+02
1.12529844863977004e+02
1.12529844863977004e+02
1.15614324617112615e+02
1.15614324617112615e+02
1.15614324617112615e+02
1.15614324617112615e+02
1.11552924353352708e+02
1.11552924353352708e+02
1.11552924353352708e+02
1.11552924353352708e+02
1.09681702059263927e+02
1.09681702059263927e+02
1.09681702059263927e+02
1.09681702059263927e+02
1.15090172253476695e+02
1.15090172253476695e+02
1.15090172253476695e+02
1.15090172253476695e+02
1.14117869595509163e+02
1.14117869595509163e+02
1.14117869595509163e+02
1.14117869595509163e+02
1.12911116693869957e+02
1.12911116693869957e+02
1.12911116693869957e+02
1.12911116693869957e+02
1.14955937912097767e+02
1.14955937912097767e+02
1.14955937912097767e+02
1.14955937912097767e+02
1.16039231561492144e+02
1.16039231561492144e+02
1.16039231561492144e+02
1.16039231561492144e+02
1.19402671616748577e+02
1.19402671616748577e+02
1.19402671616748577e+02
1.19402671616748577e+02
1.17292783223720718e+02
1.17292783223720718e+02
1.17292783223720718e+02
1.17292783223720718e+02
1.17746086038388270e+02
1.17746086038388270e+02
1.17746086038388270e+02
1.17746086038388270e+02
1.15507057805945806e+02
1.15507057805945806e+02
1.15507057805945806e+02
1.15507057805945806e+02
1.16500644419771660e+02
1.16500644419771660e+02
1.16500644419771660e+02
1.16500644419771660e+02
1.16559218010957892e+02
1.16559218010957892e+02
1.16559218010957892e+02
1.16559218010957892e+02
1.17144784945067229e+02
1.17144784945067229e+02
1.17144784945067229e+02
1.17144784945067229e+02
1.17219443324662421e+02
1.17219443324662421e+02
1.17219443324662421e+02
1.17219443324662421e+02
1.15305205282567073e+02
1.15305205282567073e+02
1.15305205282567073e+02
1.15305205282567073e+02
1.15366591133610029e+02
1.15366591133610029e+02
1.15366591133610029e+02
1.15366591133610029e+02
1.17757270337244790e+02
1.17757270337244790e+02
1.17757270337244790e+02
1.17757270337244790e+02
1.16547612146909998e+02
1.16547612146909998e+02
1.16547612146909998e+02
1.16547612146909998e+02
1.15314501246431703e+02
1.15314501246431703e+02
1.15314501246431703e+02
1.15314501246431703e+02
1.15647355426595880e+02
1.15647355426595880e+02
1.15647355426595880e+02
1.15647355426595880e+02
1.16894669690086005e+02
1.16894669690086005e+02
1.16894669690086005e+02
1.16894669690086005e+02
1.12034293318179067e+02
1.12034293318179067e+02
1.12034293318179067e+02
1.12034293318179067e+02
1.11736112517151781e+02
1.11736112517151781e+02
1.11736112517151781e+02
1.11736112517151781e+02
1.11309865548183964e+02
1.11309865548183964e+02
1.11309865548183964e+02
1.11309865548183964e+02
1.13736956563191356e+02
1.13736956563191356e+02
1.13736956563191356e+02
1.13736956563191356e+02
1.19331404322112945e+02
1.19331404322112945e+02
1.19331404322112945e+02
1.19331404322112945e+02
1.17182811772245529e+02
1.17182811772245529e+02
1.17182811772245529e+02
1.17182811772245529e+02
1.13023906641975969e+02
1.13023906641975969e+02
1.13023906641975969e+02
1.13023906641975969e+02
1.12042723433893400e+02
1.12042723433893400e+02
1.12042723433893400e+02
1.12042723433893400e+02
1.15597541909617561e+02
1.15597541909617561e+02
1.15597541909617561e+02
1.15597541909617561e+02
1.12649543838023604e+02
1.12649543838023604e+02
1.12649543838023604e+02
1.12649543838023604e+02
1.14129689827810438e+02
1.14129689827810438e+02
1.14129689827810438e+02
1.14129689827810438e+02
1.14954293899306805e+02
1.14954293899306805e+02
1.14954293899306805e+02
1.14954293899306805e+02
1.15508381438345552e+02
1.15508381438345552e+02
1.15508381438345552e+02
1.15508381438345552e+02
1.10347155815262084e+02
1.10347155815262084e+02
1.10347155815262084e+02
1.10347155815262084e+02
1.13752097664390433e+02
1.13752097664390433e+02
1.13752097664390433e+02
1.13752097664390433e+02
1.15869093379278041e+02
1.15869093379278041e+02
1.15869093379278041e+02
1.15869093379278041e+02
1.17158286203477218e+02
1.17158286203477218e+02
1.17158286203477218e+02
1.17158286203477218e+02
1.12091891914822455e+02
1.12091891914822455e+02
1.12091891914822455e+02
1.12091891914822455e+02
1.14152227721482930e+02
1.14152227721482930e+02
1.14152227721482930e+02
1.14152227721482930e+02
1.09090914407365048e+02
1.09090914407365048e+02
1.09090914407365048e+02
1.09090914407365048e+02
1.14154693878548471e+02
1.14154693878548471e+02
1.14154693878548471e+02
1.14154693878548471e+02
1.13492557701138551e+02
1.13492557701138551e+02
1.13492557701138551e+02
1.13492557701138551e+02
1.18816412530342632e+02
1.18816412530342632e+02
1.18816412530342632e+02
1.18816412530342632e+02
1.16000214680258978e+02
1.16000214680258978e+02
1.16000214680258978e+02
1.16000214680258978e+02
1.15432681254638780e+02
1.15432681254638780e+02
1.15432681254638780e+02
1.15432681254638780e+02
1.13632223445097495e+02
1.13632223445097495e+02
1.13632223445097495e+02
1.13632223445097495e+02
1.13014879930059450e+02
1.13014879930059450e+02
1.13014879930059450e+02
1.13014879930059450e+02
1.15553158103184785e+02
1.15553158103184785e+02
1.15553158103184785e+02
1.15553158103184785e+02
1.15453879372957658e+02
1.15453879372957658e+02
1.15453879372957658e+02
1.15453879372957658e+02
1.18728251115707110e+02
1.18728251115707110e+02
1.18728251115707110e+02
1.18728251115707110e+02
1.17163677477357723e+02
1.17163677477357723e+02
1.17163677477357723e+02
1.17163677477357723e+02
1.16276691390478234e+02
1.16276691390478234e+02
1.16276691390478234e+02
1.16276691390478234e+02
1.14003814021606232e+02
1.14003814021606232e+02
1.14003814021606232e+02
1.14003814021606232e+02
1.16544035564350366e+02
1.16544035564350366e+02
1.16544035564350366e+02
1.16544035564350366e+02
1.14585197357743482e+02
1.14585197357743482e+02
1.14585197357743482e+02
1.14585197357743482e+02
1.13471483962577082e+02
1.13471483962577082e+02
1.13471483962577082e+02
1.13471483962577082e+02
1.13951453799957505e+02
1.13951453799957505e+02
1.13951453799957505e+02
1.13951453799957505e+02
1.13613430342701818e+02
1.13613430342701818e+02
1.13613430342701818e+02
1.13613430342701818e+02
1.16668391735208019e+02
1.16668391735208019e+02
1.16668391735208019e+02
1.16668391735208019e+02
1.17864822944852648e+02
1.17864822944852648e+02
1.17864822944852648e+02
1.17864822944852648e+02
1.19959425440927049e+02
1.19959425440927049e+02
1.19959425440927049e+02
1.19959425440927049e+02
1.13862408044811971e+02
1.13862408044811971e+02
1.13862408044811971e+02
1.13862408044811971e+02
1.15167494171401358e+02
1.15167494171401358e+02
1.15167494171401358e+02
1.15167494171401358e+02
1.15877634696213917e+02
1.15877634696213917e+02
1.15877634696213917e+02
1.15877634696213917e+02
1.18108709214168968e+02
1.18108709214168968e+02
1.18108709214168968e+02
1.18108709214168968e+02
1.15875134859502168e+02
1.15875134859502168e+02
1.15875134859502168e+02
1.15875134859502168e+02
1.16487634071547959e+02
1.16487634071547959e+02
1.16487634071547959e+02
1.16487634071547959e+02
1.18090804393464495e+02
1.18090804393464495e+02
1.18090804393464495e+02
1.18090804393464495e+02
1.17957914710963976e+02
1.17957914710963976e+02
1.17957914710963976e+02
1.17957914710963976e+02
1.18556591205111985e+02
1.18556591205111985e+02
1.18556591205111985e+02
1.18556591205111985e+02
1.17479741132664174e+02
1.17479741132664174e+02
1.17479741132664174e+02
1.17479741132664174e+02
1.18289953008131718e+02
1.18289953008131718e+02
1.18289953008131718e+02
1.18289953008131718e+02
1.17241366370354243e+02
1.17241366370354243e+02
1.17241366370354243e+02
1.17241366370354243e+02
1.11174825996104445e+02
1.11174825996104445e+02
1.11174825996104445e+02
1.11174825996104445e+02
1.18163935851816703e+02
1.18163935851816703e+02
1.18163935851816703e+02
1.18163935851816703e+02
1.18880569660482365e+02
1.18880569660482365e+02
1.18880569660482365e+02
1.18880569660482365e+02
1.10616775352109855e+02
1.10616775352109855e+02
1.10616775352109855e+02
1.10616775352109855e+02
1.11125678111236070e+02
1.11125678111236070e+02
1.11125678111236070e+02
1.11125678111236070e+02
1.08907254119074921e+02
1.08907254119074921e+02
1.08907254119074921e+02
1.08907254119074921e+02
1.16939683006855589e+02
1.16939683006855589e+02
1.16939683006855589e+02
1.16939683006855589e+02
1.13268399528738598e+02
1.13268399528738598e+02
1.13268399528738598e+02
1.13268399528738598e+02
1.12914222896240787e+02
1.12914222896240787e+02
1.12914222896240787e+02
1.12914222896240787e+02
1.10770416890140282e+02
1.10770416890140282e+02
1.10770416890140282e+02
1.10770416890140282e+02
1.11994835709917893e+02
1.11994835709917893e+02
1.11994835709917893e+02
1.11994835709917893e+02
1.13028121929838250e+02
1.13028121929838250e+02
1.13028121929838250e+02
1.13028121929838250e+02
1.14893061137201471e+02
1.14893061137201471e+02
1.14893061137201471e+02
1.14893061137201471e+02
1.12346676256146708e+02
1.12346676256146708e+02
1.12346676256146708e+02
1.12346676256146708e+02
1.18411198573103022e+02
1.18411198573103022e+02
1.18411198573103022e+02
1.18411198573103022e+02
1.18574816913142016e+02
1.18574816913142016e+02
1.18574816913142016e+02
1.18574816913142016e+02
1.11697757738280941e+02
1.11697757738280941e+02
1.11697757738280941e+02
1.11697757738280941e+02
1.09975530015747339e+02
1.09975530015747339e+02
1.09975530015747339e+02
1.09975530015747339e+02
1.10151426484752790e+02
1.10151426484752790e+02
1.10151426484752790e+02
1.10151426484752790e+02
1.08680834890135799e+02
1.08680834890135799e+02
1.08680834890135799e+02
1.08680834890135799e+02
1.11983931040822242e+02
1.11983931040822242e+02
1.11983931040822242e+02
1.11983931040822242e+02
1.18321412958641815e+02
1.18321412958641815e+02
1.18321412958641815e+02
1.18321412958641815e+02
1.13110603269069173e+02
1.13110603269069173e+02
1.13110603269069173e+02
1.13110603269069173e+02
1.12260559141933086e+02
1.12260559141933086e+02
1.12260559141933086e+02
1.12260559141933086e+02
1.12748231077752223e+02
1.12748231077752223e+02
1.12748231077752223e+02
1.12748231077752223e+02
1.12942802626281789e+02
1.12942802626281789e+02
1.12942802626281789e+02
1.12942802626281789e+02
1.12429466168547663e+02
1.12429466168547663e+02
1.12429466168547663e+02
1.12429466168547663e+02
1.14180582107979333e+02
1.14180582107979333e+02
1.14180582107979333e+02
1.14180582107979333e+02
1.13317214667361142e+02
1.13317214667361142e+02
1.13317214667361142e+02
1.13317214667361142e+02
1.14140435874086705e+02
1.14140435874086705e+02
1.14140435874086705e+02
1.14140435874086705e+02
1.13812626864793714e+02
1.13812626864793714e+02
1.13812626864793714e+02
1.13812626864793714e+02
1.18981072983979303e+02
1.18981072983979303e+02
1.18981072983979303e+02
1.18981072983979303e+02
1.14751359522641138e+02
1.14751359522641138e+02
1.14751359522641138e+02
1.14751359522641138e+02
1.15579766247752985e+02
1.15579766247752985e+02
1.15579766247752985e+02
1.15579766247752985e+02
1.14614800633772020e+02
1.14614800633772020e+02
1.14614800633772020e+02
1.14614800633772020e+02
1.13274143748108230e+02
1.13274143748108230e+02
1.13274143748108230e+02
1.13274143748108230e+02
1.14170781506422784e+02
1.14170781506422784e+02
1.14170781506422784e+02
1.14170781506422784e+02
1.21083134869458021e+02
1.21083134869458021e+02
1.21083134869458021e+02
1.21083134869458021e+02
1.22636052492607234e+02
1.22636052492607234e+02
1.22636052492607234e+02
1.22636052492607234e+02
1.18605302378763099e+02
1.18605302378763099e+02
1.18605302378763099e+02
1.18605302378763099e+02
1.13024120227809561e+02
1.13024120227809561e+02
1.13024120227809561e+02
1.13024120227809561e+02
1.18976839359416644e+02
1.18976839359416644e+02
1.18976839359416644e+02
1.18976839359416644e+02
1.15964295838785162e+02
1.15964295838785162e+02
1.15964295838785162e+02
1.15964295838785162e+02
1.14082149145597157e+02
1.14082149145597157e+02
1.14082149145597157e+02
1.14082149145597157e+02
1.17511794487451581e+02
1.17511794487451581e+02
1.17511794487451581e+02
1.17511794487451581e+02
1.20556794935562252e+02
1.20556794935562252e+02
1.20556794935562252e+02
1.20556794935562252e+02
1.17484247248124873e+02
1.17484247248124873e+02
1.17484247248124873e+02
1.17484247248124873e+02
1.15659692023626661e+02
1.15659692023626661e+02
1.15659692023626661e+02
1.15659692023626661e+02
1.12847882916144073e+02
1.12847882916144073e+02
1.12847882916144073e+02
1.12847882916144073e+02
1.18055307721845509e+02
1.18055307721845509e+02
1.18055307721845509e+02
1.18055307721845509e+02
1.13299366809586587e+02
1.13299366809586587e+02
1.13299366809586587e+02
1.13299366809586587e+02
1.16837468748940736e+02
1.16837468748940736e+02
1.16837468748940736e+02
1.16837468748940736e+02
1.11120135895887557e+02
1.11120135895887557e+02
1.11120135895887557e+02
1.11120135895887557e+02
1.08959944679830713e+02
1.08959944679830713e+02
1.08959944679830713e+02
1.08959944679830713e+02
1.16009409340146732e+02
1.16009409340146732e+02
1.16009409340146732e+02
1.16009409340146732e+02
1.12821979314784770e+02
1.12821979314784770e+02
1.12821979314784770e+02
1.12821979314784770e+02
1.16965315947834782e+02
1.16965315947834782e+02
1.16965315947834782e+02
1.16965315947834782e+02
1.11168142072218203e+02
1.11168142072218203e+02
1.11168142072218203e+02
1.11168142072218203e+02
1.14406845918389521e+02
1.14406845918389521e+02
1.14406845918389521e+02
1.14406845918389521e+02
1.15265583228623157e+02
1.15265583228623157e+02
1.15265583228623157e+02
1.15265583228623157e+02
1.16189132087661022e+02
1.16189132087661022e+02
1.16189132087661022e+02
1.16189132087661022e+02
1.14131859898550843e+02
1.14131859898550843e+02
1.14131859898550843e+02
1.14131859898550843e+02
1.15301297282958728e+02
1.15301297282958728e+02
1.15301297282958728e+02
1.15301297282958728e+02
1.17988412600357989e+02
1.17988412600357989e+02
1.17988412600357989e+02
1.17988412600357989e+02
1.17330846641309265e+02
1.17330846641309265e+02
1.17330846641309265e+02
1.17330846641309265e+02
1.18170513921940753e+02
1.18170513921940753e+02
1.18170513921940753e+02
1.18170513921940753e+02
1.19558677033458338e+02
1.19558677033458338e+02
1.19558677033458338e+02
1.19558677033458338e+02
1.17147022658983872e+02
1.17147022658983872e+02
1.17147022658983872e+02
1.17147022658983872e+02
1.11689297599995044e+02
1.11689297599995044e+02
1.11689297599995044e+02
1.11689297599995044e+02
1.11714963200077435e+02
1.11714963200077435e+02
1.11714963200077435e+02
1.11714963200077435e+02
1.14664428559089870e+02
1.14664428559089870e+02
1.14664428559089870e+02
1.14664428559089870e+02
1.13172505725953059e+02
1.13172505725953059e+02
1.13172505725953059e+02
1.13172505725953059e+02
1.13320849778716010e+02
1.13320849778716010e+02
1.13320849778716010e+02
1.13320849778716010e+02
1.13405587830677916e+02
1.13405587830677916e+02
1.13405587830677916e+02
1.13405587830677916e+02
1.13746616861057959e+02
1.13746616861057959e+02
1.13746616861057959e+02
1.13746616861057959e+02
1.11435532489751139e+02
1.11435532489751139e+02
1.11435532489751139e+02
1.11435532489751139e+02
1.12374482141304227e+02
1.12374482141304227e+02
1.12374482141304227e+02
1.12374482141304227e+02
1.11341778902493530e+02
1.11341778902493530e+02
1.11341778902493530e+02
1.11341778902493530e+02
1.13069245991593533e+02
1.13069245991593533e+02
1.13069245991593533e+02
1.13069245991593533e+02
1.13895065765839689e+02
1.13895065765839689e+02
1.13895065765839689e+02
1.13895065765839689e+02
1.12123689765942743e+02
1.12123689765942743e+02
1.12123689765942743e+02
1.12123689765942743e+02
1.13736189781216666e+02
1.13736189781216666e+02
1.13736189781216666e+02
1.13736189781216666e+02
1.16333459103089908e+02
1.16333459103089908e+02
1.16333459103089908e+02
1.16333459103089908e+02
1.16073630710415642e+02
1.16073630710415642e+02
1.16073630710415642e+02
1.16073630710415642e+02
1.19137541089876791e+02
1.19137541089876791e+02
1.19137541089876791e+02
1.19137541089876791e+02
1.19102259759120287e+02
1.19102259759120287e+02
1.19102259759120287e+02
1.19102259759120287e+02
1.18733607527249632e+02
1.18733607527249632e+02
1.18733607527249632e+02
1.18733607527249632e+02
1.19876649265071634e+02
1.19876649265071634e+02
1.19876649265071634e+02
1.19876649265071634e+02
1.15020656350921755e+02
1.15020656350921755e+02
1.15020656350921755e+02
1.15020656350921755e+02
1.12930141487346773e+02
1.12930141487346773e+02
1.12930141487346773e+02
1.12930141487346773e+02
1.13183356726681538e+02
1.13183356726681538e+02
1.13183356726681538e+02
1.13183356726681538e+02
1.15107189780108243e+02
1.15107189780108243e+02
1.15107189780108243e+02
1.15107189780108243e+02
1.15645918891938280e+02
1.15645918891938280e+02
1.15645918891938280e+02
1.15645918891938280e+02
1.17696067992918259e+02
1.17696067992918259e+02
1.17696067992918259e+02
1.17696067992918259e+02
1.15542888944345165e+02
1.15542888944345165e+02
1.15542888944345165e+02
1.15542888944345165e+02
1.15141006577591483e+02
1.15141006577591483e+02
1.15141006577591483e+02
1.15141006577591483e+02
1.14041816001954814e+02
1.14041816001954814e+02
1.14041816001954814e+02
1.14041816001954814e+02
1.13923900760877302e+02
1.13923900760877302e+02
1.13923900760877302e+02
1.13923900760877302e+02
1.17359152356129485e+02
1.17359152356129485e+02
1.17359152356129485e+02
1.17359152356129485e+02
1.17497813249379021e+02
1.17497813249379021e+02
1.17497813249379021e+02
1.17497813249379021e+02
1.17915473100406942e+02
1.17915473100406942e+02
1.17915473100406942e+02
1.17915473100406942e+02
1.16273343236725495e+02
1.16273343236725495e+02
1.16273343236725495e+02
1.16273343236725495e+02
1.15599900284980308e+02
1.15599900284980308e+02
1.15599900284980308e+02
1.15599900284980308e+02
1.18664891281466083e+02
1.18664891281466083e+02
1.18664891281466083e+02
1.18664891281466083e+02
1.16203580940740991e+02
1.16203580940740991e+02
1.16203580940740991e+02
1.16203580940740991e+02
1.17199945919751102e+02
1.17199945919751102e+02
1.17199945919751102e+02
1.17199945919751102e+02
1.13073315327543682e+02
1.13073315327543682e+02
1.13073315327543682e+02
1.13073315327543682e+02
1.12128567709403455e+02
1.12128567709403455e+02
1.12128567709403455e+02
1.12128567709403455e+02
1.15509318908901079e+02
1.15509318908901079e+02
1.15509318908901079e+02
1.15509318908901079e+02
1.18810115745706156e+02
1.18810115745706156e+02
1.18810115745706156e+02
1.18810115745706156e+02
1.16970511064208836e+02
1.16970511064208836e+02
1.16970511064208836e+02
1.16970511064208836e+02
1.12261590738008536e+02
1.12261590738008536e+02
1.12261590738008536e+02
1.12261590738008536e+02
1.11029747714570945e+02
1.11029747714570945e+02
1.11029747714570945e+02
1.11029747714570945e+02
1.16080236604112756e+02
1.16080236604112756e+02
1.16080236604112756e+02
1.16080236604112756e+02
1.10891001389087265e+02
1.10891001389087265e+02
1.10891001389087265e+02
1.10891001389087265e+02
1.15300637897927132e+02
1.15300637897927132e+02
1.15300637897927132e+02
1.15300637897927132e+02
1.12679533878972933e+02
1.12679533878972933e+02
1.12679533878972933e+02
1.12679533878972933e+02
1.13250453301764836e+02
1.13250453301764836e+02
1.13250453301764836e+02
1.13250453301764836e+02
1.10009620131820853e+02
1.10009620131820853e+02
1.10009620131820853e+02
1.10009620131820853e+02
1.09522741824166772e+02
1.09522741824166772e+02
1.09522741824166772e+02
1.09522741824166772e+02
1.12085167166238222e+02
1.12085167166238222e+02
1.12085167166238222e+02
1.12085167166238222e+02
1.13492375653117705e+02
1.13492375653117705e+02
1.13492375653117705e+02
1.13492375653117705e+02
1.11399154854129691e+02
1.11399154854129691e+02
1.11399154854129691e+02
1.11399154854129691e+02
1.15932622305475633e+02
1.15932622305475633e+02
1.15932622305475633e+02
1.15932622305475633e+02
1.14564485335258411e+02
1.14564485335258411e+02
1.14564485335258411e+02
1.14564485335258411e+02
1.15223626636410785e+02
1.15223626636410785e+02
1.15223626636410785e+02
1.15223626636410785e+02
1.12923968181732448e+02
1.12923968181732448e+02
1.12923968181732448e+02
1.12923968181732448e+02
1.16206423107116166e+02
1.16206423107116166e+02
1.16206423107116166e+02
1.16206423107116166e+02
1.16897398639956407e+02
1.16897398639956407e+02
1.16897398639956407e+02
1.16897398639956407e+02
1.18440568652031644e+02
1.18440568652031644e+02
1.18440568652031644e+02
1.18440568652031644e+02
1.18961679801480372e+02
1.18961679801480372e+02
1.18961679801480372e+02
1.18961679801480372e+02
1.16765528373789294e+02
1.16765528373789294e+02
1.16765528373789294e+02
1.16765528373789294e+02
1.17766833403950542e+02
1.17766833403950542e+02
1.17766833403950542e+02
1.17766833403950542e+02
1.19656264947388337e+02
1.19656264947388337e+02
1.19656264947388337e+02
1.19656264947388337e+02
1.17089662239920855e+02
1.17089662239920855e+02
1.17089662239920855e+02
1.17089662239920855e+02
1.17487048359668549e+02
1.17487048359668549e+02
1.17487048359668549e+02
1.17487048359668549e+02
1.13299414450027200e+02
1.13299414450027200e+02
1.13299414450027200e+02
1.13299414450027200e+02
1.12129431920889672e+02
1.12129431920889672e+02
1.12129431920889672e+02
1.12129431920889672e+02
1.15915432801093587e+02
1.15915432801093587e+02
1.15915432801093587e+02
1.15915432801093587e+02
1.16609994727020847e+02
1.16609994727020847e+02
1.16609994727020847e+02
1.16609994727020847e+02
1.13637243473114282e+02
1.13637243473114282e+02
1.13637243473114282e+02
1.13637243473114282e+02
1.16213766095316984e+02
1.16213766095316984e+02
1.16213766095316984e+02
1.16213766095316984e+02
1.17758796422900701e+02
1.17758796422900701e+02
1.17758796422900701e+02
1.17758796422900701e+02
1.15422220458682929e+02
1.15422220458682929e+02
1.15422220458682929e+02
1.15422220458682929e+02
1.15884705019362954e+02
1.15884705019362954e+02
1.15884705019362954e+02
1.15884705019362954e+02
1.15718982696242236e+02
1.15718982696242236e+02
1.15718982696242236e+02
1.15718982696242236e+02
1.16710127130223256e+02
1.16710127130223256e+02
1.16710127130223256e+02
1.16710127130223256e+02
1.12366279946864026e+02
1.12366279946864026e+02
1.12366279946864026e+02
1.12366279946864026e+02
1.12370796300570120e+02
1.12370796300570120e+02
1.12370796300570120e+02
1.12370796300570120e+02
1.17466948813863624e+02
1.17466948813863624e+02
1.17466948813863624e+02
1.17466948813863624e+02
1.12856223419437001e+02
1.12856223419437001e+02
1.12856223419437001e+02
1.12856223419437001e+02
1.19668073410632800e+02
1.19668073410632800e+02
1.19668073410632800e+02
1.19668073410632800e+02
1.15736864375460200e+02
1.15736864375460200e+02
1.15736864375460200e+02
1.15736864375460200e+02
1.15946447064743197e+02
1.15946447064743197e+02
1.15946447064743197e+02
1.15946447064743197e+02
1.18917995565305631e+02
1.18917995565305631e+02
1.18917995565305631e+02
1.18917995565305631e+02
1.18290296089361718e+02
1.18290296089361718e+02
1.18290296089361718e+02
1.18290296089361718e+02
1.15533414543320603e+02
1.15533414543320603e+02
1.15533414543320603e+02
1.15533414543320603e+02
1.15789135399740502e+02
1.15789135399740502e+02
1.15789135399740502e+02
1.15789135399740502e+02
1.13102305123877500e+02
1.13102305123877500e+02
1.13102305123877500e+02
1.13102305123877500e+02
1.18636450264722640e+02
1.18636450264722640e+02
1.18636450264722640e+02
1.18636450264722640e+02
1.15369273139521255e+02
1.15369273139521255e+02
1.15369273139521255e+02
1.15369273139521255e+02
1.18966416486606917e+02
1.18966416486606917e+02
1.18966416486606917e+02
1.18966416486606917e+02
1.14038246127007170e+02
1.14038246127007170e+02
1.14038246127007170e+02
1.14038246127007170e+02
1.18978218197486243e+02
1.18978218197486243e+02
1.18978218197486243e+02
1.18978218197486243e+02
1.13430246413091083e+02
1.13430246413091083e+02
1.13430246413091083e+02
1.13430246413091083e+02
1.14735686184846287e+02
1.14735686184846287e+02
1.14735686184846287e+02
1.14735686184846287e+02
1.15991084227545656e+02
1.15991084227545656e+02
1.15991084227545656e+02
1.15991084227545656e+02
1.15238230663459973e+02
1.15238230663459973e+02
1.15238230663459973e+02
1.15238230663459973e+02
1.18820193124375095e+02
1.18820193124375095e+02
1.18820193124375095e+02
1.18820193124375095e+02
1.17511421978523373e+02
1.17511421978523373e+02
1.17511421978523373e+02
1.17511421978523373e+02
1.13290227233525371e+02
1.13290227233525371e+02
1.13290227233525371e+02
1.13290227233525371e+02
1.15453993077885883e+02
1.15453993077885883e+02
1.15453993077885883e+02
1.15453993077885883e+02
1.14643401358191326e+02
1.14643401358191326e+02
1.14643401358191326e+02
1.14643401358191326e+02
1.15758364236041587e+02
1.15758364236041587e+02
1.15758364236041587e+02
1.15758364236041587e+02
1.14158671194830859e+02
1.14158671194830859e+02
1.14158671194830859e+02
1.14158671194830859e+02
1.12408231819296560e+02
1.12408231819296560e+02
1.12408231819296560e+02
1.12408231819296560e+02
1.13385727403800885e+02
1.13385727403800885e+02
1.13385727403800885e+02
1.13385727403800885e+02
1.15833001810811936e+02
1.15833001810811936e+02
1.15833001810811936e+02
1.15833001810811936e+02
1.14283137223025804e+02
1.14283137223025804e+02
1.14283137223025804e+02
1.14283137223025804e+02
1.16363200826603475e+02
1.16363200826603475e+02
1.16363200826603475e+02
1.16363200826603475e+02
1.16309279269984103e+02
1.16309279269984103e+02
1.16309279269984103e+02
1.16309279269984103e+02
1.16552077076272028e+02
1.16552077076272028e+02
1.16552077076272028e+02
1.16552077076272028e+02
1.15954584496585554e+02
1.15954584496585554e+02
1.15954584496585554e+02
1.15954584496585554e+02
1.16238710757951807e+02
1.16238710757951807e+02
1.16238710757951807e+02
1.16238710757951807e+02
1.17057381300785636e+02
1.17057381300785636e+02
1.17057381300785636e+02
1.17057381300785636e+02
1.15656593812435702e+02
1.15656593812435702e+02
1.15656593812435702e+02
1.15656593812435702e+02
1.15557058837390016e+02
1.15557058837390016e+02
1.15557058837390016e+02
1.15557058837390016e+02
1.14196055751189220e+02
1.14196055751189220e+02
1.14196055751189220e+02
1.14196055751189220e+02
1.16440727687023170e+02
1.16440727687023170e+02
1.16440727687023170e+02
1.16440727687023170e+02
1.14144717134570413e+02
1.14144717134570413e+02
1.14144717134570413e+02
1.14144717134570413e+02
1.16894536429809676e+02
1.16894536429809676e+02
1.16894536429809676e+02
1.16894536429809676e+02
1.14209129501744329e+02
1.14209129501744329e+02
1.14209129501744329e+02
1.14209129501744329e+02
1.16134525169702258e+02
1.16134525169702258e+02
1.16134525169702258e+02
1.16134525169702258e+02
1.15146071395694733e+02
1.15146071395694733e+02
1.15146071395694733e+02
1.15146071395694733e+02
1.14904048704134453e+02
1.14904048704134453e+02
1.14904048704134453e+02
1.14904048704134453e+02
1.14293403264300778e+02
1.14293403264300778e+02
1.14293403264300778e+02
1.14293403264300778e+02
1.15777385244645217e+02
1.15777385244645217e+02
1.15777385244645217e+02
1.15777385244645217e+02
1.10604176530409546e+02
1.10604176530409546e+02
1.10604176530409546e+02
1.10604176530409546e+02
1.15197906496010404e+02
1.15197906496010404e+02
1.15197906496010404e+02
1.15197906496010404e+02
1.16495862983788854e+02
1.16495862983788854e+02
1.16495862983788854e+02
1.16495862983788854e+02
1.14466625046852059e+02
1.14466625046852059e+02
1.14466625046852059e+02
1.14466625046852059e+02
1.12880102038606424e+02
1.12880102038606424e+02
1.12880102038606424e+02
1.12880102038606424e+02
1.14295997966456113e+02
1.14295997966456113e+02
1.14295997966456113e+02
1.14295997966456113e+02
1.14143166119811795e+02
1.14143166119811795e+02
1.14143166119811795e+02
1.14143166119811795e+02
1.13915975458488177e+02
1.13915975458488177e+02
1.13915975458488177e+02
1.13915975458488177e+02
1.14638711676756273e+02
1.14638711676756273e+02
1.14638711676756273e+02
1.14638711676756273e+02
1.15294216103564594e+02
1.15294216103564594e+02
1.15294216103564594e+02
1.15294216103564594e+02
1.15953062786141643e+02
1.15953062786141643e+02
1.15953062786141643e+02
1.15953062786141643e+02
1.14847788757459782e+02
1.14847788757459782e+02
1.14847788757459782e+02
1.14847788757459782e+02
1.12279965334705153e+02
1.12279965334705153e+02
1.12279965334705153e+02
1.12279965334705153e+02
1.15671048088507689e+02
1.15671048088507689e+02
1.15671048088507689e+02
1.15671048088507689e+02
1.13535210758388217e+02
1.13535210758388217e+02
1.13535210758388217e+02
1.13535210758388217e+02
1.15003348933995539e+02
1.15003348933995539e+02
1.15003348933995539e+02
1.15003348933995539e+02
1.15753514805588452e+02
1.15753514805588452e+02
1.15753514805588452e+02
1.15753514805588452e+02
1.13122048904565105e+02
1.13122048904565105e+02
1.13122048904565105e+02
1.13122048904565105e+02
1.17083637377408323e+02
1.17083637377408323e+02
1.17083637377408323e+02
1.17083637377408323e+02
1.18502692874516995e+02
1.18502692874516995e+02
1.18502692874516995e+02
1.18502692874516995e+02
1.15788097798807513e+02
1.15788097798807513e+02
1.15788097798807513e+02
1.15788097798807513e+02
1.18374320885905050e+02
1.18374320885905050e+02
1.18374320885905050e+02
1.18374320885905050e+02
1.17899465840931114e+02
1.17899465840931114e+02
1.17899465840931114e+02
1.17899465840931114e+02
1.18322999169993793e+02
1.18322999169993793e+02
1.18322999169993793e+02
1.18322999169993793e+02
1.18745591088710697e+02
1.18745591088710697e+02
1.18745591088710697e+02
1.18745591088710697e+02
1.19091032727298455e+02
1.19091032727298455e+02
1.19091032727298455e+02
1.19091032727298455e+02
1.17438075669080007e+02
1.17438075669080007e+02
1.17438075669080007e+02
1.17438075669080007e+02
1.17224541609378406e+02
1.17224541609378406e+02
1.17224541609378406e+02
1.17224541609378406e+02
1.16958649852878921e+02
1.16958649852878921e+02
1.16958649852878921e+02
1.16958649852878921e+02
1.16384177050012624e+02
1.16384177050012624e+02
1.16384177050012624e+02
1.16384177050012624e+02
1.16773870286440200e+02
1.16773870286440200e+02
1.16773870286440200e+02
1.16773870286440200e+02
1.15196965996413965e+02
1.15196965996413965e+02
1.15196965996413965e+02
1.15196965996413965e+02
1.17831126278457432e+02
1.17831126278457432e+02
1.17831126278457432e+02
1.17831126278457432e+02
1.17109429279132002e+02
1.17109429279132002e+02
1.17109429279132002e+02
1.17109429279132002e+02
1.19655468484593214e+02
1.19655468484593214e+02
1.19655468484593214e+02
1.19655468484593214e+02
1.08646640863195813e+02
1.08646640863195813e+02
1.08646640863195813e+02
1.08646640863195813e+02
1.09685976127845080e+02
1.09685976127845080e+02
1.09685976127845080e+02
1.09685976127845080e+02
1.09644763735066221e+02
1.09644763735066221e+02
1.09644763735066221e+02
1.09644763735066221e+02
1.16775121982572387e+02
1.16775121982572387e+02
1.16775121982572387e+02
1.16775121982572387e+02
1.13460729269202972e+02
1.13460729269202972e+02
1.13460729269202972e+02
1.13460729269202972e+02
1.12433711182529350e+02
1.12433711182529350e+02
1.12433711182529350e+02
1.12433711182529350e+02
1.14197674686389462e+02
1.14197674686389462e+02
1.14197674686389462e+02
1.14197674686389462e+02
1.13736531044680831e+02
1.13736531044680831e+02
1.13736531044680831e+02
1.13736531044680831e+02
1.15337555426325864e+02
1.15337555426325864e+02
1.15337555426325864e+02
1.15337555426325864e+02
1.16195742323274317e+02
1.16195742323274317e+02
1.16195742323274317e+02
1.16195742323274317e+02
1.09990777768224234e+02
1.09990777768224234e+02
1.09990777768224234e+02
1.09990777768224234e+02
1.20324055531418978e+02
1.20324055531418978e+02
1.20324055531418978e+02
1.20324055531418978e+02
1.15535430473495225e+02
1.15535430473495225e+02
1.15535430473495225e+02
1.15535430473495225e+02
1.16270776485229717e+02
1.16270776485229717e+02
1.16270776485229717e+02
1.16270776485229717e+02
1.13533669300263782e+02
1.13533669300263782e+02
1.13533669300263782e+02
1.13533669300263782e+02
1.14628718309659490e+02
1.14628718309659490e+02
1.14628718309659490e+02
1.14628718309659490e+02
1.16963043489718075e+02
1.16963043489718075e+02
1.16963043489718075e+02
1.16963043489718075e+02
1.17186464718189072e+02
1.17186464718189072e+02
1.17186464718189072e+02
1.17186464718189072e+02
1.19637039058096605e+02
1.19637039058096605e+02
1.19637039058096605e+02
1.19637039058096605e+02
1.18508228885320506e+02
1.18508228885320506e+02
1.18508228885320506e+02
1.18508228885320506e+02
1.17354229894894218e+02
1.17354229894894218e+02
1.17354229894894218e+02
1.17354229894894218e+02
1.19156435618194521e+02
1.19156435618194521e+02
1.19156435618194521e+02
1.19156435618194521e+02
1.19380509206673125e+02
1.19380509206673125e+02
1.19380509206673125e+02
1.19380509206673125e+02
1.16158267783777035e+02
1.16158267783777035e+02
1.16158267783777035e+02
1.16158267783777035e+02
1.11686898692758959e+02
1.11686898692758959e+02
1.11686898692758959e+02
1.11686898692758959e+02
1.14082599106567869e+02
1.14082599106567869e+02
1.14082599106567869e+02
1.14082599106567869e+02
1.17846746167703387e+02
1.17846746167703387e+02
1.17846746167703387e+02
1.17846746167703387e+02
1.16533366105095268e+02
1.16533366105095268e+02
1.16533366105095268e+02
1.16533366105095268e+02
1.17234508527210451e+02
1.17234508527210451e+02
1.17234508527210451e+02
1.17234508527210451e+02
1.15170480616260846e+02
1.15170480616260846e+02
1.15170480616260846e+02
1.15170480616260846e+02
1.21336849734763746e+02
1.21336849734763746e+02
1.21336849734763746e+02
1.21336849734763746e+02
1.20199442793666336e+02
1.20199442793666336e+02
1.20199442793666336e+02
1.20199442793666336e+02
1.20314972203253191e+02
1.20314972203253191e+02
1.20314972203253191e+02
1.20314972203253191e+02
1.18735393482735731e+02
1.18735393482735731e+02
1.18735393482735731e+02
1.18735393482735731e+02
1.17880638311475067e+02
1.17880638311475067e+02
1.17880638311475067e+02
1.17880638311475067e+02
1.15228252811666792e+02
1.15228252811666792e+02
1.15228252811666792e+02
1.15228252811666792e+02
1.12979496427927472e+02
1.12979496427927472e+02
1.12979496427927472e+02
1.12979496427927472e+02
1.18120047380492380e+02
1.18120047380492380e+02
1.18120047380492380e+02
1.18120047380492380e+02
1.14385986813816373e+02
1.14385986813816373e+02
1.14385986813816373e+02
1.14385986813816373e+02
1.19243947445926480e+02
1.19243947445926480e+02
1.19243947445926480e+02
1.19243947445926480e+02
1.15595179520701208e+02
1.15595179520701208e+02
1.15595179520701208e+02
1.15595179520701208e+02
1.20908022791876562e+02
1.20908022791876562e+02
1.20908022791876562e+02
1.20908022791876562e+02
1.14786711721691560e+02
1.14786711721691560e+02
1.14786711721691560e+02
1.14786711721691560e+02
1.13259735060222553e+02
1.13259735060222553e+02
1.13259735060222553e+02
1.13259735060222553e+02
1.14749762207997207e+02
1.14749762207997207e+02
1.14749762207997207e+02
1.14749762207997207e+02
1.12734427555442068e+02
1.12734427555442068e+02
1.12734427555442068e+02
1.12734427555442068e+02
1.18202552996846478e+02
1.18202552996846478e+02
1.18202552996846478e+02
1.18202552996846478e+02
1.17355814190962207e+02
1.17355814190962207e+02
1.17355814190962207e+02
1.17355814190962207e+02
1.11339770985684027e+02
1.11339770985684027e+02
1.11339770985684027e+02
1.11339770985684027e+02
1.17362642135182469e+02
1.17362642135182469e+02
1.17362642135182469e+02
1.17362642135182469e+02
1.12693190128902799e+02
1.12693190128902799e+02
1.12693190128902799e+02
1.12693190128902799e+02
1.15295719987548281e+02
1.15295719987548281e+02
1.15295719987548281e+02
1.15295719987548281e+02
1.12274869549538749e+02
1.12274869549538749e+02
1.12274869549538749e+02
1.12274869549538749e+02
1.18140607580093913e+02
1.18140607580093913e+02
1.18140607580093913e+02
1.18140607580093913e+02
1.16100252862292422e+02
1.16100252862292422e+02
1.16100252862292422e+02
1.16100252862292422e+02
1.15868305259284710e+02
1.15868305259284710e+02
1.15868305259284710e+02
1.15868305259284710e+02
1.15527034617498344e+02
1.15527034617498344e+02
1.15527034617498344e+02
1.15527034617498344e+02
1.14778573771669173e+02
1.14778573771669173e+02
1.14778573771669173e+02
1.14778573771669173e+02
1.12907414646062847e+02
1.12907414646062847e+02
1.12907414646062847e+02
1.12907414646062847e+02
1.18816768836354626e+02
1.18816768836354626e+02
1.18816768836354626e+02
1.18816768836354626e+02
1.11512929071474986e+02
1.11512929071474986e+02
1.11512929071474986e+02
1.11512929071474986e+02
1.11896377996591838e+02
1.11896377996591838e+02
1.11896377996591838e+02
1.11896377996591838e+02
1.11676140253275605e+02
1.11676140253275605e+02
1.11676140253275605e+02
1.11676140253275605e+02
1.13444730328350715e+02
1.13444730328350715e+02
1.13444730328350715e+02
1.13444730328350715e+02
1.13275639014326657e+02
1.13275639014326657e+02
1.13275639014326657e+02
1.13275639014326657e+02
1.13680297245897961e+02
1.13680297245897961e+02
1.13680297245897961e+02
1.13680297245897961e+02
1.10955778184070027e+02
1.10955778184070027e+02
1.10955778184070027e+02
1.10955778184070027e+02
1.12421076500136053e+02
1.12421076500136053e+02
1.12421076500136053e+02
1.12421076500136053e+02
1.10794577596466283e+02
1.10794577596466283e+02
1.10794577596466283e+02
1.10794577596466283e+02
1.13765566369944310e+02
1.13765566369944310e+02
1.13765566369944310e+02
1.13765566369944310e+02
1.12155062246862514e+02
1.12155062246862514e+02
1.12155062246862514e+02
1.12155062246862514e+02
1.15787616529615605e+02
1.15787616529615605e+02
1.15787616529615605e+02
1.15787616529615605e+02
1.15916635308501682e+02
1.15916635308501682e+02
1.15916635308501682e+02
1.15916635308501682e+02
1.17503057144560003e+02
1.17503057144560003e+02
1.17503057144560003e+02
1.17503057144560003e+02
1.16057180154563014e+02
1.16057180154563014e+02
1.16057180154563014e+02
1.16057180154563014e+02
1.14475096037539274e+02
1.14475096037539274e+02
1.14475096037539274e+02
1.14475096037539274e+02
1.16228415956844103e+02
1.16228415956844103e+02
1.16228415956844103e+02
1.16228415956844103e+02
1.16662605354005507e+02
1.16662605354005507e+02
1.16662605354005507e+02
1.16662605354005507e+02
1.15345954999352230e+02
1.15345954999352230e+02
1.15345954999352230e+02
1.15345954999352230e+02
1.16674460715440588e+02
1.16674460715440588e+02
1.16674460715440588e+02
1.16674460715440588e+02
1.10724661152266009e+02
1.10724661152266009e+02
1.10724661152266009e+02
1.10724661152266009e+02
1.17393350897687014e+02
1.17393350897687014e+02
1.17393350897687014e+02
1.17393350897687014e+02
1.15506913292809386e+02
1.15506913292809386e+02
1.15506913292809386e+02
1.15506913292809386e+02
1.12689540305996047e+02
1.12689540305996047e+02
1.12689540305996047e+02
1.12689540305996047e+02
1.19740291214534878e+02
1.19740291214534878e+02
1.19740291214534878e+02
1.19740291214534878e+02
1.16778695669590007e+02
1.16778695669590007e+02
1.16778695669590007e+02
1.16778695669590007e+02
1.18254463789933524e+02
1.18254463789933524e+02
1.18254463789933524e+02
1.18254463789933524e+02
1.17329079369474357e+02
1.17329079369474357e+02
1.17329079369474357e+02
1.17329079369474357e+02
1.15457328809117769e+02
1.15457328809117769e+02
1.15457328809117769e+02
1.15457328809117769e+02
1.17259140106092588e+02
1.17259140106092588e+02
1.17259140106092588e+02
1.17259140106092588e+02
1.17869762575034457e+02
1.17869762575034457e+02
1.17869762575034457e+02
1.17869762575034457e+02
1.18259349443883082e+02
1.18259349443883082e+02
1.18259349443883082e+02
1.18259349443883082e+02
1.16532003805767204e+02
1.16532003805767204e+02
1.16532003805767204e+02
1.16532003805767204e+02
1.16909448021424467e+02
1.16909448021424467e+02
1.16909448021424467e+02
1.16909448021424467e+02
1.16100277292857740e+02
1.16100277292857740e+02
1.16100277292857740e+02
1.16100277292857740e+02
1.16082266822992736e+02
1.16082266822992736e+02
1.16082266822992736e+02
1.16082266822992736e+02
1.16294662864647492e+02
1.16294662864647492e+02
1.16294662864647492e+02
1.16294662864647492e+02
1.16244509683972765e+02
1.16244509683972765e+02
1.16244509683972765e+02
1.16244509683972765e+02
1.14427182782792968e+02
1.14427182782792968e+02
1.14427182782792968e+02
1.14427182782792968e+02
1.16798655121774743e+02
1.16798655121774743e+02
1.16798655121774743e+02
1.16798655121774743e+02
1.11855190815306855e+02
1.11855190815306855e+02
1.11855190815306855e+02
1.11855190815306855e+02
1.18564952496427622e+02
1.18564952496427622e+02
1.18564952496427622e+02
1.18564952496427622e+02
1.16880426373219933e+02
1.16880426373219933e+02
1.16880426373219933e+02
1.16880426373219933e+02
1.18155459293903704e+02
1.18155459293903704e+02
1.18155459293903704e+02
1.18155459293903704e+02
1.16200323425672309e+02
1.16200323425672309e+02
1.16200323425672309e+02
1.16200323425672309e+02
1.15834890843655685e+02
1.15834890843655685e+02
1.15834890843655685e+02
1.15834890843655685e+02
1.14017460770657223e+02
1.14017460770657223e+02
1.14017460770657223e+02
1.14017460770657223e+02
1.20684093765658261e+02
1.20684093765658261e+02
1.20684093765658261e+02
1.20684093765658261e+02
1.16933356377004216e+02
1.16933356377004216e+02
1.16933356377004216e+02
1.16933356377004216e+02
1.13384342820613469e+02
1.13384342820613469e+02
1.13384342820613469e+02
1.13384342820613469e+02
1.11669660830092198e+02
1.11669660830092198e+02
1.11669660830092198e+02
1.11669660830092198e+02
1.07565379398335509e+02
1.07565379398335509e+02
1.07565379398335509e+02
1.07565379398335509e+02
1.15425478696960297e+02
1.15425478696960297e+02
1.15425478696960297e+02
1.15425478696960297e+02
1.13027357822011240e+02
1.13027357822011240e+02
1.13027357822011240e+02
1.13027357822011240e+02
1.12996262444971407e+02
1.12996262444971407e+02
1.12996262444971407e+02
1.12996262444971407e+02
1.12803809699928721e+02
1.12803809699928721e+02
1.12803809699928721e+02
1.12803809699928721e+02
1.12081057781487004e+02
1.12081057781487004e+02
1.12081057781487004e+02
1.12081057781487004e+02
1.09371708414782361e+02
1.09371708414782361e+02
1.09371708414782361e+02
1.09371708414782361e+02
1.13189315565135658e+02
1.13189315565135658e+02
1.13189315565135658e+02
1.13189315565135658e+02
1.07771324487670398e+02
1.07771324487670398e+02
1.07771324487670398e+02
1.07771324487670398e+02
1.17766904475501804e+02
1.17766904475501804e+02
1.17766904475501804e+02
1.17766904475501804e+02
1.18255078706613475e+02
1.18255078706613475e+02
1.18255078706613475e+02
1.18255078706613475e+02
1.15819114630308704e+02
1.15819114630308704e+02
1.15819114630308704e+02
1.15819114630308704e+02
1.15694698649143135e+02
1.15694698649143135e+02
1.15694698649143135e+02
1.15694698649143135e+02
1.21324776701309247e+02
1.21324776701309247e+02
1.21324776701309247e+02
1.21324776701309247e+02
1.20031048911702840e+02
1.20031048911702840e+02
1.20031048911702840e+02
1.20031048911702840e+02
1.13779984084562543e+02
1.13779984084562543e+02
1.13779984084562543e+02
1.13779984084562543e+02
1.21102929761774078e+02
1.21102929761774078e+02
1.21102929761774078e+02
1.21102929761774078e+02
1.14410697481852807e+02
1.14410697481852807e+02
1.14410697481852807e+02
1.14410697481852807e+02
1.14839064828986608e+02
1.14839064828986608e+02
1.14839064828986608e+02
1.14839064828986608e+02
1.15973696265583712e+02
1.15973696265583712e+02
1.15973696265583712e+02
1.15973696265583712e+02
1.16322842638424959e+02
1.16322842638424959e+02
1.16322842638424959e+02
1.16322842638424959e+02
1.17075230223614412e+02
1.17075230223614412e+02
1.17075230223614412e+02
1.17075230223614412e+02
1.13098074801997058e+02
1.13098074801997058e+02
1.13098074801997058e+02
1.13098074801997058e+02
1.16991119265271934e+02
1.16991119265271934e+02
1.16991119265271934e+02
1.16991119265271934e+02
1.16188148249563483e+02
1.16188148249563483e+02
1.16188148249563483e+02
1.16188148249563483e+02
1.18740712068713904e+02
1.18740712068713904e+02
1.18740712068713904e+02
1.18740712068713904e+02
1.16578385126989573e+02
1.16578385126989573e+02
1.16578385126989573e+02
1.16578385126989573e+02
1.16287330691599806e+02
1.16287330691599806e+02
1.16287330691599806e+02
1.16287330691599806e+02
1.16943884202976378e+02
1.16943884202976378e+02
1.16943884202976378e+02
1.16943884202976378e+02
1.14795981049065446e+02
1.14795981049065446e+02
1.14795981049065446e+02
1.14795981049065446e+02
1.13692172033236488e+02
1.13692172033236488e+02
1.13692172033236488e+02
1.13692172033236488e+02
1.14540324629440647e+02
1.14540324629440647e+02
1.14540324629440647e+02
1.14540324629440647e+02
1.13505046589319917e+02
1.13505046589319917e+02
1.13505046589319917e+02
1.13505046589319917e+02
1.15550971378433800e+02
1.15550971378433800e+02
1.15550971378433800e+02
1.15550971378433800e+02
1.16278725329867740e+02
1.16278725329867740e+02
1.16278725329867740e+02
1.16278725329867740e+02
1.10553301251335142e+02
1.10553301251335142e+02
1.10553301251335142e+02
1.10553301251335142e+02
1.13776993028364089e+02
1.13776993028364089e+02
1.13776993028364089e+02
1.13776993028364089e+02
1.11319403901440367e+02
1.11319403901440367e+02
1.11319403901440367e+02
1.11319403901440367e+02
1.13366035820691096e+02
1.13366035820691096e+02
1.13366035820691096e+02
1.13366035820691096e+02
1.13766251231658231e+02
1.13766251231658231e+02
1.13766251231658231e+02
1.13766251231658231e+02
1.09436700468917195e+02
1.09436700468917195e+02
1.09436700468917195e+02
1.09436700468917195e+02
1.10321911859646534e+02
1.10321911859646534e+02
1.10321911859646534e+02
1.10321911859646534e+02
1.10267912211603061e+02
1.10267912211603061e+02
1.10267912211603061e+02
1.10267912211603061e+02
1.14107550747209217e+02
1.14107550747209217e+02
1.14107550747209217e+02
1.14107550747209217e+02
1.19138312054315136e+02
1.19138312054315136e+02
1.19138312054315136e+02
1.19138312054315136e+02
1.13805562064912138e+02
1.13805562064912138e+02
1.13805562064912138e+02
1.13805562064912138e+02
1.11279018552917918e+02
1.11279018552917918e+02
1.11279018552917918e+02
1.11279018552917918e+02
1.18728889164552228e+02
1.18728889164552228e+02
1.18728889164552228e+02
1.18728889164552228e+02
1.16763189616734493e+02
1.16763189616734493e+02
1.16763189616734493e+02
1.16763189616734493e+02
1.17269579119076866e+02
1.17269579119076866e+02
1.17269579119076866e+02
1.17269579119076866e+02
1.21384342121647094e+02
1.21384342121647094e+02
1.21384342121647094e+02
1.21384342121647094e+02
1.14568236884719937e+02
1.14568236884719937e+02
1.14568236884719937e+02
1.14568236884719937e+02
1.16192732767114904e+02
1.16192732767114904e+02
1.16192732767114904e+02
1.16192732767114904e+02
1.16107745831132121e+02
1.16107745831132121e+02
1.16107745831132121e+02
1.16107745831132121e+02
1.17738208797522077e+02
1.17738208797522077e+02
1.17738208797522077e+02
1.17738208797522077e+02
1.14798319376206592e+02
1.14798319376206592e+02
1.14798319376206592e+02
1.14798319376206592e+02
1.15598200508952289e+02
1.15598200508952289e+02
1.15598200508952289e+02
1.15598200508952289e+02
1.12804031948153778e+02
1.12804031948153778e+02
1.12804031948153778e+02
1.12804031948153778e+02
1.15471107684951861e+02
1.15471107684951861e+02
1.15471107684951861e+02
1.15471107684951861e+02
1.13169116499471286e+02
1.13169116499471286e+02
1.13169116499471286e+02
1.13169116499471286e+02
1.18624659245086463e+02
1.18624659245086463e+02
1.18624659245086463e+02
1.18624659245086463e+02
1.16667350874564306e+02
1.16667350874564306e+02
1.16667350874564306e+02
1.16667350874564306e+02
1.15764679505725539e+02
1.15764679505725539e+02
1.15764679505725539e+02
1.15764679505725539e+02
1.16195275425046489e+02
1.16195275425046489e+02
1.16195275425046489e+02
1.16195275425046489e+02
1.16963524955216656e+02
1.16963524955216656e+02
1.16963524955216656e+02
1.16963524955216656e+02
1.16031333633242639e+02
1.16031333633242639e+02
1.16031333633242639e+02
1.16031333633242639e+02
1.14926783056786618e+02
1.14926783056786618e+02
1.14926783056786618e+02
1.14926783056786618e+02
1.14551789790931466e+02
1.14551789790931466e+02
1.14551789790931466e+02
1.14551789790931466e+02
1.13245376203484469e+02
1.13245376203484469e+02
1.13245376203484469e+02
1.13245376203484469e+02
1.17568688253535157e+02
1.17568688253535157e+02
1.17568688253535157e+02
1.17568688253535157e+02
1.14745097216062575e+02
1.14745097216062575e+02
1.14745097216062575e+02
1.14745097216062575e+02
1.16653863206326946e+02
1.16653863206326946e+02
1.16653863206326946e+02
1.16653863206326946e+02
1.18249566958974967e+02
1.18249566958974967e+02
1.18249566958974967e+02
1.18249566958974967e+02
1.17768451946212664e+02
1.17768451946212664e+02
1.17768451946212664e+02
1.17768451946212664e+02
1.15642221024461620e+02
1.15642221024461620e+02
1.15642221024461620e+02
1.15642221024461620e+02
1.16531345449369155e+02
1.16531345449369155e+02
1.16531345449369155e+02
1.16531345449369155e+02
1.18785274461968427e+02
1.18785274461968427e+02
1.18785274461968427e+02
1.18785274461968427e+02
1.18103039361172804e+02
1.18103039361172804e+02
1.18103039361172804e+02
1.18103039361172804e+02
1.19019338612613339e+02
1.19019338612613339e+02
1.19019338612613339e+02
1.19019338612613339e+02
1.19051189984025214e+02
1.19051189984025214e+02
1.19051189984025214e+02
1.19051189984025214e+02
1.19509196899827955e+02
1.19509196899827955e+02
1.19509196899827955e+02
1.19509196899827955e+02
1.15405567604473262e+02
1.15405567604473262e+02
1.15405567604473262e+02
1.15405567604473262e+02
1.14263571266775159e+02
1.14263571266775159e+02
1.14263571266775159e+02
1.14263571266775159e+02
1.18445459737799723e+02
1.18445459737799723e+02
1.18445459737799723e+02
1.18445459737799723e+02
1.17821420248180033e+02
1.17821420248180033e+02
1.17821420248180033e+02
1.17821420248180033e+02
1.17559859578953464e+02
1.17559859578953464e+02
1.17559859578953464e+02
1.17559859578953464e+02
1.16797313044431874e+02
1.16797313044431874e+02
1.16797313044431874e+02
1.16797313044431874e+02
1.17572460941116972e+02
1.17572460941116972e+02
1.17572460941116972e+02
1.17572460941116972e+02
1.20214619320026557e+02
1.20214619320026557e+02
1.20214619320026557e+02
1.20214619320026557e+02
1.16024575323995606e+02
1.16024575323995606e+02
1.16024575323995606e+02
1.16024575323995606e+02
1.16872949808262845e+02
1.16872949808262845e+02
1.16872949808262845e+02
1.16872949808262845e+02
1.18722771992440698e+02
1.18722771992440698e+02
1.18722771992440698e+02
1.18722771992440698e+02
1.18591302478000813e+02
1.18591302478000813e+02
1.18591302478000813e+02
1.18591302478000813e+02
1.13424678393743662e+02
1.13424678393743662e+02
1.13424678393743662e+02
1.13424678393743662e+02
1.22645257301052808e+02
1.22645257301052808e+02
1.22645257301052808e+02
1.22645257301052808e+02
1.17928167562216032e+02
1.17928167562216032e+02
1.17928167562216032e+02
1.17928167562216032e+02
1.17709291160802195e+02
1.17709291160802195e+02
1.17709291160802195e+02
1.17709291160802195e+02
1.19269290040397721e+02
1.19269290040397721e+02
1.19269290040397721e+02
1.19269290040397721e+02
1.07447270809585703e+02
1.07447270809585703e+02
1.07447270809585703e+02
1.07447270809585703e+02
1.18961272318380097e+02
1.18961272318380097e+02
1.18961272318380097e+02
1.18961272318380097e+02
1.18476274272297815e+02
1.18476274272297815e+02
1.18476274272297815e+02
1.18476274272297815e+02
1.19542164496054070e+02
1.19542164496054070e+02
1.19542164496054070e+02
1.19542164496054070e+02
1.16220272101477917e+02
1.16220272101477917e+02
1.16220272101477917e+02
1.16220272101477917e+02
1.15475587750957033e+02
1.15475587750957033e+02
1.15475587750957033e+02
1.15475587750957033e+02
1.16873074384530213e+02
1.16873074384530213e+02
1.16873074384530213e+02
1.16873074384530213e+02
1.16872811351483236e+02
1.16872811351483236e+02
1.16872811351483236e+02
1.16872811351483236e+02
1.11238727993133764e+02
1.11238727993133764e+02
1.11238727993133764e+02
1.11238727993133764e+02
1.16519765691491088e+02
1.16519765691491088e+02
1.16519765691491088e+02
1.16519765691491088e+02
1.13965005133395181e+02
1.13965005133395181e+02
1.13965005133395181e+02
1.13965005133395181e+02
1.14344015820459788e+02
1.14344015820459788e+02
1.14344015820459788e+02
1.14344015820459788e+02
1.18563778417138536e+02
1.18563778417138536e+02
1.18563778417138536e+02
1.18563778417138536e+02
1.18241278838092583e+02
1.18241278838092583e+02
1.18241278838092583e+02
1.18241278838092583e+02
1.13038759852866178e+02
1.13038759852866178e+02
1.13038759852866178e+02
1.13038759852866178e+02
1.21068765589385592e+02
1.21068765589385592e+02
1.21068765589385592e+02
1.21068765589385592e+02
1.14071473592712636e+02
1.14071473592712636e+02
1.14071473592712636e+02
1.14071473592712636e+02
1.12064517254220519e+02
1.12064517254220519e+02
1.12064517254220519e+02
1.12064517254220519e+02
1.12099819666787880e+02
1.12099819666787880e+02
1.12099819666787880e+02
1.12099819666787880e+02
1.11394823506874729e+02
1.11394823506874729e+02
1.11394823506874729e+02
1.11394823506874729e+02
1.15918942757828589e+02
1.15918942757828589e+02
1.15918942757828589e+02
1.15918942757828589e+02
1.11927188628684831e+02
1.11927188628684831e+02
1.11927188628684831e+02
1.11927188628684831e+02
1.15554139062724744e+02
1.15554139062724744e+02
1.15554139062724744e+02
1.15554139062724744e+02
1.14800428608438850e+02
1.14800428608438850e+02
1.14800428608438850e+02
1.14800428608438850e+02
1.16337935012690338e+02
1.16337935012690338e+02
1.16337935012690338e+02
1.16337935012690338e+02
1.18338272500827060e+02
1.18338272500827060e+02
1.18338272500827060e+02
1.18338272500827060e+02
1.17654288446860633e+02
1.17654288446860633e+02
1.17654288446860633e+02
1.17654288446860633e+02
1.15486160964023000e+02
1.15486160964023000e+02
1.15486160964023000e+02
1.15486160964023000e+02
1.16274854810902909e+02
1.16274854810902909e+02
1.16274854810902909e+02
1.16274854810902909e+02
1.16312980665791827e+02
1.16312980665791827e+02
1.16312980665791827e+02
1.16312980665791827e+02
1.15505725053289154e+02
1.15505725053289154e+02
1.15505725053289154e+02
1.15505725053289154e+02
1.16439680862925840e+02
1.16439680862925840e+02
1.16439680862925840e+02
1.16439680862925840e+02
1.13192660325602589e+02
1.13192660325602589e+02
1.13192660325602589e+02
1.13192660325602589e+02
1.13092983989242597e+02
1.13092983989242597e+02
1.13092983989242597e+02
1.13092983989242597e+02
1.16326891229471642e+02
1.16326891229471642e+02
1.16326891229471642e+02
1.16326891229471642e+02
1.15105202887708884e+02
1.15105202887708884e+02
1.15105202887708884e+02
1.15105202887708884e+02
1.13953364175910323e+02
1.13953364175910323e+02
1.13953364175910323e+02
1.13953364175910323e+02
1.13807181350445092e+02
1.13807181350445092e+02
1.13807181350445092e+02
1.13807181350445092e+02
1.10190478781708364e+02
1.10190478781708364e+02
1.10190478781708364e+02
1.10190478781708364e+02
1.13080178951924665e+02
1.13080178951924665e+02
1.13080178951924665e+02
1.13080178951924665e+02
1.10897886204583969e+02
1.10897886204583969e+02
1.10897886204583969e+02
1.10897886204583969e+02
1.18868959003391069e+02
1.18868959003391069e+02
1.18868959003391069e+02
1.18868959003391069e+02
1.12016865217125840e+02
1.12016865217125840e+02
1.12016865217125840e+02
1.12016865217125840e+02
1.11668916461123132e+02
1.11668916461123132e+02
1.11668916461123132e+02
1.11668916461123132e+02
1.14023437357085172e+02
1.14023437357085172e+02
1.14023437357085172e+02
1.14023437357085172e+02
1.19350675963502340e+02
1.19350675963502340e+02
1.19350675963502340e+02
1.19350675963502340e+02
1.17391589974516933e+02
1.17391589974516933e+02
1.17391589974516933e+02
1.17391589974516933e+02
1.13759629624001875e+02
1.13759629624001875e+02
1.13759629624001875e+02
1.13759629624001875e+02
1.14184118549354579e+02
1.14184118549354579e+02
1.14184118549354579e+02
1.14184118549354579e+02
1.15822411142308283e+02
1.15822411142308283e+02
1.15822411142308283e+02
1.15822411142308283e+02
1.14009295188383291e+02
1.14009295188383291e+02
1.14009295188383291e+02
1.14009295188383291e+02
1.17451414539705624e+02
1.17451414539705624e+02
1.17451414539705624e+02
1.17451414539705624e+02
1.16540006345452667e+02
1.16540006345452667e+02
1.16540006345452667e+02
1.16540006345452667e+02
1.15699282520686936e+02
1.15699282520686936e+02
1.15699282520686936e+02
1.15699282520686936e+02
1.13850517554400071e+02
1.13850517554400071e+02
1.13850517554400071e+02
1.13850517554400071e+02
1.12666385256445039e+02
1.12666385256445039e+02
1.12666385256445039e+02
1.12666385256445039e+02
1.14242852838634718e+02
1.14242852838634718e+02
1.14242852838634718e+02
1.14242852838634718e+02
1.20553528626676197e+02
1.20553528626676197e+02
1.20553528626676197e+02
1.20553528626676197e+02
1.15072233714320589e+02
1.15072233714320589e+02
1.15072233714320589e+02
1.15072233714320589e+02
1.12387837769293398e+02
1.12387837769293398e+02
1.12387837769293398e+02
1.12387837769293398e+02
1.15489491668899689e+02
1.15489491668899689e+02
1.15489491668899689e+02
1.15489491668899689e+02
1.16313264053929544e+02
1.16313264053929544e+02
1.16313264053929544e+02
1.16313264053929544e+02
1.18057078333121879e+02
1.18057078333121879e+02
1.18057078333121879e+02
1.18057078333121879e+02
1.14718570349922970e+02
1.14718570349922970e+02
1.14718570349922970e+02
1.14718570349922970e+02
1.13622390671388317e+02
1.13622390671388317e+02
1.13622390671388317e+02
1.13622390671388317e+02
1.14427340403310239e+02
1.14427340403310239e+02
1.14427340403310239e+02
1.14427340403310239e+02
1.17444849211258827e+02
1.17444849211258827e+02
1.17444849211258827e+02
1.17444849211258827e+02
1.16135276180985855e+02
1.16135276180985855e+02
1.16135276180985855e+02
1.16135276180985855e+02
1.19220291954347431e+02
1.19220291954347431e+02
1.19220291954347431e+02
1.19220291954347431e+02
1.17743465549121510e+02
1.17743465549121510e+02
1.17743465549121510e+02
1.17743465549121510e+02
1.17043614075338354e+02
1.17043614075338354e+02
1.17043614075338354e+02
1.17043614075338354e+02
1.15871216500852995e+02
1.15871216500852995e+02
1.15871216500852995e+02
1.15871216500852995e+02
1.18891909630978688e+02
1.18891909630978688e+02
1.18891909630978688e+02
1.18891909630978688e+02
1.16294579689571862e+02
1.16294579689571862e+02
1.16294579689571862e+02
1.16294579689571862e+02
1.16311450509622802e+02
1.16311450509622802e+02
1.16311450509622802e+02
1.16311450509622802e+02
1.16123859213410682e+02
1.16123859213410682e+02
1.16123859213410682e+02
1.16123859213410682e+02
1.14025292506264165e+02
1.14025292506264165e+02
1.14025292506264165e+02
1.14025292506264165e+02
1.19080562429667793e+02
1.19080562429667793e+02
1.19080562429667793e+02
1.19080562429667793e+02
1.14729515942798116e+02
1.14729515942798116e+02
1.14729515942798116e+02
1.14729515942798116e+02
1.16789096440252607e+02
1.16789096440252607e+02
1.16789096440252607e+02
1.16789096440252607e+02
1.16289278233295576e+02
1.16289278233295576e+02
1.16289278233295576e+02
1.16289278233295576e+02
1.16214774856316836e+02
1.16214774856316836e+02
1.16214774856316836e+02
1.16214774856316836e+02
1.15926665638446721e+02
1.15926665638446721e+02
1.15926665638446721e+02
1.15926665638446721e+02
1.18150120667148755e+02
1.18150120667148755e+02
1.18150120667148755e+02
1.18150120667148755e+02
1.19287455824902509e+02
1.19287455824902509e+02
1.19287455824902509e+02
1.19287455824902509e+02
1.18584596205197485e+02
1.18584596205197485e+02
1.18584596205197485e+02
1.18584596205197485e+02
1.15170621056816515e+02
1.15170621056816515e+02
1.15170621056816515e+02
1.15170621056816515e+02
1.13828070741115653e+02
1.13828070741115653e+02
1.13828070741115653e+02
1.13828070741115653e+02
1.14280867472851483e+02
1.14280867472851483e+02
1.14280867472851483e+02
1.14280867472851483e+02
1.15204992602276718e+02
1.15204992602276718e+02
1.15204992602276718e+02
1.15204992602276718e+02
1.15738321415796875e+02
1.15738321415796875e+02
1.15738321415796875e+02
1.15738321415796875e+02
1.14454458471500971e+02
1.14454458471500971e+02
1.14454458471500971e+02
1.14454458471500971e+02
1.16628337073762850e+02
1.16628337073762850e+02
1.16628337073762850e+02
1.16628337073762850e+02
1.13185365216336493e+02
1.13185365216336493e+02
1.13185365216336493e+02
1.13185365216336493e+02
1.16546397765796030e+02
1.16546397765796030e+02
1.16546397765796030e+02
1.16546397765796030e+02
1.14483743999890649e+02
1.14483743999890649e+02
1.14483743999890649e+02
1.14483743999890649e+02
1.15283106689633655e+02
1.15283106689633655e+02
1.15283106689633655e+02
1.15283106689633655e+02
1.17425590159740011e+02
1.17425590159740011e+02
1.17425590159740011e+02
1.17425590159740011e+02
1.17140142523286244e+02
1.17140142523286244e+02
1.17140142523286244e+02
1.17140142523286244e+02
1.13922750093092688e+02
1.13922750093092688e+02
1.13922750093092688e+02
1.13922750093092688e+02
1.14513206464885030e+02
1.14513206464885030e+02
1.14513206464885030e+02
1.14513206464885030e+02
1.14399264427034069e+02
1.14399264427034069e+02
1.14399264427034069e+02
1.14399264427034069e+02
1.11891096948110118e+02
1.11891096948110118e+02
1.11891096948110118e+02
1.11891096948110118e+02
1.13399954649194285e+02
1.13399954649194285e+02
1.13399954649194285e+02
1.13399954649194285e+02
1.10916062849856544e+02
1.10916062849856544e+02
1.10916062849856544e+02
1.10916062849856544e+02
1.19137280833949092e+02
1.19137280833949092e+02
1.19137280833949092e+02
1.19137280833949092e+02
1.15151053888442391e+02
1.15151053888442391e+02
1.15151053888442391e+02
1.15151053888442391e+02
1.19527433676978944e+02
1.19527433676978944e+02
1.19527433676978944e+02
1.19527433676978944e+02
1.16378238510935134e+02
1.16378238510935134e+02
1.16378238510935134e+02
1.16378238510935134e+02
1.20304740946513604e+02
1.20304740946513604e+02
1.20304740946513604e+02
1.20304740946513604e+02
1.15195693793046829e+02
1.15195693793046829e+02
1.15195693793046829e+02
1.15195693793046829e+02
1.12287648242097532e+02
1.12287648242097532e+02
1.12287648242097532e+02
1.12287648242097532e+02
1.17545625402934689e+02
1.17545625402934689e+02
1.17545625402934689e+02
1.17545625402934689e+02
1.14551320273425929e+02
1.14551320273425929e+02
1.14551320273425929e+02
1.14551320273425929e+02
1.13934134012290272e+02
1.13934134012290272e+02
1.13934134012290272e+02
1.13934134012290272e+02
1.13884348025173765e+02
1.13884348025173765e+02
1.13884348025173765e+02
1.13884348025173765e+02
1.13904002014308205e+02
1.13904002014308205e+02
1.13904002014308205e+02
1.13904002014308205e+02
1.16580565807719367e+02
1.16580565807719367e+02
1.16580565807719367e+02
1.16580565807719367e+02
1.15236256705956265e+02
1.15236256705956265e+02
1.15236256705956265e+02
1.15236256705956265e+02
1.14717886222317020e+02
1.14717886222317020e+02
1.14717886222317020e+02
1.14717886222317020e+02
1.13528280408151332e+02
1.13528280408151332e+02
1.13528280408151332e+02
1.13528280408151332e+02
1.13668964821326000e+02
1.13668964821326000e+02
1.13668964821326000e+02
1.13668964821326000e+02
1.15740962845252227e+02
1.15740962845252227e+02
1.15740962845252227e+02
1.15740962845252227e+02
1.15026287734030944e+02
1.15026287734030944e+02
1.15026287734030944e+02
1.15026287734030944e+02
1.16263670499946087e+02
1.16263670499946087e+02
1.16263670499946087e+02
1.16263670499946087e+02
1.17394772700404687e+02
1.17394772700404687e+02
1.17394772700404687e+02
1.17394772700404687e+02
1.15148833079400589e+02
1.15148833079400589e+02
1.15148833079400589e+02
1.15148833079400589e+02
1.13624371458903624e+02
1.13624371458903624e+02
1.13624371458903624e+02
1.13624371458903624e+02
1.12986988082597421e+02
1.12986988082597421e+02
1.12986988082597421e+02
1.12986988082597421e+02
1.14158564808523963e+02
1.14158564808523963e+02
1.14158564808523963e+02
1.14158564808523963e+02
1.14348417314953608e+02
1.14348417314953608e+02
1.14348417314953608e+02
1.14348417314953608e+02
1.15633078112870265e+02
1.15633078112870265e+02
1.15633078112870265e+02
1.15633078112870265e+02
1.13316661408878204e+02
1.13316661408878204e+02
1.13316661408878204e+02
1.13316661408878204e+02
1.14951187895472174e+02
1.14951187895472174e+02
1.14951187895472174e+02
1.14951187895472174e+02
1.15702856326092999e+02
1.15702856326092999e+02
1.15702856326092999e+02
1.15702856326092999e+02
1.16091227314633670e+02
1.16091227314633670e+02
1.16091227314633670e+02
1.16091227314633670e+02
1.13375726779835432e+02
1.13375726779835432e+02
1.13375726779835432e+02
1.13375726779835432e+02
1.14864944448855340e+02
1.14864944448855340e+02
1.14864944448855340e+02
1.14864944448855340e+02
1.16032230280151296e+02
1.16032230280151296e+02
1.16032230280151296e+02
1.16032230280151296e+02
1.15944585979668219e+02
1.15944585979668219e+02
1.15944585979668219e+02
1.15944585979668219e+02
1.14111802007059339e+02
1.14111802007059339e+02
1.14111802007059339e+02
1.14111802007059339e+02
1.15193006798076354e+02
1.15193006798076354e+02
1.15193006798076354e+02
1.15193006798076354e+02
1.10519023163924516e+02
1.10519023163924516e+02
1.10519023163924516e+02
1.10519023163924516e+02
1.12052257670220882e+02
1.12052257670220882e+02
1.12052257670220882e+02
1.12052257670220882e+02
1.14210146388042659e+02
1.14210146388042659e+02
1.14210146388042659e+02
1.14210146388042659e+02
1.13864478710622379e+02
1.13864478710622379e+02
1.13864478710622379e+02
1.13864478710622379e+02
1.13372400220158653e+02
1.13372400220158653e+02
1.13372400220158653e+02
1.13372400220158653e+02
1.13874193221886543e+02
1.13874193221886543e+02
1.13874193221886543e+02
1.13874193221886543e+02
1.14130545519530145e+02
1.14130545519530145e+02
1.14130545519530145e+02
1.14130545519530145e+02
1.16860511854060590e+02
1.16860511854060590e+02
1.16860511854060590e+02
1.16860511854060590e+02
1.16926907449226164e+02
1.16926907449226164e+02
1.16926907449226164e+02
1.16926907449226164e+02
1.16341148102984604e+02
1.16341148102984604e+02
1.16341148102984604e+02
1.16341148102984604e+02
1.18985978422853833e+02
1.18985978422853833e+02
1.18985978422853833e+02
1.18985978422853833e+02
1.17039490236504207e+02
1.17039490236504207e+02
1.17039490236504207e+02
1.17039490236504207e+02
1.17879667704897628e+02
1.17879667704897628e+02
1.17879667704897628e+02
1.17879667704897628e+02
1.16831126466523045e+02
1.16831126466523045e+02
1.16831126466523045e+02
1.16831126466523045e+02
1.20167751894404375e+02
1.20167751894404375e+02
1.20167751894404375e+02
1.20167751894404375e+02
1.16282010215116429e+02
1.16282010215116429e+02
1.16282010215116429e+02
1.16282010215116429e+02
1.13746975368604097e+02
1.13746975368604097e+02
1.13746975368604097e+02
1.13746975368604097e+02
1.14507296412632002e+02
1.14507296412632002e+02
1.14507296412632002e+02
1.14507296412632002e+02
1.17317441504089075e+02
1.17317441504089075e+02
1.17317441504089075e+02
1.17317441504089075e+02
1.13244807083507354e+02
1.13244807083507354e+02
1.13244807083507354e+02
1.13244807083507354e+02
1.12669673743160018e+02
1.12669673743160018e+02
1.12669673743160018e+02
1.12669673743160018e+02
1.16696445739072900e+02
1.16696445739072900e+02
1.16696445739072900e+02
1.16696445739072900e+02
1.14040502861580080e+02
1.14040502861580080e+02
1.14040502861580080e+02
1.14040502861580080e+02
1.14448900417159876e+02
1.14448900417159876e+02
1.14448900417159876e+02
1.14448900417159876e+02
1.16524108400777195e+02
1.16524108400777195e+02
1.16524108400777195e+02
1.16524108400777195e+02
1.12631691239188584e+02
1.12631691239188584e+02
1.12631691239188584e+02
1.12631691239188584e+02
1.14498352741988754e+02
1.14498352741988754e+02
1.14498352741988754e+02
1.14498352741988754e+02
1.15134562618321752e+02
1.15134562618321752e+02
1.15134562618321752e+02
1.15134562618321752e+02
1.15867667616756805e+02
1.15867667616756805e+02
1.15867667616756805e+02
1.15867667616756805e+02
1.15774192010674710e+02
1.15774192010674710e+02
1.15774192010674710e+02
1.15774192010674710e+02
1.12206714844271914e+02
1.12206714844271914e+02
1.12206714844271914e+02
1.12206714844271914e+02
1.12170651901451606e+02
1.12170651901451606e+02
1.12170651901451606e+02
1.12170651901451606e+02
1.10056306814274762e+02
1.10056306814274762e+02
1.10056306814274762e+02
1.10056306814274762e+02
1.11319091251445641e+02
1.11319091251445641e+02
1.11319091251445641e+02
1.11319091251445641e+02
1.13554562751710776e+02
1.13554562751710776e+02
1.13554562751710776e+02
1.13554562751710776e+02
1.12337591125232791e+02
1.12337591125232791e+02
1.12337591125232791e+02
1.12337591125232791e+02
1.11062168135860560e+02
1.11062168135860560e+02
1.11062168135860560e+02
1.11062168135860560e+02
1.11776664301929316e+02
1.11776664301929316e+02
1.11776664301929316e+02
1.11776664301929316e+02
1.15743538706685285e+02
1.15743538706685285e+02
1.15743538706685285e+02
1.15743538706685285e+02
1.16343837882222815e+02
1.16343837882222815e+02
1.16343837882222815e+02
1.16343837882222815e+02
1.14226514899335996e+02
1.14226514899335996e+02
1.14226514899335996e+02
1.14226514899335996e+02
1.18285487233694454e+02
1.18285487233694454e+02
1.18285487233694454e+02
1.18285487233694454e+02
1.19246955057146721e+02
1.19246955057146721e+02
1.19246955057146721e+02
1.19246955057146721e+02
1.16550662576526733e+02
1.16550662576526733e+02
1.16550662576526733e+02
1.16550662576526733e+02
1.15619974513437114e+02
1.15619974513437114e+02
1.15619974513437114e+02
1.15619974513437114e+02
1.16510489583121853e+02
1.16510489583121853e+02
1.16510489583121853e+02
1.16510489583121853e+02
1.15647961039225976e+02
1.15647961039225976e+02
1.15647961039225976e+02
1.15647961039225976e+02
1.18162211440820855e+02
1.18162211440820855e+02
1.18162211440820855e+02
1.18162211440820855e+02
1.17105955264683971e+02
1.17105955264683971e+02
1.17105955264683971e+02
1.17105955264683971e+02
1.13646945098943036e+02
1.13646945098943036e+02
1.13646945098943036e+02
1.13646945098943036e+02
1.14549109446437157e+02
1.14549109446437157e+02
1.14549109446437157e+02
1.14549109446437157e+02
1.15532430511445796e+02
1.15532430511445796e+02
1.15532430511445796e+02
1.15532430511445796e+02
1.19274451795251480e+02
1.19274451795251480e+02
1.19274451795251480e+02
1.19274451795251480e+02
1.14708915273373307e+02
1.14708915273373307e+02
1.14708915273373307e+02
1.14708915273373307e+02
1.16768633829079064e+02
1.16768633829079064e+02
1.16768633829079064e+02
1.16768633829079064e+02
1.17133748859767195e+02
1.17133748859767195e+02
1.17133748859767195e+02
1.17133748859767195e+02
1.14087650630578523e+02
1.14087650630578523e+02
1.14087650630578523e+02
1.14087650630578523e+02
1.18155620947370551e+02
1.18155620947370551e+02
1.18155620947370551e+02
1.18155620947370551e+02
1.14292516034830300e+02
1.14292516034830300e+02
1.14292516034830300e+02
1.14292516034830300e+02
1.18767233516086975e+02
1.18767233516086975e+02
1.18767233516086975e+02
1.18767233516086975e+02
1.16760515784471579e+02
1.16760515784471579e+02
1.16760515784471579e+02
1.16760515784471579e+02
1.18560090175213162e+02
1.18560090175213162e+02
1.18560090175213162e+02
1.18560090175213162e+02
1.14943246455547012e+02
1.14943246455547012e+02
1.14943246455547012e+02
1.14943246455547012e+02
1.14679354483627719e+02
1.14679354483627719e+02
1.14679354483627719e+02
1.14679354483627719e+02
1.15070174021917268e+02
1.15070174021917268e+02
1.15070174021917268e+02
1.15070174021917268e+02
1.13299391415032517e+02
1.13299391415032517e+02
1.13299391415032517e+02
1.13299391415032517e+02
1.14599680599526067e+02
1.14599680599526067e+02
1.14599680599526067e+02
1.14599680599526067e+02
1.18266816401229036e+02
1.18266816401229036e+02
1.18266816401229036e+02
1.18266816401229036e+02
1.20774638020487814e+02
1.20774638020487814e+02
1.20774638020487814e+02
1.20774638020487814e+02
1.15042873716189646e+02
1.15042873716189646e+02
1.15042873716189646e+02
1.15042873716189646e+02
1.19411549237693478e+02
1.19411549237693478e+02
1.19411549237693478e+02
1.19411549237693478e+02
1.17043440607501608e+02
1.17043440607501608e+02
1.17043440607501608e+02
1.17043440607501608e+02
1.18181846346071850e+02
1.18181846346071850e+02
1.18181846346071850e+02
1.18181846346071850e+02
1.21422811986754141e+02
1.21422811986754141e+02
1.21422811986754141e+02
1.21422811986754141e+02
1.17501364509154513e+02
1.17501364509154513e+02
1.17501364509154513e+02
1.17501364509154513e+02
1.20572680702692494e+02
1.20572680702692494e+02
1.20572680702692494e+02
1.20572680702692494e+02
1.15910198602006957e+02
1.15910198602006957e+02
1.15910198602006957e+02
1.15910198602006957e+02
1.16805012469798271e+02
1.16805012469798271e+02
1.16805012469798271e+02
1.16805012469798271e+02
1.16753645562932519e+02
1.16753645562932519e+02
1.16753645562932519e+02
1.16753645562932519e+02
1.21126921451993354e+02
1.21126921451993354e+02
1.21126921451993354e+02
1.21126921451993354e+02
1.15224800281385015e+02
1.15224800281385015e+02
1.15224800281385015e+02
1.15224800281385015e+02
1.16538585148376157e+02
1.16538585148376157e+02
1.16538585148376157e+02
1.16538585148376157e+02
1.15976555784368543e+02
1.15976555784368543e+02
1.15976555784368543e+02
1.15976555784368543e+02
1.11744913079614562e+02
1.11744913079614562e+02
1.11744913079614562e+02
1.11744913079614562e+02
1.12809553916032243e+02
1.12809553916032243e+02
1.12809553916032243e+02
1.12809553916032243e+02
1.14812132393807502e+02
1.14812132393807502e+02
1.14812132393807502e+02
1.14812132393807502e+02
1.13077951477228197e+02
1.13077951477228197e+02
1.13077951477228197e+02
1.13077951477228197e+02
1.11851111052525184e+02
1.11851111052525184e+02
1.11851111052525184e+02
1.11851111052525184e+02
1.12884931868180800e+02
1.12884931868180800e+02
1.12884931868180800e+02
1.12884931868180800e+02
1.11314298575288774e+02
1.11314298575288774e+02
1.11314298575288774e+02
1.11314298575288774e+02
1.10361994697582375e+02
1.10361994697582375e+02
1.10361994697582375e+02
1.10361994697582375e+02
1.16215647793356894e+02
1.16215647793356894e+02
1.16215647793356894e+02
1.16215647793356894e+02
1.14992421217367095e+02
1.14992421217367095e+02
1.14992421217367095e+02
1.14992421217367095e+02
1.16465291193118020e+02
1.16465291193118020e+02
1.16465291193118020e+02
1.16465291193118020e+02
1.12154350018689684e+02
1.12154350018689684e+02
1.12154350018689684e+02
1.12154350018689684e+02
1.11607826083548005e+02
1.11607826083548005e+02
1.11607826083548005e+02
1.11607826083548005e+02
1.13765766118838883e+02
1.13765766118838883e+02
1.13765766118838883e+02
1.13765766118838883e+02
1.14020328079167101e+02
1.14020328079167101e+02
1.14020328079167101e+02
1.14020328079167101e+02
1.14984323867228056e+02
1.14984323867228056e+02
1.14984323867228056e+02
1.14984323867228056e+02
1.17897535302442733e+02
1.17897535302442733e+02
1.17897535302442733e+02
1.17897535302442733e+02
1.19163086801593977e+02
1.19163086801593977e+02
1.19163086801593977e+02
1.19163086801593977e+02
1.15910855485813585e+02
1.15910855485813585e+02
1.15910855485813585e+02
1.15910855485813585e+02
1.12747162525830987e+02
1.12747162525830987e+02
1.12747162525830987e+02
1.12747162525830987e+02
1.15312008253309784e+02
1.15312008253309784e+02
1.15312008253309784e+02
1.15312008253309784e+02
1.14055757171062069e+02
1.14055757171062069e+02
1.14055757171062069e+02
1.14055757171062069e+02
1.12553689157702948e+02
1.12553689157702948e+02
1.12553689157702948e+02
1.12553689157702948e+02
1.16183568407456505e+02
1.16183568407456505e+02
1.16183568407456505e+02
1.16183568407456505e+02
1.18546557042643386e+02
1.18546557042643386e+02
1.18546557042643386e+02
1.18546557042643386e+02
1.15511739696201900e+02
1.15511739696201900e+02
1.15511739696201900e+02
1.15511739696201900e+02
1.13609573863332784e+02
1.13609573863332784e+02
1.13609573863332784e+02
1.13609573863332784e+02
1.16182365633830969e+02
1.16182365633830969e+02
1.16182365633830969e+02
1.16182365633830969e+02
1.13456330401591003e+02
1.13456330401591003e+02
1.13456330401591003e+02
1.13456330401591003e+02
1.15631193044353154e+02
1.15631193044353154e+02
1.15631193044353154e+02
1.15631193044353154e+02
1.16619931747721935e+02
1.16619931747721935e+02
1.16619931747721935e+02
1.16619931747721935e+02
1.14959932822142406e+02
1.14959932822142406e+02
1.14959932822142406e+02
1.14959932822142406e+02
1.13262664184056206e+02
1.13262664184056206e+02
1.13262664184056206e+02
1.13262664184056206e+02
1.16411552195745841e+02
1.16411552195745841e+02
1.16411552195745841e+02
1.16411552195745841e+02
1.15764383699395893e+02
1.15764383699395893e+02
1.15764383699395893e+02
1.15764383699395893e+02
1.15422938696087854e+02
1.15422938696087854e+02
1.15422938696087854e+02
1.15422938696087854e+02
1.18597100455851105e+02
1.18597100455851105e+02
1.18597100455851105e+02
1.18597100455851105e+02
1.19020711782429402e+02
1.19020711782429402e+02
1.19020711782429402e+02
1.19020711782429402e+02
1.14951929147621058e+02
1.14951929147621058e+02
1.14951929147621058e+02
1.14951929147621058e+02
1.12116532665475034e+02
1.12116532665475034e+02
1.12116532665475034e+02
1.12116532665475034e+02
1.17597039213235661e+02
1.17597039213235661e+02
1.17597039213235661e+02
1.17597039213235661e+02
1.17474975079355033e+02
1.17474975079355033e+02
1.17474975079355033e+02
1.17474975079355033e+02
1.18565192665149752e+02
1.18565192665149752e+02
1.18565192665149752e+02
1.18565192665149752e+02
1.18856125397133539e+02
1.18856125397133539e+02
1.18856125397133539e+02
1.18856125397133539e+02
1.19840351264762475e+02
1.19840351264762475e+02
1.19840351264762475e+02
1.19840351264762475e+02
1.18857189894272210e+02
1.18857189894272210e+02
1.18857189894272210e+02
1.18857189894272210e+02
1.18295852676749291e+02
1.18295852676749291e+02
1.18295852676749291e+02
1.18295852676749291e+02
1.18061302164888531e+02
1.18061302164888531e+02
1.18061302164888531e+02
1.18061302164888531e+02
1.12510687182022920e+02
1.12510687182022920e+02
1.12510687182022920e+02
1.12510687182022920e+02
1.16365666175305250e+02
1.16365666175305250e+02
1.16365666175305250e+02
1.16365666175305250e+02
1.14181900628933718e+02
1.14181900628933718e+02
1.14181900628933718e+02
1.14181900628933718e+02
1.15013754050175237e+02
1.15013754050175237e+02
1.15013754050175237e+02
1.15013754050175237e+02
1.19154805407876637e+02
1.19154805407876637e+02
1.19154805407876637e+02
1.19154805407876637e+02
1.20893283237157135e+02
1.20893283237157135e+02
1.20893283237157135e+02
1.20893283237157135e+02
1.15948326341662593e+02
1.15948326341662593e+02
1.15948326341662593e+02
1.15948326341662593e+02
1.18253704741870052e+02
1.18253704741870052e+02
1.18253704741870052e+02
1.18253704741870052e+02
1.19227028492499358e+02
1.19227028492499358e+02
1.19227028492499358e+02
1.19227028492499358e+02
1.20559231166319236e+02
1.20559231166319236e+02
1.20559231166319236e+02
1.20559231166319236e+02
1.15063567977681643e+02
1.15063567977681643e+02
1.15063567977681643e+02
1.15063567977681643e+02
1.18168542969889927e+02
1.18168542969889927e+02
1.18168542969889927e+02
1.18168542969889927e+02
1.20215735061566548e+02
1.20215735061566548e+02
1.20215735061566548e+02
1.20215735061566548e+02
1.20555916016791571e+02
1.20555916016791571e+02
1.20555916016791571e+02
1.20555916016791571e+02
1.20703964887690731e+02
1.20703964887690731e+02
1.20703964887690731e+02
1.20703964887690731e+02
1.19957958863246077e+02
1.19957958863246077e+02
1.19957958863246077e+02
1.19957958863246077e+02
1.17287577864113757e+02
1.17287577864113757e+02
1.17287577864113757e+02
1.17287577864113757e+02
1.15554994063805580e+02
1.15554994063805580e+02
1.15554994063805580e+02
1.15554994063805580e+02
1.20549598328205107e+02
1.20549598328205107e+02
1.20549598328205107e+02
1.20549598328205107e+02
1.14653383974072597e+02
1.14653383974072597e+02
1.14653383974072597e+02
1.14653383974072597e+02
1.18040573651428502e+02
1.18040573651428502e+02
1.18040573651428502e+02
1.18040573651428502e+02
1.12156881249730020e+02
1.12156881249730020e+02
1.12156881249730020e+02
1.12156881249730020e+02
1.17430778794794421e+02
1.17430778794794421e+02
1.17430778794794421e+02
1.17430778794794421e+02
1.16086979803301816e+02
1.16086979803301816e+02
1.16086979803301816e+02
1.16086979803301816e+02
1.19453802567757648e+02
1.19453802567757648e+02
1.19453802567757648e+02
1.19453802567757648e+02
1.17463682372013295e+02
1.17463682372013295e+02
1.17463682372013295e+02
1.17463682372013295e+02
1.19326183610223651e+02
1.19326183610223651e+02
1.19326183610223651e+02
1.19326183610223651e+02
1.17730597722970430e+02
1.17730597722970430e+02
1.17730597722970430e+02
1.17730597722970430e+02
1.18111142345508938e+02
1.18111142345508938e+02
1.18111142345508938e+02
1.18111142345508938e+02
1.17972335826890756e+02
1.17972335826890756e+02
1.17972335826890756e+02
1.17972335826890756e+02
1.15621898925080359e+02
1.15621898925080359e+02
1.15621898925080359e+02
1.15621898925080359e+02
1.17598986556048430e+02
1.17598986556048430e+02
1.17598986556048430e+02
1.17598986556048430e+02
1.12206770967109250e+02
1.12206770967109250e+02
1.12206770967109250e+02
1.12206770967109250e+02
1.17252435240117165e+02
1.17252435240117165e+02
1.17252435240117165e+02
1.17252435240117165e+02
1.11602838478737723e+02
1.11602838478737723e+02
1.11602838478737723e+02
1.11602838478737723e+02
1.15583726459696720e+02
1.15583726459696720e+02
1.15583726459696720e+02
1.15583726459696720e+02
1.14776780576290051e+02
1.14776780576290051e+02
1.14776780576290051e+02
1.14776780576290051e+02
1.11964731682648761e+02
1.11964731682648761e+02
1.11964731682648761e+02
1.11964731682648761e+02
1.15308418202642869e+02
1.15308418202642869e+02
1.15308418202642869e+02
1.15308418202642869e+02
1.15697899860159765e+02
1.15697899860159765e+02
1.15697899860159765e+02
1.15697899860159765e+02
1.19629965105872742e+02
1.19629965105872742e+02
1.19629965105872742e+02
1.19629965105872742e+02
1.15650386154887883e+02
1.15650386154887883e+02
1.15650386154887883e+02
1.15650386154887883e+02
1.12109776453493794e+02
1.12109776453493794e+02
1.12109776453493794e+02
1.12109776453493794e+02
1.11346817035192657e+02
1.11346817035192657e+02
1.11346817035192657e+02
1.11346817035192657e+02
1.19337052948238167e+02
1.19337052948238167e+02
1.19337052948238167e+02
1.19337052948238167e+02
1.12908011076555894e+02
1.12908011076555894e+02
1.12908011076555894e+02
1.12908011076555894e+02
1.14984114549784138e+02
1.14984114549784138e+02
1.14984114549784138e+02
1.14984114549784138e+02
1.19987112502638311e+02
1.19987112502638311e+02
1.19987112502638311e+02
1.19987112502638311e+02
1.17023177522821058e+02
1.17023177522821058e+02
1.17023177522821058e+02
1.17023177522821058e+02
1.17365318300566116e+02
1.17365318300566116e+02
1.17365318300566116e+02
1.17365318300566116e+02
1.15072001931154261e+02
1.15072001931154261e+02
1.15072001931154261e+02
1.15072001931154261e+02
1.13773569886466248e+02
1.13773569886466248e+02
1.13773569886466248e+02
1.13773569886466248e+02
1.14066069069127124e+02
1.14066069069127124e+02
1.14066069069127124e+02
1.14066069069127124e+02
1.14318409238649039e+02
1.14318409238649039e+02
1.14318409238649039e+02
1.14318409238649039e+02
1.14475225944908303e+02
1.14475225944908303e+02
1.14475225944908303e+02
1.14475225944908303e+02
1.14329068636895499e+02
1.14329068636895499e+02
1.14329068636895499e+02
1.14329068636895499e+02
1.17429989350248874e+02
1.17429989350248874e+02
1.17429989350248874e+02
1.17429989350248874e+02
1.16968360126984905e+02
1.16968360126984905e+02
1.16968360126984905e+02
1.16968360126984905e+02
1.18147770159144315e+02
1.18147770159144315e+02
1.18147770159144315e+02
1.18147770159144315e+02
1.19858856095491717e+02
1.19858856095491717e+02
1.19858856095491717e+02
1.19858856095491717e+02
1.17881335989597133e+02
1.17881335989597133e+02
1.17881335989597133e+02
1.17881335989597133e+02
1.18192938039836633e+02
1.18192938039836633e+02
1.18192938039836633e+02
1.18192938039836633e+02
1.16990204583000889e+02
1.16990204583000889e+02
1.16990204583000889e+02
1.16990204583000889e+02
1.13836920188190973e+02
1.13836920188190973e+02
1.13836920188190973e+02
1.13836920188190973e+02
1.13906710464670738e+02
1.13906710464670738e+02
1.13906710464670738e+02
1.13906710464670738e+02
1.16946811489187311e+02
1.16946811489187311e+02
1.16946811489187311e+02
1.16946811489187311e+02
1.19418281757922884e+02
1.19418281757922884e+02
1.19418281757922884e+02
1.19418281757922884e+02
1.17501790456831159e+02
1.17501790456831159e+02
1.17501790456831159e+02
1.17501790456831159e+02
1.13724752843784771e+02
1.13724752843784771e+02
1.13724752843784771e+02
1.13724752843784771e+02
1.14526840010998399e+02
1.14526840010998399e+02
1.14526840010998399e+02
1.14526840010998399e+02
1.14768963816348162e+02
1.14768963816348162e+02
1.14768963816348162e+02
1.14768963816348162e+02
1.13415045478022890e+02
1.13415045478022890e+02
1.13415045478022890e+02
1.13415045478022890e+02
1.14618969585262946e+02
1.14618969585262946e+02
1.14618969585262946e+02
1.14618969585262946e+02
1.14866628847447387e+02
1.14866628847447387e+02
1.14866628847447387e+02
1.14866628847447387e+02
1.17806449050386959e+02
1.17806449050386959e+02
1.17806449050386959e+02
1.17806449050386959e+02
1.15621020523534227e+02
1.15621020523534227e+02
1.15621020523534227e+02
1.15621020523534227e+02
1.13830194242487849e+02
1.13830194242487849e+02
1.13830194242487849e+02
1.13830194242487849e+02
1.16461148447347611e+02
1.16461148447347611e+02
1.16461148447347611e+02
1.16461148447347611e+02
1.15669633833135691e+02
1.15669633833135691e+02
1.15669633833135691e+02
1.15669633833135691e+02
1.14745754488949785e+02
1.14745754488949785e+02
1.14745754488949785e+02
1.14745754488949785e+02
1.14990319745466465e+02
1.14990319745466465e+02
1.14990319745466465e+02
1.14990319745466465e+02
1.17558993367266623e+02
1.17558993367266623e+02
1.17558993367266623e+02
1.17558993367266623e+02
1.16123626704410199e+02
1.16123626704410199e+02
1.16123626704410199e+02
1.16123626704410199e+02
1.18077178765789540e+02
1.18077178765789540e+02
1.18077178765789540e+02
1.18077178765789540e+02
1.17150258595914806e+02
1.17150258595914806e+02
1.17150258595914806e+02
1.17150258595914806e+02
1.17918771358468277e+02
1.17918771358468277e+02
1.17918771358468277e+02
1.17918771358468277e+02
1.16714078309374386e+02
1.16714078309374386e+02
1.16714078309374386e+02
1.16714078309374386e+02
1.16659812037958176e+02
1.16659812037958176e+02
1.16659812037958176e+02
1.16659812037958176e+02
1.14977829724496061e+02
1.14977829724496061e+02
1.14977829724496061e+02
1.14977829724496061e+02
1.15987406818894883e+02
1.15987406818894883e+02
1.15987406818894883e+02
1.15987406818894883e+02
1.09448871824674086e+02
1.09448871824674086e+02
1.09448871824674086e+02
1.09448871824674086e+02
1.17738042687954220e+02
1.17738042687954220e+02
1.17738042687954220e+02
1.17738042687954220e+02
1.16634189554531247e+02
1.16634189554531247e+02
1.16634189554531247e+02
1.16634189554531247e+02
1.12866296647491282e+02
1.12866296647491282e+02
1.12866296647491282e+02
1.12866296647491282e+02
1.13317425861219050e+02
1.13317425861219050e+02
1.13317425861219050e+02
1.13317425861219050e+02
1.13577469487155696e+02
1.13577469487155696e+02
1.13577469487155696e+02
1.13577469487155696e+02
1.12744983996332422e+02
1.12744983996332422e+02
1.12744983996332422e+02
1.12744983996332422e+02
1.16522881180288408e+02
1.16522881180288408e+02
1.16522881180288408e+02
1.16522881180288408e+02
1.18334257608492308e+02
1.18334257608492308e+02
1.18334257608492308e+02
1.18334257608492308e+02
1.16831366745975771e+02
1.16831366745975771e+02
1.16831366745975771e+02
1.16831366745975771e+02
1.11997012908953991e+02
1.11997012908953991e+02
1.11997012908953991e+02
1.11997012908953991e+02
1.19370927376278019e+02
1.19370927376278019e+02
1.19370927376278019e+02
1.19370927376278019e+02
1.19517853738565208e+02
1.19517853738565208e+02
1.19517853738565208e+02
1.19517853738565208e+02
1.19523814593851000e+02
1.19523814593851000e+02
1.19523814593851000e+02
1.19523814593851000e+02
1.16788939437935682e+02
1.16788939437935682e+02
1.16788939437935682e+02
1.16788939437935682e+02
1.17276510977262603e+02
1.17276510977262603e+02
1.17276510977262603e+02
1.17276510977262603e+02
1.14272347010140621e+02
1.14272347010140621e+02
1.14272347010140621e+02
1.14272347010140621e+02
1.16169061910695319e+02
1.16169061910695319e+02
1.16169061910695319e+02
1.16169061910695319e+02
1.14680802538808109e+02
1.14680802538808109e+02
1.14680802538808109e+02
1.14680802538808109e+02
1.12798873324003836e+02
1.12798873324003836e+02
1.12798873324003836e+02
1.12798873324003836e+02
1.18332819432404762e+02
1.18332819432404762e+02
1.18332819432404762e+02
1.18332819432404762e+02
1.13372733464905693e+02
1.13372733464905693e+02
1.13372733464905693e+02
1.13372733464905693e+02
1.12643638275444033e+02
1.12643638275444033e+02
1.12643638275444033e+02
1.12643638275444033e+02
1.15045053428393075e+02
1.15045053428393075e+02
1.15045053428393075e+02
1.15045053428393075e+02
1.17024986668582358e+02
1.17024986668582358e+02
1.17024986668582358e+02
1.17024986668582358e+02
1.12299431057711985e+02
1.12299431057711985e+02
1.12299431057711985e+02
1.12299431057711985e+02
1.15658338692708895e+02
1.15658338692708895e+02
1.15658338692708895e+02
1.15658338692708895e+02
1.12598473230414996e+02
1.12598473230414996e+02
1.12598473230414996e+02
1.12598473230414996e+02
1.20115622654684771e+02
1.20115622654684771e+02
1.20115622654684771e+02
1.20115622654684771e+02
1.11515708895178633e+02
1.11515708895178633e+02
1.11515708895178633e+02
1.11515708895178633e+02
1.10594297564819612e+02
1.10594297564819612e+02
1.10594297564819612e+02
1.10594297564819612e+02
1.13600074633824320e+02
1.13600074633824320e+02
1.13600074633824320e+02
1.13600074633824320e+02
1.13966210002752149e+02
1.13966210002752149e+02
1.13966210002752149e+02
1.13966210002752149e+02
1.17522748718247911e+02
1.17522748718247911e+02
1.17522748718247911e+02
1.17522748718247911e+02
1.17699504551625623e+02
1.17699504551625623e+02
1.17699504551625623e+02
1.17699504551625623e+02
1.16874975002966835e+02
1.16874975002966835e+02
1.16874975002966835e+02
1.16874975002966835e+02
1.15343302471833383e+02
1.15343302471833383e+02
1.15343302471833383e+02
1.15343302471833383e+02
1.15444421831703053e+02
1.15444421831703053e+02
1.15444421831703053e+02
1.15444421831703053e+02
1.15063165227906893e+02
1.15063165227906893e+02
1.15063165227906893e+02
1.15063165227906893e+02
1.13426615568634361e+02
1.13426615568634361e+02
1.13426615568634361e+02
1.13426615568634361e+02
1.15234464182576346e+02
1.15234464182576346e+02
1.15234464182576346e+02
1.15234464182576346e+02
1.11434337784157449e+02
1.11434337784157449e+02
1.11434337784157449e+02
1.11434337784157449e+02
1.16215516109826396e+02
1.16215516109826396e+02
1.16215516109826396e+02
1.16215516109826396e+02
1.13603461735794994e+02
1.13603461735794994e+02
1.13603461735794994e+02
1.13603461735794994e+02
1.13078962057307891e+02
1.13078962057307891e+02
1.13078962057307891e+02
1.13078962057307891e+02
1.13419302482659020e+02
1.13419302482659020e+02
1.13419302482659020e+02
1.13419302482659020e+02
1.14001119118376167e+02
1.14001119118376167e+02
1.14001119118376167e+02
1.14001119118376167e+02
1.14199056117716395e+02
1.14199056117716395e+02
1.14199056117716395e+02
1.14199056117716395e+02
1.12258151819322933e+02
1.12258151819322933e+02
1.12258151819322933e+02
1.12258151819322933e+02
1.14317865222366336e+02
1.14317865222366336e+02
1.14317865222366336e+02
1.14317865222366336e+02
1.12786324645794707e+02
1.12786324645794707e+02
1.12786324645794707e+02
1.12786324645794707e+02
1.11584764142318647e+02
1.11584764142318647e+02
1.11584764142318647e+02
1.11584764142318647e+02
1.10140795192643182e+02
1.10140795192643182e+02
1.10140795192643182e+02
1.10140795192643182e+02
1.12121244395582067e+02
1.12121244395582067e+02
1.12121244395582067e+02
1.12121244395582067e+02
1.11724510578267285e+02
1.11724510578267285e+02
1.11724510578267285e+02
1.11724510578267285e+02
1.12875658193067920e+02
1.12875658193067920e+02
1.12875658193067920e+02
1.12875658193067920e+02
1.12410553042098414e+02
1.12410553042098414e+02
1.12410553042098414e+02
1.12410553042098414e+02
1.15332362939743120e+02
1.15332362939743120e+02
1.15332362939743120e+02
1.15332362939743120e+02
1.13474425043674273e+02
1.13474425043674273e+02
1.13474425043674273e+02
1.13474425043674273e+02
1.14199550329098116e+02
1.14199550329098116e+02
1.14199550329098116e+02
1.14199550329098116e+02
1.15710380755589867e+02
1.15710380755589867e+02
1.15710380755589867e+02
1.15710380755589867e+02
1.19367298512705162e+02
1.19367298512705162e+02
1.19367298512705162e+02
1.19367298512705162e+02
1.13296513774623151e+02
1.13296513774623151e+02
1.13296513774623151e+02
1.13296513774623151e+02
1.16449423771482856e+02
1.16449423771482856e+02
1.16449423771482856e+02
1.16449423771482856e+02
1.18147989082893872e+02
1.18147989082893872e+02
1.18147989082893872e+02
1.18147989082893872e+02
1.16191594495216819e+02
1.16191594495216819e+02
1.16191594495216819e+02
1.16191594495216819e+02
1.14125637866847256e+02
1.14125637866847256e+02
1.14125637866847256e+02
1.14125637866847256e+02
1.13713635054923230e+02
1.13713635054923230e+02
1.13713635054923230e+02
1.13713635054923230e+02
1.14340297265789943e+02
1.14340297265789943e+02
1.14340297265789943e+02
1.14340297265789943e+02
1.09931288427913813e+02
1.09931288427913813e+02
1.09931288427913813e+02
1.09931288427913813e+02
1.10596557728380418e+02
1.10596557728380418e+02
1.10596557728380418e+02
1.10596557728380418e+02
1.12382590702132660e+02
1.12382590702132660e+02
1.12382590702132660e+02
1.12382590702132660e+02
1.12188969999611146e+02
1.12188969999611146e+02
1.12188969999611146e+02
1.12188969999611146e+02
1.11209994758813991e+02
1.11209994758813991e+02
1.11209994758813991e+02
1.11209994758813991e+02
1.13024855111443145e+02
1.13024855111443145e+02
1.13024855111443145e+02
1.13024855111443145e+02
1.12261614694001793e+02
1.12261614694001793e+02
1.12261614694001793e+02
1.12261614694001793e+02
1.14091563099623087e+02
1.14091563099623087e+02
1.14091563099623087e+02
1.14091563099623087e+02
1.11756126429558563e+02
1.11756126429558563e+02
1.11756126429558563e+02
1.11756126429558563e+02
1.14118261531340579e+02
1.14118261531340579e+02
1.14118261531340579e+02
1.14118261531340579e+02
1.15773664433516274e+02
1.15773664433516274e+02
1.15773664433516274e+02
1.15773664433516274e+02
1.16618375714950346e+02
1.16618375714950346e+02
1.16618375714950346e+02
1.16618375714950346e+02
1.16730285044632524e+02
1.16730285044632524e+02
1.16730285044632524e+02
1.16730285044632524e+02
1.13855619959500260e+02
1.13855619959500260e+02
1.13855619959500260e+02
1.13855619959500260e+02
1.15069702627324915e+02
1.15069702627324915e+02
1.15069702627324915e+02
1.15069702627324915e+02
1.15953372003553582e+02
1.15953372003553582e+02
1.15953372003553582e+02
1.15953372003553582e+02
1.13858088614165709e+02
1.13858088614165709e+02
1.13858088614165709e+02
1.13858088614165709e+02
1.16235262483043584e+02
1.16235262483043584e+02
1.16235262483043584e+02
1.16235262483043584e+02
1.14262192778236283e+02
1.14262192778236283e+02
1.14262192778236283e+02
1.14262192778236283e+02


        </DataArray>

      </PointData>

      <CellData/>

      <Points>

        <DataArray type="Float64" NumberOfComponents="3" format="ascii">

-3.8073146605539976e-17 0.16262327573691782 0.62178167014437125 -6.123233995736766e-17 0 1 0.36103477471300488 0.37448562990870227 0.92723271781785321 -5.2567781980428963e-17 0.51281494326876753 0.85849702978897602 3.1400858941451379e-17 0.85849702978897602 -0.51281494326876753 1.3413518815117725e-17 0.59024378908104191 -0.21905938633827698 2.8630754704277773e-17 0.46603966720346279 -0.46757570793818426 0.35362831664304045 0.9291245327790979 -0.36976695713384539 3.1400858941451379e-17 0.85849702978897602 -0.51281494326876753 0 1 0 1.3413518815117725e-17 0.59024378908104191 -0.21905938633827698 0.35362831664304045 0.9291245327790979 -0.36976695713384539 6.123233995736766e-17 0 -1 3.2319449359643499e-17 -0.14784628833551347 -0.52781666325581467 5.2567781980428963e-17 -0.51281494326876753 -0.85849702978897602 0.35362831664304045 -0.3697669571338455 -0.9291245327790979 2.5521763396912816e-17 -0.4793278454406017 -0.41680202675060346 3.2319449359643499e-17 -0.14784628833551347 -0.52781666325581467 0.35362831664304045 -0.3697669571338455 -0.9291245327790979 5.2567781980428963e-17 -0.51281494326876753 -0.85849702978897602 0.187696401294975 0.41459654070446694 0.45758364772578231 -3.1400973070753622e-17 0.85849591641940437 0.51281680714171962 -5.2567781980428963e-17 0.51281494326876753 0.85849702978897602 0.41250666331966274 0.70151066429403131 0.71265895622081887 0.187696401294975 0.41459654070446694 0.45758364772578231 -3.1400973070753622e-17 0.85849591641940437 0.51281680714171962 -2.9085613835324671e-17 0.41648634548626107 0.47500412127929803 -5.2567781980428963e-17 0.51281494326876753 0.85849702978897602 0.187696401294975 0.41459654070446694 0.45758364772578231 -3.8073146605539976e-17 0.16262327573691782 0.62178167014437125 0.36103477471300488 0.37448562990870227 0.92723271781785321 -5.2567781980428963e-17 0.51281494326876753 0.85849702978897602 0.187696401294975 0.41459654070446694 0.45758364772578231 -2.9085613835324671e-17 0.41648634548626107 0.47500412127929803 -3.8073146605539976e-17 0.16262327573691782 0.62178167014437125 -5.2567781980428963e-17 0.51281494326876753 0.85849702978897602 0.187696401294975 0.41459654070446694 0.45758364772578231 0.41250666331966274 0.70151066429403131 0.71265895622081887 -5.2567781980428963e-17 0.51281494326876753 0.85849702978897602 0.36103477471300488 0.37448562990870227 0.92723271781785321 0.187696401294975 0.41459654070446694 0.45758364772578231 -3.1400973070753622e-17 0.85849591641940437 0.51281680714171962 -8.6622314714443932e-18 0.5320227753653779 0.14146497549294024 -2.9085613835324671e-17 0.41648634548626107 0.47500412127929803 0 1 0 -3.1400973070753622e-17 0.85849591641940437 0.51281680714171962 -8.6622314714443932e-18 0.5320227753653779 0.14146497549294024 0.33845281234444963 0.93286666726405398 0.3602218498476415 0.187696401294975 0.41459654070446694 0.45758364772578231 -8.6622314714443932e-18 0.5320227753653779 0.14146497549294024 -3.1400973070753622e-17 0.85849591641940437 0.51281680714171962 0.33845281234444963 0.93286666726405398 0.3602218498476415 0.187696401294975 0.41459654070446694 0.45758364772578231 0.33845281234444963 0.93286666726405398 0.3602218498476415 -3.1400973070753622e-17 0.85849591641940437 0.51281680714171962 0.41250666331966274 0.70151066429403131 0.71265895622081887 0.26549541758169259 0.01183012252968711 0.57539850850091812 -3.8073146605539976e-17 0.16262327573691782 0.62178167014437125 -6.123233995736766e-17 0 1 0.36103477471300488 0.37448562990870227 0.92723271781785321 0.26549541758169259 0.01183012252968711 0.57539850850091812 -6.123233995736766e-17 0 1 -3.8073146605539976e-17 0.16262327573691782 0.62178167014437125 -3.8300810413423336e-17 -0.13597911897012704 0.62549970228297425 0.187696401294975 0.41459654070446694 0.45758364772578231 0.26549541758169259 0.01183012252968711 0.57539850850091812 0.36103477471300488 0.37448562990870227 0.92723271781785321 -3.8073146605539976e-17 0.16262327573691782 0.62178167014437125 0.187696401294975 0.41459654070446694 0.45758364772578231 -3.8073146605539976e-17 0.16262327573691782 0.62178167014437125 -2.9085613835324671e-17 0.41648634548626107 0.47500412127929803 -1.6181863106719155e-17 0.070823768725499003 0.26426987957647224 0.187696401294975 0.41459654070446694 0.45758364772578231 -8.6622314714443932e-18 0.5320227753653779 0.14146497549294024 -1.6181863106719155e-17 0.070823768725499003 0.26426987957647224 -2.9085613835324671e-17 0.41648634548626107 0.47500412127929803 0.26549541758169259 0.01183012252968711 0.57539850850091812 -3.8300810413423336e-17 -0.13597911897012704 0.62549970228297425 -3.8073146605539976e-17 0.16262327573691782 0.62178167014437125 -1.6181863106719155e-17 0.070823768725499003 0.26426987957647224 0.26549541758169259 0.01183012252968711 0.57539850850091812 -2.3883356125332464e-17 -0.3839956165005573 0.39004480544040931 -3.8300810413423336e-17 -0.13597911897012704 0.62549970228297425 -1.6181863106719155e-17 0.070823768725499003 0.26426987957647224 0.187696401294975 0.41459654070446694 0.45758364772578231 0.26549541758169259 0.01183012252968711 0.57539850850091812 -3.8073146605539976e-17 0.16262327573691782 0.62178167014437125 -1.6181863106719155e-17 0.070823768725499003 0.26426987957647224 0 -1 0 -8.4261114011751666e-18 -0.62483304636579717 0.13760884210928012 -3.1400858941451379e-17 -0.85849702978897602 0.51281494326876753 0.36103455206911494 -0.92723241527365396 0.3744863790123561 -3.1400858941451379e-17 -0.85849702978897602 0.51281494326876753 -8.4261114011751666e-18 -0.62483304636579717 0.13760884210928012 -2.3883356125332464e-17 -0.3839956165005573 0.39004480544040931 0.36103455206911494 -0.92723241527365396 0.3744863790123561 0.37430653746062581 0.12631355937365429 -0.53141073357059398 6.123233995736766e-17 0 -1 0.35362831664304045 -0.3697669571338455 -0.9291245327790979 3.2319449359643499e-17 -0.14784628833551347 -0.52781666325581467 3.6205007915547316e-17 0.2154604273219588 -0.59127265005313623 1.1664214329655561e-17 0.19144623431318852 -0.19049107608457605 3.2319449359643499e-17 -0.14784628833551347 -0.52781666325581467 0.37430653746062581 0.12631355937365429 -0.53141073357059398 6.123233995736766e-17 0 -1 3.6205007915547316e-17 0.2154604273219588 -0.59127265005313623 3.2319449359643499e-17 -0.14784628833551347 -0.52781666325581467 0.37430653746062581 0.12631355937365429 -0.53141073357059398 2.8630754704277773e-17 0.46603966720346279 -0.46757570793818426 1.1664214329655561e-17 0.19144623431318852 -0.19049107608457605 3.6205007915547316e-17 0.2154604273219588 -0.59127265005313623 0.37430653746062581 0.12631355937365429 -0.53141073357059398 3.2319449359643499e-17 -0.14784628833551347 -0.52781666325581467 3.9826089162490391e-18 -0.26636974005089253 -0.065040939461432939 0.37430653746062581 0.12631355937365429 -0.53141073357059398 1.1664214329655561e-17 0.19144623431318852 -0.19049107608457605 0.37851716650160794 0.59211021278181264 -0.27957168619278966 -8.6622314714443932e-18 0.5320227753653779 0.14146497549294024 1.3413518815117725e-17 0.59024378908104191 -0.21905938633827698 1.1664214329655561e-17 0.19144623431318852 -0.19049107608457605 1.3413518815117725e-17 0.59024378908104191 -0.21905938633827698 2.8630754704277773e-17 0.46603966720346279 -0.46757570793818426 0.35362831664304045 0.9291245327790979 -0.36976695713384539 0.37851716650160794 0.59211021278181264 -0.27957168619278966 0 1 0 1.3413518815117725e-17 0.59024378908104191 -0.21905938633827698 0.35362831664304045 0.9291245327790979 -0.36976695713384539 0.37851716650160794 0.59211021278181264 -0.27957168619278966 0.37851716650160794 0.59211021278181264 -0.27957168619278966 1.3413518815117725e-17 0.59024378908104191 -0.21905938633827698 2.8630754704277773e-17 0.46603966720346279 -0.46757570793818426 1.1664214329655561e-17 0.19144623431318852 -0.19049107608457605 0.37851716650160794 0.59211021278181264 -0.27957168619278966 -8.6622314714443932e-18 0.5320227753653779 0.14146497549294024 0 1 0 1.3413518815117725e-17 0.59024378908104191 -0.21905938633827698 0.37851716650160794 0.59211021278181264 -0.27957168619278966 1.1664214329655561e-17 0.19144623431318852 -0.19049107608457605 2.8630754704277773e-17 0.46603966720346279 -0.46757570793818426 0.37430653746062581 0.12631355937365429 -0.53141073357059398 5.2567713806204862e-17 0.51281680714171962 -0.85849591641940437 3.1400858941451379e-17 0.85849702978897602 -0.51281494326876753 2.8630754704277773e-17 0.46603966720346279 -0.46757570793818426 0.41389880913576266 0.71983834541847269 -0.69414174090397107 3.1400858941451379e-17 0.85849702978897602 -0.51281494326876753 2.8630754704277773e-17 0.46603966720346279 -0.46757570793818426 0.41389880913576266 0.71983834541847269 -0.69414174090397107 0.35362831664304045 0.9291245327790979 -0.36976695713384539 0.37851716650160794 0.59211021278181264 -0.27957168619278966 2.8630754704277773e-17 0.46603966720346279 -0.46757570793818426 0.41389880913576266 0.71983834541847269 -0.69414174090397107 0.37430653746062581 0.12631355937365429 -0.53141073357059398 2.8630754704277773e-17 0.46603966720346279 -0.46757570793818426 0.41389880913576266 0.71983834541847269 -0.69414174090397107 0.35362831664304045 0.9291245327790979 -0.36976695713384539 0.37851716650160794 0.59211021278181264 -0.27957168619278966 6.123233995736766e-17 0 -1 5.2567713806204862e-17 0.51281680714171962 -0.85849591641940437 3.6205007915547316e-17 0.2154604273219588 -0.59127265005313623 0.34520502280981469 0.36585002731108562 -0.93067381907759583 5.2567713806204862e-17 0.51281680714171962 -0.85849591641940437 2.8630754704277773e-17 0.46603966720346279 -0.46757570793818426 0.34520502280981469 0.36585002731108562 -0.93067381907759583 0.41389880913576266 0.71983834541847269 -0.69414174090397107 5.2567713806204862e-17 0.51281680714171962 -0.85849591641940437 2.8630754704277773e-17 0.46603966720346279 -0.46757570793818426 3.6205007915547316e-17 0.2154604273219588 -0.59127265005313623 0.34520502280981469 0.36585002731108562 -0.93067381907759583 6.123233995736766e-17 0 -1 0.34520502280981469 0.36585002731108562 -0.93067381907759583 3.6205007915547316e-17 0.2154604273219588 -0.59127265005313623 0.37430653746062581 0.12631355937365429 -0.53141073357059398 2.8630754704277773e-17 0.46603966720346279 -0.46757570793818426 0.34520502280981469 0.36585002731108562 -0.93067381907759583 0.41389880913576266 0.71983834541847269 -0.69414174090397107 0.37430653746062581 0.12631355937365429 -0.53141073357059398 2.8630754704277773e-17 0.46603966720346279 -0.46757570793818426 3.6205007915547316e-17 0.2154604273219588 -0.59127265005313623 0.34520502280981469 0.36585002731108562 -0.93067381907759583 0.37430653746062581 0.12631355937365429 -0.53141073357059398 2.5521763396912816e-17 -0.4793278454406017 -0.41680202675060346 0.41389880913576266 -0.69414174090397107 -0.71983834541847269 3.1400973070753622e-17 -0.85849591641940437 -0.51281680714171962 5.2567781980428963e-17 -0.51281494326876753 -0.85849702978897602 2.5521763396912816e-17 -0.4793278454406017 -0.41680202675060346 0.35362831664304045 -0.3697669571338455 -0.9291245327790979 0.41389880913576266 -0.69414174090397107 -0.71983834541847269 5.2567781980428963e-17 -0.51281494326876753 -0.85849702978897602 0.34520502280981469 -0.93067381907759583 -0.36585002731108562 9.5076123689367412e-18 -0.62445771666512506 -0.15527109327450661 3.1400973070753622e-17 -0.85849591641940437 -0.51281680714171962 0 -1 0 9.5076123689367412e-18 -0.62445771666512506 -0.15527109327450661 2.5521763396912816e-17 -0.4793278454406017 -0.41680202675060346 0.34520502280981469 -0.93067381907759583 -0.36585002731108562 3.1400973070753622e-17 -0.85849591641940437 -0.51281680714171962 2.5521763396912816e-17 -0.4793278454406017 -0.41680202675060346 0.41389880913576266 -0.69414174090397107 -0.71983834541847269 0.34520502280981469 -0.93067381907759583 -0.36585002731108562 3.1400973070753622e-17 -0.85849591641940437 -0.51281680714171962 0.187696401294975 0.41459654070446694 0.45758364772578231 0.41250666331966274 0.70151066429403131 0.71265895622081887 0.36103477471300488 0.37448562990870227 0.92723271781785321 0.55885754234639928 0.34843648050315706 0.57765644455759646 0.187696401294975 0.41459654070446694 0.45758364772578231 0.36103477471300488 0.37448562990870227 0.92723271781785321 0.26549541758169259 0.01183012252968711 0.57539850850091812 0.55885754234639928 0.34843648050315706 0.57765644455759646 0.187696401294975 0.41459654070446694 0.45758364772578231 0.33845281234444963 0.93286666726405398 0.3602218498476415 0.41250666331966274 0.70151066429403131 0.71265895622081887 0.55885754234639928 0.34843648050315706 0.57765644455759646 -3.8300810413423336e-17 -0.13597911897012704 0.62549970228297425 0.33845297549880637 -0.36022200121358766 0.93286660881482841 -6.123233995736766e-17 0 1 -5.2567713806204862e-17 -0.51281680714171962 0.85849591641940437 0.26549541758169259 0.01183012252968711 0.57539850850091812 -3.8300810413423336e-17 -0.13597911897012704 0.62549970228297425 0.33845297549880637 -0.36022200121358766 0.93286660881482841 -6.123233995736766e-17 0 1 -5.2567713806204862e-17 -0.51281680714171962 0.85849591641940437 -3.1400858941451379e-17 -0.85849702978897602 0.51281494326876753 -2.3883356125332464e-17 -0.3839956165005573 0.39004480544040931 0.41250498657788959 -0.71265870337145076 0.70151092116154712 -3.1400858941451379e-17 -0.85849702978897602 0.51281494326876753 -2.3883356125332464e-17 -0.3839956165005573 0.39004480544040931 0.41250498657788959 -0.71265870337145076 0.70151092116154712 0.36103455206911494 -0.92723241527365396 0.3744863790123561 0.26549541758169259 0.01183012252968711 0.57539850850091812 -6.123233995736766e-17 0 1 0.58175781112367542 0 1 0.36103477471300488 0.37448562990870227 0.92723271781785321 0.26549541758169259 0.01183012252968711 0.57539850850091812 0.36103477471300488 0.37448562990870227 0.92723271781785321 0.58175781112367542 0 1 0.55885754234639928 0.34843648050315706 0.57765644455759646 0.26549541758169259 0.01183012252968711 0.57539850850091812 0.58175781112367542 0 1 -6.123233995736766e-17 0 1 0.33845297549880637 -0.36022200121358766 0.93286660881482841 0.58175781112367542 0 1 0.36103477471300488 0.37448562990870227 0.92723271781785321 0.76951353406422263 0.42466532613817165 0.90535040772949338 0.55885754234639928 0.34843648050315706 0.57765644455759646 0.41250666331966274 0.70151066429403131 0.71265895622081887 0.76951353406422263 0.42466532613817165 0.90535040772949338 0.36103477471300488 0.37448562990870227 0.92723271781785321 0.55885754234639928 0.34843648050315706 0.57765644455759646 0.33845281234444963 0.93286666726405398 0.3602218498476415 -8.6622314714443932e-18 0.5320227753653779 0.14146497549294024 0 1 0 0.58175781112365721 1 3.5622392063577866e-17 0.37851716650160794 0.59211021278181264 -0.27957168619278966 0 1 0 0.58175781112365721 1 3.5622392063577866e-17 0.35362831664304045 0.9291245327790979 -0.36976695713384539 -8.6622314714443932e-18 0.5320227753653779 0.14146497549294024 0 1 0 0.58175781112365721 1 3.5622392063577866e-17 0.37851716650160794 0.59211021278181264 -0.27957168619278966 0.58175781112365732 0 -1 0.37430653746062581 0.12631355937365429 -0.53141073357059398 6.123233995736766e-17 0 -1 0.35362831664304045 -0.3697669571338455 -0.9291245327790979 6.123233995736766e-17 0 -1 0.58175781112365732 0 -1 0.34520502280981469 0.36585002731108562 -0.93067381907759583 0.37430653746062581 0.12631355937365429 -0.53141073357059398 0.37851716650160794 0.59211021278181264 -0.27957168619278966 0.41389880913576266 0.71983834541847269 -0.69414174090397107 0.35362831664304045 0.9291245327790979 -0.36976695713384539 0.79597954349435018 0.90940330923191859 -0.41591540144365385 0.37851716650160794 0.59211021278181264 -0.27957168619278966 0.58175781112365721 1 3.5622392063577866e-17 0.79597954349435018 0.90940330923191859 -0.41591540144365385 0.35362831664304045 0.9291245327790979 -0.36976695713384539 0.41250666331966274 0.70151066429403131 0.71265895622081887 0.87297233449344247 0.8710645920419845 0.49116848075862002 0.76951353406422263 0.42466532613817165 0.90535040772949338 0.55885754234639928 0.34843648050315706 0.57765644455759646 0.33845281234444963 0.93286666726405398 0.3602218498476415 0.87297233449344247 0.8710645920419845 0.49116848075862002 0.41250666331966274 0.70151066429403131 0.71265895622081887 0.55885754234639928 0.34843648050315706 0.57765644455759646 0.43188202004293852 -0.42285608262319008 -0.34832803102805709 2.5521763396912816e-17 -0.4793278454406017 -0.41680202675060346 3.2319449359643499e-17 -0.14784628833551347 -0.52781666325581467 0.35362831664304045 -0.3697669571338455 -0.9291245327790979 0.43188202004293852 -0.42285608262319008 -0.34832803102805709 2.5521763396912816e-17 -0.4793278454406017 -0.41680202675060346 0.41389880913576266 -0.69414174090397107 -0.71983834541847269 0.34520502280981469 -0.93067381907759583 -0.36585002731108562 0.43188202004293852 -0.42285608262319008 -0.34832803102805709 2.5521763396912816e-17 -0.4793278454406017 -0.41680202675060346 0.35362831664304045 -0.3697669571338455 -0.9291245327790979 0.41389880913576266 -0.69414174090397107 -0.71983834541847269 0.43188202004293852 -0.42285608262319008 -0.34832803102805709 3.2319449359643499e-17 -0.14784628833551347 -0.52781666325581467 2.5521763396912816e-17 -0.4793278454406017 -0.41680202675060346 3.9826089162490391e-18 -0.26636974005089253 -0.065040939461432939 0.43188202004293852 -0.42285608262319008 -0.34832803102805709 3.2319449359643499e-17 -0.14784628833551347 -0.52781666325581467 0.37430653746062581 0.12631355937365429 -0.53141073357059398 0.35362831664304045 -0.3697669571338455 -0.9291245327790979 0.43188202004293852 -0.42285608262319008 -0.34832803102805709 2.5521763396912816e-17 -0.4793278454406017 -0.41680202675060346 9.5076123689367412e-18 -0.62445771666512506 -0.15527109327450661 3.9826089162490391e-18 -0.26636974005089253 -0.065040939461432939 0.43188202004293852 -0.42285608262319008 -0.34832803102805709 3.2319449359643499e-17 -0.14784628833551347 -0.52781666325581467 3.9826089162490391e-18 -0.26636974005089253 -0.065040939461432939 0.37430653746062581 0.12631355937365429 -0.53141073357059398 0.43188202004293852 -0.42285608262319008 -0.34832803102805709 9.5076123689367412e-18 -0.62445771666512506 -0.15527109327450661 2.5521763396912816e-17 -0.4793278454406017 -0.41680202675060346 0.34520502280981469 -0.93067381907759583 -0.36585002731108562 0.43188202004293852 -0.42285608262319008 -0.34832803102805709 0.41389880913576266 -0.69414174090397107 -0.71983834541847269 0.35362831664304045 -0.3697669571338455 -0.9291245327790979 0.61989476446951464 -0.36347315065401176 -0.61673028792108275 0.58175781112365732 0 -1 0.37430653746062581 0.12631355937365429 -0.53141073357059398 0.35362831664304045 -0.3697669571338455 -0.9291245327790979 0.61989476446951464 -0.36347315065401176 -0.61673028792108275 0.43188202004293852 -0.42285608262319008 -0.34832803102805709 0.35362831664304045 -0.3697669571338455 -0.9291245327790979 0.37430653746062581 0.12631355937365429 -0.53141073357059398 0.61989476446951464 -0.36347315065401176 -0.61673028792108275 0.58175781112365732 0 -1 0.35362831664304045 -0.3697669571338455 -0.9291245327790979 0.79597954349435018 -0.41591540144365385 -0.90940330923191859 0.61989476446951464 -0.36347315065401176 -0.61673028792108275 0.41389880913576266 -0.69414174090397107 -0.71983834541847269 0.79597954349435018 -0.41591540144365385 -0.90940330923191859 0.35362831664304045 -0.3697669571338455 -0.9291245327790979 0.61989476446951464 -0.36347315065401176 -0.61673028792108275 -3.8300810413423336e-17 -0.13597911897012704 0.62549970228297425 0.51222868769674468 -0.31255420274866497 0.55341261531140429 0.33845297549880637 -0.36022200121358766 0.93286660881482841 -5.2567713806204862e-17 -0.51281680714171962 0.85849591641940437 -2.3883356125332464e-17 -0.3839956165005573 0.39004480544040931 0.41250498657788959 -0.71265870337145076 0.70151092116154712 0.36103455206911494 -0.92723241527365396 0.3744863790123561 0.51222868769674468 -0.31255420274866497 0.55341261531140429 -5.2567713806204862e-17 -0.51281680714171962 0.85849591641940437 0.41250498657788959 -0.71265870337145076 0.70151092116154712 -2.3883356125332464e-17 -0.3839956165005573 0.39004480544040931 0.51222868769674468 -0.31255420274866497 0.55341261531140429 0.26549541758169259 0.01183012252968711 0.57539850850091812 -3.8300810413423336e-17 -0.13597911897012704 0.62549970228297425 -2.3883356125332464e-17 -0.3839956165005573 0.39004480544040931 0.51222868769674468 -0.31255420274866497 0.55341261531140429 0.26549541758169259 0.01183012252968711 0.57539850850091812 0.58175781112367542 0 1 0.33845297549880637 -0.36022200121358766 0.93286660881482841 0.51222868769674468 -0.31255420274866497 0.55341261531140429 -3.8300810413423336e-17 -0.13597911897012704 0.62549970228297425 -2.3883356125332464e-17 -0.3839956165005573 0.39004480544040931 0.51222868769674468 -0.31255420274866497 0.55341261531140429 -5.2567713806204862e-17 -0.51281680714171962 0.85849591641940437 0.26549541758169259 0.01183012252968711 0.57539850850091812 -3.8300810413423336e-17 -0.13597911897012704 0.62549970228297425 0.51222868769674468 -0.31255420274866497 0.55341261531140429 0.33845297549880637 -0.36022200121358766 0.93286660881482841 -5.2567713806204862e-17 -0.51281680714171962 0.85849591641940437 0.33845297549880637 -0.36022200121358766 0.93286660881482841 0.41250498657788959 -0.71265870337145076 0.70151092116154712 0.51222868769674468 -0.31255420274866497 0.55341261531140429 0.26549541758169259 0.01183012252968711 0.57539850850091812 0.58175781112367542 0 1 0.51222868769674468 -0.31255420274866497 0.55341261531140429 0.55885754234639928 0.34843648050315706 0.57765644455759646 0 -1 0 0.58175781112365721 -1 3.5622392063577866e-17 -8.4261114011751666e-18 -0.62483304636579717 0.13760884210928012 0.36103455206911494 -0.92723241527365396 0.3744863790123561 0.34520502280981469 -0.93067381907759583 -0.36585002731108562 0.58175781112365721 -1 3.5622392063577866e-17 9.5076123689367412e-18 -0.62445771666512506 -0.15527109327450661 0 -1 0 0.43188202004293852 -0.42285608262319008 -0.34832803102805709 0.34520502280981469 -0.93067381907759583 -0.36585002731108562 0.58175781112365721 -1 3.5622392063577866e-17 9.5076123689367412e-18 -0.62445771666512506 -0.15527109327450661 0.58175781112365721 -1 3.5622392063577866e-17 -8.4261114011751666e-18 -0.62483304636579717 0.13760884210928012 9.5076123689367412e-18 -0.62445771666512506 -0.15527109327450661 0 -1 0 0.41250498657788959 -0.71265870337145076 0.70151092116154712 0.76951966436630825 -0.90534820405048866 0.42467002416294292 0.36103455206911494 -0.92723241527365396 0.3744863790123561 0.51222868769674468 -0.31255420274866497 0.55341261531140429 0.187696401294975 0.41459654070446694 0.45758364772578231 -8.6622314714443932e-18 0.5320227753653779 0.14146497549294024 0.33845281234444963 0.93286666726405398 0.3602218498476415 0.51699891885684801 0.25056444085304475 0.14306384268975719 -1.6181863106719155e-17 0.070823768725499003 0.26426987957647224 3.9826089162490391e-18 -0.26636974005089253 -0.065040939461432939 1.1664214329655561e-17 0.19144623431318852 -0.19049107608457605 0.51699891885684801 0.25056444085304475 0.14306384268975719 0.87297233449344247 0.8710645920419845 0.49116848075862002 0.51699891885684801 0.25056444085304475 0.14306384268975719 0.33845281234444963 0.93286666726405398 0.3602218498476415 0.58175781112365721 1 3.5622392063577866e-17 0.33845281234444963 0.93286666726405398 0.3602218498476415 0.51699891885684801 0.25056444085304475 0.14306384268975719 0.87297233449344247 0.8710645920419845 0.49116848075862002 0.55885754234639928 0.34843648050315706 0.57765644455759646 -1.6181863106719155e-17 0.070823768725499003 0.26426987957647224 -8.6622314714443932e-18 0.5320227753653779 0.14146497549294024 0.51699891885684801 0.25056444085304475 0.14306384268975719 1.1664214329655561e-17 0.19144623431318852 -0.19049107608457605 0.37851716650160794 0.59211021278181264 -0.27957168619278966 -8.6622314714443932e-18 0.5320227753653779 0.14146497549294024 1.1664214329655561e-17 0.19144623431318852 -0.19049107608457605 0.51699891885684801 0.25056444085304475 0.14306384268975719 0.187696401294975 0.41459654070446694 0.45758364772578231 -1.6181863106719155e-17 0.070823768725499003 0.26426987957647224 0.51699891885684801 0.25056444085304475 0.14306384268975719 0.26549541758169259 0.01183012252968711 0.57539850850091812 0.37851716650160794 0.59211021278181264 -0.27957168619278966 0.51699891885684801 0.25056444085304475 0.14306384268975719 1.1664214329655561e-17 0.19144623431318852 -0.19049107608457605 0.37430653746062581 0.12631355937365429 -0.53141073357059398 0.51699891885684801 0.25056444085304475 0.14306384268975719 -8.6622314714443932e-18 0.5320227753653779 0.14146497549294024 0.58175781112365721 1 3.5622392063577866e-17 0.37851716650160794 0.59211021278181264 -0.27957168619278966 0.43188202004293852 -0.42285608262319008 -0.34832803102805709 3.9826089162490391e-18 -0.26636974005089253 -0.065040939461432939 0.51699891885684801 0.25056444085304475 0.14306384268975719 0.37430653746062581 0.12631355937365429 -0.53141073357059398 0.26549541758169259 0.01183012252968711 0.57539850850091812 0.51222868769674468 -0.31255420274866497 0.55341261531140429 0.51699891885684801 0.25056444085304475 0.14306384268975719 0.55885754234639928 0.34843648050315706 0.57765644455759646 0.187696401294975 0.41459654070446694 0.45758364772578231 -1.6181863106719155e-17 0.070823768725499003 0.26426987957647224 -8.6622314714443932e-18 0.5320227753653779 0.14146497549294024 0.51699891885684801 0.25056444085304475 0.14306384268975719 0.33845281234444963 0.93286666726405398 0.3602218498476415 0.51699891885684801 0.25056444085304475 0.14306384268975719 -8.6622314714443932e-18 0.5320227753653779 0.14146497549294024 0.58175781112365721 1 3.5622392063577866e-17 0.187696401294975 0.41459654070446694 0.45758364772578231 0.51699891885684801 0.25056444085304475 0.14306384268975719 0.33845281234444963 0.93286666726405398 0.3602218498476415 0.55885754234639928 0.34843648050315706 0.57765644455759646 0.187696401294975 0.41459654070446694 0.45758364772578231 0.26549541758169259 0.01183012252968711 0.57539850850091812 0.51699891885684801 0.25056444085304475 0.14306384268975719 0.55885754234639928 0.34843648050315706 0.57765644455759646 3.9826089162490391e-18 -0.26636974005089253 -0.065040939461432939 0.51699891885684801 0.25056444085304475 0.14306384268975719 0.37430653746062581 0.12631355937365429 -0.53141073357059398 1.1664214329655561e-17 0.19144623431318852 -0.19049107608457605 0.26549541758169259 0.01183012252968711 0.57539850850091812 0.50193217957438585 -0.36364492707921942 0.15456984094319665 0.51699891885684801 0.25056444085304475 0.14306384268975719 0.51222868769674468 -0.31255420274866497 0.55341261531140429 0.26549541758169259 0.01183012252968711 0.57539850850091812 -2.3883356125332464e-17 -0.3839956165005573 0.39004480544040931 0.50193217957438585 -0.36364492707921942 0.15456984094319665 0.51222868769674468 -0.31255420274866497 0.55341261531140429 9.5076123689367412e-18 -0.62445771666512506 -0.15527109327450661 3.9826089162490391e-18 -0.26636974005089253 -0.065040939461432939 0.50193217957438585 -0.36364492707921942 0.15456984094319665 0.43188202004293852 -0.42285608262319008 -0.34832803102805709 -1.6181863106719155e-17 0.070823768725499003 0.26426987957647224 -2.3883356125332464e-17 -0.3839956165005573 0.39004480544040931 3.9826089162490391e-18 -0.26636974005089253 -0.065040939461432939 0.50193217957438585 -0.36364492707921942 0.15456984094319665 0.58175781112365721 -1 3.5622392063577866e-17 0.36103455206911494 -0.92723241527365396 0.3744863790123561 0.76951966436630825 -0.90534820405048866 0.42467002416294292 0.50193217957438585 -0.36364492707921942 0.15456984094319665 0.26549541758169259 0.01183012252968711 0.57539850850091812 -2.3883356125332464e-17 -0.3839956165005573 0.39004480544040931 -1.6181863106719155e-17 0.070823768725499003 0.26426987957647224 0.50193217957438585 -0.36364492707921942 0.15456984094319665 -2.3883356125332464e-17 -0.3839956165005573 0.39004480544040931 -8.4261114011751666e-18 -0.62483304636579717 0.13760884210928012 3.9826089162490391e-18 -0.26636974005089253 -0.065040939461432939 0.50193217957438585 -0.36364492707921942 0.15456984094319665 0.58175781112365721 -1 3.5622392063577866e-17 -8.4261114011751666e-18 -0.62483304636579717 0.13760884210928012 0.36103455206911494 -0.92723241527365396 0.3744863790123561 0.50193217957438585 -0.36364492707921942 0.15456984094319665 9.5076123689367412e-18 -0.62445771666512506 -0.15527109327450661 0.50193217957438585 -0.36364492707921942 0.15456984094319665 0.58175781112365721 -1 3.5622392063577866e-17 0.43188202004293852 -0.42285608262319008 -0.34832803102805709 3.9826089162490391e-18 -0.26636974005089253 -0.065040939461432939 0.51699891885684801 0.25056444085304475 0.14306384268975719 0.50193217957438585 -0.36364492707921942 0.15456984094319665 0.43188202004293852 -0.42285608262319008 -0.34832803102805709 -8.4261114011751666e-18 -0.62483304636579717 0.13760884210928012 -2.3883356125332464e-17 -0.3839956165005573 0.39004480544040931 0.36103455206911494 -0.92723241527365396 0.3744863790123561 0.50193217957438585 -0.36364492707921942 0.15456984094319665 -2.3883356125332464e-17 -0.3839956165005573 0.39004480544040931 0.36103455206911494 -0.92723241527365396 0.3744863790123561 0.50193217957438585 -0.36364492707921942 0.15456984094319665 0.51222868769674468 -0.31255420274866497 0.55341261531140429 0.76951966436630825 -0.90534820405048866 0.42467002416294292 0.50193217957438585 -0.36364492707921942 0.15456984094319665 0.36103455206911494 -0.92723241527365396 0.3744863790123561 0.51222868769674468 -0.31255420274866497 0.55341261531140429 0.26549541758169259 0.01183012252968711 0.57539850850091812 -1.6181863106719155e-17 0.070823768725499003 0.26426987957647224 0.51699891885684801 0.25056444085304475 0.14306384268975719 0.50193217957438585 -0.36364492707921942 0.15456984094319665 -1.6181863106719155e-17 0.070823768725499003 0.26426987957647224 3.9826089162490391e-18 -0.26636974005089253 -0.065040939461432939 0.51699891885684801 0.25056444085304475 0.14306384268975719 0.50193217957438585 -0.36364492707921942 0.15456984094319665 -8.4261114011751666e-18 -0.62483304636579717 0.13760884210928012 9.5076123689367412e-18 -0.62445771666512506 -0.15527109327450661 0.50193217957438585 -0.36364492707921942 0.15456984094319665 0.58175781112365721 -1 3.5622392063577866e-17 -8.4261114011751666e-18 -0.62483304636579717 0.13760884210928012 9.5076123689367412e-18 -0.62445771666512506 -0.15527109327450661 3.9826089162490391e-18 -0.26636974005089253 -0.065040939461432939 0.50193217957438585 -0.36364492707921942 0.15456984094319665 0.58175781112365732 0 -1 0.8867584067254014 -0.081513250324635397 -0.48592725153871685 0.37430653746062581 0.12631355937365429 -0.53141073357059398 0.61989476446951464 -0.36347315065401176 -0.61673028792108275 0.43188202004293852 -0.42285608262319008 -0.34832803102805709 0.37430653746062581 0.12631355937365429 -0.53141073357059398 0.8867584067254014 -0.081513250324635397 -0.48592725153871685 0.61989476446951464 -0.36347315065401176 -0.61673028792108275 0.43188202004293852 -0.42285608262319008 -0.34832803102805709 0.51699891885684801 0.25056444085304475 0.14306384268975719 0.8867584067254014 -0.081513250324635397 -0.48592725153871685 0.37430653746062581 0.12631355937365429 -0.53141073357059398 0.58175781112365732 0 -1 0.79597954349435018 -0.41591540144365385 -0.90940330923191859 0.8867584067254014 -0.081513250324635397 -0.48592725153871685 0.61989476446951464 -0.36347315065401176 -0.61673028792108275 0.43188202004293852 -0.42285608262319008 -0.34832803102805709 0.51699891885684801 0.25056444085304475 0.14306384268975719 0.50193217957438585 -0.36364492707921942 0.15456984094319665 0.8867584067254014 -0.081513250324635397 -0.48592725153871685 0.37851716650160794 0.59211021278181264 -0.27957168619278966 0.79597954349435018 0.90940330923191859 -0.41591540144365385 0.58175781112365721 1 3.5622392063577866e-17 0.9497831604774537 0.51709303632482018 -0.17349618723109278 0.51699891885684801 0.25056444085304475 0.14306384268975719 0.58175781112365721 1 3.5622392063577866e-17 0.9497831604774537 0.51709303632482018 -0.17349618723109278 0.37851716650160794 0.59211021278181264 -0.27957168619278966 0.51699891885684801 0.25056444085304475 0.14306384268975719 0.9497831604774537 0.51709303632482018 -0.17349618723109278 0.8867584067254014 -0.081513250324635397 -0.48592725153871685 0.37430653746062581 0.12631355937365429 -0.53141073357059398 0.37851716650160794 0.59211021278181264 -0.27957168619278966 0.9497831604774537 0.51709303632482018 -0.17349618723109278 0.51699891885684801 0.25056444085304475 0.14306384268975719 0.37430653746062581 0.12631355937365429 -0.53141073357059398 0.87297233449344247 0.8710645920419845 0.49116848075862002 0.51699891885684801 0.25056444085304475 0.14306384268975719 0.58175781112365721 1 3.5622392063577866e-17 0.9497831604774537 0.51709303632482018 -0.17349618723109278 0.37851716650160794 0.59211021278181264 -0.27957168619278966 0.88488674004459811 0.48075358694636589 -0.87685573992430643 0.41389880913576266 0.71983834541847269 -0.69414174090397107 0.79597954349435018 0.90940330923191859 -0.41591540144365385 0.58175781112365732 0 -1 0.88488674004459811 0.48075358694636589 -0.87685573992430643 0.34520502280981469 0.36585002731108562 -0.93067381907759583 0.37430653746062581 0.12631355937365429 -0.53141073357059398 0.37851716650160794 0.59211021278181264 -0.27957168619278966 0.41389880913576266 0.71983834541847269 -0.69414174090397107 0.88488674004459811 0.48075358694636589 -0.87685573992430643 0.37430653746062581 0.12631355937365429 -0.53141073357059398 0.37851716650160794 0.59211021278181264 -0.27957168619278966 0.79597954349435018 0.90940330923191859 -0.41591540144365385 0.9497831604774537 0.51709303632482018 -0.17349618723109278 0.88488674004459811 0.48075358694636589 -0.87685573992430643 0.58175781112365732 0 -1 0.8867584067254014 -0.081513250324635397 -0.48592725153871685 0.88488674004459811 0.48075358694636589 -0.87685573992430643 0.37430653746062581 0.12631355937365429 -0.53141073357059398 0.88488674004459811 0.48075358694636589 -0.87685573992430643 0.8867584067254014 -0.081513250324635397 -0.48592725153871685 0.9497831604774537 0.51709303632482018 -0.17349618723109278 0.37430653746062581 0.12631355937365429 -0.53141073357059398 0.88488674004459811 0.48075358694636589 -0.87685573992430643 0.41389880913576266 0.71983834541847269 -0.69414174090397107 0.34520502280981469 0.36585002731108562 -0.93067381907759583 0.37430653746062581 0.12631355937365429 -0.53141073357059398 0.37851716650160794 0.59211021278181264 -0.27957168619278966 0.88488674004459811 0.48075358694636589 -0.87685573992430643 0.9497831604774537 0.51709303632482018 -0.17349618723109278 0.37430653746062581 0.12631355937365429 -0.53141073357059398 0.88488674004459589 -0.87685573992430621 -0.4807535869463665 0.79597954349435018 -0.41591540144365385 -0.90940330923191859 0.41389880913576266 -0.69414174090397107 -0.71983834541847269 0.61989476446951464 -0.36347315065401176 -0.61673028792108275 0.43188202004293852 -0.42285608262319008 -0.34832803102805709 0.58175781112365721 -1 3.5622392063577866e-17 0.34520502280981469 -0.93067381907759583 -0.36585002731108562 0.88488674004459589 -0.87685573992430621 -0.4807535869463665 0.43188202004293852 -0.42285608262319008 -0.34832803102805709 0.88488674004459589 -0.87685573992430621 -0.4807535869463665 0.34520502280981469 -0.93067381907759583 -0.36585002731108562 0.41389880913576266 -0.69414174090397107 -0.71983834541847269 0.43188202004293852 -0.42285608262319008 -0.34832803102805709 0.88488674004459589 -0.87685573992430621 -0.4807535869463665 0.41389880913576266 -0.69414174090397107 -0.71983834541847269 0.61989476446951464 -0.36347315065401176 -0.61673028792108275 0.95210602637976371 0.32831498379315238 0.50661693898037896 0.58175781112367542 0 1 0.76951353406422263 0.42466532613817165 0.90535040772949338 0.55885754234639928 0.34843648050315706 0.57765644455759646 0.95210602637976371 0.32831498379315238 0.50661693898037896 0.87297233449344247 0.8710645920419845 0.49116848075862002 0.9497831604774537 0.51709303632482018 -0.17349618723109278 0.51699891885684801 0.25056444085304475 0.14306384268975719 0.95210602637976371 0.32831498379315238 0.50661693898037896 0.76951353406422263 0.42466532613817165 0.90535040772949338 0.87297233449344247 0.8710645920419845 0.49116848075862002 0.55885754234639928 0.34843648050315706 0.57765644455759646 0.95210602637976371 0.32831498379315238 0.50661693898037896 0.87297233449344247 0.8710645920419845 0.49116848075862002 0.51699891885684801 0.25056444085304475 0.14306384268975719 0.55885754234639928 0.34843648050315706 0.57765644455759646 0.50193217957438585 -0.36364492707921942 0.15456984094319665 0.86923470661376179 -0.030178354762993364 0.50546881499369423 0.51699891885684801 0.25056444085304475 0.14306384268975719 0.51222868769674468 -0.31255420274866497 0.55341261531140429 0.58175781112367542 0 1 0.86923470661376179 -0.030178354762993364 0.50546881499369423 0.51222868769674468 -0.31255420274866497 0.55341261531140429 0.55885754234639928 0.34843648050315706 0.57765644455759646 0.51699891885684801 0.25056444085304475 0.14306384268975719 0.51222868769674468 -0.31255420274866497 0.55341261531140429 0.86923470661376179 -0.030178354762993364 0.50546881499369423 0.55885754234639928 0.34843648050315706 0.57765644455759646 0.95210602637976371 0.32831498379315238 0.50661693898037896 0.51699891885684801 0.25056444085304475 0.14306384268975719 0.86923470661376179 -0.030178354762993364 0.50546881499369423 0.55885754234639928 0.34843648050315706 0.57765644455759646 0.95210602637976371 0.32831498379315238 0.50661693898037896 0.86923470661376179 -0.030178354762993364 0.50546881499369423 0.58175781112367542 0 1 0.55885754234639928 0.34843648050315706 0.57765644455759646 0.58175781112367542 0 1 0.87297179537978209 -0.4911628317458927 0.87106777733501062 0.33845297549880637 -0.36022200121358766 0.93286660881482841 0.51222868769674468 -0.31255420274866497 0.55341261531140429 0.33845297549880637 -0.36022200121358766 0.93286660881482841 0.87297179537978209 -0.4911628317458927 0.87106777733501062 0.41250498657788959 -0.71265870337145076 0.70151092116154712 0.51222868769674468 -0.31255420274866497 0.55341261531140429 0.58175781112367542 0 1 0.86923470661376179 -0.030178354762993364 0.50546881499369423 0.87297179537978209 -0.4911628317458927 0.87106777733501062 0.51222868769674468 -0.31255420274866497 0.55341261531140429 0.41250498657788959 -0.71265870337145076 0.70151092116154712 0.87297179537978209 -0.4911628317458927 0.87106777733501062 0.76951966436630825 -0.90534820405048866 0.42467002416294292 0.51222868769674468 -0.31255420274866497 0.55341261531140429 0.58175781112367542 0 1 1.1654975353955863 0 1.0000000000000002 0.87297179537978209 -0.4911628317458927 0.87106777733501062 0.86923470661376179 -0.030178354762993364 0.50546881499369423 0.95210602637976371 0.32831498379315238 0.50661693898037896 1.1654975353955863 0 1.0000000000000002 0.58175781112367542 0 1 0.86923470661376179 -0.030178354762993364 0.50546881499369423 0.95210602637976371 0.32831498379315238 0.50661693898037896 0.58175781112367542 0 1 1.1654975353955863 0 1.0000000000000002 0.76951353406422263 0.42466532613817165 0.90535040772949338 0.95210602637976371 0.32831498379315238 0.50661693898037896 0.76951353406422263 0.42466532613817165 0.90535040772949338 1.1654975353955863 0 1.0000000000000002 1.3386838512271786 0.50509086512406665 0.86306617241566264 0.95210602637976371 0.32831498379315238 0.50661693898037896 1.3386838512271786 0.50509086512406665 0.86306617241566264 0.87297233449344247 0.8710645920419845 0.49116848075862002 0.76951353406422263 0.42466532613817165 0.90535040772949338 0.58175781112365721 1 3.5622392063577866e-17 0.87297233449344247 0.8710645920419845 0.49116848075862002 0.9497831604774537 0.51709303632482018 -0.17349618723109278 1.1654975353955892 1 7.1366141306816875e-17 0.79597954349435018 0.90940330923191859 -0.41591540144365385 0.58175781112365721 1 3.5622392063577866e-17 0.9497831604774537 0.51709303632482018 -0.17349618723109278 1.1654975353955892 1 7.1366141306816875e-17 1.1654975353955894 0 -0.99999999999999978 0.58175781112365732 0 -1 0.79597954349435018 -0.41591540144365385 -0.90940330923191859 0.8867584067254014 -0.081513250324635397 -0.48592725153871685 1.1654975353955894 0 -0.99999999999999978 0.88488674004459811 0.48075358694636589 -0.87685573992430643 0.58175781112365732 0 -1 0.8867584067254014 -0.081513250324635397 -0.48592725153871685 0.79597954349435018 -0.41591540144365385 -0.90940330923191859 1.3428220829921205 -0.51312466181922345 -0.85831409252843283 1.1654975353955894 0 -0.99999999999999978 0.8867584067254014 -0.081513250324635397 -0.48592725153871685 0.79597954349435018 0.90940330923191859 -0.41591540144365385 1.1654975353955892 1 7.1366141306816875e-17 0.9497831604774537 0.51709303632482018 -0.17349618723109278 1.3428220829921218 0.8583140925284336 -0.51312466181922245 0.79597954349435018 0.90940330923191859 -0.41591540144365385 0.9497831604774537 0.51709303632482018 -0.17349618723109278 0.88488674004459811 0.48075358694636589 -0.87685573992430643 1.3428220829921218 0.8583140925284336 -0.51312466181922245 0.87297233449344247 0.8710645920419845 0.49116848075862002 0.9497831604774537 0.51709303632482018 -0.17349618723109278 1.1654975353955892 1 7.1366141306816875e-17 1.3594983644954151 0.62500128307897362 0.21650561015504971 0.95210602637976371 0.32831498379315238 0.50661693898037896 0.9497831604774537 0.51709303632482018 -0.17349618723109278 0.87297233449344247 0.8710645920419845 0.49116848075862002 1.3594983644954151 0.62500128307897362 0.21650561015504971 0.95210602637976371 0.32831498379315238 0.50661693898037896 0.87297233449344247 0.8710645920419845 0.49116848075862002 1.3386838512271786 0.50509086512406665 0.86306617241566264 1.3594983644954151 0.62500128307897362 0.21650561015504971 1.5534972990264755 0.86954851977944936 0.49384751872351101 0.87297233449344247 0.8710645920419845 0.49116848075862002 1.1654975353955892 1 7.1366141306816875e-17 1.3594983644954151 0.62500128307897362 0.21650561015504971 1.3386838512271786 0.50509086512406665 0.86306617241566264 0.87297233449344247 0.8710645920419845 0.49116848075862002 1.5534972990264755 0.86954851977944936 0.49384751872351101 1.3594983644954151 0.62500128307897362 0.21650561015504971 0.43188202004293852 -0.42285608262319008 -0.34832803102805709 0.8867584067254014 -0.081513250324635397 -0.48592725153871685 0.99544483516564419 -0.52891310218559962 -0.21978759473383472 0.61989476446951464 -0.36347315065401176 -0.61673028792108275 0.43188202004293852 -0.42285608262319008 -0.34832803102805709 0.99544483516564419 -0.52891310218559962 -0.21978759473383472 0.88488674004459589 -0.87685573992430621 -0.4807535869463665 0.61989476446951464 -0.36347315065401176 -0.61673028792108275 0.43188202004293852 -0.42285608262319008 -0.34832803102805709 0.58175781112365721 -1 3.5622392063577866e-17 0.88488674004459589 -0.87685573992430621 -0.4807535869463665 0.99544483516564419 -0.52891310218559962 -0.21978759473383472 0.43188202004293852 -0.42285608262319008 -0.34832803102805709 0.8867584067254014 -0.081513250324635397 -0.48592725153871685 0.50193217957438585 -0.36364492707921942 0.15456984094319665 0.99544483516564419 -0.52891310218559962 -0.21978759473383472 0.79597954349435018 -0.41591540144365385 -0.90940330923191859 0.99544483516564419 -0.52891310218559962 -0.21978759473383472 0.8867584067254014 -0.081513250324635397 -0.48592725153871685 0.61989476446951464 -0.36347315065401176 -0.61673028792108275 0.58175781112365721 -1 3.5622392063577866e-17 0.50193217957438585 -0.36364492707921942 0.15456984094319665 0.76951966436630825 -0.90534820405048866 0.42467002416294292 0.99544483516564419 -0.52891310218559962 -0.21978759473383472 0.88488674004459589 -0.87685573992430621 -0.4807535869463665 0.99544483516564419 -0.52891310218559962 -0.21978759473383472 0.79597954349435018 -0.41591540144365385 -0.90940330923191859 0.61989476446951464 -0.36347315065401176 -0.61673028792108275 0.88488674004459589 -0.87685573992430621 -0.4807535869463665 1.3428220829921205 -0.51312466181922345 -0.85831409252843283 0.79597954349435018 -0.41591540144365385 -0.90940330923191859 0.99544483516564419 -0.52891310218559962 -0.21978759473383472 1.3428220829921205 -0.51312466181922345 -0.85831409252843283 0.8867584067254014 -0.081513250324635397 -0.48592725153871685 0.79597954349435018 -0.41591540144365385 -0.90940330923191859 0.99544483516564419 -0.52891310218559962 -0.21978759473383472 0.43188202004293852 -0.42285608262319008 -0.34832803102805709 0.50193217957438585 -0.36364492707921942 0.15456984094319665 0.58175781112365721 -1 3.5622392063577866e-17 0.99544483516564419 -0.52891310218559962 -0.21978759473383472 0.87297179537978209 -0.4911628317458927 0.87106777733501062 0.86923470661376179 -0.030178354762993364 0.50546881499369423 1.1061596029050536 -0.43152760384953914 0.50255480022338794 0.51222868769674468 -0.31255420274866497 0.55341261531140429 0.50193217957438585 -0.36364492707921942 0.15456984094319665 1.1061596029050536 -0.43152760384953914 0.50255480022338794 0.86923470661376179 -0.030178354762993364 0.50546881499369423 0.51222868769674468 -0.31255420274866497 0.55341261531140429 0.76951966436630825 -0.90534820405048866 0.42467002416294292 1.1061596029050536 -0.43152760384953914 0.50255480022338794 0.50193217957438585 -0.36364492707921942 0.15456984094319665 0.51222868769674468 -0.31255420274866497 0.55341261531140429 0.87297179537978209 -0.4911628317458927 0.87106777733501062 0.86923470661376179 -0.030178354762993364 0.50546881499369423 1.1654975353955863 0 1.0000000000000002 1.1061596029050536 -0.43152760384953914 0.50255480022338794 0.50193217957438585 -0.36364492707921942 0.15456984094319665 0.76951966436630825 -0.90534820405048866 0.42467002416294292 0.99544483516564419 -0.52891310218559962 -0.21978759473383472 1.1061596029050536 -0.43152760384953914 0.50255480022338794 0.87297179537978209 -0.4911628317458927 0.87106777733501062 1.1061596029050536 -0.43152760384953914 0.50255480022338794 0.76951966436630825 -0.90534820405048866 0.42467002416294292 0.51222868769674468 -0.31255420274866497 0.55341261531140429 1.1654975353955892 -1 7.1366141306816875e-17 0.58175781112365721 -1 3.5622392063577866e-17 0.76951966436630825 -0.90534820405048866 0.42467002416294292 0.99544483516564419 -0.52891310218559962 -0.21978759473383472 1.1654975353955892 -1 7.1366141306816875e-17 0.99544483516564419 -0.52891310218559962 -0.21978759473383472 0.76951966436630825 -0.90534820405048866 0.42467002416294292 1.1061596029050536 -0.43152760384953914 0.50255480022338794 1.1654975353955892 -1 7.1366141306816875e-17 0.88488674004459589 -0.87685573992430621 -0.4807535869463665 0.58175781112365721 -1 3.5622392063577866e-17 0.99544483516564419 -0.52891310218559962 -0.21978759473383472 1.1654975353955892 -1 7.1366141306816875e-17 0.76951966436630825 -0.90534820405048866 0.42467002416294292 1.3386915325504765 -0.86305520769907818 0.50510960044677566 1.1061596029050536 -0.43152760384953914 0.50255480022338794 0.76951966436630825 -0.90534820405048866 0.42467002416294292 0.87297179537978209 -0.4911628317458927 0.87106777733501062 1.3386915325504765 -0.86305520769907818 0.50510960044677566 1.1061596029050536 -0.43152760384953914 0.50255480022338794 0.50193217957438585 -0.36364492707921942 0.15456984094319665 1.2363324296174016 0.024597242946176653 0.031063694050268764 0.86923470661376179 -0.030178354762993364 0.50546881499369423 1.1061596029050536 -0.43152760384953914 0.50255480022338794 0.50193217957438585 -0.36364492707921942 0.15456984094319665 0.8867584067254014 -0.081513250324635397 -0.48592725153871685 1.2363324296174016 0.024597242946176653 0.031063694050268764 0.99544483516564419 -0.52891310218559962 -0.21978759473383472 0.95210602637976371 0.32831498379315238 0.50661693898037896 0.51699891885684801 0.25056444085304475 0.14306384268975719 1.2363324296174016 0.024597242946176653 0.031063694050268764 0.86923470661376179 -0.030178354762993364 0.50546881499369423 0.51699891885684801 0.25056444085304475 0.14306384268975719 0.50193217957438585 -0.36364492707921942 0.15456984094319665 1.2363324296174016 0.024597242946176653 0.031063694050268764 0.86923470661376179 -0.030178354762993364 0.50546881499369423 1.2363324296174016 0.024597242946176653 0.031063694050268764 0.8867584067254014 -0.081513250324635397 -0.48592725153871685 0.51699891885684801 0.25056444085304475 0.14306384268975719 0.9497831604774537 0.51709303632482018 -0.17349618723109278 0.50193217957438585 -0.36364492707921942 0.15456984094319665 0.99544483516564419 -0.52891310218559962 -0.21978759473383472 1.2363324296174016 0.024597242946176653 0.031063694050268764 1.1061596029050536 -0.43152760384953914 0.50255480022338794 1.2363324296174016 0.024597242946176653 0.031063694050268764 0.50193217957438585 -0.36364492707921942 0.15456984094319665 0.51699891885684801 0.25056444085304475 0.14306384268975719 0.8867584067254014 -0.081513250324635397 -0.48592725153871685 0.95210602637976371 0.32831498379315238 0.50661693898037896 0.51699891885684801 0.25056444085304475 0.14306384268975719 0.9497831604774537 0.51709303632482018 -0.17349618723109278 1.2363324296174016 0.024597242946176653 0.031063694050268764 0.95210602637976371 0.32831498379315238 0.50661693898037896 1.2363324296174016 0.024597242946176653 0.031063694050268764 0.9497831604774537 0.51709303632482018 -0.17349618723109278 1.3594983644954151 0.62500128307897362 0.21650561015504971 1.1654975353955892 1 7.1366141306816875e-17 0.9497831604774537 0.51709303632482018 -0.17349618723109278 1.5299493519963452 0.43235063381582117 -0.16184406100038717 1.3594983644954151 0.62500128307897362 0.21650561015504971 1.3428220829921218 0.8583140925284336 -0.51312466181922245 1.5299493519963452 0.43235063381582117 -0.16184406100038717 1.1654975353955892 1 7.1366141306816875e-17 0.9497831604774537 0.51709303632482018 -0.17349618723109278 1.5299493519963452 0.43235063381582117 -0.16184406100038717 0.9497831604774537 0.51709303632482018 -0.17349618723109278 1.2363324296174016 0.024597242946176653 0.031063694050268764 1.3594983644954151 0.62500128307897362 0.21650561015504971 1.2363324296174016 0.024597242946176653 0.031063694050268764 0.8867584067254014 -0.081513250324635397 -0.48592725153871685 1.436694365589712 -0.19052579489996405 -0.47386402067085642 0.99544483516564419 -0.52891310218559962 -0.21978759473383472 1.436694365589712 -0.19052579489996405 -0.47386402067085642 0.8867584067254014 -0.081513250324635397 -0.48592725153871685 1.3428220829921205 -0.51312466181922345 -0.85831409252843283 0.99544483516564419 -0.52891310218559962 -0.21978759473383472 1.3428220829921205 -0.51312466181922345 -0.85831409252843283 1.436694365589712 -0.19052579489996405 -0.47386402067085642 1.1654975353955894 0 -0.99999999999999978 0.8867584067254014 -0.081513250324635397 -0.48592725153871685 0.88488674004459811 0.48075358694636589 -0.87685573992430643 0.8867584067254014 -0.081513250324635397 -0.48592725153871685 1.1654975353955894 0 -0.99999999999999978 1.3427504695683767 0.21967515207476851 -0.56111743127311686 1.1654975353955894 0 -0.99999999999999978 0.8867584067254014 -0.081513250324635397 -0.48592725153871685 1.436694365589712 -0.19052579489996405 -0.47386402067085642 1.3427504695683767 0.21967515207476851 -0.56111743127311686 1.5299493519963452 0.43235063381582117 -0.16184406100038717 0.9497831604774537 0.51709303632482018 -0.17349618723109278 1.3428220829921218 0.8583140925284336 -0.51312466181922245 1.3427504695683767 0.21967515207476851 -0.56111743127311686 1.2363324296174016 0.024597242946176653 0.031063694050268764 1.5299493519963452 0.43235063381582117 -0.16184406100038717 1.436694365589712 -0.19052579489996405 -0.47386402067085642 1.3427504695683767 0.21967515207476851 -0.56111743127311686 1.2363324296174016 0.024597242946176653 0.031063694050268764 1.436694365589712 -0.19052579489996405 -0.47386402067085642 0.8867584067254014 -0.081513250324635397 -0.48592725153871685 1.3427504695683767 0.21967515207476851 -0.56111743127311686 0.88488674004459811 0.48075358694636589 -0.87685573992430643 0.9497831604774537 0.51709303632482018 -0.17349618723109278 0.8867584067254014 -0.081513250324635397 -0.48592725153871685 1.3427504695683767 0.21967515207476851 -0.56111743127311686 1.5299493519963452 0.43235063381582117 -0.16184406100038717 1.2363324296174016 0.024597242946176653 0.031063694050268764 0.9497831604774537 0.51709303632482018 -0.17349618723109278 1.3427504695683767 0.21967515207476851 -0.56111743127311686 0.8867584067254014 -0.081513250324635397 -0.48592725153871685 0.9497831604774537 0.51709303632482018 -0.17349618723109278 1.2363324296174016 0.024597242946176653 0.031063694050268764 1.3427504695683767 0.21967515207476851 -0.56111743127311686 1.3428220829921218 0.8583140925284336 -0.51312466181922245 0.9497831604774537 0.51709303632482018 -0.17349618723109278 0.88488674004459811 0.48075358694636589 -0.87685573992430643 1.3427504695683767 0.21967515207476851 -0.56111743127311686 1.5566323732385188 0.48708117369223564 -0.87335670274784849 1.5299493519963452 0.43235063381582117 -0.16184406100038717 1.3428220829921218 0.8583140925284336 -0.51312466181922245 1.3427504695683767 0.21967515207476851 -0.56111743127311686 1.5566323732385188 0.48708117369223564 -0.87335670274784849 0.88488674004459811 0.48075358694636589 -0.87685573992430643 1.1654975353955894 0 -0.99999999999999978 1.3427504695683767 0.21967515207476851 -0.56111743127311686 1.5566323732385188 0.48708117369223564 -0.87335670274784849 1.3428220829921218 0.8583140925284336 -0.51312466181922245 0.88488674004459811 0.48075358694636589 -0.87685573992430643 1.3427504695683767 0.21967515207476851 -0.56111743127311686 1.5566323732385179 -0.87335670274784871 -0.48708117369223525 1.3428220829921205 -0.51312466181922345 -0.85831409252843283 0.88488674004459589 -0.87685573992430621 -0.4807535869463665 0.99544483516564419 -0.52891310218559962 -0.21978759473383472 1.5566323732385179 -0.87335670274784871 -0.48708117369223525 0.88488674004459589 -0.87685573992430621 -0.4807535869463665 1.1654975353955892 -1 7.1366141306816875e-17 0.99544483516564419 -0.52891310218559962 -0.21978759473383472 1.5566323732385179 -0.87335670274784871 -0.48708117369223525 1.436694365589712 -0.19052579489996405 -0.47386402067085642 1.3428220829921205 -0.51312466181922345 -0.85831409252843283 0.99544483516564419 -0.52891310218559962 -0.21978759473383472 1.5467421595523934 0.20141377117984857 0.47775958589519557 0.86923470661376179 -0.030178354762993364 0.50546881499369423 1.2363324296174016 0.024597242946176653 0.031063694050268764 1.1061596029050536 -0.43152760384953914 0.50255480022338794 1.5467421595523934 0.20141377117984857 0.47775958589519557 1.5299493519963452 0.43235063381582117 -0.16184406100038717 1.2363324296174016 0.024597242946176653 0.031063694050268764 1.3594983644954151 0.62500128307897362 0.21650561015504971 1.1654975353955863 0 1.0000000000000002 0.86923470661376179 -0.030178354762993364 0.50546881499369423 1.5467421595523934 0.20141377117984857 0.47775958589519557 1.1061596029050536 -0.43152760384953914 0.50255480022338794 1.3386838512271786 0.50509086512406665 0.86306617241566264 1.5534972990264755 0.86954851977944936 0.49384751872351101 1.5467421595523934 0.20141377117984857 0.47775958589519557 1.3594983644954151 0.62500128307897362 0.21650561015504971 0.95210602637976371 0.32831498379315238 0.50661693898037896 1.5467421595523934 0.20141377117984857 0.47775958589519557 1.1654975353955863 0 1.0000000000000002 0.86923470661376179 -0.030178354762993364 0.50546881499369423 0.95210602637976371 0.32831498379315238 0.50661693898037896 1.2363324296174016 0.024597242946176653 0.031063694050268764 1.5467421595523934 0.20141377117984857 0.47775958589519557 0.86923470661376179 -0.030178354762993364 0.50546881499369423 0.95210602637976371 0.32831498379315238 0.50661693898037896 1.3386838512271786 0.50509086512406665 0.86306617241566264 1.1654975353955863 0 1.0000000000000002 1.5467421595523934 0.20141377117984857 0.47775958589519557 0.95210602637976371 0.32831498379315238 0.50661693898037896 1.3386838512271786 0.50509086512406665 0.86306617241566264 1.5467421595523934 0.20141377117984857 0.47775958589519557 1.3594983644954151 0.62500128307897362 0.21650561015504971 0.95210602637976371 0.32831498379315238 0.50661693898037896 1.5467421595523934 0.20141377117984857 0.47775958589519557 1.2363324296174016 0.024597242946176653 0.031063694050268764 1.3594983644954151 0.62500128307897362 0.21650561015504971 1.5535035843319871 -0.4938353164646741 0.8695554497628285 0.87297179537978209 -0.4911628317458927 0.87106777733501062 1.1654975353955863 0 1.0000000000000002 1.1061596029050536 -0.43152760384953914 0.50255480022338794 1.1654975353955863 0 1.0000000000000002 1.5467421595523934 0.20141377117984857 0.47775958589519557 1.5535035843319871 -0.4938353164646741 0.8695554497628285 1.1061596029050536 -0.43152760384953914 0.50255480022338794 1.3386915325504765 -0.86305520769907818 0.50510960044677566 0.87297179537978209 -0.4911628317458927 0.87106777733501062 1.5535035843319871 -0.4938353164646741 0.8695554497628285 1.1061596029050536 -0.43152760384953914 0.50255480022338794 1.1654975353955863 0 1.0000000000000002 1.3386838512271786 0.50509086512406665 0.86306617241566264 1.7554185263143973 0 1.0000000000000002 1.5467421595523934 0.20141377117984857 0.47775958589519557 1.1654975353955863 0 1.0000000000000002 1.7554185263143973 0 1.0000000000000002 1.5535035843319871 -0.4938353164646741 0.8695554497628285 1.5467421595523934 0.20141377117984857 0.47775958589519557 1.3386838512271786 0.50509086512406665 0.86306617241566264 1.5534972990264755 0.86954851977944936 0.49384751872351101 1.9415008517948937 0.5000051323158945 0.86602244062019829 1.5467421595523934 0.20141377117984857 0.47775958589519557 1.3386838512271786 0.50509086512406665 0.86306617241566264 1.9415008517948937 0.5000051323158945 0.86602244062019829 1.7554185263143973 0 1.0000000000000002 1.5467421595523934 0.20141377117984857 0.47775958589519557 1.7554185263143989 1 1.0748838397074462e-16 1.5534972990264755 0.86954851977944936 0.49384751872351101 1.1654975353955892 1 7.1366141306816875e-17 1.3594983644954151 0.62500128307897362 0.21650561015504971 1.7554185263143989 1 1.0748838397074462e-16 1.1654975353955892 1 7.1366141306816875e-17 1.5299493519963452 0.43235063381582117 -0.16184406100038717 1.3594983644954151 0.62500128307897362 0.21650561015504971 1.7554185263143989 1 1.0748838397074462e-16 1.1654975353955892 1 7.1366141306816875e-17 1.3428220829921218 0.8583140925284336 -0.51312466181922245 1.5299493519963452 0.43235063381582117 -0.16184406100038717 1.1654975353955894 0 -0.99999999999999978 1.436694365589712 -0.19052579489996405 -0.47386402067085642 1.7554185263143989 0 -0.99999999999999978 1.3427504695683767 0.21967515207476851 -0.56111743127311686 1.1654975353955894 0 -0.99999999999999978 1.3428220829921205 -0.51312466181922345 -0.85831409252843283 1.7554185263143989 0 -0.99999999999999978 1.436694365589712 -0.19052579489996405 -0.47386402067085642 1.1654975353955894 0 -0.99999999999999978 1.7554185263143989 0 -0.99999999999999978 1.5566323732385188 0.48708117369223564 -0.87335670274784849 1.3427504695683767 0.21967515207476851 -0.56111743127311686 1.5566323732385179 -0.87335670274784871 -0.48708117369223525 1.9373840770451736 -0.51094100797354769 -0.85961577833993674 1.3428220829921205 -0.51312466181922345 -0.85831409252843283 1.436694365589712 -0.19052579489996405 -0.47386402067085642 1.3428220829921205 -0.51312466181922345 -0.85831409252843283 1.9373840770451736 -0.51094100797354769 -0.85961577833993674 1.7554185263143989 0 -0.99999999999999978 1.436694365589712 -0.19052579489996405 -0.47386402067085642 1.3428220829921218 0.8583140925284336 -0.51312466181922245 1.9373840770451722 0.85961577833993696 -0.51094100797354691 1.7554185263143989 1 1.0748838397074462e-16 1.5299493519963452 0.43235063381582117 -0.16184406100038717 1.5566323732385188 0.48708117369223564 -0.87335670274784849 1.9373840770451722 0.85961577833993696 -0.51094100797354691 1.3428220829921218 0.8583140925284336 -0.51312466181922245 1.5299493519963452 0.43235063381582117 -0.16184406100038717 1.5467421595523934 0.20141377117984857 0.47775958589519557 1.5534972990264755 0.86954851977944936 0.49384751872351101 1.953263317376468 0.53653794236260499 0.083398047680446757 1.3594983644954151 0.62500128307897362 0.21650561015504971 1.7554185263143989 1 1.0748838397074462e-16 1.953263317376468 0.53653794236260499 0.083398047680446757 1.5534972990264755 0.86954851977944936 0.49384751872351101 1.3594983644954151 0.62500128307897362 0.21650561015504971 1.7554185263143989 1 1.0748838397074462e-16 1.5299493519963452 0.43235063381582117 -0.16184406100038717 1.9373840770451722 0.85961577833993696 -0.51094100797354691 1.953263317376468 0.53653794236260499 0.083398047680446757 1.7554185263143989 1 1.0748838397074462e-16 1.5299493519963452 0.43235063381582117 -0.16184406100038717 1.953263317376468 0.53653794236260499 0.083398047680446757 1.3594983644954151 0.62500128307897362 0.21650561015504971 1.5467421595523934 0.20141377117984857 0.47775958589519557 1.953263317376468 0.53653794236260499 0.083398047680446757 1.5299493519963452 0.43235063381582117 -0.16184406100038717 1.3594983644954151 0.62500128307897362 0.21650561015504971 2.1453279974817834 0.87137400252651354 0.49061935114803995 1.5467421595523934 0.20141377117984857 0.47775958589519557 1.5534972990264755 0.86954851977944936 0.49384751872351101 1.953263317376468 0.53653794236260499 0.083398047680446757 2.1453279974817834 0.87137400252651354 0.49061935114803995 1.5534972990264755 0.86954851977944936 0.49384751872351101 1.7554185263143989 1 1.0748838397074462e-16 1.953263317376468 0.53653794236260499 0.083398047680446757 1.9415008517948937 0.5000051323158945 0.86602244062019829 1.5534972990264755 0.86954851977944936 0.49384751872351101 2.1453279974817834 0.87137400252651354 0.49061935114803995 1.5467421595523934 0.20141377117984857 0.47775958589519557 1.5535035843319871 -0.4938353164646741 0.8695554497628285 1.5467421595523934 0.20141377117984857 0.47775958589519557 1.5535613546128435 -0.4326228432882171 0.25067404226448903 1.1061596029050536 -0.43152760384953914 0.50255480022338794 1.3386915325504765 -0.86305520769907818 0.50510960044677566 1.5535035843319871 -0.4938353164646741 0.8695554497628285 1.5535613546128435 -0.4326228432882171 0.25067404226448903 1.1061596029050536 -0.43152760384953914 0.50255480022338794 1.1654975353955892 -1 7.1366141306816875e-17 1.7554185263143989 -1 1.0748838397074462e-16 1.5566323732385179 -0.87335670274784871 -0.48708117369223525 1.5535613546128435 -0.4326228432882171 0.25067404226448903 1.1654975353955892 -1 7.1366141306816875e-17 1.3386915325504765 -0.86305520769907818 0.50510960044677566 1.7554185263143989 -1 1.0748838397074462e-16 1.5535613546128435 -0.4326228432882171 0.25067404226448903 1.1654975353955892 -1 7.1366141306816875e-17 1.3386915325504765 -0.86305520769907818 0.50510960044677566 1.5535613546128435 -0.4326228432882171 0.25067404226448903 1.1061596029050536 -0.43152760384953914 0.50255480022338794 1.2363324296174016 0.024597242946176653 0.031063694050268764 1.436694365589712 -0.19052579489996405 -0.47386402067085642 1.5535613546128435 -0.4326228432882171 0.25067404226448903 0.99544483516564419 -0.52891310218559962 -0.21978759473383472 1.5535613546128435 -0.4326228432882171 0.25067404226448903 1.5467421595523934 0.20141377117984857 0.47775958589519557 1.2363324296174016 0.024597242946176653 0.031063694050268764 1.1061596029050536 -0.43152760384953914 0.50255480022338794 1.1654975353955892 -1 7.1366141306816875e-17 1.5535613546128435 -0.4326228432882171 0.25067404226448903 1.5566323732385179 -0.87335670274784871 -0.48708117369223525 0.99544483516564419 -0.52891310218559962 -0.21978759473383472 1.5535613546128435 -0.4326228432882171 0.25067404226448903 1.436694365589712 -0.19052579489996405 -0.47386402067085642 1.5566323732385179 -0.87335670274784871 -0.48708117369223525 0.99544483516564419 -0.52891310218559962 -0.21978759473383472 1.1654975353955892 -1 7.1366141306816875e-17 1.5535613546128435 -0.4326228432882171 0.25067404226448903 0.99544483516564419 -0.52891310218559962 -0.21978759473383472 1.1061596029050536 -0.43152760384953914 0.50255480022338794 1.5535613546128435 -0.4326228432882171 0.25067404226448903 1.2363324296174016 0.024597242946176653 0.031063694050268764 0.99544483516564419 -0.52891310218559962 -0.21978759473383472 1.1061596029050536 -0.43152760384953914 0.50255480022338794 1.7554185263143973 0 1.0000000000000002 1.5535035843319871 -0.4938353164646741 0.8695554497628285 1.5467421595523934 0.20141377117984857 0.47775958589519557 1.8955073296815543 -0.060839320788552781 0.3682314276289273 1.2363324296174016 0.024597242946176653 0.031063694050268764 1.5467421595523934 0.20141377117984857 0.47775958589519557 1.5535613546128435 -0.4326228432882171 0.25067404226448903 1.8955073296815543 -0.060839320788552781 0.3682314276289273 1.5535613546128435 -0.4326228432882171 0.25067404226448903 1.5467421595523934 0.20141377117984857 0.47775958589519557 1.5535035843319871 -0.4938353164646741 0.8695554497628285 1.8955073296815543 -0.060839320788552781 0.3682314276289273 1.2363324296174016 0.024597242946176653 0.031063694050268764 1.5299493519963452 0.43235063381582117 -0.16184406100038717 1.5467421595523934 0.20141377117984857 0.47775958589519557 1.8955073296815543 -0.060839320788552781 0.3682314276289273 1.5299493519963452 0.43235063381582117 -0.16184406100038717 1.953263317376468 0.53653794236260499 0.083398047680446757 1.5467421595523934 0.20141377117984857 0.47775958589519557 1.8955073296815543 -0.060839320788552781 0.3682314276289273 1.7554185263143989 -1 1.0748838397074462e-16 1.3386915325504765 -0.86305520769907818 0.50510960044677566 1.9416251738300987 -0.86524568657643419 0.50134808452897772 1.5535613546128435 -0.4326228432882171 0.25067404226448903 1.3386915325504765 -0.86305520769907818 0.50510960044677566 1.5535035843319871 -0.4938353164646741 0.8695554497628285 1.9416251738300987 -0.86524568657643419 0.50134808452897772 1.5535613546128435 -0.4326228432882171 0.25067404226448903 1.9377809444047234 -0.022460999297262779 -0.33441860125837414 1.5566323732385179 -0.87335670274784871 -0.48708117369223525 1.436694365589712 -0.19052579489996405 -0.47386402067085642 1.9373840770451736 -0.51094100797354769 -0.85961577833993674 1.9377809444047234 -0.022460999297262779 -0.33441860125837414 1.5566323732385188 0.48708117369223564 -0.87335670274784849 1.7554185263143989 0 -0.99999999999999978 1.3427504695683767 0.21967515207476851 -0.56111743127311686 1.9377809444047234 -0.022460999297262779 -0.33441860125837414 1.5566323732385188 0.48708117369223564 -0.87335670274784849 1.5299493519963452 0.43235063381582117 -0.16184406100038717 1.9373840770451722 0.85961577833993696 -0.51094100797354691 1.9377809444047234 -0.022460999297262779 -0.33441860125837414 1.953263317376468 0.53653794236260499 0.083398047680446757 1.5299493519963452 0.43235063381582117 -0.16184406100038717 1.8955073296815543 -0.060839320788552781 0.3682314276289273 1.9377809444047234 -0.022460999297262779 -0.33441860125837414 1.5299493519963452 0.43235063381582117 -0.16184406100038717 1.2363324296174016 0.024597242946176653 0.031063694050268764 1.8955073296815543 -0.060839320788552781 0.3682314276289273 1.9377809444047234 -0.022460999297262779 -0.33441860125837414 1.5535613546128435 -0.4326228432882171 0.25067404226448903 1.8955073296815543 -0.060839320788552781 0.3682314276289273 1.2363324296174016 0.024597242946176653 0.031063694050268764 1.9377809444047234 -0.022460999297262779 -0.33441860125837414 1.5535613546128435 -0.4326228432882171 0.25067404226448903 1.2363324296174016 0.024597242946176653 0.031063694050268764 1.436694365589712 -0.19052579489996405 -0.47386402067085642 1.9377809444047234 -0.022460999297262779 -0.33441860125837414 1.436694365589712 -0.19052579489996405 -0.47386402067085642 1.2363324296174016 0.024597242946176653 0.031063694050268764 1.5299493519963452 0.43235063381582117 -0.16184406100038717 1.9377809444047234 -0.022460999297262779 -0.33441860125837414 1.9373840770451722 0.85961577833993696 -0.51094100797354691 1.5299493519963452 0.43235063381582117 -0.16184406100038717 1.953263317376468 0.53653794236260499 0.083398047680446757 1.9377809444047234 -0.022460999297262779 -0.33441860125837414 1.5566323732385179 -0.87335670274784871 -0.48708117369223525 1.5535613546128435 -0.4326228432882171 0.25067404226448903 1.436694365589712 -0.19052579489996405 -0.47386402067085642 1.9377809444047234 -0.022460999297262779 -0.33441860125837414 1.7554185263143989 0 -0.99999999999999978 1.9373840770451736 -0.51094100797354769 -0.85961577833993674 1.436694365589712 -0.19052579489996405 -0.47386402067085642 1.9377809444047234 -0.022460999297262779 -0.33441860125837414 2.1384748459802747 0.4894305995291135 -0.87204225141020097 1.7554185263143989 0 -0.99999999999999978 1.5566323732385188 0.48708117369223564 -0.87335670274784849 1.9377809444047234 -0.022460999297262779 -0.33441860125837414 1.7554185263143989 0 -0.99999999999999978 1.436694365589712 -0.19052579489996405 -0.47386402067085642 1.3427504695683767 0.21967515207476851 -0.56111743127311686 1.9377809444047234 -0.022460999297262779 -0.33441860125837414 1.5566323732385188 0.48708117369223564 -0.87335670274784849 1.9373840770451722 0.85961577833993696 -0.51094100797354691 2.1384748459802747 0.4894305995291135 -0.87204225141020097 1.9377809444047234 -0.022460999297262779 -0.33441860125837414 1.5299493519963452 0.43235063381582117 -0.16184406100038717 1.5566323732385188 0.48708117369223564 -0.87335670274784849 1.3427504695683767 0.21967515207476851 -0.56111743127311686 1.9377809444047234 -0.022460999297262779 -0.33441860125837414 1.436694365589712 -0.19052579489996405 -0.47386402067085642 1.5299493519963452 0.43235063381582117 -0.16184406100038717 1.3427504695683767 0.21967515207476851 -0.56111743127311686 1.9377809444047234 -0.022460999297262779 -0.33441860125837414 2.1897211754880019 -0.55923951607146138 -0.28165499669919042 1.5535613546128435 -0.4326228432882171 0.25067404226448903 1.5566323732385179 -0.87335670274784871 -0.48708117369223525 2.1897211754880019 -0.55923951607146138 -0.28165499669919042 1.9416251738300987 -0.86524568657643419 0.50134808452897772 1.5535613546128435 -0.4326228432882171 0.25067404226448903 1.7554185263143989 -1 1.0748838397074462e-16 1.9377809444047234 -0.022460999297262779 -0.33441860125837414 2.1897211754880019 -0.55923951607146138 -0.28165499669919042 1.5566323732385179 -0.87335670274784871 -0.48708117369223525 1.9373840770451736 -0.51094100797354769 -0.85961577833993674 2.1897211754880019 -0.55923951607146138 -0.28165499669919042 2.1384748459802743 -0.87204225141020142 -0.48943059952911278 1.7554185263143989 -1 1.0748838397074462e-16 1.5566323732385179 -0.87335670274784871 -0.48708117369223525 2.1897211754880019 -0.55923951607146138 -0.28165499669919042 1.5566323732385179 -0.87335670274784871 -0.48708117369223525 1.9373840770451736 -0.51094100797354769 -0.85961577833993674 2.1384748459802743 -0.87204225141020142 -0.48943059952911278 2.1897211754880019 -0.55923951607146138 -0.28165499669919042 1.5566323732385179 -0.87335670274784871 -0.48708117369223525 1.7554185263143989 -1 1.0748838397074462e-16 1.5535613546128435 -0.4326228432882171 0.25067404226448903 2.1897211754880019 -0.55923951607146138 -0.28165499669919042 2.3453424306208719 -1 1.4361080502821621e-16 1.7554185263143989 -1 1.0748838397074462e-16 2.1384748459802743 -0.87204225141020142 -0.48943059952911278 2.1897211754880019 -0.55923951607146138 -0.28165499669919042 2.3453424306208719 -1 1.4361080502821621e-16 1.9416251738300987 -0.86524568657643419 0.50134808452897772 1.7554185263143989 -1 1.0748838397074462e-16 1.9415008517948937 0.5000051323158945 0.86602244062019829 1.5467421595523934 0.20141377117984857 0.47775958589519557 2.280706716345982 0.25795077960655705 0.44925314329929611 1.7554185263143973 0 1.0000000000000002 1.9415008517948937 0.5000051323158945 0.86602244062019829 2.1453279974817834 0.87137400252651354 0.49061935114803995 2.280706716345982 0.25795077960655705 0.44925314329929611 1.5467421595523934 0.20141377117984857 0.47775958589519557 1.5467421595523934 0.20141377117984857 0.47775958589519557 2.280706716345982 0.25795077960655705 0.44925314329929611 1.7554185263143973 0 1.0000000000000002 1.8955073296815543 -0.060839320788552781 0.3682314276289273 1.9377809444047234 -0.022460999297262779 -0.33441860125837414 2.280706716345982 0.25795077960655705 0.44925314329929611 1.953263317376468 0.53653794236260499 0.083398047680446757 1.8955073296815543 -0.060839320788552781 0.3682314276289273 2.1453279974817834 0.87137400252651354 0.49061935114803995 2.280706716345982 0.25795077960655705 0.44925314329929611 1.5467421595523934 0.20141377117984857 0.47775958589519557 1.953263317376468 0.53653794236260499 0.083398047680446757 1.5467421595523934 0.20141377117984857 0.47775958589519557 1.953263317376468 0.53653794236260499 0.083398047680446757 2.280706716345982 0.25795077960655705 0.44925314329929611 1.8955073296815543 -0.060839320788552781 0.3682314276289273 2.1463411881687966 -0.49044348784458724 0.87147299741921813 1.5535613546128435 -0.4326228432882171 0.25067404226448903 1.5535035843319871 -0.4938353164646741 0.8695554497628285 1.8955073296815543 -0.060839320788552781 0.3682314276289273 2.1463411881687966 -0.49044348784458724 0.87147299741921813 1.5535035843319871 -0.4938353164646741 0.8695554497628285 1.7554185263143973 0 1.0000000000000002 1.8955073296815543 -0.060839320788552781 0.3682314276289273 1.9416251738300987 -0.86524568657643419 0.50134808452897772 2.1463411881687966 -0.49044348784458724 0.87147299741921813 1.5535613546128435 -0.4326228432882171 0.25067404226448903 1.5535035843319871 -0.4938353164646741 0.8695554497628285 1.7554185263143973 0 1.0000000000000002 2.3453424306208719 0 1.0000000000000002 2.1463411881687966 -0.49044348784458724 0.87147299741921813 1.8955073296815543 -0.060839320788552781 0.3682314276289273 2.280706716345982 0.25795077960655705 0.44925314329929611 2.3453424306208719 0 1.0000000000000002 1.7554185263143973 0 1.0000000000000002 1.8955073296815543 -0.060839320788552781 0.3682314276289273 1.9415008517948937 0.5000051323158945 0.86602244062019829 2.280706716345982 0.25795077960655705 0.44925314329929611 2.3453424306208719 0 1.0000000000000002 1.7554185263143973 0 1.0000000000000002 1.9415008517948937 0.5000051323158945 0.86602244062019829 2.1453279974817834 0.87137400252651354 0.49061935114803995 2.5304245023630614 0.49664772053005873 0.86795221164088121 2.280706716345982 0.25795077960655705 0.44925314329929611 2.3453424306208719 0 1.0000000000000002 1.9415008517948937 0.5000051323158945 0.86602244062019829 2.5304245023630614 0.49664772053005873 0.86795221164088121 2.280706716345982 0.25795077960655705 0.44925314329929611 2.3453424306208719 1 1.4361080502821621e-16 1.7554185263143989 1 1.0748838397074462e-16 1.9373840770451722 0.85961577833993696 -0.51094100797354691 1.953263317376468 0.53653794236260499 0.083398047680446757 2.3453424306208719 1 1.4361080502821621e-16 2.1453279974817834 0.87137400252651354 0.49061935114803995 1.7554185263143989 1 1.0748838397074462e-16 1.953263317376468 0.53653794236260499 0.083398047680446757 1.9377809444047234 -0.022460999297262779 -0.33441860125837414 2.1897211754880019 -0.55923951607146138 -0.28165499669919042 1.9373840770451736 -0.51094100797354769 -0.85961577833993674 2.3453424306208719 0 -0.99999999999999978 1.9377809444047234 -0.022460999297262779 -0.33441860125837414 1.7554185263143989 0 -0.99999999999999978 2.1384748459802747 0.4894305995291135 -0.87204225141020097 2.3453424306208719 0 -0.99999999999999978 1.9377809444047234 -0.022460999297262779 -0.33441860125837414 1.7554185263143989 0 -0.99999999999999978 2.3453424306208719 0 -0.99999999999999978 1.9373840770451736 -0.51094100797354769 -0.85961577833993674 2.1897211754880019 -0.55923951607146138 -0.28165499669919042 2.1384748459802743 -0.87204225141020142 -0.48943059952911278 1.9373840770451736 -0.51094100797354769 -0.85961577833993674 2.529724504008807 -0.50913697644131872 -0.86068550540844579 2.1897211754880019 -0.55923951607146138 -0.28165499669919042 1.9373840770451736 -0.51094100797354769 -0.85961577833993674 2.3453424306208719 0 -0.99999999999999978 2.529724504008807 -0.50913697644131872 -0.86068550540844579 1.9377809444047234 -0.022460999297262779 -0.33441860125837414 2.1384748459802747 0.4894305995291135 -0.87204225141020097 1.9373840770451722 0.85961577833993696 -0.51094100797354691 2.4867235424320522 0.49185501160753181 -0.43240885215322095 1.9377809444047234 -0.022460999297262779 -0.33441860125837414 2.3453424306208719 0 -0.99999999999999978 2.1384748459802747 0.4894305995291135 -0.87204225141020097 2.4867235424320522 0.49185501160753181 -0.43240885215322095 1.9377809444047234 -0.022460999297262779 -0.33441860125837414 1.9373840770451722 0.85961577833993696 -0.51094100797354691 1.953263317376468 0.53653794236260499 0.083398047680446757 2.4867235424320522 0.49185501160753181 -0.43240885215322095 2.1384748459802747 0.4894305995291135 -0.87204225141020097 2.529724504008807 0.86068550540844679 -0.50913697644131717 1.9373840770451722 0.85961577833993696 -0.51094100797354691 2.4867235424320522 0.49185501160753181 -0.43240885215322095 1.9373840770451722 0.85961577833993696 -0.51094100797354691 2.529724504008807 0.86068550540844679 -0.50913697644131717 2.3453424306208719 1 1.4361080502821621e-16 2.4867235424320522 0.49185501160753181 -0.43240885215322095 1.9373840770451722 0.85961577833993696 -0.51094100797354691 2.3453424306208719 1 1.4361080502821621e-16 1.953263317376468 0.53653794236260499 0.083398047680446757 2.4867235424320522 0.49185501160753181 -0.43240885215322095 2.7321084202800381 0.48933848459838886 -0.87209394418889974 2.529724504008807 0.86068550540844679 -0.50913697644131717 2.1384748459802747 0.4894305995291135 -0.87204225141020097 2.4867235424320522 0.49185501160753181 -0.43240885215322095 2.7321084202800381 0.48933848459838886 -0.87209394418889974 2.1384748459802747 0.4894305995291135 -0.87204225141020097 2.3453424306208719 0 -0.99999999999999978 2.4867235424320522 0.49185501160753181 -0.43240885215322095 2.5304245023630614 0.49664772053005873 0.86795221164088121 2.1453279974817834 0.87137400252651354 0.49061935114803995 2.734858252287006 0.87191292178820468 0.4896609610932407 2.280706716345982 0.25795077960655705 0.44925314329929611 1.9377809444047234 -0.022460999297262779 -0.33441860125837414 2.280706716345982 0.25795077960655705 0.44925314329929611 2.674281263628564 0.4683975099154406 0.041048307536220074 1.953263317376468 0.53653794236260499 0.083398047680446757 2.1453279974817834 0.87137400252651354 0.49061935114803995 2.674281263628564 0.4683975099154406 0.041048307536220074 2.734858252287006 0.87191292178820468 0.4896609610932407 2.280706716345982 0.25795077960655705 0.44925314329929611 2.734858252287006 0.87191292178820468 0.4896609610932407 2.1453279974817834 0.87137400252651354 0.49061935114803995 2.3453424306208719 1 1.4361080502821621e-16 2.674281263628564 0.4683975099154406 0.041048307536220074 2.1453279974817834 0.87137400252651354 0.49061935114803995 2.674281263628564 0.4683975099154406 0.041048307536220074 2.280706716345982 0.25795077960655705 0.44925314329929611 1.953263317376468 0.53653794236260499 0.083398047680446757 2.1453279974817834 0.87137400252651354 0.49061935114803995 2.3453424306208719 1 1.4361080502821621e-16 2.674281263628564 0.4683975099154406 0.041048307536220074 1.953263317376468 0.53653794236260499 0.083398047680446757 2.674281263628564 0.4683975099154406 0.041048307536220074 1.953263317376468 0.53653794236260499 0.083398047680446757 2.3453424306208719 1 1.4361080502821621e-16 2.4867235424320522 0.49185501160753181 -0.43240885215322095 2.529724504008807 0.86068550540844679 -0.50913697644131717 2.674281263628564 0.4683975099154406 0.041048307536220074 2.3453424306208719 1 1.4361080502821621e-16 2.4867235424320522 0.49185501160753181 -0.43240885215322095 1.9377809444047234 -0.022460999297262779 -0.33441860125837414 1.953263317376468 0.53653794236260499 0.083398047680446757 2.674281263628564 0.4683975099154406 0.041048307536220074 2.4867235424320522 0.49185501160753181 -0.43240885215322095 1.9377809444047234 -0.022460999297262779 -0.33441860125837414 2.1897211754880019 -0.55923951607146138 -0.28165499669919042 2.3489583914878636 -0.33092834126821674 0.25146344707375906 1.5535613546128435 -0.4326228432882171 0.25067404226448903 2.3489583914878636 -0.33092834126821674 0.25146344707375906 1.9416251738300987 -0.86524568657643419 0.50134808452897772 2.1463411881687966 -0.49044348784458724 0.87147299741921813 1.5535613546128435 -0.4326228432882171 0.25067404226448903 2.3489583914878636 -0.33092834126821674 0.25146344707375906 1.5535613546128435 -0.4326228432882171 0.25067404226448903 2.1463411881687966 -0.49044348784458724 0.87147299741921813 1.8955073296815543 -0.060839320788552781 0.3682314276289273 2.3489583914878636 -0.33092834126821674 0.25146344707375906 1.9416251738300987 -0.86524568657643419 0.50134808452897772 2.3453424306208719 -1 1.4361080502821621e-16 2.5319608460560379 -0.86742390752243803 0.49756985907358298 1.9377809444047234 -0.022460999297262779 -0.33441860125837414 2.3489583914878636 -0.33092834126821674 0.25146344707375906 2.674281263628564 0.4683975099154406 0.041048307536220074 2.280706716345982 0.25795077960655705 0.44925314329929611 2.3489583914878636 -0.33092834126821674 0.25146344707375906 2.3453424306208719 0 1.0000000000000002 2.280706716345982 0.25795077960655705 0.44925314329929611 1.8955073296815543 -0.060839320788552781 0.3682314276289273 1.9377809444047234 -0.022460999297262779 -0.33441860125837414 2.3489583914878636 -0.33092834126821674 0.25146344707375906 1.8955073296815543 -0.060839320788552781 0.3682314276289273 1.5535613546128435 -0.4326228432882171 0.25067404226448903 2.3489583914878636 -0.33092834126821674 0.25146344707375906 1.9416251738300987 -0.86524568657643419 0.50134808452897772 2.5319608460560379 -0.86742390752243803 0.49756985907358298 2.1463411881687966 -0.49044348784458724 0.87147299741921813 1.9377809444047234 -0.022460999297262779 -0.33441860125837414 2.3489583914878636 -0.33092834126821674 0.25146344707375906 2.280706716345982 0.25795077960655705 0.44925314329929611 1.8955073296815543 -0.060839320788552781 0.3682314276289273 2.3489583914878636 -0.33092834126821674 0.25146344707375906 2.1463411881687966 -0.49044348784458724 0.87147299741921813 2.3453424306208719 0 1.0000000000000002 1.8955073296815543 -0.060839320788552781 0.3682314276289273 2.1897211754880019 -0.55923951607146138 -0.28165499669919042 2.3489583914878636 -0.33092834126821674 0.25146344707375906 1.5535613546128435 -0.4326228432882171 0.25067404226448903 1.9416251738300987 -0.86524568657643419 0.50134808452897772 2.1897211754880019 -0.55923951607146138 -0.28165499669919042 2.3489583914878636 -0.33092834126821674 0.25146344707375906 1.9416251738300987 -0.86524568657643419 0.50134808452897772 2.3453424306208719 -1 1.4361080502821621e-16 1.9377809444047234 -0.022460999297262779 -0.33441860125837414 2.7488599484516527 -0.074636553811703435 -0.45852529679908127 2.3453424306208719 0 -0.99999999999999978 2.4867235424320522 0.49185501160753181 -0.43240885215322095 1.9377809444047234 -0.022460999297262779 -0.33441860125837414 2.1897211754880019 -0.55923951607146138 -0.28165499669919042 2.7488599484516527 -0.074636553811703435 -0.45852529679908127 2.3489583914878636 -0.33092834126821674 0.25146344707375906 1.9377809444047234 -0.022460999297262779 -0.33441860125837414 2.674281263628564 0.4683975099154406 0.041048307536220074 2.3489583914878636 -0.33092834126821674 0.25146344707375906 2.7488599484516527 -0.074636553811703435 -0.45852529679908127 1.9377809444047234 -0.022460999297262779 -0.33441860125837414 2.1897211754880019 -0.55923951607146138 -0.28165499669919042 2.3453424306208719 0 -0.99999999999999978 2.7488599484516527 -0.074636553811703435 -0.45852529679908127 1.9377809444047234 -0.022460999297262779 -0.33441860125837414 2.674281263628564 0.4683975099154406 0.041048307536220074 2.7488599484516527 -0.074636553811703435 -0.45852529679908127 2.4867235424320522 0.49185501160753181 -0.43240885215322095 2.1897211754880019 -0.55923951607146138 -0.28165499669919042 2.529724504008807 -0.50913697644131872 -0.86068550540844579 2.3453424306208719 0 -0.99999999999999978 2.7488599484516527 -0.074636553811703435 -0.45852529679908127 2.7321084202800381 0.48933848459838886 -0.87209394418889974 2.3453424306208719 0 -0.99999999999999978 2.7488599484516527 -0.074636553811703435 -0.45852529679908127 2.4867235424320522 0.49185501160753181 -0.43240885215322095 2.1897211754880019 -0.55923951607146138 -0.28165499669919042 2.7321084202800385 -0.87209394418889985 -0.48933848459838875 2.3453424306208719 -1 1.4361080502821621e-16 2.1384748459802743 -0.87204225141020142 -0.48943059952911278 2.1897211754880019 -0.55923951607146138 -0.28165499669919042 2.7321084202800385 -0.87209394418889985 -0.48933848459838875 2.1384748459802743 -0.87204225141020142 -0.48943059952911278 2.529724504008807 -0.50913697644131872 -0.86068550540844579 2.1897211754880019 -0.55923951607146138 -0.28165499669919042 2.7321084202800385 -0.87209394418889985 -0.48933848459838875 2.529724504008807 -0.50913697644131872 -0.86068550540844579 2.7488599484516527 -0.074636553811703435 -0.45852529679908127 2.9352663349273449 -1 1.7973322608568777e-16 2.3453424306208719 -1 1.4361080502821621e-16 2.5319608460560379 -0.86742390752243803 0.49756985907358298 2.8387715614994691 -0.51540365539525723 0.059460217600810078 2.3489583914878636 -0.33092834126821674 0.25146344707375906 2.5319608460560379 -0.86742390752243803 0.49756985907358298 2.3453424306208719 -1 1.4361080502821621e-16 2.8387715614994691 -0.51540365539525723 0.059460217600810078 2.9352663349273449 -1 1.7973322608568777e-16 2.7321084202800385 -0.87209394418889985 -0.48933848459838875 2.3453424306208719 -1 1.4361080502821621e-16 2.8387715614994691 -0.51540365539525723 0.059460217600810078 2.1897211754880019 -0.55923951607146138 -0.28165499669919042 2.7321084202800385 -0.87209394418889985 -0.48933848459838875 2.8387715614994691 -0.51540365539525723 0.059460217600810078 2.3453424306208719 -1 1.4361080502821621e-16 2.1897211754880019 -0.55923951607146138 -0.28165499669919042 2.7321084202800385 -0.87209394418889985 -0.48933848459838875 2.7488599484516527 -0.074636553811703435 -0.45852529679908127 2.8387715614994691 -0.51540365539525723 0.059460217600810078 2.1897211754880019 -0.55923951607146138 -0.28165499669919042 2.3489583914878636 -0.33092834126821674 0.25146344707375906 2.3453424306208719 -1 1.4361080502821621e-16 2.8387715614994691 -0.51540365539525723 0.059460217600810078 2.1897211754880019 -0.55923951607146138 -0.28165499669919042 2.3489583914878636 -0.33092834126821674 0.25146344707375906 2.8387715614994691 -0.51540365539525723 0.059460217600810078 2.7488599484516527 -0.074636553811703435 -0.45852529679908127 2.3489583914878636 -0.33092834126821674 0.25146344707375906 2.8354616311084864 0.038463171635817812 0.53083775385398968 2.674281263628564 0.4683975099154406 0.041048307536220074 2.280706716345982 0.25795077960655705 0.44925314329929611 2.3453424306208719 0 1.0000000000000002 2.5304245023630614 0.49664772053005873 0.86795221164088121 2.8354616311084864 0.038463171635817812 0.53083775385398968 2.280706716345982 0.25795077960655705 0.44925314329929611 2.674281263628564 0.4683975099154406 0.041048307536220074 2.8354616311084864 0.038463171635817812 0.53083775385398968 2.734858252287006 0.87191292178820468 0.4896609610932407 2.280706716345982 0.25795077960655705 0.44925314329929611 2.5304245023630614 0.49664772053005873 0.86795221164088121 2.734858252287006 0.87191292178820468 0.4896609610932407 2.8354616311084864 0.038463171635817812 0.53083775385398968 2.280706716345982 0.25795077960655705 0.44925314329929611 2.3489583914878636 -0.33092834126821674 0.25146344707375906 2.280706716345982 0.25795077960655705 0.44925314329929611 2.3453424306208719 0 1.0000000000000002 2.8354616311084864 0.038463171635817812 0.53083775385398968 2.3489583914878636 -0.33092834126821674 0.25146344707375906 2.8354616311084864 0.038463171635817812 0.53083775385398968 2.7383373597863239 -0.48886226056913107 0.87236098616985347 2.8387715614994691 -0.51540365539525723 0.059460217600810078 2.3489583914878636 -0.33092834126821674 0.25146344707375906 2.5319608460560379 -0.86742390752243803 0.49756985907358298 2.7383373597863239 -0.48886226056913107 0.87236098616985347 2.1463411881687966 -0.49044348784458724 0.87147299741921813 2.3489583914878636 -0.33092834126821674 0.25146344707375906 2.7383373597863239 -0.48886226056913107 0.87236098616985347 2.3453424306208719 0 1.0000000000000002 2.1463411881687966 -0.49044348784458724 0.87147299741921813 2.3489583914878636 -0.33092834126821674 0.25146344707375906 2.3453424306208719 0 1.0000000000000002 2.7383373597863239 -0.48886226056913107 0.87236098616985347 2.8354616311084864 0.038463171635817812 0.53083775385398968 2.3489583914878636 -0.33092834126821674 0.25146344707375906 2.5319608460560379 -0.86742390752243803 0.49756985907358298 2.8387715614994691 -0.51540365539525723 0.059460217600810078 2.7383373597863239 -0.48886226056913107 0.87236098616985347 2.3453424306208719 0 1.0000000000000002 2.5304245023630614 0.49664772053005873 0.86795221164088121 2.9352663349273471 0 1.0000000000000004 2.8354616311084864 0.038463171635817812 0.53083775385398968 2.3453424306208719 0 1.0000000000000002 2.9352663349273471 0 1.0000000000000004 2.7383373597863239 -0.48886226056913107 0.87236098616985347 2.8354616311084864 0.038463171635817812 0.53083775385398968 2.9352663349273471 0 1.0000000000000004 2.5304245023630614 0.49664772053005873 0.86795221164088121 3.1240836490427908 0.48874623299279563 0.87242599670995125 2.8354616311084864 0.038463171635817812 0.53083775385398968 2.5304245023630614 0.49664772053005873 0.86795221164088121 2.734858252287006 0.87191292178820468 0.4896609610932407 3.1240836490427908 0.48874623299279563 0.87242599670995125 2.8354616311084864 0.038463171635817812 0.53083775385398968 2.9352663349273449 1 1.7973322608568777e-16 2.734858252287006 0.87191292178820468 0.4896609610932407 2.3453424306208719 1 1.4361080502821621e-16 2.674281263628564 0.4683975099154406 0.041048307536220074 2.9352663349273449 1 1.7973322608568777e-16 2.3453424306208719 1 1.4361080502821621e-16 2.529724504008807 0.86068550540844679 -0.50913697644131717 2.674281263628564 0.4683975099154406 0.041048307536220074 2.3453424306208719 0 -0.99999999999999978 2.9352663349273449 0 -0.99999999999999978 2.7321084202800381 0.48933848459838886 -0.87209394418889974 2.7488599484516527 -0.074636553811703435 -0.45852529679908127 2.3453424306208719 0 -0.99999999999999978 2.529724504008807 -0.50913697644131872 -0.86068550540844579 2.9352663349273449 0 -0.99999999999999978 2.7488599484516527 -0.074636553811703435 -0.45852529679908127 2.7321084202800385 -0.87209394418889985 -0.48933848459838875 3.1234735092251387 -0.50642095485086636 -0.86228638890332521 2.529724504008807 -0.50913697644131872 -0.86068550540844579 2.7488599484516527 -0.074636553811703435 -0.45852529679908127 2.529724504008807 -0.50913697644131872 -0.86068550540844579 3.1234735092251387 -0.50642095485086636 -0.86228638890332521 2.9352663349273449 0 -0.99999999999999978 2.7488599484516527 -0.074636553811703435 -0.45852529679908127 2.5319608460560379 -0.86742390752243803 0.49756985907358298 3.1193291438863504 -0.86761970226520735 0.49722837031009515 2.9352663349273449 -1 1.7973322608568777e-16 2.8387715614994691 -0.51540365539525723 0.059460217600810078 2.5319608460560379 -0.86742390752243803 0.49756985907358298 2.7383373597863239 -0.48886226056913107 0.87236098616985347 3.1193291438863504 -0.86761970226520735 0.49722837031009515 2.8387715614994691 -0.51540365539525723 0.059460217600810078 2.529724504008807 0.86068550540844679 -0.50913697644131717 3.1234735092251373 0.86228638890332587 -0.50642095485086513 2.9352663349273449 1 1.7973322608568777e-16 2.674281263628564 0.4683975099154406 0.041048307536220074 2.7321084202800381 0.48933848459838886 -0.87209394418889974 3.1234735092251373 0.86228638890332587 -0.50642095485086513 2.529724504008807 0.86068550540844679 -0.50913697644131717 2.4867235424320522 0.49185501160753181 -0.43240885215322095 3.1234735092251373 0.86228638890332587 -0.50642095485086513 2.674281263628564 0.4683975099154406 0.041048307536220074 2.529724504008807 0.86068550540844679 -0.50913697644131717 2.4867235424320522 0.49185501160753181 -0.43240885215322095 2.9352663349273449 0 -0.99999999999999978 3.3262359090750628 0.48889741087054983 -0.87234128736640237 2.7321084202800381 0.48933848459838886 -0.87209394418889974 2.7488599484516527 -0.074636553811703435 -0.45852529679908127 3.3243384906752658 0.87208285119873663 0.48935825388469989 2.734858252287006 0.87191292178820468 0.4896609610932407 2.9352663349273449 1 1.7973322608568777e-16 2.674281263628564 0.4683975099154406 0.041048307536220074 2.9352663349273449 1 1.7973322608568777e-16 2.674281263628564 0.4683975099154406 0.041048307536220074 3.1234735092251373 0.86228638890332587 -0.50642095485086513 3.3746468175420476 0.43306548334208911 -0.24977354813303279 2.7321084202800381 0.48933848459838886 -0.87209394418889974 2.4867235424320522 0.49185501160753181 -0.43240885215322095 3.3746468175420476 0.43306548334208911 -0.24977354813303279 3.1234735092251373 0.86228638890332587 -0.50642095485086513 3.3243384906752658 0.87208285119873663 0.48935825388469989 2.674281263628564 0.4683975099154406 0.041048307536220074 2.9352663349273449 1 1.7973322608568777e-16 3.3746468175420476 0.43306548334208911 -0.24977354813303279 2.4867235424320522 0.49185501160753181 -0.43240885215322095 3.3746468175420476 0.43306548334208911 -0.24977354813303279 3.1234735092251373 0.86228638890332587 -0.50642095485086513 2.674281263628564 0.4683975099154406 0.041048307536220074 2.7321084202800381 0.48933848459838886 -0.87209394418889974 2.4867235424320522 0.49185501160753181 -0.43240885215322095 2.7488599484516527 -0.074636553811703435 -0.45852529679908127 3.3746468175420476 0.43306548334208911 -0.24977354813303279 3.3262359090750628 0.48889741087054983 -0.87234128736640237 3.1234735092251373 0.86228638890332587 -0.50642095485086513 2.7321084202800381 0.48933848459838886 -0.87209394418889974 3.3746468175420476 0.43306548334208911 -0.24977354813303279 3.3262359090750628 0.48889741087054983 -0.87234128736640237 2.7321084202800381 0.48933848459838886 -0.87209394418889974 2.7488599484516527 -0.074636553811703435 -0.45852529679908127 3.3746468175420476 0.43306548334208911 -0.24977354813303279 2.4867235424320522 0.49185501160753181 -0.43240885215322095 2.7488599484516527 -0.074636553811703435 -0.45852529679908127 3.3746468175420476 0.43306548334208911 -0.24977354813303279 2.674281263628564 0.4683975099154406 0.041048307536220074 2.9352663349273471 0 1.0000000000000004 2.8354616311084864 0.038463171635817812 0.53083775385398968 3.1240836490427908 0.48874623299279563 0.87242599670995125 3.3733434810087672 0.2443648623445108 0.4360882679840824 2.674281263628564 0.4683975099154406 0.041048307536220074 3.3746468175420476 0.43306548334208911 -0.24977354813303279 3.3243384906752658 0.87208285119873663 0.48935825388469989 3.3733434810087672 0.2443648623445108 0.4360882679840824 2.734858252287006 0.87191292178820468 0.4896609610932407 3.1240836490427908 0.48874623299279563 0.87242599670995125 2.8354616311084864 0.038463171635817812 0.53083775385398968 3.3733434810087672 0.2443648623445108 0.4360882679840824 2.734858252287006 0.87191292178820468 0.4896609610932407 2.8354616311084864 0.038463171635817812 0.53083775385398968 2.674281263628564 0.4683975099154406 0.041048307536220074 3.3733434810087672 0.2443648623445108 0.4360882679840824 3.1240836490427908 0.48874623299279563 0.87242599670995125 2.734858252287006 0.87191292178820468 0.4896609610932407 3.3243384906752658 0.87208285119873663 0.48935825388469989 3.3733434810087672 0.2443648623445108 0.4360882679840824 2.734858252287006 0.87191292178820468 0.4896609610932407 2.674281263628564 0.4683975099154406 0.041048307536220074 3.3243384906752658 0.87208285119873663 0.48935825388469989 3.3733434810087672 0.2443648623445108 0.4360882679840824 2.3489583914878636 -0.33092834126821674 0.25146344707375906 2.7488599484516527 -0.074636553811703435 -0.45852529679908127 3.031969250925501 -0.00023046440958775227 -0.00012956482252261814 2.8387715614994691 -0.51540365539525723 0.059460217600810078 3.031969250925501 -0.00023046440958775227 -0.00012956482252261814 3.3746468175420476 0.43306548334208911 -0.24977354813303279 2.674281263628564 0.4683975099154406 0.041048307536220074 3.3733434810087672 0.2443648623445108 0.4360882679840824 3.031969250925501 -0.00023046440958775227 -0.00012956482252261814 2.7488599484516527 -0.074636553811703435 -0.45852529679908127 2.674281263628564 0.4683975099154406 0.041048307536220074 3.3746468175420476 0.43306548334208911 -0.24977354813303279 2.3489583914878636 -0.33092834126821674 0.25146344707375906 3.031969250925501 -0.00023046440958775227 -0.00012956482252261814 2.8354616311084864 0.038463171635817812 0.53083775385398968 2.8387715614994691 -0.51540365539525723 0.059460217600810078 2.674281263628564 0.4683975099154406 0.041048307536220074 2.8354616311084864 0.038463171635817812 0.53083775385398968 3.031969250925501 -0.00023046440958775227 -0.00012956482252261814 3.3733434810087672 0.2443648623445108 0.4360882679840824 2.3489583914878636 -0.33092834126821674 0.25146344707375906 3.031969250925501 -0.00023046440958775227 -0.00012956482252261814 2.674281263628564 0.4683975099154406 0.041048307536220074 2.8354616311084864 0.038463171635817812 0.53083775385398968 2.3489583914878636 -0.33092834126821674 0.25146344707375906 2.674281263628564 0.4683975099154406 0.041048307536220074 3.031969250925501 -0.00023046440958775227 -0.00012956482252261814 2.7488599484516527 -0.074636553811703435 -0.45852529679908127 2.7321084202800385 -0.87209394418889985 -0.48933848459838875 3.1234735092251387 -0.50642095485086636 -0.86228638890332521 2.7488599484516527 -0.074636553811703435 -0.45852529679908127 3.3746468175420476 -0.24982399792656496 -0.43324549795814427 2.7488599484516527 -0.074636553811703435 -0.45852529679908127 3.3746468175420476 0.43306548334208911 -0.24977354813303279 3.031969250925501 -0.00023046440958775227 -0.00012956482252261814 3.3746468175420476 -0.24982399792656496 -0.43324549795814427 3.031969250925501 -0.00023046440958775227 -0.00012956482252261814 2.8387715614994691 -0.51540365539525723 0.059460217600810078 2.7488599484516527 -0.074636553811703435 -0.45852529679908127 3.3746468175420476 -0.24982399792656496 -0.43324549795814427 2.9352663349273449 0 -0.99999999999999978 2.7488599484516527 -0.074636553811703435 -0.45852529679908127 3.1234735092251387 -0.50642095485086636 -0.86228638890332521 3.3746468175420476 -0.24982399792656496 -0.43324549795814427 2.9352663349273449 0 -0.99999999999999978 3.3262359090750628 0.48889741087054983 -0.87234128736640237 2.7488599484516527 -0.074636553811703435 -0.45852529679908127 3.3746468175420476 -0.24982399792656496 -0.43324549795814427 3.3262359090750628 -0.87234128736640271 -0.48889741087054966 3.1234735092251387 -0.50642095485086636 -0.86228638890332521 2.7321084202800385 -0.87209394418889985 -0.48933848459838875 3.3746468175420476 -0.24982399792656496 -0.43324549795814427 2.7321084202800385 -0.87209394418889985 -0.48933848459838875 2.7488599484516527 -0.074636553811703435 -0.45852529679908127 2.8387715614994691 -0.51540365539525723 0.059460217600810078 3.3746468175420476 -0.24982399792656496 -0.43324549795814427 3.3262359090750628 0.48889741087054983 -0.87234128736640237 3.3746468175420476 0.43306548334208911 -0.24977354813303279 2.7488599484516527 -0.074636553811703435 -0.45852529679908127 3.3746468175420476 -0.24982399792656496 -0.43324549795814427 3.4350225724958925 -0.64993367848108585 -0.13246563706359371 3.5251902392338179 -0.99999999999999989 2.1585564714315938e-16 3.1193291438863504 -0.86761970226520735 0.49722837031009515 2.9352663349273449 -1 1.7973322608568777e-16 3.4350225724958925 -0.64993367848108585 -0.13246563706359371 3.3262359090750628 -0.87234128736640271 -0.48889741087054966 2.7321084202800385 -0.87209394418889985 -0.48933848459838875 3.3746468175420476 -0.24982399792656496 -0.43324549795814427 3.4350225724958925 -0.64993367848108585 -0.13246563706359371 3.3262359090750628 -0.87234128736640271 -0.48889741087054966 2.9352663349273449 -1 1.7973322608568777e-16 2.7321084202800385 -0.87209394418889985 -0.48933848459838875 3.4350225724958925 -0.64993367848108585 -0.13246563706359371 3.5251902392338179 -0.99999999999999989 2.1585564714315938e-16 2.9352663349273449 -1 1.7973322608568777e-16 3.3262359090750628 -0.87234128736640271 -0.48889741087054966 3.4350225724958925 -0.64993367848108585 -0.13246563706359371 2.7321084202800385 -0.87209394418889985 -0.48933848459838875 2.8387715614994691 -0.51540365539525723 0.059460217600810078 3.3746468175420476 -0.24982399792656496 -0.43324549795814427 3.4350225724958925 -0.64993367848108585 -0.13246563706359371 2.7321084202800385 -0.87209394418889985 -0.48933848459838875 2.9352663349273449 -1 1.7973322608568777e-16 2.8387715614994691 -0.51540365539525723 0.059460217600810078 3.4350225724958925 -0.64993367848108585 -0.13246563706359371 2.9352663349273449 -1 1.7973322608568777e-16 3.1193291438863504 -0.86761970226520735 0.49722837031009515 2.8387715614994691 -0.51540365539525723 0.059460217600810078 3.3801895411174554 -0.38810680112482654 0.29724461326847906 2.8354616311084864 0.038463171635817812 0.53083775385398968 3.031969250925501 -0.00023046440958775227 -0.00012956482252261814 2.8387715614994691 -0.51540365539525723 0.059460217600810078 3.4350225724958925 -0.64993367848108585 -0.13246563706359371 2.8387715614994691 -0.51540365539525723 0.059460217600810078 3.3801895411174554 -0.38810680112482654 0.29724461326847906 3.3746468175420476 -0.24982399792656496 -0.43324549795814427 3.3801895411174554 -0.38810680112482654 0.29724461326847906 2.8387715614994691 -0.51540365539525723 0.059460217600810078 3.031969250925501 -0.00023046440958775227 -0.00012956482252261814 3.3746468175420476 -0.24982399792656496 -0.43324549795814427 3.031969250925501 -0.00023046440958775227 -0.00012956482252261814 2.8354616311084864 0.038463171635817812 0.53083775385398968 3.3801895411174554 -0.38810680112482654 0.29724461326847906 3.3733434810087672 0.2443648623445108 0.4360882679840824 2.7383373597863239 -0.48886226056913107 0.87236098616985347 3.3801895411174554 -0.38810680112482654 0.29724461326847906 3.1193291438863504 -0.86761970226520735 0.49722837031009515 2.8387715614994691 -0.51540365539525723 0.059460217600810078 2.7383373597863239 -0.48886226056913107 0.87236098616985347 2.8354616311084864 0.038463171635817812 0.53083775385398968 3.3801895411174554 -0.38810680112482654 0.29724461326847906 2.8387715614994691 -0.51540365539525723 0.059460217600810078 3.4350225724958925 -0.64993367848108585 -0.13246563706359371 3.1193291438863504 -0.86761970226520735 0.49722837031009515 3.3801895411174554 -0.38810680112482654 0.29724461326847906 2.8387715614994691 -0.51540365539525723 0.059460217600810078 3.3269427730870498 -0.48882875539753357 0.87237976128318018 2.7383373597863239 -0.48886226056913107 0.87236098616985347 2.9352663349273471 0 1.0000000000000004 2.8354616311084864 0.038463171635817812 0.53083775385398968 3.1193291438863504 -0.86761970226520735 0.49722837031009515 2.7383373597863239 -0.48886226056913107 0.87236098616985347 3.3269427730870498 -0.48882875539753357 0.87237976128318018 3.3801895411174554 -0.38810680112482654 0.29724461326847906 3.3269427730870498 -0.48882875539753357 0.87237976128318018 3.3801895411174554 -0.38810680112482654 0.29724461326847906 2.7383373597863239 -0.48886226056913107 0.87236098616985347 2.8354616311084864 0.038463171635817812 0.53083775385398968 3.3269427730870498 -0.48882875539753357 0.87237976128318018 3.3801895411174554 -0.38810680112482654 0.29724461326847906 2.8354616311084864 0.038463171635817812 0.53083775385398968 3.3733434810087672 0.2443648623445108 0.4360882679840824 3.3269427730870498 -0.48882875539753357 0.87237976128318018 2.8354616311084864 0.038463171635817812 0.53083775385398968 2.9352663349273471 0 1.0000000000000004 3.3733434810087672 0.2443648623445108 0.4360882679840824 2.9352663349273471 0 1.0000000000000004 3.1240836490427908 0.48874623299279563 0.87242599670995125 3.5251902392338215 0 1.0000000000000002 3.3733434810087672 0.2443648623445108 0.4360882679840824 2.9352663349273471 0 1.0000000000000004 3.5251902392338215 0 1.0000000000000002 3.3269427730870498 -0.48882875539753357 0.87237976128318018 3.3733434810087672 0.2443648623445108 0.4360882679840824 3.5251902392338215 0 1.0000000000000002 3.1240836490427908 0.48874623299279563 0.87242599670995125 3.7147177110920335 0.48896018909860933 0.87230610079068738 3.3733434810087672 0.2443648623445108 0.4360882679840824 3.1240836490427908 0.48874623299279563 0.87242599670995125 3.3243384906752658 0.87208285119873663 0.48935825388469989 3.7147177110920335 0.48896018909860933 0.87230610079068738 3.3733434810087672 0.2443648623445108 0.4360882679840824 3.5251902392338179 0.99999999999999989 2.1585564714315938e-16 2.9352663349273449 1 1.7973322608568777e-16 3.1234735092251373 0.86228638890332587 -0.50642095485086513 3.3746468175420476 0.43306548334208911 -0.24977354813303279 3.5251902392338179 0.99999999999999989 2.1585564714315938e-16 3.3243384906752658 0.87208285119873663 0.48935825388469989 2.9352663349273449 1 1.7973322608568777e-16 3.3746468175420476 0.43306548334208911 -0.24977354813303279 2.9352663349273449 0 -0.99999999999999978 3.5251902392338179 0 -0.99999999999999978 3.3262359090750628 0.48889741087054983 -0.87234128736640237 3.3746468175420476 -0.24982399792656496 -0.43324549795814427 2.9352663349273449 0 -0.99999999999999978 3.1234735092251387 -0.50642095485086636 -0.86228638890332521 3.5251902392338179 0 -0.99999999999999978 3.3746468175420476 -0.24982399792656496 -0.43324549795814427 3.1234735092251387 -0.50642095485086636 -0.86228638890332521 3.7173243841585939 -0.49941753144354212 -0.86636143109376595 3.5251902392338179 0 -0.99999999999999978 3.3746468175420476 -0.24982399792656496 -0.43324549795814427 3.3262359090750628 -0.87234128736640271 -0.48889741087054966 3.7173243841585939 -0.49941753144354212 -0.86636143109376595 3.1234735092251387 -0.50642095485086636 -0.86228638890332521 3.3746468175420476 -0.24982399792656496 -0.43324549795814427 3.4350225724958925 -0.64993367848108585 -0.13246563706359371 3.1193291438863504 -0.86761970226520735 0.49722837031009515 3.7216105669863651 -0.87228268559478628 0.4890019595170837 3.3801895411174554 -0.38810680112482654 0.29724461326847906 3.1193291438863504 -0.86761970226520735 0.49722837031009515 3.3269427730870498 -0.48882875539753357 0.87237976128318018 3.7216105669863651 -0.87228268559478628 0.4890019595170837 3.3801895411174554 -0.38810680112482654 0.29724461326847906 3.4350225724958925 -0.64993367848108585 -0.13246563706359371 3.1193291438863504 -0.86761970226520735 0.49722837031009515 3.5251902392338179 -0.99999999999999989 2.1585564714315938e-16 3.7216105669863651 -0.87228268559478628 0.4890019595170837 3.3243384906752658 0.87208285119873663 0.48935825388469989 3.3733434810087672 0.2443648623445108 0.4360882679840824 3.3746468175420476 0.43306548334208911 -0.24977354813303279 3.7233603620051428 0.50002275766928062 1.2748675223200568e-05 3.3243384906752658 0.87208285119873663 0.48935825388469989 3.3746468175420476 0.43306548334208911 -0.24977354813303279 3.5251902392338179 0.99999999999999989 2.1585564714315938e-16 3.7233603620051428 0.50002275766928062 1.2748675223200568e-05 3.9146020685588923 0.8717362257601361 0.48997546132176206 3.3243384906752658 0.87208285119873663 0.48935825388469989 3.5251902392338179 0.99999999999999989 2.1585564714315938e-16 3.7233603620051428 0.50002275766928062 1.2748675223200568e-05 3.5251902392338179 0 -0.99999999999999978 3.3262359090750628 0.48889741087054983 -0.87234128736640237 3.3746468175420476 -0.24982399792656496 -0.43324549795814427 3.8205603332433817 0.49439973675460147 -0.43619808519161529 3.3262359090750628 0.48889741087054983 -0.87234128736640237 3.3746468175420476 -0.24982399792656496 -0.43324549795814427 3.8205603332433817 0.49439973675460147 -0.43619808519161529 3.3746468175420476 0.43306548334208911 -0.24977354813303279 3.5251902392338179 0.99999999999999989 2.1585564714315938e-16 3.3746468175420476 0.43306548334208911 -0.24977354813303279 3.7173243841585939 0.86636143109376584 -0.49941753144354295 3.7233603620051428 0.50002275766928062 1.2748675223200568e-05 3.3262359090750628 0.48889741087054983 -0.87234128736640237 3.7173243841585939 0.86636143109376584 -0.49941753144354295 3.1234735092251373 0.86228638890332587 -0.50642095485086513 3.3746468175420476 0.43306548334208911 -0.24977354813303279 3.1234735092251373 0.86228638890332587 -0.50642095485086513 3.7173243841585939 0.86636143109376584 -0.49941753144354295 3.5251902392338179 0.99999999999999989 2.1585564714315938e-16 3.3746468175420476 0.43306548334208911 -0.24977354813303279 3.7173243841585939 0.86636143109376584 -0.49941753144354295 3.3746468175420476 0.43306548334208911 -0.24977354813303279 3.3262359090750628 0.48889741087054983 -0.87234128736640237 3.8205603332433817 0.49439973675460147 -0.43619808519161529 3.7173243841585939 0.86636143109376584 -0.49941753144354295 3.7233603620051428 0.50002275766928062 1.2748675223200568e-05 3.3746468175420476 0.43306548334208911 -0.24977354813303279 3.8205603332433817 0.49439973675460147 -0.43619808519161529 3.9177603044816216 0.48877671583992222 -0.87240891905845375 3.7173243841585939 0.86636143109376584 -0.49941753144354295 3.3262359090750628 0.48889741087054983 -0.87234128736640237 3.8205603332433817 0.49439973675460147 -0.43619808519161529 3.9177603044816216 0.48877671583992222 -0.87240891905845375 3.3262359090750628 0.48889741087054983 -0.87234128736640237 3.5251902392338179 0 -0.99999999999999978 3.8205603332433817 0.49439973675460147 -0.43619808519161529 3.4350225724958925 -0.64993367848108585 -0.13246563706359371 3.9177603044816216 -0.87240891905845386 -0.48877671583992194 3.3262359090750628 -0.87234128736640271 -0.48889741087054966 3.3746468175420476 -0.24982399792656496 -0.43324549795814427 3.9177603044816216 -0.87240891905845386 -0.48877671583992194 3.7173243841585939 -0.49941753144354212 -0.86636143109376595 3.3262359090750628 -0.87234128736640271 -0.48889741087054966 3.3746468175420476 -0.24982399792656496 -0.43324549795814427 3.4350225724958925 -0.64993367848108585 -0.13246563706359371 3.9177603044816216 -0.87240891905845386 -0.48877671583992194 3.5251902392338179 -0.99999999999999989 2.1585564714315938e-16 3.3262359090750628 -0.87234128736640271 -0.48889741087054966 3.9177603044816216 0.48877671583992222 -0.87240891905845375 3.5251902392338179 0 -0.99999999999999978 3.965957433997648 -0.12752457729073766 -0.65128854202004749 3.8205603332433817 0.49439973675460147 -0.43619808519161529 3.9177603044816216 -0.87240891905845386 -0.48877671583992194 3.7173243841585939 -0.49941753144354212 -0.86636143109376595 3.3746468175420476 -0.24982399792656496 -0.43324549795814427 3.965957433997648 -0.12752457729073766 -0.65128854202004749 3.5251902392338179 0 -0.99999999999999978 3.3746468175420476 -0.24982399792656496 -0.43324549795814427 3.7173243841585939 -0.49941753144354212 -0.86636143109376595 3.965957433997648 -0.12752457729073766 -0.65128854202004749 3.3746468175420476 -0.24982399792656496 -0.43324549795814427 3.965957433997648 -0.12752457729073766 -0.65128854202004749 3.5251902392338179 0 -0.99999999999999978 3.8205603332433817 0.49439973675460147 -0.43619808519161529 3.9146020685588923 0.8717362257601361 0.48997546132176206 3.3243384906752658 0.87208285119873663 0.48935825388469989 3.7233603620051428 0.50002275766928062 1.2748675223200568e-05 3.8189812152820179 0.43587949171470847 0.49499410499849267 3.7147177110920335 0.48896018909860933 0.87230610079068738 3.3243384906752658 0.87208285119873663 0.48935825388469989 3.9146020685588923 0.8717362257601361 0.48997546132176206 3.8189812152820179 0.43587949171470847 0.49499410499849267 3.7147177110920335 0.48896018909860933 0.87230610079068738 3.3733434810087672 0.2443648623445108 0.4360882679840824 3.3243384906752658 0.87208285119873663 0.48935825388469989 3.8189812152820179 0.43587949171470847 0.49499410499849267 3.3733434810087672 0.2443648623445108 0.4360882679840824 3.7233603620051428 0.50002275766928062 1.2748675223200568e-05 3.3243384906752658 0.87208285119873663 0.48935825388469989 3.8189812152820179 0.43587949171470847 0.49499410499849267 3.5251902392338215 0 1.0000000000000002 3.3269427730870498 -0.48882875539753357 0.87237976128318018 3.3733434810087672 0.2443648623445108 0.4360882679840824 3.7233603620051441 2.2757669280691617e-05 0.50001274867522327 3.5251902392338215 0 1.0000000000000002 3.3733434810087672 0.2443648623445108 0.4360882679840824 3.7147177110920335 0.48896018909860933 0.87230610079068738 3.7233603620051441 2.2757669280691617e-05 0.50001274867522327 3.3801895411174554 -0.38810680112482654 0.29724461326847906 3.3733434810087672 0.2443648623445108 0.4360882679840824 3.3269427730870498 -0.48882875539753357 0.87237976128318018 3.7233603620051441 2.2757669280691617e-05 0.50001274867522327 3.7147177110920335 0.48896018909860933 0.87230610079068738 3.7233603620051441 2.2757669280691617e-05 0.50001274867522327 3.3733434810087672 0.2443648623445108 0.4360882679840824 3.8189812152820179 0.43587949171470847 0.49499410499849267 3.031969250925501 -0.00023046440958775227 -0.00012956482252261814 3.3801895411174554 -0.38810680112482654 0.29724461326847906 3.8957550834858807 0.0072164058410754605 0.0020484401569926883 3.3733434810087672 0.2443648623445108 0.4360882679840824 3.8957550834858807 0.0072164058410754605 0.0020484401569926883 3.3746468175420476 0.43306548334208911 -0.24977354813303279 3.031969250925501 -0.00023046440958775227 -0.00012956482252261814 3.3733434810087672 0.2443648623445108 0.4360882679840824 3.8957550834858807 0.0072164058410754605 0.0020484401569926883 3.3801895411174554 -0.38810680112482654 0.29724461326847906 3.031969250925501 -0.00023046440958775227 -0.00012956482252261814 3.3746468175420476 -0.24982399792656496 -0.43324549795814427 3.8957550834858807 0.0072164058410754605 0.0020484401569926883 3.3733434810087672 0.2443648623445108 0.4360882679840824 3.3801895411174554 -0.38810680112482654 0.29724461326847906 3.7233603620051441 2.2757669280691617e-05 0.50001274867522327 3.031969250925501 -0.00023046440958775227 -0.00012956482252261814 3.3746468175420476 0.43306548334208911 -0.24977354813303279 3.8957550834858807 0.0072164058410754605 0.0020484401569926883 3.3746468175420476 -0.24982399792656496 -0.43324549795814427 3.3746468175420476 0.43306548334208911 -0.24977354813303279 3.3733434810087672 0.2443648623445108 0.4360882679840824 3.8957550834858807 0.0072164058410754605 0.0020484401569926883 3.7233603620051428 0.50002275766928062 1.2748675223200568e-05 3.7233603620051441 2.2757669280691617e-05 0.50001274867522327 3.8957550834858807 0.0072164058410754605 0.0020484401569926883 3.3733434810087672 0.2443648623445108 0.4360882679840824 3.8189812152820179 0.43587949171470847 0.49499410499849267 3.8957550834858807 0.0072164058410754605 0.0020484401569926883 3.3733434810087672 0.2443648623445108 0.4360882679840824 3.8189812152820179 0.43587949171470847 0.49499410499849267 3.7233603620051428 0.50002275766928062 1.2748675223200568e-05 3.4350225724958925 -0.64993367848108585 -0.13246563706359371 3.3801895411174554 -0.38810680112482654 0.29724461326847906 3.8957550834858807 0.0072164058410754605 0.0020484401569926883 3.3746468175420476 -0.24982399792656496 -0.43324549795814427 3.8957550834858807 0.0072164058410754605 0.0020484401569926883 3.3746468175420476 0.43306548334208911 -0.24977354813303279 3.7233603620051428 0.50002275766928062 1.2748675223200568e-05 3.8205603332433817 0.49439973675460147 -0.43619808519161529 3.8957550834858807 0.0072164058410754605 0.0020484401569926883 3.3746468175420476 -0.24982399792656496 -0.43324549795814427 3.3746468175420476 0.43306548334208911 -0.24977354813303279 3.8205603332433817 0.49439973675460147 -0.43619808519161529 3.8957550834858807 0.0072164058410754605 0.0020484401569926883 3.965957433997648 -0.12752457729073766 -0.65128854202004749 3.3746468175420476 -0.24982399792656496 -0.43324549795814427 3.8205603332433817 0.49439973675460147 -0.43619808519161529 3.4350225724958925 -0.64993367848108585 -0.13246563706359371 3.3746468175420476 -0.24982399792656496 -0.43324549795814427 3.8957550834858807 0.0072164058410754605 0.0020484401569926883 4.137257610401802 -0.46749470462803522 -0.26090198466789682 3.9177603044816216 -0.87240891905845386 -0.48877671583992194 3.3746468175420476 -0.24982399792656496 -0.43324549795814427 4.137257610401802 -0.46749470462803522 -0.26090198466789682 3.965957433997648 -0.12752457729073766 -0.65128854202004749 3.8957550834858807 0.0072164058410754605 0.0020484401569926883 4.137257610401802 -0.46749470462803522 -0.26090198466789682 3.3746468175420476 -0.24982399792656496 -0.43324549795814427 3.965957433997648 -0.12752457729073766 -0.65128854202004749 3.4350225724958925 -0.64993367848108585 -0.13246563706359371 3.9177603044816216 -0.87240891905845386 -0.48877671583992194 3.3746468175420476 -0.24982399792656496 -0.43324549795814427 4.137257610401802 -0.46749470462803522 -0.26090198466789682 3.4350225724958925 -0.64993367848108585 -0.13246563706359371 4.11511414354029 -1 2.5197806820063091e-16 3.9177603044816216 -0.87240891905845386 -0.48877671583992194 4.137257610401802 -0.46749470462803522 -0.26090198466789682 3.4350225724958925 -0.64993367848108585 -0.13246563706359371 4.11511414354029 -1 2.5197806820063091e-16 3.7216105669863651 -0.87228268559478628 0.4890019595170837 3.5251902392338179 -0.99999999999999989 2.1585564714315938e-16 3.4350225724958925 -0.64993367848108585 -0.13246563706359371 4.11511414354029 -1 2.5197806820063091e-16 3.5251902392338179 -0.99999999999999989 2.1585564714315938e-16 3.9177603044816216 -0.87240891905845386 -0.48877671583992194 3.4350225724958925 -0.64993367848108585 -0.13246563706359371 4.137257610401802 -0.46749470462803522 -0.26090198466789682 3.8957550834858807 0.0072164058410754605 0.0020484401569926883 4.0333593774480567 -0.4124203712102395 0.35851404637597539 3.4350225724958925 -0.64993367848108585 -0.13246563706359371 3.3801895411174554 -0.38810680112482654 0.29724461326847906 3.7216105669863651 -0.87228268559478628 0.4890019595170837 4.0333593774480567 -0.4124203712102395 0.35851404637597539 3.4350225724958925 -0.64993367848108585 -0.13246563706359371 3.8957550834858807 0.0072164058410754605 0.0020484401569926883 3.3801895411174554 -0.38810680112482654 0.29724461326847906 4.0333593774480567 -0.4124203712102395 0.35851404637597539 3.8957550834858807 0.0072164058410754605 0.0020484401569926883 3.7233603620051441 2.2757669280691617e-05 0.50001274867522327 3.3801895411174554 -0.38810680112482654 0.29724461326847906 4.0333593774480567 -0.4124203712102395 0.35851404637597539 3.4350225724958925 -0.64993367848108585 -0.13246563706359371 4.11511414354029 -1 2.5197806820063091e-16 4.137257610401802 -0.46749470462803522 -0.26090198466789682 4.0333593774480567 -0.4124203712102395 0.35851404637597539 3.4350225724958925 -0.64993367848108585 -0.13246563706359371 3.7216105669863651 -0.87228268559478628 0.4890019595170837 4.11511414354029 -1 2.5197806820063091e-16 4.0333593774480567 -0.4124203712102395 0.35851404637597539 3.7216105669863651 -0.87228268559478628 0.4890019595170837 3.3269427730870498 -0.48882875539753357 0.87237976128318018 3.9253006650713118 -0.48868568516279948 0.87245991375934606 3.3801895411174554 -0.38810680112482654 0.29724461326847906 3.9253006650713118 -0.48868568516279948 0.87245991375934606 3.3801895411174554 -0.38810680112482654 0.29724461326847906 3.3269427730870498 -0.48882875539753357 0.87237976128318018 3.7233603620051441 2.2757669280691617e-05 0.50001274867522327 3.3801895411174554 -0.38810680112482654 0.29724461326847906 3.7233603620051441 2.2757669280691617e-05 0.50001274867522327 3.9253006650713118 -0.48868568516279948 0.87245991375934606 4.0333593774480567 -0.4124203712102395 0.35851404637597539 3.7216105669863651 -0.87228268559478628 0.4890019595170837 3.3801895411174554 -0.38810680112482654 0.29724461326847906 3.9253006650713118 -0.48868568516279948 0.87245991375934606 4.0333593774480567 -0.4124203712102395 0.35851404637597539 3.9253006650713118 -0.48868568516279948 0.87245991375934606 3.3269427730870498 -0.48882875539753357 0.87237976128318018 3.5251902392338215 0 1.0000000000000002 3.7233603620051441 2.2757669280691617e-05 0.50001274867522327 3.5251902392338215 0 1.0000000000000002 4.1151141435402963 0 1.0000000000000002 3.9253006650713118 -0.48868568516279948 0.87245991375934606 3.7233603620051441 2.2757669280691617e-05 0.50001274867522327 3.9253006650713118 -0.48868568516279948 0.87245991375934606 3.7233603620051441 2.2757669280691617e-05 0.50001274867522327 4.1151141435402963 0 1.0000000000000002 4.0333593774480567 -0.4124203712102395 0.35851404637597539 3.5251902392338215 0 1.0000000000000002 3.7147177110920335 0.48896018909860933 0.87230610079068738 4.1151141435402963 0 1.0000000000000002 3.7233603620051441 2.2757669280691617e-05 0.50001274867522327 4.1151141435402963 0 1.0000000000000002 3.7233603620051441 2.2757669280691617e-05 0.50001274867522327 3.7147177110920335 0.48896018909860933 0.87230610079068738 3.8189812152820179 0.43587949171470847 0.49499410499849267 4.1151141435402963 0 1.0000000000000002 3.7147177110920335 0.48896018909860933 0.87230610079068738 4.3038057168477657 0.48883286663761205 0.87237745758063645 3.8189812152820179 0.43587949171470847 0.49499410499849267 3.7147177110920335 0.48896018909860933 0.87230610079068738 3.9146020685588923 0.8717362257601361 0.48997546132176206 4.3038057168477657 0.48883286663761205 0.87237745758063645 3.8189812152820179 0.43587949171470847 0.49499410499849267 4.11511414354029 1 2.5197806820063091e-16 3.9146020685588923 0.8717362257601361 0.48997546132176206 3.5251902392338179 0.99999999999999989 2.1585564714315938e-16 3.7233603620051428 0.50002275766928062 1.2748675223200568e-05 4.11511414354029 1 2.5197806820063091e-16 3.5251902392338179 0.99999999999999989 2.1585564714315938e-16 3.7173243841585939 0.86636143109376584 -0.49941753144354295 3.7233603620051428 0.50002275766928062 1.2748675223200568e-05 3.7173243841585939 0.86636143109376584 -0.49941753144354295 4.11511414354029 1 2.5197806820063091e-16 3.7233603620051428 0.50002275766928062 1.2748675223200568e-05 3.8205603332433817 0.49439973675460147 -0.43619808519161529 3.5251902392338179 0 -0.99999999999999978 4.11511414354029 0 -0.99999999999999978 3.9177603044816216 0.48877671583992222 -0.87240891905845375 3.965957433997648 -0.12752457729073766 -0.65128854202004749 3.5251902392338179 0 -0.99999999999999978 3.7173243841585939 -0.49941753144354212 -0.86636143109376595 4.11511414354029 0 -0.99999999999999978 3.965957433997648 -0.12752457729073766 -0.65128854202004749 3.9177603044816216 -0.87240891905845386 -0.48877671583992194 4.3012315459190358 -0.49631720068991336 -0.86814125365595196 3.7173243841585939 -0.49941753144354212 -0.86636143109376595 3.965957433997648 -0.12752457729073766 -0.65128854202004749 3.9177603044816216 -0.87240891905845386 -0.48877671583992194 4.137257610401802 -0.46749470462803522 -0.26090198466789682 4.3012315459190358 -0.49631720068991336 -0.86814125365595196 3.965957433997648 -0.12752457729073766 -0.65128854202004749 3.7173243841585939 -0.49941753144354212 -0.86636143109376595 4.3012315459190358 -0.49631720068991336 -0.86814125365595196 4.11511414354029 0 -0.99999999999999978 3.965957433997648 -0.12752457729073766 -0.65128854202004749 3.7216105669863651 -0.87228268559478628 0.4890019595170837 4.306900104199598 -0.87240640404091474 0.48878120482318099 4.11511414354029 -1 2.5197806820063091e-16 4.0333593774480567 -0.4124203712102395 0.35851404637597539 3.7216105669863651 -0.87228268559478628 0.4890019595170837 3.9253006650713118 -0.48868568516279948 0.87245991375934606 4.306900104199598 -0.87240640404091474 0.48878120482318099 4.0333593774480567 -0.4124203712102395 0.35851404637597539 3.9146020685588923 0.8717362257601361 0.48997546132176206 3.7233603620051428 0.50002275766928062 1.2748675223200568e-05 4.11511414354029 1 2.5197806820063091e-16 4.3346385714938425 0.62592735108598085 0.17708815554953466 3.7233603620051428 0.50002275766928062 1.2748675223200568e-05 4.3346385714938425 0.62592735108598085 0.17708815554953466 3.9146020685588923 0.8717362257601361 0.48997546132176206 3.8189812152820179 0.43587949171470847 0.49499410499849267 4.3038057168477657 0.48883286663761205 0.87237745758063645 3.9146020685588923 0.8717362257601361 0.48997546132176206 4.3346385714938425 0.62592735108598085 0.17708815554953466 3.8189812152820179 0.43587949171470847 0.49499410499849267 3.8205603332433817 0.49439973675460147 -0.43619808519161529 3.8957550834858807 0.0072164058410754605 0.0020484401569926883 4.3346385714938425 0.62592735108598085 0.17708815554953466 3.7233603620051428 0.50002275766928062 1.2748675223200568e-05 4.11511414354029 1 2.5197806820063091e-16 4.3346385714938425 0.62592735108598085 0.17708815554953466 3.7233603620051428 0.50002275766928062 1.2748675223200568e-05 3.8205603332433817 0.49439973675460147 -0.43619808519161529 3.8957550834858807 0.0072164058410754605 0.0020484401569926883 4.3346385714938425 0.62592735108598085 0.17708815554953466 3.7233603620051428 0.50002275766928062 1.2748675223200568e-05 3.8189812152820179 0.43587949171470847 0.49499410499849267 4.2145904838367025 0.24436837686206681 -0.4362156529463288 3.8205603332433817 0.49439973675460147 -0.43619808519161529 3.8957550834858807 0.0072164058410754605 0.0020484401569926883 4.3346385714938425 0.62592735108598085 0.17708815554953466 3.8957550834858807 0.0072164058410754605 0.0020484401569926883 4.2145904838367025 0.24436837686206681 -0.4362156529463288 4.137257610401802 -0.46749470462803522 -0.26090198466789682 3.965957433997648 -0.12752457729073766 -0.65128854202004749 4.11511414354029 0 -0.99999999999999978 4.2145904838367025 0.24436837686206681 -0.4362156529463288 3.9177603044816216 0.48877671583992222 -0.87240891905845375 3.965957433997648 -0.12752457729073766 -0.65128854202004749 3.9177603044816216 0.48877671583992222 -0.87240891905845375 3.965957433997648 -0.12752457729073766 -0.65128854202004749 4.2145904838367025 0.24436837686206681 -0.4362156529463288 3.8205603332433817 0.49439973675460147 -0.43619808519161529 3.8957550834858807 0.0072164058410754605 0.0020484401569926883 4.2145904838367025 0.24436837686206681 -0.4362156529463288 3.965957433997648 -0.12752457729073766 -0.65128854202004749 3.8205603332433817 0.49439973675460147 -0.43619808519161529 4.3038057168477657 0.48883286663761205 0.87237745758063645 3.9146020685588923 0.8717362257601361 0.48997546132176206 4.5038186689424275 0.87217998424555987 0.48918511330723785 4.3346385714938425 0.62592735108598085 0.17708815554953466 4.5038186689424275 0.87217998424555987 0.48918511330723785 3.9146020685588923 0.8717362257601361 0.48997546132176206 4.11511414354029 1 2.5197806820063091e-16 4.3346385714938425 0.62592735108598085 0.17708815554953466 3.7173243841585939 0.86636143109376584 -0.49941753144354295 4.3012315459190376 0.86814125365595196 -0.4963172006899132 4.11511414354029 1 2.5197806820063091e-16 3.8205603332433817 0.49439973675460147 -0.43619808519161529 3.9177603044816216 0.48877671583992222 -0.87240891905845375 4.2145904838367025 0.24436837686206681 -0.4362156529463288 4.3012315459190376 0.86814125365595196 -0.4963172006899132 3.8205603332433817 0.49439973675460147 -0.43619808519161529 4.3012315459190376 0.86814125365595196 -0.4963172006899132 4.2145904838367025 0.24436837686206681 -0.4362156529463288 4.3346385714938425 0.62592735108598085 0.17708815554953466 3.8205603332433817 0.49439973675460147 -0.43619808519161529 3.9177603044816216 0.48877671583992222 -0.87240891905845375 4.3012315459190376 0.86814125365595196 -0.4963172006899132 3.7173243841585939 0.86636143109376584 -0.49941753144354295 3.8205603332433817 0.49439973675460147 -0.43619808519161529 4.3012315459190376 0.86814125365595196 -0.4963172006899132 4.3346385714938425 0.62592735108598085 0.17708815554953466 4.11511414354029 1 2.5197806820063091e-16 3.8205603332433817 0.49439973675460147 -0.43619808519161529 4.5076504828969384 0.48869123838557221 -0.87245680324310382 3.9177603044816216 0.48877671583992222 -0.87240891905845375 4.11511414354029 0 -0.99999999999999978 4.2145904838367025 0.24436837686206681 -0.4362156529463288 4.5076504828969384 0.48869123838557221 -0.87245680324310382 4.3012315459190376 0.86814125365595196 -0.4963172006899132 3.9177603044816216 0.48877671583992222 -0.87240891905845375 4.2145904838367025 0.24436837686206681 -0.4362156529463288 4.11511414354029 -1 2.5197806820063091e-16 4.5076504828969366 -0.87245680324310393 -0.48869123838557144 3.9177603044816216 -0.87240891905845386 -0.48877671583992194 4.137257610401802 -0.46749470462803522 -0.26090198466789682 4.5076504828969366 -0.87245680324310393 -0.48869123838557144 4.3012315459190358 -0.49631720068991336 -0.86814125365595196 3.9177603044816216 -0.87240891905845386 -0.48877671583992194 4.137257610401802 -0.46749470462803522 -0.26090198466789682 4.5076504828969366 -0.87245680324310393 -0.48869123838557144 4.705038047846763 -1 2.881004892581024e-16 4.137257610401802 -0.46749470462803522 -0.26090198466789682 4.11511414354029 -1 2.5197806820063091e-16 4.137257610401802 -0.46749470462803522 -0.26090198466789682 4.2145904838367025 0.24436837686206681 -0.4362156529463288 4.6646337389353594 -0.27797457937651793 -0.36928319699631279 3.965957433997648 -0.12752457729073766 -0.65128854202004749 4.5076504828969366 -0.87245680324310393 -0.48869123838557144 4.6646337389353594 -0.27797457937651793 -0.36928319699631279 4.3012315459190358 -0.49631720068991336 -0.86814125365595196 4.137257610401802 -0.46749470462803522 -0.26090198466789682 4.5076504828969366 -0.87245680324310393 -0.48869123838557144 4.705038047846763 -1 2.881004892581024e-16 4.6646337389353594 -0.27797457937651793 -0.36928319699631279 4.137257610401802 -0.46749470462803522 -0.26090198466789682 4.3012315459190358 -0.49631720068991336 -0.86814125365595196 4.137257610401802 -0.46749470462803522 -0.26090198466789682 4.6646337389353594 -0.27797457937651793 -0.36928319699631279 3.965957433997648 -0.12752457729073766 -0.65128854202004749 4.11511414354029 0 -0.99999999999999978 4.3012315459190358 -0.49631720068991336 -0.86814125365595196 4.6646337389353594 -0.27797457937651793 -0.36928319699631279 3.965957433997648 -0.12752457729073766 -0.65128854202004749 4.11511414354029 0 -0.99999999999999978 4.6646337389353594 -0.27797457937651793 -0.36928319699631279 4.2145904838367025 0.24436837686206681 -0.4362156529463288 3.965957433997648 -0.12752457729073766 -0.65128854202004749 4.1151141435402963 0 1.0000000000000002 4.3038057168477657 0.48883286663761205 0.87237745758063645 4.5541629994473949 0.25185470217196176 0.35417631109906911 3.8189812152820179 0.43587949171470847 0.49499410499849267 4.1151141435402963 0 1.0000000000000002 3.7233603620051441 2.2757669280691617e-05 0.50001274867522327 4.5541629994473949 0.25185470217196176 0.35417631109906911 4.0333593774480567 -0.4124203712102395 0.35851404637597539 4.3038057168477657 0.48883286663761205 0.87237745758063645 4.3346385714938425 0.62592735108598085 0.17708815554953466 4.5541629994473949 0.25185470217196176 0.35417631109906911 3.8189812152820179 0.43587949171470847 0.49499410499849267 4.3038057168477657 0.48883286663761205 0.87237745758063645 4.5038186689424275 0.87217998424555987 0.48918511330723785 4.5541629994473949 0.25185470217196176 0.35417631109906911 4.3346385714938425 0.62592735108598085 0.17708815554953466 4.5541629994473949 0.25185470217196176 0.35417631109906911 3.7233603620051441 2.2757669280691617e-05 0.50001274867522327 3.8957550834858807 0.0072164058410754605 0.0020484401569926883 4.0333593774480567 -0.4124203712102395 0.35851404637597539 4.1151141435402963 0 1.0000000000000002 4.5541629994473949 0.25185470217196176 0.35417631109906911 3.7233603620051441 2.2757669280691617e-05 0.50001274867522327 3.8189812152820179 0.43587949171470847 0.49499410499849267 3.8957550834858807 0.0072164058410754605 0.0020484401569926883 4.5541629994473949 0.25185470217196176 0.35417631109906911 4.2145904838367025 0.24436837686206681 -0.4362156529463288 4.3346385714938425 0.62592735108598085 0.17708815554953466 3.8957550834858807 0.0072164058410754605 0.0020484401569926883 3.7233603620051441 2.2757669280691617e-05 0.50001274867522327 4.5541629994473949 0.25185470217196176 0.35417631109906911 3.8189812152820179 0.43587949171470847 0.49499410499849267 3.8957550834858807 0.0072164058410754605 0.0020484401569926883 4.5541629994473949 0.25185470217196176 0.35417631109906911 4.3346385714938425 0.62592735108598085 0.17708815554953466 3.8189812152820179 0.43587949171470847 0.49499410499849267 4.11511414354029 -1 2.5197806820063091e-16 4.306900104199598 -0.87240640404091474 0.48878120482318099 4.705038047846763 -1 2.881004892581024e-16 4.586844576291834 -0.39774184833539589 0.19092806398157097 4.6646337389353594 -0.27797457937651793 -0.36928319699631279 4.137257610401802 -0.46749470462803522 -0.26090198466789682 4.586844576291834 -0.39774184833539589 0.19092806398157097 4.2145904838367025 0.24436837686206681 -0.4362156529463288 4.586844576291834 -0.39774184833539589 0.19092806398157097 4.5541629994473949 0.25185470217196176 0.35417631109906911 3.8957550834858807 0.0072164058410754605 0.0020484401569926883 4.0333593774480567 -0.4124203712102395 0.35851404637597539 4.705038047846763 -1 2.881004892581024e-16 4.6646337389353594 -0.27797457937651793 -0.36928319699631279 4.137257610401802 -0.46749470462803522 -0.26090198466789682 4.586844576291834 -0.39774184833539589 0.19092806398157097 4.705038047846763 -1 2.881004892581024e-16 4.137257610401802 -0.46749470462803522 -0.26090198466789682 4.11511414354029 -1 2.5197806820063091e-16 4.586844576291834 -0.39774184833539589 0.19092806398157097 4.11511414354029 -1 2.5197806820063091e-16 4.306900104199598 -0.87240640404091474 0.48878120482318099 4.586844576291834 -0.39774184833539589 0.19092806398157097 4.0333593774480567 -0.4124203712102395 0.35851404637597539 3.8957550834858807 0.0072164058410754605 0.0020484401569926883 4.5541629994473949 0.25185470217196176 0.35417631109906911 4.586844576291834 -0.39774184833539589 0.19092806398157097 4.2145904838367025 0.24436837686206681 -0.4362156529463288 4.586844576291834 -0.39774184833539589 0.19092806398157097 4.137257610401802 -0.46749470462803522 -0.26090198466789682 3.8957550834858807 0.0072164058410754605 0.0020484401569926883 4.2145904838367025 0.24436837686206681 -0.4362156529463288 3.8957550834858807 0.0072164058410754605 0.0020484401569926883 4.137257610401802 -0.46749470462803522 -0.26090198466789682 4.586844576291834 -0.39774184833539589 0.19092806398157097 4.0333593774480567 -0.4124203712102395 0.35851404637597539 4.11511414354029 -1 2.5197806820063091e-16 4.586844576291834 -0.39774184833539589 0.19092806398157097 4.137257610401802 -0.46749470462803522 -0.26090198466789682 4.0333593774480567 -0.4124203712102395 0.35851404637597539 4.586844576291834 -0.39774184833539589 0.19092806398157097 4.5541629994473949 0.25185470217196176 0.35417631109906911 4.6646337389353594 -0.27797457937651793 -0.36928319699631279 4.2145904838367025 0.24436837686206681 -0.4362156529463288 4.5075618131772703 -0.48878585419683068 0.87240379913035404 3.9253006650713118 -0.48868568516279948 0.87245991375934606 4.1151141435402963 0 1.0000000000000002 4.0333593774480567 -0.4124203712102395 0.35851404637597539 4.1151141435402963 0 1.0000000000000002 4.5541629994473949 0.25185470217196176 0.35417631109906911 4.5075618131772703 -0.48878585419683068 0.87240379913035404 4.0333593774480567 -0.4124203712102395 0.35851404637597539 4.306900104199598 -0.87240640404091474 0.48878120482318099 3.9253006650713118 -0.48868568516279948 0.87245991375934606 4.5075618131772703 -0.48878585419683068 0.87240379913035404 4.0333593774480567 -0.4124203712102395 0.35851404637597539 4.5075618131772703 -0.48878585419683068 0.87240379913035404 4.5541629994473949 0.25185470217196176 0.35417631109906911 4.586844576291834 -0.39774184833539589 0.19092806398157097 4.0333593774480567 -0.4124203712102395 0.35851404637597539 4.306900104199598 -0.87240640404091474 0.48878120482318099 4.5075618131772703 -0.48878585419683068 0.87240379913035404 4.586844576291834 -0.39774184833539589 0.19092806398157097 4.0333593774480567 -0.4124203712102395 0.35851404637597539 4.1151141435402963 0 1.0000000000000002 4.3038057168477657 0.48883286663761205 0.87237745758063645 4.7050380478467702 0 1.0000000000000002 4.5541629994473949 0.25185470217196176 0.35417631109906911 4.1151141435402963 0 1.0000000000000002 4.7050380478467702 0 1.0000000000000002 4.5075618131772703 -0.48878585419683068 0.87240379913035404 4.5541629994473949 0.25185470217196176 0.35417631109906911 4.3038057168477657 0.48883286663761205 0.87237745758063645 4.5038186689424275 0.87217998424555987 0.48918511330723785 4.8940300912013512 0.48899110043840754 0.87228877310901798 4.5541629994473949 0.25185470217196176 0.35417631109906911 4.7050380478467702 0 1.0000000000000002 4.3038057168477657 0.48883286663761205 0.87237745758063645 4.8940300912013512 0.48899110043840754 0.87228877310901798 4.5541629994473949 0.25185470217196176 0.35417631109906911 4.705038047846763 1 2.881004892581024e-16 4.5038186689424275 0.87217998424555987 0.48918511330723785 4.11511414354029 1 2.5197806820063091e-16 4.3346385714938425 0.62592735108598085 0.17708815554953466 4.705038047846763 1 2.881004892581024e-16 4.11511414354029 1 2.5197806820063091e-16 4.3012315459190376 0.86814125365595196 -0.4963172006899132 4.3346385714938425 0.62592735108598085 0.17708815554953466 4.11511414354029 0 -0.99999999999999978 4.705038047846763 0 -0.99999999999999967 4.5076504828969384 0.48869123838557221 -0.87245680324310382 4.2145904838367025 0.24436837686206681 -0.4362156529463288 4.11511414354029 0 -0.99999999999999978 4.3012315459190358 -0.49631720068991336 -0.86814125365595196 4.705038047846763 0 -0.99999999999999967 4.6646337389353594 -0.27797457937651793 -0.36928319699631279 4.11511414354029 0 -0.99999999999999978 4.6646337389353594 -0.27797457937651793 -0.36928319699631279 4.705038047846763 0 -0.99999999999999967 4.2145904838367025 0.24436837686206681 -0.4362156529463288 4.3012315459190358 -0.49631720068991336 -0.86814125365595196 4.8955942287232546 -0.48956243409268363 -0.87196824662670291 4.705038047846763 0 -0.99999999999999967 4.6646337389353594 -0.27797457937651793 -0.36928319699631279 4.5076504828969366 -0.87245680324310393 -0.48869123838557144 4.8955942287232546 -0.48956243409268363 -0.87196824662670291 4.3012315459190358 -0.49631720068991336 -0.86814125365595196 4.6646337389353594 -0.27797457937651793 -0.36928319699631279 4.306900104199598 -0.87240640404091474 0.48878120482318099 4.5075618131772703 -0.48878585419683068 0.87240379913035404 4.9014243595973968 -0.87226897309896345 0.48902641909091166 4.586844576291834 -0.39774184833539589 0.19092806398157097 4.306900104199598 -0.87240640404091474 0.48878120482318099 4.9014243595973968 -0.87226897309896345 0.48902641909091166 4.705038047846763 -1 2.881004892581024e-16 4.586844576291834 -0.39774184833539589 0.19092806398157097 4.5076504828969384 0.48869123838557221 -0.87245680324310382 4.701452846727455 0.43407392156649061 -0.24815675486553415 4.3012315459190376 0.86814125365595196 -0.4963172006899132 4.2145904838367025 0.24436837686206681 -0.4362156529463288 4.705038047846763 1 2.881004892581024e-16 4.3012315459190376 0.86814125365595196 -0.4963172006899132 4.701452846727455 0.43407392156649061 -0.24815675486553415 4.3346385714938425 0.62592735108598085 0.17708815554953466 4.6646337389353594 -0.27797457937651793 -0.36928319699631279 4.5541629994473949 0.25185470217196176 0.35417631109906911 4.701452846727455 0.43407392156649061 -0.24815675486553415 4.2145904838367025 0.24436837686206681 -0.4362156529463288 4.701452846727455 0.43407392156649061 -0.24815675486553415 4.2145904838367025 0.24436837686206681 -0.4362156529463288 4.5541629994473949 0.25185470217196176 0.35417631109906911 4.3346385714938425 0.62592735108598085 0.17708815554953466 4.3012315459190376 0.86814125365595196 -0.4963172006899132 4.2145904838367025 0.24436837686206681 -0.4362156529463288 4.701452846727455 0.43407392156649061 -0.24815675486553415 4.3346385714938425 0.62592735108598085 0.17708815554953466 4.705038047846763 1 2.881004892581024e-16 4.701452846727455 0.43407392156649061 -0.24815675486553415 4.8978314899373121 0.65298402529980204 0.12076883398569528 4.3346385714938425 0.62592735108598085 0.17708815554953466 4.5038186689424275 0.87217998424555987 0.48918511330723785 4.8978314899373121 0.65298402529980204 0.12076883398569528 4.5541629994473949 0.25185470217196176 0.35417631109906911 4.3346385714938425 0.62592735108598085 0.17708815554953466 4.5038186689424275 0.87217998424555987 0.48918511330723785 4.705038047846763 1 2.881004892581024e-16 4.8978314899373121 0.65298402529980204 0.12076883398569528 4.3346385714938425 0.62592735108598085 0.17708815554953466 4.8940300912013512 0.48899110043840754 0.87228877310901798 4.5541629994473949 0.25185470217196176 0.35417631109906911 4.5038186689424275 0.87217998424555987 0.48918511330723785 4.8978314899373121 0.65298402529980204 0.12076883398569528 4.5541629994473949 0.25185470217196176 0.35417631109906911 4.8978314899373121 0.65298402529980204 0.12076883398569528 4.701452846727455 0.43407392156649061 -0.24815675486553415 4.3346385714938425 0.62592735108598085 0.17708815554953466 4.6646337389353594 -0.27797457937651793 -0.36928319699631279 4.2145904838367025 0.24436837686206681 -0.4362156529463288 4.701452846727455 0.43407392156649061 -0.24815675486553415 4.8998263340574697 0.12027024832479632 -0.65326151410235123 4.705038047846763 0 -0.99999999999999967 4.6646337389353594 -0.27797457937651793 -0.36928319699631279 4.8955942287232546 -0.48956243409268363 -0.87196824662670291 4.8998263340574697 0.12027024832479632 -0.65326151410235123 4.6646337389353594 -0.27797457937651793 -0.36928319699631279 4.705038047846763 0 -0.99999999999999967 4.2145904838367025 0.24436837686206681 -0.4362156529463288 4.8998263340574697 0.12027024832479632 -0.65326151410235123 4.5076504828969384 0.48869123838557221 -0.87245680324310382 4.701452846727455 0.43407392156649061 -0.24815675486553415 4.2145904838367025 0.24436837686206681 -0.4362156529463288 4.8998263340574697 0.12027024832479632 -0.65326151410235123 4.5076504828969384 0.48869123838557221 -0.87245680324310382 4.2145904838367025 0.24436837686206681 -0.4362156529463288 4.705038047846763 0 -0.99999999999999967 4.8998263340574697 0.12027024832479632 -0.65326151410235123 5.0942101331471683 0.87189412903311336 0.48969442283692471 4.5038186689424275 0.87217998424555987 0.48918511330723785 4.705038047846763 1 2.881004892581024e-16 4.8978314899373121 0.65298402529980204 0.12076883398569528 4.8940300912013512 0.48899110043840754 0.87228877310901798 4.5038186689424275 0.87217998424555987 0.48918511330723785 5.0942101331471683 0.87189412903311336 0.48969442283692471 4.8978314899373121 0.65298402529980204 0.12076883398569528 4.3012315459190376 0.86814125365595196 -0.4963172006899132 4.8955942287232528 0.87196824662670336 -0.48956243409268241 4.705038047846763 1 2.881004892581024e-16 4.701452846727455 0.43407392156649061 -0.24815675486553415 4.705038047846763 1 2.881004892581024e-16 4.701452846727455 0.43407392156649061 -0.24815675486553415 4.8955942287232528 0.87196824662670336 -0.48956243409268241 4.8978314899373121 0.65298402529980204 0.12076883398569528 4.5076504828969384 0.48869123838557221 -0.87245680324310382 4.8955942287232528 0.87196824662670336 -0.48956243409268241 4.3012315459190376 0.86814125365595196 -0.4963172006899132 4.701452846727455 0.43407392156649061 -0.24815675486553415 5.0981998213874853 0.48869580225603471 -0.87245424685614881 4.8955942287232528 0.87196824662670336 -0.48956243409268241 4.5076504828969384 0.48869123838557221 -0.87245680324310382 4.701452846727455 0.43407392156649061 -0.24815675486553415 5.0981998213874853 0.48869580225603471 -0.87245424685614881 4.701452846727455 0.43407392156649061 -0.24815675486553415 4.5076504828969384 0.48869123838557221 -0.87245680324310382 4.8998263340574697 0.12027024832479632 -0.65326151410235123 5.0981998213874853 0.48869580225603471 -0.87245424685614881 4.5076504828969384 0.48869123838557221 -0.87245680324310382 4.705038047846763 0 -0.99999999999999967 4.8998263340574697 0.12027024832479632 -0.65326151410235123 5.055036088696605 -0.6690561339859914 0.018230682949820304 4.6646337389353594 -0.27797457937651793 -0.36928319699631279 4.705038047846763 -1 2.881004892581024e-16 4.586844576291834 -0.39774184833539589 0.19092806398157097 5.055036088696605 -0.6690561339859914 0.018230682949820304 4.705038047846763 -1 2.881004892581024e-16 4.9014243595973968 -0.87226897309896345 0.48902641909091166 4.586844576291834 -0.39774184833539589 0.19092806398157097 5.0981998213874871 -0.87245424685615014 -0.48869580225603254 4.5076504828969366 -0.87245680324310393 -0.48869123838557144 4.705038047846763 -1 2.881004892581024e-16 4.6646337389353594 -0.27797457937651793 -0.36928319699631279 5.0981998213874871 -0.87245424685615014 -0.48869580225603254 4.8955942287232546 -0.48956243409268363 -0.87196824662670291 4.5076504828969366 -0.87245680324310393 -0.48869123838557144 4.6646337389353594 -0.27797457937651793 -0.36928319699631279 5.055036088696605 -0.6690561339859914 0.018230682949820304 5.0981998213874871 -0.87245424685615014 -0.48869580225603254 4.705038047846763 -1 2.881004892581024e-16 4.6646337389353594 -0.27797457937651793 -0.36928319699631279 5.055036088696605 -0.6690561339859914 0.018230682949820304 4.705038047846763 -1 2.881004892581024e-16 5.0981998213874871 -0.87245424685615014 -0.48869580225603254 5.294961952153237 -0.99999999999999989 3.2422291031557413e-16 5.055036088696605 -0.6690561339859914 0.018230682949820304 4.705038047846763 -1 2.881004892581024e-16 5.294961952153237 -0.99999999999999989 3.2422291031557413e-16 4.9014243595973968 -0.87226897309896345 0.48902641909091166 5.0981998213874871 -0.87245424685615014 -0.48869580225603254 4.8955942287232546 -0.48956243409268363 -0.87196824662670291 4.6646337389353594 -0.27797457937651793 -0.36928319699631279 5.2285110917381452 -0.34091347625346247 -0.4114014604920021 5.2285110917381452 -0.34091347625346247 -0.4114014604920021 5.0981998213874871 -0.87245424685615014 -0.48869580225603254 5.055036088696605 -0.6690561339859914 0.018230682949820304 4.6646337389353594 -0.27797457937651793 -0.36928319699631279 4.6646337389353594 -0.27797457937651793 -0.36928319699631279 5.2285110917381452 -0.34091347625346247 -0.4114014604920021 4.8955942287232546 -0.48956243409268363 -0.87196824662670291 4.8998263340574697 0.12027024832479632 -0.65326151410235123 4.586844576291834 -0.39774184833539589 0.19092806398157097 4.5541629994473949 0.25185470217196176 0.35417631109906911 5.1016741475358725 6.5894770291674565e-06 3.6909588449346442e-06 4.6646337389353594 -0.27797457937651793 -0.36928319699631279 4.5541629994473949 0.25185470217196176 0.35417631109906911 5.1016741475358725 6.5894770291674565e-06 3.6909588449346442e-06 4.6646337389353594 -0.27797457937651793 -0.36928319699631279 4.701452846727455 0.43407392156649061 -0.24815675486553415 4.6646337389353594 -0.27797457937651793 -0.36928319699631279 4.701452846727455 0.43407392156649061 -0.24815675486553415 5.1016741475358725 6.5894770291674565e-06 3.6909588449346442e-06 4.8998263340574697 0.12027024832479632 -0.65326151410235123 4.701452846727455 0.43407392156649061 -0.24815675486553415 4.5541629994473949 0.25185470217196176 0.35417631109906911 5.1016741475358725 6.5894770291674565e-06 3.6909588449346442e-06 4.8978314899373121 0.65298402529980204 0.12076883398569528 4.6646337389353594 -0.27797457937651793 -0.36928319699631279 5.1016741475358725 6.5894770291674565e-06 3.6909588449346442e-06 5.2285110917381452 -0.34091347625346247 -0.4114014604920021 4.8998263340574697 0.12027024832479632 -0.65326151410235123 5.1016741475358725 6.5894770291674565e-06 3.6909588449346442e-06 5.1885006511447749 -0.31822929861751387 0.16560178947726284 4.6646337389353594 -0.27797457937651793 -0.36928319699631279 5.2285110917381452 -0.34091347625346247 -0.4114014604920021 5.1016741475358725 6.5894770291674565e-06 3.6909588449346442e-06 4.586844576291834 -0.39774184833539589 0.19092806398157097 4.6646337389353594 -0.27797457937651793 -0.36928319699631279 5.1885006511447749 -0.31822929861751387 0.16560178947726284 5.1885006511447749 -0.31822929861751387 0.16560178947726284 5.2285110917381452 -0.34091347625346247 -0.4114014604920021 5.055036088696605 -0.6690561339859914 0.018230682949820304 4.6646337389353594 -0.27797457937651793 -0.36928319699631279 5.055036088696605 -0.6690561339859914 0.018230682949820304 4.6646337389353594 -0.27797457937651793 -0.36928319699631279 4.586844576291834 -0.39774184833539589 0.19092806398157097 5.1885006511447749 -0.31822929861751387 0.16560178947726284 5.055036088696605 -0.6690561339859914 0.018230682949820304 4.586844576291834 -0.39774184833539589 0.19092806398157097 4.9014243595973968 -0.87226897309896345 0.48902641909091166 5.1885006511447749 -0.31822929861751387 0.16560178947726284 5.1016741475358725 6.5894770291674565e-06 3.6909588449346442e-06 4.9033560976913213 3.2947385145837282e-06 0.50000184547942261 4.586844576291834 -0.39774184833539589 0.19092806398157097 5.1885006511447749 -0.31822929861751387 0.16560178947726284 5.1016741475358725 6.5894770291674565e-06 3.6909588449346442e-06 4.5541629994473949 0.25185470217196176 0.35417631109906911 4.9033560976913213 3.2947385145837282e-06 0.50000184547942261 4.8978314899373121 0.65298402529980204 0.12076883398569528 4.7050380478467702 0 1.0000000000000002 4.5075618131772703 -0.48878585419683068 0.87240379913035404 4.5541629994473949 0.25185470217196176 0.35417631109906911 4.9033560976913213 3.2947385145837282e-06 0.50000184547942261 5.1016741475358725 6.5894770291674565e-06 3.6909588449346442e-06 4.5541629994473949 0.25185470217196176 0.35417631109906911 4.586844576291834 -0.39774184833539589 0.19092806398157097 4.9033560976913213 3.2947385145837282e-06 0.50000184547942261 4.586844576291834 -0.39774184833539589 0.19092806398157097 4.5541629994473949 0.25185470217196176 0.35417631109906911 4.5075618131772703 -0.48878585419683068 0.87240379913035404 4.9033560976913213 3.2947385145837282e-06 0.50000184547942261 4.7050380478467702 0 1.0000000000000002 4.5541629994473949 0.25185470217196176 0.35417631109906911 4.8940300912013512 0.48899110043840754 0.87228877310901798 4.9033560976913213 3.2947385145837282e-06 0.50000184547942261 4.8940300912013512 0.48899110043840754 0.87228877310901798 4.9033560976913213 3.2947385145837282e-06 0.50000184547942261 4.5541629994473949 0.25185470217196176 0.35417631109906911 4.8978314899373121 0.65298402529980204 0.12076883398569528 4.9014243595973968 -0.87226897309896345 0.48902641909091166 4.586844576291834 -0.39774184833539589 0.19092806398157097 5.1051484736842614 -0.48868262330197637 0.87246162877383859 5.1885006511447749 -0.31822929861751387 0.16560178947726284 4.9014243595973968 -0.87226897309896345 0.48902641909091166 4.5075618131772703 -0.48878585419683068 0.87240379913035404 5.1051484736842614 -0.48868262330197637 0.87246162877383859 4.586844576291834 -0.39774184833539589 0.19092806398157097 5.1051484736842614 -0.48868262330197637 0.87246162877383859 4.5075618131772703 -0.48878585419683068 0.87240379913035404 4.7050380478467702 0 1.0000000000000002 4.9033560976913213 3.2947385145837282e-06 0.50000184547942261 5.1051484736842614 -0.48868262330197637 0.87246162877383859 4.586844576291834 -0.39774184833539589 0.19092806398157097 4.5075618131772703 -0.48878585419683068 0.87240379913035404 4.9033560976913213 3.2947385145837282e-06 0.50000184547942261 4.586844576291834 -0.39774184833539589 0.19092806398157097 4.9033560976913213 3.2947385145837282e-06 0.50000184547942261 5.1051484736842614 -0.48868262330197637 0.87246162877383859 5.1885006511447749 -0.31822929861751387 0.16560178947726284 4.7050380478467702 0 1.0000000000000002 5.2949619521532467 0 1.0000000000000002 5.1051484736842614 -0.48868262330197637 0.87246162877383859 4.9033560976913213 3.2947385145837282e-06 0.50000184547942261 4.7050380478467702 0 1.0000000000000002 4.8940300912013512 0.48899110043840754 0.87228877310901798 5.2949619521532467 0 1.0000000000000002 4.9033560976913213 3.2947385145837282e-06 0.50000184547942261 5.3932139177671523 0.43581006083050677 0.24509868884636532 4.9033560976913213 3.2947385145837282e-06 0.50000184547942261 5.1016741475358725 6.5894770291674565e-06 3.6909588449346442e-06 5.1885006511447749 -0.31822929861751387 0.16560178947726284 4.8940300912013512 0.48899110043840754 0.87228877310901798 5.0942101331471683 0.87189412903311336 0.48969442283692471 5.4874029590927487 0.48881976531635424 0.87238479871904284 5.3932139177671523 0.43581006083050677 0.24509868884636532 4.8940300912013512 0.48899110043840754 0.87228877310901798 5.0942101331471683 0.87189412903311336 0.48969442283692471 5.3932139177671523 0.43581006083050677 0.24509868884636532 4.8978314899373121 0.65298402529980204 0.12076883398569528 4.8940300912013512 0.48899110043840754 0.87228877310901798 5.3932139177671523 0.43581006083050677 0.24509868884636532 4.9033560976913213 3.2947385145837282e-06 0.50000184547942261 4.8978314899373121 0.65298402529980204 0.12076883398569528 5.4874029590927487 0.48881976531635424 0.87238479871904284 5.2949619521532467 0 1.0000000000000002 4.8940300912013512 0.48899110043840754 0.87228877310901798 5.3932139177671523 0.43581006083050677 0.24509868884636532 5.2949619521532467 0 1.0000000000000002 4.8940300912013512 0.48899110043840754 0.87228877310901798 5.3932139177671523 0.43581006083050677 0.24509868884636532 4.9033560976913213 3.2947385145837282e-06 0.50000184547942261 5.1016741475358725 6.5894770291674565e-06 3.6909588449346442e-06 4.9033560976913213 3.2947385145837282e-06 0.50000184547942261 5.3932139177671523 0.43581006083050677 0.24509868884636532 4.8978314899373121 0.65298402529980204 0.12076883398569528 5.294961952153237 0.99999999999999989 3.2422291031557413e-16 5.3932139177671523 0.43581006083050677 0.24509868884636532 5.0942101331471683 0.87189412903311336 0.48969442283692471 4.8978314899373121 0.65298402529980204 0.12076883398569528 5.294961952153237 0.99999999999999989 3.2422291031557413e-16 5.0942101331471683 0.87189412903311336 0.48969442283692471 4.705038047846763 1 2.881004892581024e-16 4.8978314899373121 0.65298402529980204 0.12076883398569528 5.294961952153237 0.99999999999999989 3.2422291031557413e-16 4.705038047846763 1 2.881004892581024e-16 4.8955942287232528 0.87196824662670336 -0.48956243409268241 4.8978314899373121 0.65298402529980204 0.12076883398569528 4.705038047846763 0 -0.99999999999999967 5.294961952153237 0 -0.99999999999999956 5.0981998213874853 0.48869580225603471 -0.87245424685614881 4.8998263340574697 0.12027024832479632 -0.65326151410235123 4.705038047846763 0 -0.99999999999999967 4.8955942287232546 -0.48956243409268363 -0.87196824662670291 5.294961952153237 0 -0.99999999999999956 4.8998263340574697 0.12027024832479632 -0.65326151410235123 4.8955942287232546 -0.48956243409268363 -0.87196824662670291 5.2285110917381452 -0.34091347625346247 -0.4114014604920021 5.294961952153237 0 -0.99999999999999956 4.8998263340574697 0.12027024832479632 -0.65326151410235123 5.0981998213874871 -0.87245424685615014 -0.48869580225603254 5.4845709180486288 -0.48935202938469158 -0.87208634396892359 4.8955942287232546 -0.48956243409268363 -0.87196824662670291 5.2285110917381452 -0.34091347625346247 -0.4114014604920021 4.8955942287232546 -0.48956243409268363 -0.87196824662670291 5.4845709180486288 -0.48935202938469158 -0.87208634396892359 5.294961952153237 0 -0.99999999999999956 5.2285110917381452 -0.34091347625346247 -0.4114014604920021 4.9014243595973968 -0.87226897309896345 0.48902641909091166 5.1051484736842614 -0.48868262330197637 0.87246162877383859 5.4851926864701737 -0.87245216674240245 0.48869951580341014 5.1885006511447749 -0.31822929861751387 0.16560178947726284 5.055036088696605 -0.6690561339859914 0.018230682949820304 4.9014243595973968 -0.87226897309896345 0.48902641909091166 5.294961952153237 -0.99999999999999989 3.2422291031557413e-16 5.4851926864701737 -0.87245216674240245 0.48869951580341014 5.055036088696605 -0.6690561339859914 0.018230682949820304 4.9014243595973968 -0.87226897309896345 0.48902641909091166 5.4851926864701737 -0.87245216674240245 0.48869951580341014 5.1885006511447749 -0.31822929861751387 0.16560178947726284 4.701452846727455 0.43407392156649061 -0.24815675486553415 5.3944239612071598 0.24437268644597626 -0.43621323953773389 5.1016741475358725 6.5894770291674565e-06 3.6909588449346442e-06 4.8998263340574697 0.12027024832479632 -0.65326151410235123 5.0981998213874853 0.48869580225603471 -0.87245424685614881 4.8955942287232528 0.87196824662670336 -0.48956243409268241 4.701452846727455 0.43407392156649061 -0.24815675486553415 5.3944239612071598 0.24437268644597626 -0.43621323953773389 5.294961952153237 0 -0.99999999999999956 5.3944239612071598 0.24437268644597626 -0.43621323953773389 5.0981998213874853 0.48869580225603471 -0.87245424685614881 4.8998263340574697 0.12027024832479632 -0.65326151410235123 5.3944239612071598 0.24437268644597626 -0.43621323953773389 5.3932139177671523 0.43581006083050677 0.24509868884636532 5.294961952153237 0.99999999999999989 3.2422291031557413e-16 4.8978314899373121 0.65298402529980204 0.12076883398569528 5.0981998213874853 0.48869580225603471 -0.87245424685614881 5.3944239612071598 0.24437268644597626 -0.43621323953773389 4.701452846727455 0.43407392156649061 -0.24815675486553415 4.8998263340574697 0.12027024832479632 -0.65326151410235123 5.1016741475358725 6.5894770291674565e-06 3.6909588449346442e-06 5.3944239612071598 0.24437268644597626 -0.43621323953773389 4.701452846727455 0.43407392156649061 -0.24815675486553415 4.8978314899373121 0.65298402529980204 0.12076883398569528 5.294961952153237 0 -0.99999999999999956 5.2285110917381452 -0.34091347625346247 -0.4114014604920021 5.3944239612071598 0.24437268644597626 -0.43621323953773389 4.8998263340574697 0.12027024832479632 -0.65326151410235123 5.3944239612071598 0.24437268644597626 -0.43621323953773389 5.2285110917381452 -0.34091347625346247 -0.4114014604920021 5.1016741475358725 6.5894770291674565e-06 3.6909588449346442e-06 4.8998263340574697 0.12027024832479632 -0.65326151410235123 5.1016741475358725 6.5894770291674565e-06 3.6909588449346442e-06 5.3932139177671523 0.43581006083050677 0.24509868884636532 5.3944239612071598 0.24437268644597626 -0.43621323953773389 4.8978314899373121 0.65298402529980204 0.12076883398569528 4.8955942287232528 0.87196824662670336 -0.48956243409268241 4.701452846727455 0.43407392156649061 -0.24815675486553415 5.3944239612071598 0.24437268644597626 -0.43621323953773389 4.8978314899373121 0.65298402529980204 0.12076883398569528 5.3944239612071598 0.24437268644597626 -0.43621323953773389 5.294961952153237 0.99999999999999989 3.2422291031557413e-16 4.8955942287232528 0.87196824662670336 -0.48956243409268241 4.8978314899373121 0.65298402529980204 0.12076883398569528 5.6847536879984322 0.8716135321839843 0.49019368673388564 5.0942101331471683 0.87189412903311336 0.48969442283692471 5.294961952153237 0.99999999999999989 3.2422291031557413e-16 5.3932139177671523 0.43581006083050677 0.24509868884636532 5.4874029590927487 0.48881976531635424 0.87238479871904284 5.0942101331471683 0.87189412903311336 0.48969442283692471 5.6847536879984322 0.8716135321839843 0.49019368673388564 5.3932139177671523 0.43581006083050677 0.24509868884636532 5.0981998213874853 0.48869580225603471 -0.87245424685614881 5.4845709180486155 0.87208634396892848 -0.48935202938468314 4.8955942287232528 0.87196824662670336 -0.48956243409268241 5.3944239612071598 0.24437268644597626 -0.43621323953773389 5.4845709180486155 0.87208634396892848 -0.48935202938468314 5.3944239612071598 0.24437268644597626 -0.43621323953773389 5.294961952153237 0.99999999999999989 3.2422291031557413e-16 4.8955942287232528 0.87196824662670336 -0.48956243409268241 5.6871737748784454 0.48873878341492333 -0.87243017003431278 5.4845709180486155 0.87208634396892848 -0.48935202938468314 5.0981998213874853 0.48869580225603471 -0.87245424685614881 5.3944239612071598 0.24437268644597626 -0.43621323953773389 5.294961952153237 0 -0.99999999999999956 5.6871737748784454 0.48873878341492333 -0.87243017003431278 5.0981998213874853 0.48869580225603471 -0.87245424685614881 5.3944239612071598 0.24437268644597626 -0.43621323953773389 5.055036088696605 -0.6690561339859914 0.018230682949820304 5.4851926864701737 -0.87245216674240245 0.48869951580341014 5.4479047070034383 -0.60947700020544415 -0.071570706520252575 5.1885006511447749 -0.31822929861751387 0.16560178947726284 5.055036088696605 -0.6690561339859914 0.018230682949820304 5.0981998213874871 -0.87245424685615014 -0.48869580225603254 5.4479047070034383 -0.60947700020544415 -0.071570706520252575 5.294961952153237 -0.99999999999999989 3.2422291031557413e-16 5.4479047070034383 -0.60947700020544415 -0.071570706520252575 5.1885006511447749 -0.31822929861751387 0.16560178947726284 5.2285110917381452 -0.34091347625346247 -0.4114014604920021 5.055036088696605 -0.6690561339859914 0.018230682949820304 5.4479047070034383 -0.60947700020544415 -0.071570706520252575 5.2285110917381452 -0.34091347625346247 -0.4114014604920021 5.0981998213874871 -0.87245424685615014 -0.48869580225603254 5.055036088696605 -0.6690561339859914 0.018230682949820304 5.055036088696605 -0.6690561339859914 0.018230682949820304 5.294961952153237 -0.99999999999999989 3.2422291031557413e-16 5.4479047070034383 -0.60947700020544415 -0.071570706520252575 5.4851926864701737 -0.87245216674240245 0.48869951580341014 5.4479047070034383 -0.60947700020544415 -0.071570706520252575 5.6871737748784561 -0.87243017003431955 -0.48873878341491178 5.294961952153237 -0.99999999999999989 3.2422291031557413e-16 5.0981998213874871 -0.87245424685615014 -0.48869580225603254 5.6871737748784561 -0.87243017003431955 -0.48873878341491178 5.4845709180486288 -0.48935202938469158 -0.87208634396892359 5.0981998213874871 -0.87245424685615014 -0.48869580225603254 5.2285110917381452 -0.34091347625346247 -0.4114014604920021 5.4479047070034383 -0.60947700020544415 -0.071570706520252575 5.6871737748784561 -0.87243017003431955 -0.48873878341491178 5.0981998213874871 -0.87245424685615014 -0.48869580225603254 5.2285110917381452 -0.34091347625346247 -0.4114014604920021 5.4479047070034383 -0.60947700020544415 -0.071570706520252575 5.88488585645971 -1 3.6034533137304572e-16 5.294961952153237 -0.99999999999999989 3.2422291031557413e-16 5.6871737748784561 -0.87243017003431955 -0.48873878341491178 5.4479047070034383 -0.60947700020544415 -0.071570706520252575 5.88488585645971 -1 3.6034533137304572e-16 5.4851926864701737 -0.87245216674240245 0.48869951580341014 5.294961952153237 -0.99999999999999989 3.2422291031557413e-16 5.7205161925867944 -0.18255045583756416 -0.29710684201233639 5.1885006511447749 -0.31822929861751387 0.16560178947726284 5.1016741475358725 6.5894770291674565e-06 3.6909588449346442e-06 5.2285110917381452 -0.34091347625346247 -0.4114014604920021 5.1016741475358725 6.5894770291674565e-06 3.6909588449346442e-06 5.3944239612071598 0.24437268644597626 -0.43621323953773389 5.7205161925867944 -0.18255045583756416 -0.29710684201233639 5.2285110917381452 -0.34091347625346247 -0.4114014604920021 5.4479047070034383 -0.60947700020544415 -0.071570706520252575 5.1885006511447749 -0.31822929861751387 0.16560178947726284 5.7205161925867944 -0.18255045583756416 -0.29710684201233639 5.2285110917381452 -0.34091347625346247 -0.4114014604920021 5.1016741475358725 6.5894770291674565e-06 3.6909588449346442e-06 5.1885006511447749 -0.31822929861751387 0.16560178947726284 5.7205161925867944 -0.18255045583756416 -0.29710684201233639 5.3932139177671523 0.43581006083050677 0.24509868884636532 5.6871737748784561 -0.87243017003431955 -0.48873878341491178 5.7205161925867944 -0.18255045583756416 -0.29710684201233639 5.4845709180486288 -0.48935202938469158 -0.87208634396892359 5.2285110917381452 -0.34091347625346247 -0.4114014604920021 5.294961952153237 0 -0.99999999999999956 5.4845709180486288 -0.48935202938469158 -0.87208634396892359 5.7205161925867944 -0.18255045583756416 -0.29710684201233639 5.2285110917381452 -0.34091347625346247 -0.4114014604920021 5.4479047070034383 -0.60947700020544415 -0.071570706520252575 5.6871737748784561 -0.87243017003431955 -0.48873878341491178 5.2285110917381452 -0.34091347625346247 -0.4114014604920021 5.7205161925867944 -0.18255045583756416 -0.29710684201233639 5.294961952153237 0 -0.99999999999999956 5.7205161925867944 -0.18255045583756416 -0.29710684201233639 5.3944239612071598 0.24437268644597626 -0.43621323953773389 5.2285110917381452 -0.34091347625346247 -0.4114014604920021 5.7205161925867944 -0.18255045583756416 -0.29710684201233639 5.3944239612071598 0.24437268644597626 -0.43621323953773389 5.1016741475358725 6.5894770291674565e-06 3.6909588449346442e-06 5.3932139177671523 0.43581006083050677 0.24509868884636532 5.4851926864701737 -0.87245216674240245 0.48869951580341014 5.1051484736842614 -0.48868262330197637 0.87246162877383859 5.6864489125290394 -0.48887813624746118 0.87235208941069742 5.6677977259830907 -0.31168313321474095 0.43169205740592387 5.4479047070034383 -0.60947700020544415 -0.071570706520252575 5.7205161925867944 -0.18255045583756416 -0.29710684201233639 5.1885006511447749 -0.31822929861751387 0.16560178947726284 5.6677977259830907 -0.31168313321474095 0.43169205740592387 5.3932139177671523 0.43581006083050677 0.24509868884636532 5.6677977259830907 -0.31168313321474095 0.43169205740592387 4.9033560976913213 3.2947385145837282e-06 0.50000184547942261 5.1885006511447749 -0.31822929861751387 0.16560178947726284 5.4479047070034383 -0.60947700020544415 -0.071570706520252575 5.88488585645971 -1 3.6034533137304572e-16 5.6677977259830907 -0.31168313321474095 0.43169205740592387 5.4851926864701737 -0.87245216674240245 0.48869951580341014 5.1885006511447749 -0.31822929861751387 0.16560178947726284 5.7205161925867944 -0.18255045583756416 -0.29710684201233639 5.3932139177671523 0.43581006083050677 0.24509868884636532 5.6677977259830907 -0.31168313321474095 0.43169205740592387 5.6864489125290394 -0.48887813624746118 0.87235208941069742 5.1051484736842614 -0.48868262330197637 0.87246162877383859 5.2949619521532467 0 1.0000000000000002 5.6677977259830907 -0.31168313321474095 0.43169205740592387 5.4479047070034383 -0.60947700020544415 -0.071570706520252575 5.4851926864701737 -0.87245216674240245 0.48869951580341014 5.6677977259830907 -0.31168313321474095 0.43169205740592387 5.1885006511447749 -0.31822929861751387 0.16560178947726284 5.2949619521532467 0 1.0000000000000002 5.3932139177671523 0.43581006083050677 0.24509868884636532 5.6677977259830907 -0.31168313321474095 0.43169205740592387 4.9033560976913213 3.2947385145837282e-06 0.50000184547942261 5.1051484736842614 -0.48868262330197637 0.87246162877383859 5.6677977259830907 -0.31168313321474095 0.43169205740592387 5.4851926864701737 -0.87245216674240245 0.48869951580341014 5.1885006511447749 -0.31822929861751387 0.16560178947726284 5.2949619521532467 0 1.0000000000000002 5.6677977259830907 -0.31168313321474095 0.43169205740592387 5.1051484736842614 -0.48868262330197637 0.87246162877383859 4.9033560976913213 3.2947385145837282e-06 0.50000184547942261 5.6677977259830907 -0.31168313321474095 0.43169205740592387 5.1051484736842614 -0.48868262330197637 0.87246162877383859 4.9033560976913213 3.2947385145837282e-06 0.50000184547942261 5.1885006511447749 -0.31822929861751387 0.16560178947726284 5.4845709180486155 0.87208634396892848 -0.48935202938468314 5.3944239612071598 0.24437268644597626 -0.43621323953773389 5.8805544419938887 0.43598163924394534 -0.24456625433490398 5.294961952153237 0.99999999999999989 3.2422291031557413e-16 5.6871737748784454 0.48873878341492333 -0.87243017003431278 5.8805544419938887 0.43598163924394534 -0.24456625433490398 5.4845709180486155 0.87208634396892848 -0.48935202938468314 5.3944239612071598 0.24437268644597626 -0.43621323953773389 5.3944239612071598 0.24437268644597626 -0.43621323953773389 5.8805544419938887 0.43598163924394534 -0.24456625433490398 5.294961952153237 0.99999999999999989 3.2422291031557413e-16 5.3932139177671523 0.43581006083050677 0.24509868884636532 5.8805544419938887 0.43598163924394534 -0.24456625433490398 5.3944239612071598 0.24437268644597626 -0.43621323953773389 5.7205161925867944 -0.18255045583756416 -0.29710684201233639 5.3932139177671523 0.43581006083050677 0.24509868884636532 5.2949619521532467 0 1.0000000000000002 5.8848858564597215 0 1.0000000000000004 5.6864489125290394 -0.48887813624746118 0.87235208941069742 5.6677977259830907 -0.31168313321474095 0.43169205740592387 5.7205161925867944 -0.18255045583756416 -0.29710684201233639 5.8819704625159552 0.24434834991765819 0.43630215971695896 5.8805544419938887 0.43598163924394534 -0.24456625433490398 5.3932139177671523 0.43581006083050677 0.24509868884636532 5.2949619521532467 0 1.0000000000000002 5.4874029590927487 0.48881976531635424 0.87238479871904284 5.8848858564597215 0 1.0000000000000004 5.8819704625159552 0.24434834991765819 0.43630215971695896 5.2949619521532467 0 1.0000000000000002 5.4874029590927487 0.48881976531635424 0.87238479871904284 5.8819704625159552 0.24434834991765819 0.43630215971695896 5.3932139177671523 0.43581006083050677 0.24509868884636532 5.4874029590927487 0.48881976531635424 0.87238479871904284 5.6847536879984322 0.8716135321839843 0.49019368673388564 5.8819704625159552 0.24434834991765819 0.43630215971695896 5.3932139177671523 0.43581006083050677 0.24509868884636532 5.2949619521532467 0 1.0000000000000002 5.8819704625159552 0.24434834991765819 0.43630215971695896 5.8848858564597215 0 1.0000000000000004 5.6677977259830907 -0.31168313321474095 0.43169205740592387 5.7205161925867944 -0.18255045583756416 -0.29710684201233639 5.6677977259830907 -0.31168313321474095 0.43169205740592387 5.8819704625159552 0.24434834991765819 0.43630215971695896 5.3932139177671523 0.43581006083050677 0.24509868884636532 5.2949619521532467 0 1.0000000000000002 5.8819704625159552 0.24434834991765819 0.43630215971695896 5.6677977259830907 -0.31168313321474095 0.43169205740592387 5.3932139177671523 0.43581006083050677 0.24509868884636532 5.4874029590927487 0.48881976531635424 0.87238479871904284 5.6847536879984322 0.8716135321839843 0.49019368673388564 6.0762676264481899 0.48877025261849694 0.87241254011806357 5.8819704625159552 0.24434834991765819 0.43630215971695896 5.8848858564597215 0 1.0000000000000004 5.4874029590927487 0.48881976531635424 0.87238479871904284 6.0762676264481899 0.48877025261849694 0.87241254011806357 5.8819704625159552 0.24434834991765819 0.43630215971695896 5.6847536879984322 0.8716135321839843 0.49019368673388564 5.8819704625159552 0.24434834991765819 0.43630215971695896 5.3932139177671523 0.43581006083050677 0.24509868884636532 6.0757701147919185 0.65406883932232396 0.12233077418367737 5.8805544419938887 0.43598163924394534 -0.24456625433490398 5.3932139177671523 0.43581006083050677 0.24509868884636532 5.8819704625159552 0.24434834991765819 0.43630215971695896 6.0757701147919185 0.65406883932232396 0.12233077418367737 5.88488585645971 1 3.6034533137304572e-16 5.294961952153237 0.99999999999999989 3.2422291031557413e-16 5.8805544419938887 0.43598163924394534 -0.24456625433490398 5.3932139177671523 0.43581006083050677 0.24509868884636532 5.88488585645971 1 3.6034533137304572e-16 5.294961952153237 0.99999999999999989 3.2422291031557413e-16 5.4845709180486155 0.87208634396892848 -0.48935202938468314 5.8805544419938887 0.43598163924394534 -0.24456625433490398 5.88488585645971 1 3.6034533137304572e-16 5.6847536879984322 0.8716135321839843 0.49019368673388564 5.294961952153237 0.99999999999999989 3.2422291031557413e-16 5.3932139177671523 0.43581006083050677 0.24509868884636532 5.88488585645971 1 3.6034533137304572e-16 5.6847536879984322 0.8716135321839843 0.49019368673388564 5.3932139177671523 0.43581006083050677 0.24509868884636532 6.0757701147919185 0.65406883932232396 0.12233077418367737 5.88488585645971 1 3.6034533137304572e-16 5.3932139177671523 0.43581006083050677 0.24509868884636532 5.8805544419938887 0.43598163924394534 -0.24456625433490398 6.0757701147919185 0.65406883932232396 0.12233077418367737 5.294961952153237 0 -0.99999999999999956 5.7205161925867944 -0.18255045583756416 -0.29710684201233639 5.88488585645971 0 -0.99999999999999956 5.3944239612071598 0.24437268644597626 -0.43621323953773389 5.294961952153237 0 -0.99999999999999956 5.4845709180486288 -0.48935202938469158 -0.87208634396892359 5.88488585645971 0 -0.99999999999999956 5.7205161925867944 -0.18255045583756416 -0.29710684201233639 5.294961952153237 0 -0.99999999999999956 5.88488585645971 0 -0.99999999999999956 5.6871737748784454 0.48873878341492333 -0.87243017003431278 5.3944239612071598 0.24437268644597626 -0.43621323953773389 5.4845709180486288 -0.48935202938469158 -0.87208634396892359 6.0790298239628635 -0.48922102162783609 -0.87215984314655026 5.88488585645971 0 -0.99999999999999956 5.7205161925867944 -0.18255045583756416 -0.29710684201233639 5.6871737748784561 -0.87243017003431955 -0.48873878341491178 6.0790298239628635 -0.48922102162783609 -0.87215984314655026 5.4845709180486288 -0.48935202938469158 -0.87208634396892359 5.7205161925867944 -0.18255045583756416 -0.29710684201233639 5.6864489125290394 -0.48887813624746118 0.87235208941069742 5.6677977259830907 -0.31168313321474095 0.43169205740592387 5.8848858564597215 0 1.0000000000000004 6.0795644161399309 -0.12234111165868919 0.6542844019176326 5.8848858564597215 0 1.0000000000000004 5.6677977259830907 -0.31168313321474095 0.43169205740592387 5.8819704625159552 0.24434834991765819 0.43630215971695896 6.0795644161399309 -0.12234111165868919 0.6542844019176326 5.8848858564597215 0 1.0000000000000004 5.8819704625159552 0.24434834991765819 0.43630215971695896 6.0762676264481899 0.48877025261849694 0.87241254011806357 6.0795644161399309 -0.12234111165868919 0.6542844019176326 5.4851926864701737 -0.87245216674240245 0.48869951580341014 6.0767924180217641 -0.87224398231943834 0.4890709920937118 5.88488585645971 -1 3.6034533137304572e-16 5.6677977259830907 -0.31168313321474095 0.43169205740592387 5.6677977259830907 -0.31168313321474095 0.43169205740592387 6.0767924180217641 -0.87224398231943834 0.4890709920937118 6.0795644161399309 -0.12234111165868919 0.6542844019176326 5.6864489125290394 -0.48887813624746118 0.87235208941069742 5.4851926864701737 -0.87245216674240245 0.48869951580341014 5.6864489125290394 -0.48887813624746118 0.87235208941069742 6.0767924180217641 -0.87224398231943834 0.4890709920937118 5.6677977259830907 -0.31168313321474095 0.43169205740592387 6.2771583697639075 -0.48903057323503651 0.87226664411830634 5.6864489125290394 -0.48887813624746118 0.87235208941069742 5.8848858564597215 0 1.0000000000000004 6.0795644161399309 -0.12234111165868919 0.6542844019176326 6.0767924180217641 -0.87224398231943834 0.4890709920937118 6.0795644161399309 -0.12234111165868919 0.6542844019176326 5.6864489125290394 -0.48887813624746118 0.87235208941069742 6.2771583697639075 -0.48903057323503651 0.87226664411830634 5.88488585645971 0 -0.99999999999999956 5.7205161925867944 -0.18255045583756416 -0.29710684201233639 6.0790298239628635 -0.48922102162783609 -0.87215984314655026 6.032977126362228 0.13528224793868721 -0.6195273446188283 5.88488585645971 0 -0.99999999999999956 5.6871737748784454 0.48873878341492333 -0.87243017003431278 5.3944239612071598 0.24437268644597626 -0.43621323953773389 6.032977126362228 0.13528224793868721 -0.6195273446188283 5.88488585645971 0 -0.99999999999999956 5.3944239612071598 0.24437268644597626 -0.43621323953773389 5.7205161925867944 -0.18255045583756416 -0.29710684201233639 6.032977126362228 0.13528224793868721 -0.6195273446188283 5.6871737748784454 0.48873878341492333 -0.87243017003431278 5.8805544419938887 0.43598163924394534 -0.24456625433490398 5.3944239612071598 0.24437268644597626 -0.43621323953773389 6.032977126362228 0.13528224793868721 -0.6195273446188283 5.7205161925867944 -0.18255045583756416 -0.29710684201233639 5.3944239612071598 0.24437268644597626 -0.43621323953773389 5.8805544419938887 0.43598163924394534 -0.24456625433490398 6.032977126362228 0.13528224793868721 -0.6195273446188283 6.0762676264481899 0.48877025261849694 0.87241254011806357 5.6847536879984322 0.8716135321839843 0.49019368673388564 6.2709857875899493 0.87215603940070274 0.48922780270225874 5.8819704625159552 0.24434834991765819 0.43630215971695896 6.2709857875899493 0.87215603940070274 0.48922780270225874 5.6847536879984322 0.8716135321839843 0.49019368673388564 5.88488585645971 1 3.6034533137304572e-16 6.0757701147919185 0.65406883932232396 0.12233077418367737 6.2709857875899493 0.87215603940070274 0.48922780270225874 5.8819704625159552 0.24434834991765819 0.43630215971695896 5.6847536879984322 0.8716135321839843 0.49019368673388564 6.0757701147919185 0.65406883932232396 0.12233077418367737 5.6871737748784454 0.48873878341492333 -0.87243017003431278 6.0790298239628093 0.87215984314656836 -0.4892210216278044 5.4845709180486155 0.87208634396892848 -0.48935202938468314 5.8805544419938887 0.43598163924394534 -0.24456625433490398 5.4845709180486155 0.87208634396892848 -0.48935202938468314 6.0790298239628093 0.87215984314656836 -0.4892210216278044 5.88488585645971 1 3.6034533137304572e-16 5.8805544419938887 0.43598163924394534 -0.24456625433490398 6.0790298239628093 0.87215984314656836 -0.4892210216278044 5.8805544419938887 0.43598163924394534 -0.24456625433490398 5.6871737748784454 0.48873878341492333 -0.87243017003431278 6.032977126362228 0.13528224793868721 -0.6195273446188283 5.88488585645971 1 3.6034533137304572e-16 5.8805544419938887 0.43598163924394534 -0.24456625433490398 6.0790298239628093 0.87215984314656836 -0.4892210216278044 6.0757701147919185 0.65406883932232396 0.12233077418367737 6.2820901442882837 0.48878876127256149 -0.87240217036274859 6.0790298239628093 0.87215984314656836 -0.4892210216278044 5.6871737748784454 0.48873878341492333 -0.87243017003431278 6.032977126362228 0.13528224793868721 -0.6195273446188283 6.2820901442882837 0.48878876127256149 -0.87240217036274859 5.6871737748784454 0.48873878341492333 -0.87243017003431278 5.88488585645971 0 -0.99999999999999956 6.032977126362228 0.13528224793868721 -0.6195273446188283 6.0767924180217641 -0.87224398231943834 0.4890709920937118 5.88488585645971 -1 3.6034533137304572e-16 5.6677977259830907 -0.31168313321474095 0.43169205740592387 6.1050991485992707 -0.52374498071681297 -0.0031825040025673878 5.4479047070034383 -0.60947700020544415 -0.071570706520252575 5.6871737748784561 -0.87243017003431955 -0.48873878341491178 5.7205161925867944 -0.18255045583756416 -0.29710684201233639 6.1050991485992707 -0.52374498071681297 -0.0031825040025673878 5.4479047070034383 -0.60947700020544415 -0.071570706520252575 5.7205161925867944 -0.18255045583756416 -0.29710684201233639 5.6677977259830907 -0.31168313321474095 0.43169205740592387 6.1050991485992707 -0.52374498071681297 -0.0031825040025673878 5.4479047070034383 -0.60947700020544415 -0.071570706520252575 5.88488585645971 -1 3.6034533137304572e-16 5.6871737748784561 -0.87243017003431955 -0.48873878341491178 6.1050991485992707 -0.52374498071681297 -0.0031825040025673878 6.0767924180217641 -0.87224398231943834 0.4890709920937118 6.1050991485992707 -0.52374498071681297 -0.0031825040025673878 5.6677977259830907 -0.31168313321474095 0.43169205740592387 6.0795644161399309 -0.12234111165868919 0.6542844019176326 5.4479047070034383 -0.60947700020544415 -0.071570706520252575 5.88488585645971 -1 3.6034533137304572e-16 6.1050991485992707 -0.52374498071681297 -0.0031825040025673878 5.6677977259830907 -0.31168313321474095 0.43169205740592387 5.88488585645971 -1 3.6034533137304572e-16 6.2820901442883743 -0.87240217036277845 -0.48878876127250848 5.6871737748784561 -0.87243017003431955 -0.48873878341491178 6.1050991485992707 -0.52374498071681297 -0.0031825040025673878 6.2820901442883743 -0.87240217036277845 -0.48878876127250848 5.7205161925867944 -0.18255045583756416 -0.29710684201233639 5.6871737748784561 -0.87243017003431955 -0.48873878341491178 6.1050991485992707 -0.52374498071681297 -0.0031825040025673878 6.2820901442883743 -0.87240217036277845 -0.48878876127250848 6.0790298239628635 -0.48922102162783609 -0.87215984314655026 5.6871737748784561 -0.87243017003431955 -0.48873878341491178 5.7205161925867944 -0.18255045583756416 -0.29710684201233639 6.4748097607661839 -1 3.964677524305173e-16 6.2820901442883743 -0.87240217036277845 -0.48878876127250848 5.88488585645971 -1 3.6034533137304572e-16 6.1050991485992707 -0.52374498071681297 -0.0031825040025673878 6.4748097607661839 -1 3.964677524305173e-16 5.88488585645971 -1 3.6034533137304572e-16 6.0767924180217641 -0.87224398231943834 0.4890709920937118 6.1050991485992707 -0.52374498071681297 -0.0031825040025673878 6.2820901442882837 0.48878876127256149 -0.87240217036274859 6.0790298239628093 0.87215984314656836 -0.4892210216278044 6.032977126362228 0.13528224793868721 -0.6195273446188283 6.4729793731289798 0.43599112786007288 -0.2445493436692571 6.0790298239628093 0.87215984314656836 -0.4892210216278044 6.032977126362228 0.13528224793868721 -0.6195273446188283 6.4729793731289798 0.43599112786007288 -0.2445493436692571 5.8805544419938887 0.43598163924394534 -0.24456625433490398 5.8805544419938887 0.43598163924394534 -0.24456625433490398 6.4729793731289798 0.43599112786007288 -0.2445493436692571 6.0790298239628093 0.87215984314656836 -0.4892210216278044 6.0757701147919185 0.65406883932232396 0.12233077418367737 6.2820901442883743 -0.87240217036277845 -0.48878876127250848 6.4729793731290828 -0.24472063676727471 -0.43594290024311977 5.7205161925867944 -0.18255045583756416 -0.29710684201233639 6.1050991485992707 -0.52374498071681297 -0.0031825040025673878 5.7205161925867944 -0.18255045583756416 -0.29710684201233639 6.4729793731290828 -0.24472063676727471 -0.43594290024311977 6.0790298239628635 -0.48922102162783609 -0.87215984314655026 6.032977126362228 0.13528224793868721 -0.6195273446188283 6.2820901442883743 -0.87240217036277845 -0.48878876127250848 6.0790298239628635 -0.48922102162783609 -0.87215984314655026 5.7205161925867944 -0.18255045583756416 -0.29710684201233639 6.4729793731290828 -0.24472063676727471 -0.43594290024311977 6.2765379659391618 -0.00012306548103788173 0.00021952071487511132 5.6677977259830907 -0.31168313321474095 0.43169205740592387 5.7205161925867944 -0.18255045583756416 -0.29710684201233639 6.1050991485992707 -0.52374498071681297 -0.0031825040025673878 6.2765379659391618 -0.00012306548103788173 0.00021952071487511132 5.7205161925867944 -0.18255045583756416 -0.29710684201233639 5.8805544419938887 0.43598163924394534 -0.24456625433490398 6.032977126362228 0.13528224793868721 -0.6195273446188283 6.2765379659391618 -0.00012306548103788173 0.00021952071487511132 6.4729793731290828 -0.24472063676727471 -0.43594290024311977 5.7205161925867944 -0.18255045583756416 -0.29710684201233639 6.032977126362228 0.13528224793868721 -0.6195273446188283 5.8805544419938887 0.43598163924394534 -0.24456625433490398 5.7205161925867944 -0.18255045583756416 -0.29710684201233639 6.2765379659391618 -0.00012306548103788173 0.00021952071487511132 5.8819704625159552 0.24434834991765819 0.43630215971695896 5.8819704625159552 0.24434834991765819 0.43630215971695896 5.6677977259830907 -0.31168313321474095 0.43169205740592387 6.2765379659391618 -0.00012306548103788173 0.00021952071487511132 6.0795644161399309 -0.12234111165868919 0.6542844019176326 6.2765379659391618 -0.00012306548103788173 0.00021952071487511132 5.8819704625159552 0.24434834991765819 0.43630215971695896 5.7205161925867944 -0.18255045583756416 -0.29710684201233639 5.6677977259830907 -0.31168313321474095 0.43169205740592387 5.8805544419938887 0.43598163924394534 -0.24456625433490398 5.8819704625159552 0.24434834991765819 0.43630215971695896 6.2765379659391618 -0.00012306548103788173 0.00021952071487511132 6.0757701147919185 0.65406883932232396 0.12233077418367737 6.2765379659391618 -0.00012306548103788173 0.00021952071487511132 5.6677977259830907 -0.31168313321474095 0.43169205740592387 6.1050991485992707 -0.52374498071681297 -0.0031825040025673878 6.0795644161399309 -0.12234111165868919 0.6542844019176326 5.8805544419938887 0.43598163924394534 -0.24456625433490398 6.2765379659391618 -0.00012306548103788173 0.00021952071487511132 6.4729793731289798 0.43599112786007288 -0.2445493436692571 6.0757701147919185 0.65406883932232396 0.12233077418367737 5.7205161925867944 -0.18255045583756416 -0.29710684201233639 6.4729793731290828 -0.24472063676727471 -0.43594290024311977 6.2765379659391618 -0.00012306548103788173 0.00021952071487511132 6.1050991485992707 -0.52374498071681297 -0.0031825040025673878 6.2765379659391618 -0.00012306548103788173 0.00021952071487511132 5.8805544419938887 0.43598163924394534 -0.24456625433490398 6.4729793731289798 0.43599112786007288 -0.2445493436692571 6.032977126362228 0.13528224793868721 -0.6195273446188283 6.2765379659391618 -0.00012306548103788173 0.00021952071487511132 6.4729793731289798 0.43599112786007288 -0.2445493436692571 6.4729793731290828 -0.24472063676727471 -0.43594290024311977 6.032977126362228 0.13528224793868721 -0.6195273446188283 5.8848858564597215 0 1.0000000000000004 6.4748097607661963 0 1.0000000000000004 6.2771583697639075 -0.48903057323503651 0.87226664411830634 6.0795644161399309 -0.12234111165868919 0.6542844019176326 5.8848858564597215 0 1.0000000000000004 6.0762676264481899 0.48877025261849694 0.87241254011806357 6.4748097607661963 0 1.0000000000000004 6.0795644161399309 -0.12234111165868919 0.6542844019176326 6.5692993409947329 0.43564532895944202 0.24538415907766931 6.4729793731289798 0.43599112786007288 -0.2445493436692571 6.2765379659391618 -0.00012306548103788173 0.00021952071487511132 6.0757701147919185 0.65406883932232396 0.12233077418367737 5.8819704625159552 0.24434834991765819 0.43630215971695896 6.5692993409947329 0.43564532895944202 0.24538415907766931 6.2765379659391618 -0.00012306548103788173 0.00021952071487511132 6.0757701147919185 0.65406883932232396 0.12233077418367737 6.0762676264481899 0.48877025261849694 0.87241254011806357 6.2709857875899493 0.87215603940070274 0.48922780270225874 6.661639677934442 0.48892148747108566 0.87232779337188493 6.5692993409947329 0.43564532895944202 0.24538415907766931 6.0762676264481899 0.48877025261849694 0.87241254011806357 5.8819704625159552 0.24434834991765819 0.43630215971695896 6.2709857875899493 0.87215603940070274 0.48922780270225874 6.5692993409947329 0.43564532895944202 0.24538415907766931 5.8819704625159552 0.24434834991765819 0.43630215971695896 6.2765379659391618 -0.00012306548103788173 0.00021952071487511132 6.5692993409947329 0.43564532895944202 0.24538415907766931 6.0795644161399309 -0.12234111165868919 0.6542844019176326 6.2709857875899493 0.87215603940070274 0.48922780270225874 6.5692993409947329 0.43564532895944202 0.24538415907766931 5.8819704625159552 0.24434834991765819 0.43630215971695896 6.0757701147919185 0.65406883932232396 0.12233077418367737 5.8819704625159552 0.24434834991765819 0.43630215971695896 6.5692993409947329 0.43564532895944202 0.24538415907766931 6.0762676264481899 0.48877025261849694 0.87241254011806357 6.0795644161399309 -0.12234111165868919 0.6542844019176326 6.0762676264481899 0.48877025261849694 0.87241254011806357 6.5692993409947329 0.43564532895944202 0.24538415907766931 6.4748097607661963 0 1.0000000000000004 6.0795644161399309 -0.12234111165868919 0.6542844019176326 6.661639677934442 0.48892148747108566 0.87232779337188493 6.0762676264481899 0.48877025261849694 0.87241254011806357 6.5692993409947329 0.43564532895944202 0.24538415907766931 6.4748097607661963 0 1.0000000000000004 5.88488585645971 1 3.6034533137304572e-16 6.4748097607661839 1 3.964677524305173e-16 6.2709857875899493 0.87215603940070274 0.48922780270225874 6.0757701147919185 0.65406883932232396 0.12233077418367737 6.4748097607661839 1 3.964677524305173e-16 6.5692993409947329 0.43564532895944202 0.24538415907766931 6.2709857875899493 0.87215603940070274 0.48922780270225874 6.0757701147919185 0.65406883932232396 0.12233077418367737 6.4748097607661839 1 3.964677524305173e-16 6.4729793731289798 0.43599112786007288 -0.2445493436692571 6.5692993409947329 0.43564532895944202 0.24538415907766931 6.0757701147919185 0.65406883932232396 0.12233077418367737 5.88488585645971 1 3.6034533137304572e-16 6.0790298239628093 0.87215984314656836 -0.4892210216278044 6.4748097607661839 1 3.964677524305173e-16 6.0757701147919185 0.65406883932232396 0.12233077418367737 6.0790298239628093 0.87215984314656836 -0.4892210216278044 6.4729793731289798 0.43599112786007288 -0.2445493436692571 6.4748097607661839 1 3.964677524305173e-16 6.0757701147919185 0.65406883932232396 0.12233077418367737 6.0790298239628635 -0.48922102162783609 -0.87215984314655026 6.4729793731290828 -0.24472063676727471 -0.43594290024311977 6.4748097607661839 0 -0.99999999999999944 6.032977126362228 0.13528224793868721 -0.6195273446188283 5.88488585645971 0 -0.99999999999999956 6.4748097607661839 0 -0.99999999999999944 6.2820901442882837 0.48878876127256149 -0.87240217036274859 6.032977126362228 0.13528224793868721 -0.6195273446188283 5.88488585645971 0 -0.99999999999999956 6.0790298239628635 -0.48922102162783609 -0.87215984314655026 6.4748097607661839 0 -0.99999999999999944 6.032977126362228 0.13528224793868721 -0.6195273446188283 6.0790298239628635 -0.48922102162783609 -0.87215984314655026 6.6694207803190038 -0.48931820805351151 -0.87210532120111461 6.4748097607661839 0 -0.99999999999999944 6.4729793731290828 -0.24472063676727471 -0.43594290024311977 6.2820901442883743 -0.87240217036277845 -0.48878876127250848 6.6694207803190038 -0.48931820805351151 -0.87210532120111461 6.0790298239628635 -0.48922102162783609 -0.87215984314655026 6.4729793731290828 -0.24472063676727471 -0.43594290024311977 6.6666215231853867 -0.872215785411661 0.48912127706604619 6.5711365820904133 -0.24459275416824544 0.43623414828714796 6.4748097607661839 -1 3.964677524305173e-16 6.0767924180217641 -0.87224398231943834 0.4890709920937118 6.4748097607661963 0 1.0000000000000004 6.5711365820904133 -0.24459275416824544 0.43623414828714796 6.2771583697639075 -0.48903057323503651 0.87226664411830634 6.0795644161399309 -0.12234111165868919 0.6542844019176326 6.0767924180217641 -0.87224398231943834 0.4890709920937118 6.5711365820904133 -0.24459275416824544 0.43623414828714796 6.1050991485992707 -0.52374498071681297 -0.0031825040025673878 6.0795644161399309 -0.12234111165868919 0.6542844019176326 6.0767924180217641 -0.87224398231943834 0.4890709920937118 6.2771583697639075 -0.48903057323503651 0.87226664411830634 6.6666215231853867 -0.872215785411661 0.48912127706604619 6.5711365820904133 -0.24459275416824544 0.43623414828714796 6.5711365820904133 -0.24459275416824544 0.43623414828714796 6.4748097607661839 -1 3.964677524305173e-16 6.0767924180217641 -0.87224398231943834 0.4890709920937118 6.1050991485992707 -0.52374498071681297 -0.0031825040025673878 6.2765379659391618 -0.00012306548103788173 0.00021952071487511132 6.4729793731290828 -0.24472063676727471 -0.43594290024311977 6.5711365820904133 -0.24459275416824544 0.43623414828714796 6.1050991485992707 -0.52374498071681297 -0.0031825040025673878 6.0767924180217641 -0.87224398231943834 0.4890709920937118 6.2771583697639075 -0.48903057323503651 0.87226664411830634 6.5711365820904133 -0.24459275416824544 0.43623414828714796 6.0795644161399309 -0.12234111165868919 0.6542844019176326 6.5711365820904133 -0.24459275416824544 0.43623414828714796 6.5692993409947329 0.43564532895944202 0.24538415907766931 6.2765379659391618 -0.00012306548103788173 0.00021952071487511132 6.0795644161399309 -0.12234111165868919 0.6542844019176326 6.2765379659391618 -0.00012306548103788173 0.00021952071487511132 6.1050991485992707 -0.52374498071681297 -0.0031825040025673878 6.5711365820904133 -0.24459275416824544 0.43623414828714796 6.0795644161399309 -0.12234111165868919 0.6542844019176326 6.4748097607661963 0 1.0000000000000004 6.5692993409947329 0.43564532895944202 0.24538415907766931 6.5711365820904133 -0.24459275416824544 0.43623414828714796 6.0795644161399309 -0.12234111165868919 0.6542844019176326 6.8657351982416648 -0.48906244285545292 0.87224877585942084 6.2771583697639075 -0.48903057323503651 0.87226664411830634 6.4748097607661963 0 1.0000000000000004 6.5711365820904133 -0.24459275416824544 0.43623414828714796 6.6666215231853867 -0.872215785411661 0.48912127706604619 6.2771583697639075 -0.48903057323503651 0.87226664411830634 6.8657351982416648 -0.48906244285545292 0.87224877585942084 6.5711365820904133 -0.24459275416824544 0.43623414828714796 6.4748097607661963 0 1.0000000000000004 7.0647336650726711 0 1.0000000000000004 6.8657351982416648 -0.48906244285545292 0.87224877585942084 6.5711365820904133 -0.24459275416824544 0.43623414828714796 6.4748097607661839 0 -0.99999999999999944 6.032977126362228 0.13528224793868721 -0.6195273446188283 6.4729793731290828 -0.24472063676727471 -0.43594290024311977 6.6691394572932232 0.12210023610451688 -0.65413545287665209 6.4729793731290828 -0.24472063676727471 -0.43594290024311977 6.032977126362228 0.13528224793868721 -0.6195273446188283 6.4729793731289798 0.43599112786007288 -0.2445493436692571 6.6691394572932232 0.12210023610451688 -0.65413545287665209 6.4748097607661839 0 -0.99999999999999944 6.4729793731290828 -0.24472063676727471 -0.43594290024311977 6.6694207803190038 -0.48931820805351151 -0.87210532120111461 6.6691394572932232 0.12210023610451688 -0.65413545287665209 6.4748097607661839 0 -0.99999999999999944 6.2820901442882837 0.48878876127256149 -0.87240217036274859 6.032977126362228 0.13528224793868721 -0.6195273446188283 6.6691394572932232 0.12210023610451688 -0.65413545287665209 6.4729793731289798 0.43599112786007288 -0.2445493436692571 6.032977126362228 0.13528224793868721 -0.6195273446188283 6.2820901442882837 0.48878876127256149 -0.87240217036274859 6.6691394572932232 0.12210023610451688 -0.65413545287665209 6.661639677934442 0.48892148747108566 0.87232779337188493 6.2709857875899493 0.87215603940070274 0.48922780270225874 6.862060716050304 0.87141372339992185 0.49054879744046348 6.5692993409947329 0.43564532895944202 0.24538415907766931 6.862060716050304 0.87141372339992185 0.49054879744046348 6.2709857875899493 0.87215603940070274 0.48922780270225874 6.4748097607661839 1 3.964677524305173e-16 6.5692993409947329 0.43564532895944202 0.24538415907766931 6.2820901442882837 0.48878876127256149 -0.87240217036274859 6.6694207803187968 0.87210532120118356 -0.48931820805338933 6.0790298239628093 0.87215984314656836 -0.4892210216278044 6.4729793731289798 0.43599112786007288 -0.2445493436692571 6.0790298239628093 0.87215984314656836 -0.4892210216278044 6.6694207803187968 0.87210532120118356 -0.48931820805338933 6.4748097607661839 1 3.964677524305173e-16 6.4729793731289798 0.43599112786007288 -0.2445493436692571 6.865299541457361 0.48892110897630842 -0.87232800551018441 6.2820901442882837 0.48878876127256149 -0.87240217036274859 6.4748097607661839 0 -0.99999999999999944 6.6691394572932232 0.12210023610451688 -0.65413545287665209 6.865299541457361 0.48892110897630842 -0.87232800551018441 6.6694207803187968 0.87210532120118356 -0.48931820805338933 6.2820901442882837 0.48878876127256149 -0.87240217036274859 6.4729793731289798 0.43599112786007288 -0.2445493436692571 6.865299541457361 0.48892110897630842 -0.87232800551018441 6.4729793731289798 0.43599112786007288 -0.2445493436692571 6.2820901442882837 0.48878876127256149 -0.87240217036274859 6.6691394572932232 0.12210023610451688 -0.65413545287665209 6.6694207803190038 -0.48931820805351151 -0.87210532120111461 6.4729793731290828 -0.24472063676727471 -0.43594290024311977 6.8652644048123355 -0.46268498005367337 -0.31382173760445575 6.6691394572932232 0.12210023610451688 -0.65413545287665209 6.1050991485992707 -0.52374498071681297 -0.0031825040025673878 6.8652644048123355 -0.46268498005367337 -0.31382173760445575 6.2820901442883743 -0.87240217036277845 -0.48878876127250848 6.4729793731290828 -0.24472063676727471 -0.43594290024311977 6.1050991485992707 -0.52374498071681297 -0.0031825040025673878 6.5711365820904133 -0.24459275416824544 0.43623414828714796 6.8652644048123355 -0.46268498005367337 -0.31382173760445575 6.4729793731290828 -0.24472063676727471 -0.43594290024311977 6.2820901442883743 -0.87240217036277845 -0.48878876127250848 6.8652644048123355 -0.46268498005367337 -0.31382173760445575 6.6694207803190038 -0.48931820805351151 -0.87210532120111461 6.4729793731290828 -0.24472063676727471 -0.43594290024311977 6.8652995414683113 -0.872328005510286 -0.48892110897612739 6.6694207803190038 -0.48931820805351151 -0.87210532120111461 6.2820901442883743 -0.87240217036277845 -0.48878876127250848 6.8652644048123355 -0.46268498005367337 -0.31382173760445575 6.4748097607661839 -1 3.964677524305173e-16 6.8652995414683113 -0.872328005510286 -0.48892110897612739 6.2820901442883743 -0.87240217036277845 -0.48878876127250848 6.8652644048123355 -0.46268498005367337 -0.31382173760445575 7.0647336650726551 -0.99999999999999989 4.3259017348798879e-16 6.8652995414683113 -0.872328005510286 -0.48892110897612739 6.4748097607661839 -1 3.964677524305173e-16 6.8652644048123355 -0.46268498005367337 -0.31382173760445575 6.4748097607661839 -1 3.964677524305173e-16 6.1050991485992707 -0.52374498071681297 -0.0031825040025673878 6.5711365820904133 -0.24459275416824544 0.43623414828714796 6.8652644048123355 -0.46268498005367337 -0.31382173760445575 6.4748097607661839 -1 3.964677524305173e-16 6.1050991485992707 -0.52374498071681297 -0.0031825040025673878 6.8652644048123355 -0.46268498005367337 -0.31382173760445575 6.2820901442883743 -0.87240217036277845 -0.48878876127250848 6.6666215231853867 -0.872215785411661 0.48912127706604619 6.8657351982416648 -0.48906244285545292 0.87224877585942084 7.0611080293056672 -0.43605175205383512 0.24446184599220316 6.5711365820904133 -0.24459275416824544 0.43623414828714796 7.0647336650726551 -0.99999999999999989 4.3259017348798879e-16 6.4748097607661839 -1 3.964677524305173e-16 7.0611080293056672 -0.43605175205383512 0.24446184599220316 6.8652644048123355 -0.46268498005367337 -0.31382173760445575 6.6666215231853867 -0.872215785411661 0.48912127706604619 6.8657351982416648 -0.48906244285545292 0.87224877585942084 7.2574537856722321 -0.87227967925358885 0.48900732219595278 7.0611080293056672 -0.43605175205383512 0.24446184599220316 7.0647336650726551 -0.99999999999999989 4.3259017348798879e-16 6.4748097607661839 -1 3.964677524305173e-16 6.6666215231853867 -0.872215785411661 0.48912127706604619 7.0611080293056672 -0.43605175205383512 0.24446184599220316 6.6666215231853867 -0.872215785411661 0.48912127706604619 7.2574537856722321 -0.87227967925358885 0.48900732219595278 7.0647336650726551 -0.99999999999999989 4.3259017348798879e-16 7.0611080293056672 -0.43605175205383512 0.24446184599220316 6.4748097607661839 -1 3.964677524305173e-16 6.6666215231853867 -0.872215785411661 0.48912127706604619 7.0611080293056672 -0.43605175205383512 0.24446184599220316 6.5711365820904133 -0.24459275416824544 0.43623414828714796 7.0611080293056672 -0.43605175205383512 0.24446184599220316 6.8652644048123355 -0.46268498005367337 -0.31382173760445575 6.4748097607661839 -1 3.964677524305173e-16 6.5711365820904133 -0.24459275416824544 0.43623414828714796 7.0647336650726551 -0.99999999999999989 4.3259017348798879e-16 6.8652644048123355 -0.46268498005367337 -0.31382173760445575 7.0611080293056672 -0.43605175205383512 0.24446184599220316 7.2597681320919838 -0.65268188681908867 -0.12490092902268603 7.0647336650726551 -0.99999999999999989 4.3259017348798879e-16 7.0611080293056672 -0.43605175205383512 0.24446184599220316 7.2574537856722321 -0.87227967925358885 0.48900732219595278 7.2597681320919838 -0.65268188681908867 -0.12490092902268603 6.8652995414683113 -0.872328005510286 -0.48892110897612739 6.8652644048123355 -0.46268498005367337 -0.31382173760445575 7.0647336650726551 -0.99999999999999989 4.3259017348798879e-16 7.2597681320919838 -0.65268188681908867 -0.12490092902268603 6.865299541457361 0.48892110897630842 -0.87232800551018441 6.9619583240687781 0.36671899668192337 -0.21813145068253093 6.6694207803187968 0.87210532120118356 -0.48931820805338933 6.4729793731289798 0.43599112786007288 -0.2445493436692571 6.4748097607661839 1 3.964677524305173e-16 6.9619583240687781 0.36671899668192337 -0.21813145068253093 6.5692993409947329 0.43564532895944202 0.24538415907766931 6.4729793731289798 0.43599112786007288 -0.2445493436692571 6.2765379659391618 -0.00012306548103788173 0.00021952071487511132 6.9619583240687781 0.36671899668192337 -0.21813145068253093 6.5711365820904133 -0.24459275416824544 0.43623414828714796 6.4729793731290828 -0.24472063676727471 -0.43594290024311977 6.2765379659391618 -0.00012306548103788173 0.00021952071487511132 6.5692993409947329 0.43564532895944202 0.24538415907766931 6.9619583240687781 0.36671899668192337 -0.21813145068253093 6.4729793731289798 0.43599112786007288 -0.2445493436692571 6.865299541457361 0.48892110897630842 -0.87232800551018441 6.9619583240687781 0.36671899668192337 -0.21813145068253093 6.4729793731289798 0.43599112786007288 -0.2445493436692571 6.6691394572932232 0.12210023610451688 -0.65413545287665209 6.9619583240687781 0.36671899668192337 -0.21813145068253093 6.2765379659391618 -0.00012306548103788173 0.00021952071487511132 6.4729793731289798 0.43599112786007288 -0.2445493436692571 6.4729793731290828 -0.24472063676727471 -0.43594290024311977 6.9619583240687781 0.36671899668192337 -0.21813145068253093 6.8652644048123355 -0.46268498005367337 -0.31382173760445575 7.0611080293056672 -0.43605175205383512 0.24446184599220316 6.5711365820904133 -0.24459275416824544 0.43623414828714796 6.2765379659391618 -0.00012306548103788173 0.00021952071487511132 6.5711365820904133 -0.24459275416824544 0.43623414828714796 6.9619583240687781 0.36671899668192337 -0.21813145068253093 6.5692993409947329 0.43564532895944202 0.24538415907766931 6.9619583240687781 0.36671899668192337 -0.21813145068253093 6.5711365820904133 -0.24459275416824544 0.43623414828714796 6.4729793731290828 -0.24472063676727471 -0.43594290024311977 6.8652644048123355 -0.46268498005367337 -0.31382173760445575 6.9619583240687781 0.36671899668192337 -0.21813145068253093 6.4729793731290828 -0.24472063676727471 -0.43594290024311977 6.4729793731289798 0.43599112786007288 -0.2445493436692571 6.6691394572932232 0.12210023610451688 -0.65413545287665209 6.4748097607661839 1 3.964677524305173e-16 6.6694207803187968 0.87210532120118356 -0.48931820805338933 6.9619583240687781 0.36671899668192337 -0.21813145068253093 6.4729793731289798 0.43599112786007288 -0.2445493436692571 6.8652644048123355 -0.46268498005367337 -0.31382173760445575 6.4729793731290828 -0.24472063676727471 -0.43594290024311977 6.9619583240687781 0.36671899668192337 -0.21813145068253093 6.6691394572932232 0.12210023610451688 -0.65413545287665209 6.9619583240687781 0.36671899668192337 -0.21813145068253093 6.5711365820904133 -0.24459275416824544 0.43623414828714796 7.0586171066801953 0.24451688438753824 0.43606510414512256 6.5692993409947329 0.43564532895944202 0.24538415907766931 6.4748097607661963 0 1.0000000000000004 6.661639677934442 0.48892148747108566 0.87232779337188493 7.0647336650726711 0 1.0000000000000004 7.0586171066801953 0.24451688438753824 0.43606510414512256 6.661639677934442 0.48892148747108566 0.87232779337188493 6.5692993409947329 0.43564532895944202 0.24538415907766931 7.0586171066801953 0.24451688438753824 0.43606510414512256 6.4748097607661963 0 1.0000000000000004 6.661639677934442 0.48892148747108566 0.87232779337188493 6.862060716050304 0.87141372339992185 0.49054879744046348 7.0586171066801953 0.24451688438753824 0.43606510414512256 6.5692993409947329 0.43564532895944202 0.24538415907766931 6.5692993409947329 0.43564532895944202 0.24538415907766931 7.0586171066801953 0.24451688438753824 0.43606510414512256 6.4748097607661963 0 1.0000000000000004 6.5711365820904133 -0.24459275416824544 0.43623414828714796 7.0647336650726711 0 1.0000000000000004 6.661639677934442 0.48892148747108566 0.87232779337188493 7.251455078615102 0.48939087663515257 0.87206454455291205 7.0586171066801953 0.24451688438753824 0.43606510414512256 6.661639677934442 0.48892148747108566 0.87232779337188493 6.862060716050304 0.87141372339992185 0.49054879744046348 7.251455078615102 0.48939087663515257 0.87206454455291205 7.0586171066801953 0.24451688438753824 0.43606510414512256 6.4748097607661963 0 1.0000000000000004 7.0586171066801953 0.24451688438753824 0.43606510414512256 7.0647336650726711 0 1.0000000000000004 6.5711365820904133 -0.24459275416824544 0.43623414828714796 6.9619583240687781 0.36671899668192337 -0.21813145068253093 7.0611080293056672 -0.43605175205383512 0.24446184599220316 7.0586171066801953 0.24451688438753824 0.43606510414512256 6.5711365820904133 -0.24459275416824544 0.43623414828714796 6.5692993409947329 0.43564532895944202 0.24538415907766931 6.4748097607661839 1 3.964677524305173e-16 7.0647336650726551 0.99999999999999989 4.3259017348798879e-16 6.9619583240687781 0.36671899668192337 -0.21813145068253093 7.0647336650726551 0.99999999999999989 4.3259017348798879e-16 6.4748097607661839 1 3.964677524305173e-16 6.6694207803187968 0.87210532120118356 -0.48931820805338933 6.9619583240687781 0.36671899668192337 -0.21813145068253093 6.5692993409947329 0.43564532895944202 0.24538415907766931 7.0647336650726551 0.99999999999999989 4.3259017348798879e-16 7.0586171066801953 0.24451688438753824 0.43606510414512256 6.9619583240687781 0.36671899668192337 -0.21813145068253093 6.862060716050304 0.87141372339992185 0.49054879744046348 6.5692993409947329 0.43564532895944202 0.24538415907766931 6.4748097607661839 1 3.964677524305173e-16 7.0647336650726551 0.99999999999999989 4.3259017348798879e-16 6.862060716050304 0.87141372339992185 0.49054879744046348 6.5692993409947329 0.43564532895944202 0.24538415907766931 7.0647336650726551 0.99999999999999989 4.3259017348798879e-16 7.0586171066801953 0.24451688438753824 0.43606510414512256 6.6694207803190038 -0.48931820805351151 -0.87210532120111461 6.8652644048123355 -0.46268498005367337 -0.31382173760445575 7.0647336650726551 0 -0.99999999999999944 6.6691394572932232 0.12210023610451688 -0.65413545287665209 6.4748097607661839 0 -0.99999999999999944 7.0647336650726551 0 -0.99999999999999944 6.865299541457361 0.48892110897630842 -0.87232800551018441 6.6691394572932232 0.12210023610451688 -0.65413545287665209 6.4748097607661839 0 -0.99999999999999944 6.6694207803190038 -0.48931820805351151 -0.87210532120111461 7.0647336650726551 0 -0.99999999999999944 6.6691394572932232 0.12210023610451688 -0.65413545287665209 6.8652995414683113 -0.872328005510286 -0.48892110897612739 7.259530342609243 -0.4893409111048892 -0.8720925826533763 6.6694207803190038 -0.48931820805351151 -0.87210532120111461 6.8652644048123355 -0.46268498005367337 -0.31382173760445575 6.8652644048123355 -0.46268498005367337 -0.31382173760445575 6.8652995414683113 -0.872328005510286 -0.48892110897612739 7.259530342609243 -0.4893409111048892 -0.8720925826533763 7.2597681320919838 -0.65268188681908867 -0.12490092902268603 6.6694207803190038 -0.48931820805351151 -0.87210532120111461 7.259530342609243 -0.4893409111048892 -0.8720925826533763 7.0647336650726551 0 -0.99999999999999944 6.8652644048123355 -0.46268498005367337 -0.31382173760445575 7.4584282348783004 -0.86931202158434229 -0.49426370403757519 6.8652995414683113 -0.872328005510286 -0.48892110897612739 7.0647336650726551 -0.99999999999999989 4.3259017348798879e-16 7.2597681320919838 -0.65268188681908867 -0.12490092902268603 6.8652995414683113 -0.872328005510286 -0.48892110897612739 7.259530342609243 -0.4893409111048892 -0.8720925826533763 7.2597681320919838 -0.65268188681908867 -0.12490092902268603 7.4584282348783004 -0.86931202158434229 -0.49426370403757519 7.0647336650726711 0 1.0000000000000004 7.0586171066801953 0.24451688438753824 0.43606510414512256 7.251455078615102 0.48939087663515257 0.87206454455291205 7.2571873445516877 -0.12226455981466385 0.65416154845870389 7.0586171066801953 0.24451688438753824 0.43606510414512256 6.5711365820904133 -0.24459275416824544 0.43623414828714796 7.0611080293056672 -0.43605175205383512 0.24446184599220316 7.2571873445516877 -0.12226455981466385 0.65416154845870389 7.0647336650726711 0 1.0000000000000004 6.5711365820904133 -0.24459275416824544 0.43623414828714796 7.0586171066801953 0.24451688438753824 0.43606510414512256 7.2571873445516877 -0.12226455981466385 0.65416154845870389 7.0611080293056672 -0.43605175205383512 0.24446184599220316 6.5711365820904133 -0.24459275416824544 0.43623414828714796 6.8657351982416648 -0.48906244285545292 0.87224877585942084 7.2571873445516877 -0.12226455981466385 0.65416154845870389 7.0647336650726711 0 1.0000000000000004 6.8657351982416648 -0.48906244285545292 0.87224877585942084 6.5711365820904133 -0.24459275416824544 0.43623414828714796 7.2571873445516877 -0.12226455981466385 0.65416154845870389 7.455757582423181 -0.48904600401686593 0.87225799277228544 6.8657351982416648 -0.48906244285545292 0.87224877585942084 7.0647336650726711 0 1.0000000000000004 7.2571873445516877 -0.12226455981466385 0.65416154845870389 7.2574537856722321 -0.87227967925358885 0.48900732219595278 6.8657351982416648 -0.48906244285545292 0.87224877585942084 7.455757582423181 -0.48904600401686593 0.87225799277228544 7.0611080293056672 -0.43605175205383512 0.24446184599220316 7.455757582423181 -0.48904600401686593 0.87225799277228544 7.0611080293056672 -0.43605175205383512 0.24446184599220316 6.8657351982416648 -0.48906244285545292 0.87224877585942084 7.2571873445516877 -0.12226455981466385 0.65416154845870389 7.0647336650726711 0 1.0000000000000004 7.6546575693791459 0 1.0000000000000004 7.455757582423181 -0.48904600401686593 0.87225799277228544 7.2571873445516877 -0.12226455981466385 0.65416154845870389 7.0647336650726711 0 1.0000000000000004 7.251455078615102 0.48939087663515257 0.87206454455291205 7.6546575693791459 0 1.0000000000000004 7.2571873445516877 -0.12226455981466385 0.65416154845870389 7.2574537856722321 -0.87227967925358885 0.48900732219595278 7.0611080293056672 -0.43605175205383512 0.24446184599220316 7.455757582423181 -0.48904600401686593 0.87225799277228544 7.6461203846844512 -0.43642590132043696 0.24379345218126208 7.455757582423181 -0.48904600401686593 0.87225799277228544 7.6461203846844512 -0.43642590132043696 0.24379345218126208 7.0611080293056672 -0.43605175205383512 0.24446184599220316 7.2571873445516877 -0.12226455981466385 0.65416154845870389 7.0611080293056672 -0.43605175205383512 0.24446184599220316 7.6461203846844512 -0.43642590132043696 0.24379345218126208 7.2574537856722321 -0.87227967925358885 0.48900732219595278 7.2597681320919838 -0.65268188681908867 -0.12490092902268603 7.2574537856722321 -0.87227967925358885 0.48900732219595278 7.6461203846844512 -0.43642590132043696 0.24379345218126208 7.6546575693791254 -0.99999999999999989 4.6871259454546032e-16 7.2597681320919838 -0.65268188681908867 -0.12490092902268603 7.0647336650726551 -0.99999999999999989 4.3259017348798879e-16 7.2574537856722321 -0.87227967925358885 0.48900732219595278 7.6546575693791254 -0.99999999999999989 4.6871259454546032e-16 7.2597681320919838 -0.65268188681908867 -0.12490092902268603 7.0647336650726551 -0.99999999999999989 4.3259017348798879e-16 7.6546575693791254 -0.99999999999999989 4.6871259454546032e-16 7.4584282348783004 -0.86931202158434229 -0.49426370403757519 7.2597681320919838 -0.65268188681908867 -0.12490092902268603 7.2574537856722321 -0.87227967925358885 0.48900732219595278 7.455757582423181 -0.48904600401686593 0.87225799277228544 7.8366462339429566 -0.87296408394486469 0.48778448944416397 7.6461203846844512 -0.43642590132043696 0.24379345218126208 7.2574537856722321 -0.87227967925358885 0.48900732219595278 7.8366462339429566 -0.87296408394486469 0.48778448944416397 7.6546575693791254 -0.99999999999999989 4.6871259454546032e-16 7.6461203846844512 -0.43642590132043696 0.24379345218126208 7.8366462339429566 -0.87296408394486469 0.48778448944416397 7.455757582423181 -0.48904600401686593 0.87225799277228544 8.0352059459629785 -0.48653616317551501 0.87366043857007136 7.6461203846844512 -0.43642590132043696 0.24379345218126208 7.0647336650726551 0 -0.99999999999999944 7.2601641002493009 5.6140651995412183e-05 -0.50009879254081968 6.865299541457361 0.48892110897630842 -0.87232800551018441 6.6691394572932232 0.12210023610451688 -0.65413545287665209 7.259530342609243 -0.4893409111048892 -0.8720925826533763 7.0647336650726551 0 -0.99999999999999944 6.8652644048123355 -0.46268498005367337 -0.31382173760445575 7.2601641002493009 5.6140651995412183e-05 -0.50009879254081968 7.259530342609243 -0.4893409111048892 -0.8720925826533763 7.2601641002493009 5.6140651995412183e-05 -0.50009879254081968 6.8652644048123355 -0.46268498005367337 -0.31382173760445575 7.2597681320919838 -0.65268188681908867 -0.12490092902268603 7.0647336650726551 0 -0.99999999999999944 6.8652644048123355 -0.46268498005367337 -0.31382173760445575 7.2601641002493009 5.6140651995412183e-05 -0.50009879254081968 6.6691394572932232 0.12210023610451688 -0.65413545287665209 6.9619583240687781 0.36671899668192337 -0.21813145068253093 6.865299541457361 0.48892110897630842 -0.87232800551018441 7.2601641002493009 5.6140651995412183e-05 -0.50009879254081968 6.6691394572932232 0.12210023610451688 -0.65413545287665209 6.8652644048123355 -0.46268498005367337 -0.31382173760445575 6.9619583240687781 0.36671899668192337 -0.21813145068253093 7.2601641002493009 5.6140651995412183e-05 -0.50009879254081968 6.6691394572932232 0.12210023610451688 -0.65413545287665209 7.4584282348783004 -0.86931202158434229 -0.49426370403757519 7.7456986098684517 -0.43448133693773539 -0.4972314796569316 7.259530342609243 -0.4893409111048892 -0.8720925826533763 7.2597681320919838 -0.65268188681908867 -0.12490092902268603 7.4584282348783004 -0.86931202158434229 -0.49426370403757519 7.6546575693791254 -0.99999999999999989 4.6871259454546032e-16 7.7456986098684517 -0.43448133693773539 -0.4972314796569316 7.2597681320919838 -0.65268188681908867 -0.12490092902268603 7.6546575693791254 -0.99999999999999989 4.6871259454546032e-16 7.6461203846844512 -0.43642590132043696 0.24379345218126208 7.7456986098684517 -0.43448133693773539 -0.4972314796569316 7.2597681320919838 -0.65268188681908867 -0.12490092902268603 7.259530342609243 -0.4893409111048892 -0.8720925826533763 7.7456986098684517 -0.43448133693773539 -0.4972314796569316 7.2601641002493009 5.6140651995412183e-05 -0.50009879254081968 7.2597681320919838 -0.65268188681908867 -0.12490092902268603 7.6546575693791459 0 1.0000000000000004 7.251455078615102 0.48939087663515257 0.87206454455291205 7.8448545356217441 0.49083580598548021 0.87125209415104721 7.6502245355238463 0.24547404364473555 0.43552725453470376 7.0586171066801953 0.24451688438753824 0.43606510414512256 7.6502245355238463 0.24547404364473555 0.43552725453470376 7.251455078615102 0.48939087663515257 0.87206454455291205 7.2571873445516877 -0.12226455981466385 0.65416154845870389 7.251455078615102 0.48939087663515257 0.87206454455291205 7.6502245355238463 0.24547404364473555 0.43552725453470376 7.6546575693791459 0 1.0000000000000004 7.2571873445516877 -0.12226455981466385 0.65416154845870389 7.251455078615102 0.48939087663515257 0.87206454455291205 7.452760835973594 0.86953658419232394 0.49386853387429536 7.8448545356217441 0.49083580598548021 0.87125209415104721 7.6502245355238463 0.24547404364473555 0.43552725453470376 7.251455078615102 0.48939087663515257 0.87206454455291205 7.0586171066801953 0.24451688438753824 0.43606510414512256 7.452760835973594 0.86953658419232394 0.49386853387429536 7.6502245355238463 0.24547404364473555 0.43552725453470376 7.251455078615102 0.48939087663515257 0.87206454455291205 6.862060716050304 0.87141372339992185 0.49054879744046348 7.452760835973594 0.86953658419232394 0.49386853387429536 7.0586171066801953 0.24451688438753824 0.43606510414512256 7.452760835973594 0.86953658419232394 0.49386853387429536 6.862060716050304 0.87141372339992185 0.49054879744046348 7.0647336650726551 0.99999999999999989 4.3259017348798879e-16 7.0586171066801953 0.24451688438753824 0.43606510414512256 6.865299541457361 0.48892110897630842 -0.87232800551018441 7.2595303426083699 0.87209258265366485 -0.48934091110437555 6.6694207803187968 0.87210532120118356 -0.48931820805338933 6.9619583240687781 0.36671899668192337 -0.21813145068253093 6.6694207803187968 0.87210532120118356 -0.48931820805338933 7.2595303426083699 0.87209258265366485 -0.48934091110437555 7.0647336650726551 0.99999999999999989 4.3259017348798879e-16 6.9619583240687781 0.36671899668192337 -0.21813145068253093 7.8448545356217441 0.49083580598548021 0.87125209415104721 7.452760835973594 0.86953658419232394 0.49386853387429536 8.0353645058259673 0.87397565626461615 0.48596970302358777 7.6502245355238463 0.24547404364473555 0.43552725453470376 7.458428234886969 0.49426370404592163 -0.86931202157959642 7.2595303426083699 0.87209258265366485 -0.48934091110437555 6.865299541457361 0.48892110897630842 -0.87232800551018441 6.9619583240687781 0.36671899668192337 -0.21813145068253093 7.458428234886969 0.49426370404592163 -0.86931202157959642 6.9619583240687781 0.36671899668192337 -0.21813145068253093 6.865299541457361 0.48892110897630842 -0.87232800551018441 7.2601641002493009 5.6140651995412183e-05 -0.50009879254081968 7.458428234886969 0.49426370404592163 -0.86931202157959642 6.865299541457361 0.48892110897630842 -0.87232800551018441 7.0647336650726551 0 -0.99999999999999944 7.2601641002493009 5.6140651995412183e-05 -0.50009879254081968 7.0586171066801953 0.24451688438753824 0.43606510414512256 6.9619583240687781 0.36671899668192337 -0.21813145068253093 7.4555945354259467 0.00011228130399082437 -0.00019758508163989635 7.0611080293056672 -0.43605175205383512 0.24446184599220316 7.4555945354259467 0.00011228130399082437 -0.00019758508163989635 7.6461203846844512 -0.43642590132043696 0.24379345218126208 7.6502245355238463 0.24547404364473555 0.43552725453470376 7.2571873445516877 -0.12226455981466385 0.65416154845870389 7.4555945354259467 0.00011228130399082437 -0.00019758508163989635 7.7456986098684517 -0.43448133693773539 -0.4972314796569316 7.6461203846844512 -0.43642590132043696 0.24379345218126208 7.2597681320919838 -0.65268188681908867 -0.12490092902268603 7.0586171066801953 0.24451688438753824 0.43606510414512256 7.0611080293056672 -0.43605175205383512 0.24446184599220316 7.4555945354259467 0.00011228130399082437 -0.00019758508163989635 7.2571873445516877 -0.12226455981466385 0.65416154845870389 7.4555945354259467 0.00011228130399082437 -0.00019758508163989635 6.8652644048123355 -0.46268498005367337 -0.31382173760445575 6.9619583240687781 0.36671899668192337 -0.21813145068253093 7.2601641002493009 5.6140651995412183e-05 -0.50009879254081968 7.0586171066801953 0.24451688438753824 0.43606510414512256 7.4555945354259467 0.00011228130399082437 -0.00019758508163989635 7.6502245355238463 0.24547404364473555 0.43552725453470376 7.2571873445516877 -0.12226455981466385 0.65416154845870389 7.0611080293056672 -0.43605175205383512 0.24446184599220316 7.4555945354259467 0.00011228130399082437 -0.00019758508163989635 7.6461203846844512 -0.43642590132043696 0.24379345218126208 7.2597681320919838 -0.65268188681908867 -0.12490092902268603 7.0611080293056672 -0.43605175205383512 0.24446184599220316 7.6461203846844512 -0.43642590132043696 0.24379345218126208 7.4555945354259467 0.00011228130399082437 -0.00019758508163989635 7.2571873445516877 -0.12226455981466385 0.65416154845870389 7.4555945354259467 0.00011228130399082437 -0.00019758508163989635 7.0611080293056672 -0.43605175205383512 0.24446184599220316 6.9619583240687781 0.36671899668192337 -0.21813145068253093 6.8652644048123355 -0.46268498005367337 -0.31382173760445575 7.0611080293056672 -0.43605175205383512 0.24446184599220316 6.8652644048123355 -0.46268498005367337 -0.31382173760445575 7.4555945354259467 0.00011228130399082437 -0.00019758508163989635 7.2597681320919838 -0.65268188681908867 -0.12490092902268603 6.8652644048123355 -0.46268498005367337 -0.31382173760445575 7.2601641002493009 5.6140651995412183e-05 -0.50009879254081968 7.4555945354259467 0.00011228130399082437 -0.00019758508163989635 7.2597681320919838 -0.65268188681908867 -0.12490092902268603 7.2601641002493009 5.6140651995412183e-05 -0.50009879254081968 7.7456986098684517 -0.43448133693773539 -0.4972314796569316 7.4555945354259467 0.00011228130399082437 -0.00019758508163989635 7.2597681320919838 -0.65268188681908867 -0.12490092902268603 7.0647336650726551 0.99999999999999989 4.3259017348798879e-16 6.9619583240687781 0.36671899668192337 -0.21813145068253093 7.2595303426083699 0.87209258265366485 -0.48934091110437555 7.6483046707766986 0.43895133512960305 -0.23962125133010145 7.458428234886969 0.49426370404592163 -0.86931202157959642 7.2595303426083699 0.87209258265366485 -0.48934091110437555 6.9619583240687781 0.36671899668192337 -0.21813145068253093 7.6483046707766986 0.43895133512960305 -0.23962125133010145 7.4555945354259467 0.00011228130399082437 -0.00019758508163989635 6.9619583240687781 0.36671899668192337 -0.21813145068253093 7.0586171066801953 0.24451688438753824 0.43606510414512256 7.6483046707766986 0.43895133512960305 -0.23962125133010145 7.452760835973594 0.86953658419232394 0.49386853387429536 7.6502245355238463 0.24547404364473555 0.43552725453470376 7.0586171066801953 0.24451688438753824 0.43606510414512256 7.6483046707766986 0.43895133512960305 -0.23962125133010145 7.4555945354259467 0.00011228130399082437 -0.00019758508163989635 7.2601641002493009 5.6140651995412183e-05 -0.50009879254081968 6.9619583240687781 0.36671899668192337 -0.21813145068253093 7.6483046707766986 0.43895133512960305 -0.23962125133010145 7.6546575693791254 0.99999999999999989 4.6871259454546032e-16 7.0647336650726551 0.99999999999999989 4.3259017348798879e-16 7.2595303426083699 0.87209258265366485 -0.48934091110437555 7.6483046707766986 0.43895133512960305 -0.23962125133010145 7.4555945354259467 0.00011228130399082437 -0.00019758508163989635 7.0586171066801953 0.24451688438753824 0.43606510414512256 7.6502245355238463 0.24547404364473555 0.43552725453470376 7.6483046707766986 0.43895133512960305 -0.23962125133010145 7.6546575693791254 0.99999999999999989 4.6871259454546032e-16 7.452760835973594 0.86953658419232394 0.49386853387429536 7.0647336650726551 0.99999999999999989 4.3259017348798879e-16 7.6483046707766986 0.43895133512960305 -0.23962125133010145 7.458428234886969 0.49426370404592163 -0.86931202157959642 6.9619583240687781 0.36671899668192337 -0.21813145068253093 7.2601641002493009 5.6140651995412183e-05 -0.50009879254081968 7.6483046707766986 0.43895133512960305 -0.23962125133010145 7.452760835973594 0.86953658419232394 0.49386853387429536 7.0586171066801953 0.24451688438753824 0.43606510414512256 7.0647336650726551 0.99999999999999989 4.3259017348798879e-16 7.6483046707766986 0.43895133512960305 -0.23962125133010145 7.0586171066801953 0.24451688438753824 0.43606510414512256 6.9619583240687781 0.36671899668192337 -0.21813145068253093 7.0647336650726551 0.99999999999999989 4.3259017348798879e-16 7.6483046707766986 0.43895133512960305 -0.23962125133010145 7.0647336650726551 0 -0.99999999999999944 7.259530342609243 -0.4893409111048892 -0.8720925826533763 7.6546575693791254 0 -0.99999999999999933 7.2601641002493009 5.6140651995412183e-05 -0.50009879254081968 7.259530342609243 -0.4893409111048892 -0.8720925826533763 7.6546575693791254 0 -0.99999999999999933 7.2601641002493009 5.6140651995412183e-05 -0.50009879254081968 7.7456986098684517 -0.43448133693773539 -0.4972314796569316 7.0647336650726551 0 -0.99999999999999944 7.6546575693791254 0 -0.99999999999999933 7.458428234886969 0.49426370404592163 -0.86931202157959642 7.2601641002493009 5.6140651995412183e-05 -0.50009879254081968 7.4584282348783004 -0.86931202158434229 -0.49426370403757519 7.8410148061224048 -0.47904491759820622 -0.87779038894449435 7.259530342609243 -0.4893409111048892 -0.8720925826533763 7.7456986098684517 -0.43448133693773539 -0.4972314796569316 7.259530342609243 -0.4893409111048892 -0.8720925826533763 7.8410148061224048 -0.47904491759820622 -0.87779038894449435 7.6546575693791254 0 -0.99999999999999933 7.7456986098684517 -0.43448133693773539 -0.4972314796569316 8.0404304440562839 -0.87404753770147947 -0.4858404077863227 7.8410148061224048 -0.47904491759820622 -0.87779038894449435 7.4584282348783004 -0.86931202158434229 -0.49426370403757519 7.7456986098684517 -0.43448133693773539 -0.4972314796569316 8.0404304440562839 -0.87404753770147947 -0.4858404077863227 7.4584282348783004 -0.86931202158434229 -0.49426370403757519 7.6546575693791254 -0.99999999999999989 4.6871259454546032e-16 7.7456986098684517 -0.43448133693773539 -0.4972314796569316 7.455757582423181 -0.48904600401686593 0.87225799277228544 8.0329689848586145 0.00034934770887156547 0.49980074472371189 8.0352059459629785 -0.48653616317551501 0.87366043857007136 7.6461203846844512 -0.43642590132043696 0.24379345218126208 7.455757582423181 -0.48904600401686593 0.87225799277228544 7.6546575693791459 0 1.0000000000000004 8.0329689848586145 0.00034934770887156547 0.49980074472371189 7.2571873445516877 -0.12226455981466385 0.65416154845870389 7.455757582423181 -0.48904600401686593 0.87225799277228544 8.0329689848586145 0.00034934770887156547 0.49980074472371189 7.6461203846844512 -0.43642590132043696 0.24379345218126208 7.2571873445516877 -0.12226455981466385 0.65416154845870389 7.6546575693791459 0 1.0000000000000004 7.8448545356217441 0.49083580598548021 0.87125209415104721 8.0329689848586145 0.00034934770887156547 0.49980074472371189 7.6502245355238463 0.24547404364473555 0.43552725453470376 8.0352059459629785 -0.48653616317551501 0.87366043857007136 7.455757582423181 -0.48904600401686593 0.87225799277228544 7.6546575693791459 0 1.0000000000000004 8.0329689848586145 0.00034934770887156547 0.49980074472371189 8.0329689848586145 0.00034934770887156547 0.49980074472371189 7.6502245355238463 0.24547404364473555 0.43552725453470376 7.4555945354259467 0.00011228130399082437 -0.00019758508163989635 7.6461203846844512 -0.43642590132043696 0.24379345218126208 7.6546575693791459 0 1.0000000000000004 7.6502245355238463 0.24547404364473555 0.43552725453470376 8.0329689848586145 0.00034934770887156547 0.49980074472371189 7.2571873445516877 -0.12226455981466385 0.65416154845870389 7.6502245355238463 0.24547404364473555 0.43552725453470376 7.6461203846844512 -0.43642590132043696 0.24379345218126208 8.0329689848586145 0.00034934770887156547 0.49980074472371189 7.2571873445516877 -0.12226455981466385 0.65416154845870389 8.4176785472254583 -0.86842728995212948 0.49581654073497849 8.0352059459629785 -0.48653616317551501 0.87366043857007136 8.6425054015645131 -0.50637719602533615 0.86231208697635608 8.2253237660420364 -0.43403897112162892 0.49780864272934522 7.8366462339429566 -0.87296408394486469 0.48778448944416397 7.6461203846844512 -0.43642590132043696 0.24379345218126208 8.0352059459629785 -0.48653616317551501 0.87366043857007136 8.2253237660420364 -0.43403897112162892 0.49780864272934522 7.8366462339429566 -0.87296408394486469 0.48778448944416397 8.0352059459629785 -0.48653616317551501 0.87366043857007136 8.4176785472254583 -0.86842728995212948 0.49581654073497849 8.2253237660420364 -0.43403897112162892 0.49780864272934522 8.0352059459629785 -0.48653616317551501 0.87366043857007136 7.6461203846844512 -0.43642590132043696 0.24379345218126208 8.0329689848586145 0.00034934770887156547 0.49980074472371189 8.2253237660420364 -0.43403897112162892 0.49780864272934522 7.6546575693791459 0 1.0000000000000004 7.8448545356217441 0.49083580598548021 0.87125209415104721 8.2445814736856224 0 1.0000000000000007 8.0329689848586145 0.00034934770887156547 0.49980074472371189 7.6546575693791459 0 1.0000000000000004 8.2445814736856224 0 1.0000000000000007 8.0352059459629785 -0.48653616317551501 0.87366043857007136 8.0329689848586145 0.00034934770887156547 0.49980074472371189 8.6425054015645131 -0.50637719602533615 0.86231208697635608 8.0352059459629785 -0.48653616317551501 0.87366043857007136 8.2445814736856224 0 1.0000000000000007 8.2253237660420364 -0.43403897112162892 0.49780864272934522 8.0352059459629785 -0.48653616317551501 0.87366043857007136 8.0329689848586145 0.00034934770887156547 0.49980074472371189 8.2445814736856224 0 1.0000000000000007 8.2253237660420364 -0.43403897112162892 0.49780864272934522 8.2445814736856224 0 1.0000000000000007 8.8345024646044337 0 1.0000000000000007 8.6425054015645131 -0.50637719602533615 0.86231208697635608 8.2253237660420364 -0.43403897112162892 0.49780864272934522 8.2445814736856224 0 1.0000000000000007 7.8448545356217441 0.49083580598548021 0.87125209415104721 8.4205663302233127 0.49614005825635943 0.8682425021809157 8.0329689848586145 0.00034934770887156547 0.49980074472371189 8.0329689848586145 0.00034934770887156547 0.49980074472371189 7.6461203846844512 -0.43642590132043696 0.24379345218126208 8.0329689848586039 -0.49965065229112843 -0.00019925527628810743 8.2253237660420364 -0.43403897112162892 0.49780864272934522 7.8366462339429566 -0.87296408394486469 0.48778448944416397 8.0329689848586039 -0.49965065229112843 -0.00019925527628810743 7.6546575693791254 -0.99999999999999989 4.6871259454546032e-16 7.6461203846844512 -0.43642590132043696 0.24379345218126208 8.0329689848586039 -0.49965065229112843 -0.00019925527628810743 8.0329689848586145 0.00034934770887156547 0.49980074472371189 7.4555945354259467 0.00011228130399082437 -0.00019758508163989635 7.6461203846844512 -0.43642590132043696 0.24379345218126208 8.0404304440562839 -0.87404753770147947 -0.4858404077863227 7.6546575693791254 -0.99999999999999989 4.6871259454546032e-16 8.0329689848586039 -0.49965065229112843 -0.00019925527628810743 7.7456986098684517 -0.43448133693773539 -0.4972314796569316 7.8366462339429566 -0.87296408394486469 0.48778448944416397 8.4176785472254583 -0.86842728995212948 0.49581654073497849 8.0329689848586039 -0.49965065229112843 -0.00019925527628810743 8.2253237660420364 -0.43403897112162892 0.49780864272934522 7.8366462339429566 -0.87296408394486469 0.48778448944416397 8.0329689848586039 -0.49965065229112843 -0.00019925527628810743 7.6461203846844512 -0.43642590132043696 0.24379345218126208 8.2253237660420364 -0.43403897112162892 0.49780864272934522 8.0329689848586039 -0.49965065229112843 -0.00019925527628810743 7.6461203846844512 -0.43642590132043696 0.24379345218126208 7.4555945354259467 0.00011228130399082437 -0.00019758508163989635 7.7456986098684517 -0.43448133693773539 -0.4972314796569316 8.0329689848586039 -0.49965065229112843 -0.00019925527628810743 7.6546575693791254 -0.99999999999999989 4.6871259454546032e-16 7.6461203846844512 -0.43642590132043696 0.24379345218126208 7.7456986098684517 -0.43448133693773539 -0.4972314796569316 7.6546575693791254 -0.99999999999999989 4.6871259454546032e-16 7.8366462339429566 -0.87296408394486469 0.48778448944416397 8.2445814736856011 -1 5.0483501560293196e-16 8.0329689848586039 -0.49965065229112843 -0.00019925527628810743 7.8366462339429566 -0.87296408394486469 0.48778448944416397 8.4176785472254583 -0.86842728995212948 0.49581654073497849 8.2445814736856011 -1 5.0483501560293196e-16 8.0329689848586039 -0.49965065229112843 -0.00019925527628810743 7.6546575693791254 -0.99999999999999989 4.6871259454546032e-16 8.2445814736856011 -1 5.0483501560293196e-16 8.0404304440562839 -0.87404753770147947 -0.4858404077863227 8.0329689848586039 -0.49965065229112843 -0.00019925527628810743 7.8410148061224048 -0.47904491759820622 -0.87779038894449435 8.0329689848586039 0.00034934770887156547 -0.50019925527628806 7.6546575693791254 0 -0.99999999999999933 7.7456986098684517 -0.43448133693773539 -0.4972314796569316 7.6546575693791254 0 -0.99999999999999933 7.458428234886969 0.49426370404592163 -0.86931202157959642 7.2601641002493009 5.6140651995412183e-05 -0.50009879254081968 8.0329689848586039 0.00034934770887156547 -0.50019925527628806 7.458428234886969 0.49426370404592163 -0.86931202157959642 7.2601641002493009 5.6140651995412183e-05 -0.50009879254081968 8.0329689848586039 0.00034934770887156547 -0.50019925527628806 7.6483046707766986 0.43895133512960305 -0.23962125133010145 8.0329689848586039 0.00034934770887156547 -0.50019925527628806 7.2601641002493009 5.6140651995412183e-05 -0.50009879254081968 7.6546575693791254 0 -0.99999999999999933 7.7456986098684517 -0.43448133693773539 -0.4972314796569316 7.4555945354259467 0.00011228130399082437 -0.00019758508163989635 8.0329689848586039 0.00034934770887156547 -0.50019925527628806 8.0329689848586039 -0.49965065229112843 -0.00019925527628810743 7.7456986098684517 -0.43448133693773539 -0.4972314796569316 7.4555945354259467 0.00011228130399082437 -0.00019758508163989635 8.0329689848586039 0.00034934770887156547 -0.50019925527628806 7.2601641002493009 5.6140651995412183e-05 -0.50009879254081968 7.6483046707766986 0.43895133512960305 -0.23962125133010145 7.4555945354259467 0.00011228130399082437 -0.00019758508163989635 7.2601641002493009 5.6140651995412183e-05 -0.50009879254081968 8.0329689848586039 0.00034934770887156547 -0.50019925527628806 7.7456986098684517 -0.43448133693773539 -0.4972314796569316 8.0404304440562839 -0.87404753770147947 -0.4858404077863227 7.7456986098684517 -0.43448133693773539 -0.4972314796569316 8.0329689848586039 -0.49965065229112843 -0.00019925527628810743 8.217481727655727 -0.49719665985600081 -0.4346193892811786 8.0404304440562839 -0.87404753770147947 -0.4858404077863227 7.8410148061224048 -0.47904491759820622 -0.87779038894449435 7.7456986098684517 -0.43448133693773539 -0.4972314796569316 8.217481727655727 -0.49719665985600081 -0.4346193892811786 8.0329689848586039 -0.49965065229112843 -0.00019925527628810743 7.7456986098684517 -0.43448133693773539 -0.4972314796569316 8.0329689848586039 0.00034934770887156547 -0.50019925527628806 8.217481727655727 -0.49719665985600081 -0.4346193892811786 8.0404304440562839 -0.87404753770147947 -0.4858404077863227 8.0329689848586039 -0.49965065229112843 -0.00019925527628810743 8.2445814736856011 -1 5.0483501560293196e-16 8.217481727655727 -0.49719665985600081 -0.4346193892811786 8.0329689848586039 0.00034934770887156547 -0.50019925527628806 7.7456986098684517 -0.43448133693773539 -0.4972314796569316 7.8410148061224048 -0.47904491759820622 -0.87779038894449435 8.217481727655727 -0.49719665985600081 -0.4346193892811786 9.9999999999999982 -0.51281680427900189 0.85849591812943071 9.6214259775645825 -0.37032182962774635 0.92890351624975531 10 0 1.0000000000000007 9.9999999999999982 -0.12064762328835876 0.63343181660964976 7.8448545356217441 0.49083580598548021 0.87125209415104721 8.4205663302233127 0.49614005825635943 0.8682425021809157 8.0329689848586145 0.00034934770887156547 0.49980074472371189 8.2267676575409592 0.49824470298261547 0.43402162345231377 7.8448545356217441 0.49083580598548021 0.87125209415104721 8.0353645058259673 0.87397565626461615 0.48596970302358777 8.4205663302233127 0.49614005825635943 0.8682425021809157 8.2267676575409592 0.49824470298261547 0.43402162345231377 7.8448545356217441 0.49083580598548021 0.87125209415104721 8.0329689848586145 0.00034934770887156547 0.49980074472371189 7.6502245355238463 0.24547404364473555 0.43552725453470376 8.2267676575409592 0.49824470298261547 0.43402162345231377 7.8448545356217441 0.49083580598548021 0.87125209415104721 7.6502245355238463 0.24547404364473555 0.43552725453470376 8.0353645058259673 0.87397565626461615 0.48596970302358777 8.2267676575409592 0.49824470298261547 0.43402162345231377 7.6546575693791254 0.99999999999999989 4.6871259454546032e-16 8.0329689848586039 0.50034934770887152 -0.00019925527628810743 7.452760835973594 0.86953658419232394 0.49386853387429536 7.6483046707766986 0.43895133512960305 -0.23962125133010145 8.0353645058259673 0.87397565626461615 0.48596970302358777 7.6502245355238463 0.24547404364473555 0.43552725453470376 8.0329689848586039 0.50034934770887152 -0.00019925527628810743 8.2267676575409592 0.49824470298261547 0.43402162345231377 7.4555945354259467 0.00011228130399082437 -0.00019758508163989635 8.0329689848586039 0.50034934770887152 -0.00019925527628810743 8.0329689848586039 0.00034934770887156547 -0.50019925527628806 7.6483046707766986 0.43895133512960305 -0.23962125133010145 7.6546575693791254 0.99999999999999989 4.6871259454546032e-16 8.0329689848586039 0.50034934770887152 -0.00019925527628810743 8.0353645058259673 0.87397565626461615 0.48596970302358777 7.452760835973594 0.86953658419232394 0.49386853387429536 8.0329689848586039 0.50034934770887152 -0.00019925527628810743 7.452760835973594 0.86953658419232394 0.49386853387429536 7.6483046707766986 0.43895133512960305 -0.23962125133010145 7.6502245355238463 0.24547404364473555 0.43552725453470376 8.0329689848586145 0.00034934770887156547 0.49980074472371189 8.0329689848586039 0.50034934770887152 -0.00019925527628810743 7.4555945354259467 0.00011228130399082437 -0.00019758508163989635 7.6502245355238463 0.24547404364473555 0.43552725453470376 8.0329689848586039 0.50034934770887152 -0.00019925527628810743 7.6502245355238463 0.24547404364473555 0.43552725453470376 8.0329689848586145 0.00034934770887156547 0.49980074472371189 8.2267676575409592 0.49824470298261547 0.43402162345231377 8.0329689848586039 0.50034934770887152 -0.00019925527628810743 8.0353645058259673 0.87397565626461615 0.48596970302358777 7.452760835973594 0.86953658419232394 0.49386853387429536 7.6502245355238463 0.24547404364473555 0.43552725453470376 7.4555945354259467 0.00011228130399082437 -0.00019758508163989635 7.6502245355238463 0.24547404364473555 0.43552725453470376 8.0329689848586039 0.50034934770887152 -0.00019925527628810743 7.6483046707766986 0.43895133512960305 -0.23962125133010145 7.458428234886969 0.49426370404592163 -0.86931202157959642 7.8410148061274505 0.87779038895521511 -0.47904491757856299 7.2595303426083699 0.87209258265366485 -0.48934091110437555 7.6483046707766986 0.43895133512960305 -0.23962125133010145 7.2595303426083699 0.87209258265366485 -0.48934091110437555 7.8410148061274505 0.87779038895521511 -0.47904491757856299 7.6546575693791254 0.99999999999999989 4.6871259454546032e-16 7.6483046707766986 0.43895133512960305 -0.23962125133010145 7.8410148061274505 0.87779038895521511 -0.47904491757856299 8.0329689848586039 0.50034934770887152 -0.00019925527628810743 7.6546575693791254 0.99999999999999989 4.6871259454546032e-16 7.6483046707766986 0.43895133512960305 -0.23962125133010145 8.0353645058259673 0.87397565626461615 0.48596970302358777 8.0329689848586039 0.50034934770887152 -0.00019925527628810743 8.2445814736856011 1 5.0483501560293196e-16 8.2267676575409592 0.49824470298261547 0.43402162345231377 8.2445814736856011 1 5.0483501560293196e-16 8.0353645058259673 0.87397565626461615 0.48596970302358777 7.6546575693791254 0.99999999999999989 4.6871259454546032e-16 8.0329689848586039 0.50034934770887152 -0.00019925527628810743 8.2445814736856011 1 5.0483501560293196e-16 7.6546575693791254 0.99999999999999989 4.6871259454546032e-16 7.8410148061274505 0.87779038895521511 -0.47904491757856299 8.0329689848586039 0.50034934770887152 -0.00019925527628810743 8.4205663302233127 0.49614005825635943 0.8682425021809157 8.0353645058259673 0.87397565626461615 0.48596970302358777 8.6441570411722441 0.86200635086251409 0.50689747589891643 8.2267676575409592 0.49824470298261547 0.43402162345231377 8.6441570411722441 0.86200635086251409 0.50689747589891643 8.0353645058259673 0.87397565626461615 0.48596970302358777 8.2445814736856011 1 5.0483501560293196e-16 8.2267676575409592 0.49824470298261547 0.43402162345231377 9.0814320982875856 -0.89025371211923043 0.45546495810098375 8.6425054015645131 -0.50637719602533615 0.86231208697635608 9.187083556142813 -0.41629812382408576 0.90922817383786947 8.7779820347470263 -0.46006559422624943 0.34212599089769435 8.0329689848586039 -0.49965065229112843 -0.00019925527628810743 8.4176785472254583 -0.86842728995212948 0.49581654073497849 8.7779820347470263 -0.46006559422624943 0.34212599089769435 8.2253237660420364 -0.43403897112162892 0.49780864272934522 8.4176785472254583 -0.86842728995212948 0.49581654073497849 8.6425054015645131 -0.50637719602533615 0.86231208697635608 8.7779820347470263 -0.46006559422624943 0.34212599089769435 8.2253237660420364 -0.43403897112162892 0.49780864272934522 8.4176785472254583 -0.86842728995212948 0.49581654073497849 9.0814320982875856 -0.89025371211923043 0.45546495810098375 8.8345024646043999 -1 5.409572582668592e-16 8.7779820347470263 -0.46006559422624943 0.34212599089769435 8.8345024646043999 -1 5.409572582668592e-16 8.2445814736856011 -1 5.0483501560293196e-16 8.4176785472254583 -0.86842728995212948 0.49581654073497849 8.7779820347470263 -0.46006559422624943 0.34212599089769435 8.2445814736856011 -1 5.0483501560293196e-16 8.0329689848586039 -0.49965065229112843 -0.00019925527628810743 8.4176785472254583 -0.86842728995212948 0.49581654073497849 8.7779820347470263 -0.46006559422624943 0.34212599089769435 8.4176785472254583 -0.86842728995212948 0.49581654073497849 8.6425054015645131 -0.50637719602533615 0.86231208697635608 9.0814320982875856 -0.89025371211923043 0.45546495810098375 8.7779820347470263 -0.46006559422624943 0.34212599089769435 8.8345024646044337 0 1.0000000000000007 9.4182421888763574 0 1.0000000000000007 9.187083556142813 -0.41629812382408576 0.90922817383786947 9.0000934106694945 -0.073747204993470677 0.7063585014768452 9.187083556142813 -0.41629812382408576 0.90922817383786947 8.7779820347470263 -0.46006559422624943 0.34212599089769435 8.6425054015645131 -0.50637719602533615 0.86231208697635608 9.0000934106694945 -0.073747204993470677 0.7063585014768452 8.7779820347470263 -0.46006559422624943 0.34212599089769435 8.2253237660420364 -0.43403897112162892 0.49780864272934522 8.6425054015645131 -0.50637719602533615 0.86231208697635608 9.0000934106694945 -0.073747204993470677 0.7063585014768452 9.187083556142813 -0.41629812382408576 0.90922817383786947 8.6425054015645131 -0.50637719602533615 0.86231208697635608 8.8345024646044337 0 1.0000000000000007 9.0000934106694945 -0.073747204993470677 0.7063585014768452 8.8345024646044337 0 1.0000000000000007 8.6425054015645131 -0.50637719602533615 0.86231208697635608 8.2253237660420364 -0.43403897112162892 0.49780864272934522 9.0000934106694945 -0.073747204993470677 0.7063585014768452 7.6546575693791254 0 -0.99999999999999933 8.0404304440474181 0.48584040778963045 -0.87404753769964072 7.458428234886969 0.49426370404592163 -0.86931202157959642 8.0329689848586039 0.00034934770887156547 -0.50019925527628806 8.0404304440474181 0.48584040778963045 -0.87404753769964072 7.458428234886969 0.49426370404592163 -0.86931202157959642 8.0329689848586039 0.00034934770887156547 -0.50019925527628806 7.6483046707766986 0.43895133512960305 -0.23962125133010145 8.0404304440474181 0.48584040778963045 -0.87404753769964072 7.8410148061274505 0.87779038895521511 -0.47904491757856299 7.458428234886969 0.49426370404592163 -0.86931202157959642 7.6483046707766986 0.43895133512960305 -0.23962125133010145 8.4112804003380823 0.00069869541774313093 -0.00039851055257668355 8.0329689848586039 -0.49965065229112843 -0.00019925527628810743 8.7779820347470263 -0.46006559422624943 0.34212599089769435 8.2253237660420364 -0.43403897112162892 0.49780864272934522 8.4112804003380823 0.00069869541774313093 -0.00039851055257668355 8.0329689848586039 0.50034934770887152 -0.00019925527628810743 8.0329689848586145 0.00034934770887156547 0.49980074472371189 8.2267676575409592 0.49824470298261547 0.43402162345231377 8.4112804003380823 0.00069869541774313093 -0.00039851055257668355 8.0329689848586039 -0.49965065229112843 -0.00019925527628810743 7.4555945354259467 0.00011228130399082437 -0.00019758508163989635 8.0329689848586039 0.00034934770887156547 -0.50019925527628806 7.4555945354259467 0.00011228130399082437 -0.00019758508163989635 8.0329689848586039 -0.49965065229112843 -0.00019925527628810743 8.4112804003380823 0.00069869541774313093 -0.00039851055257668355 8.0329689848586145 0.00034934770887156547 0.49980074472371189 8.4112804003380823 0.00069869541774313093 -0.00039851055257668355 8.0329689848586145 0.00034934770887156547 0.49980074472371189 8.0329689848586039 -0.49965065229112843 -0.00019925527628810743 8.2253237660420364 -0.43403897112162892 0.49780864272934522 7.4555945354259467 0.00011228130399082437 -0.00019758508163989635 8.0329689848586145 0.00034934770887156547 0.49980074472371189 8.4112804003380823 0.00069869541774313093 -0.00039851055257668355 8.0329689848586039 0.50034934770887152 -0.00019925527628810743 8.4112804003380823 0.00069869541774313093 -0.00039851055257668355 8.0329689848586039 0.00034934770887156547 -0.50019925527628806 7.4555945354259467 0.00011228130399082437 -0.00019758508163989635 8.0329689848586039 0.50034934770887152 -0.00019925527628810743 8.0329689848586039 -0.49965065229112843 -0.00019925527628810743 8.0329689848586039 0.00034934770887156547 -0.50019925527628806 8.4112804003380823 0.00069869541774313093 -0.00039851055257668355 8.217481727655727 -0.49719665985600081 -0.4346193892811786 8.0329689848586039 0.00034934770887156547 -0.50019925527628806 7.6483046707766986 0.43895133512960305 -0.23962125133010145 8.0329689848586039 0.50034934770887152 -0.00019925527628810743 8.2174817276412764 0.43469443550001219 -0.49747096134411589 8.0404304440474181 0.48584040778963045 -0.87404753769964072 7.6483046707766986 0.43895133512960305 -0.23962125133010145 8.0329689848586039 0.00034934770887156547 -0.50019925527628806 8.2174817276412764 0.43469443550001219 -0.49747096134411589 8.0329689848586039 0.00034934770887156547 -0.50019925527628806 8.0329689848586039 0.50034934770887152 -0.00019925527628810743 8.4112804003380823 0.00069869541774313093 -0.00039851055257668355 8.2174817276412764 0.43469443550001219 -0.49747096134411589 8.0404304440474181 0.48584040778963045 -0.87404753769964072 7.8410148061274505 0.87779038895521511 -0.47904491757856299 7.6483046707766986 0.43895133512960305 -0.23962125133010145 8.2174817276412764 0.43469443550001219 -0.49747096134411589 8.0329689848586039 0.50034934770887152 -0.00019925527628810743 7.6483046707766986 0.43895133512960305 -0.23962125133010145 7.8410148061274505 0.87779038895521511 -0.47904491757856299 8.2174817276412764 0.43469443550001219 -0.49747096134411589 7.6546575693791254 0 -0.99999999999999933 7.8410148061224048 -0.47904491759820622 -0.87779038894449435 8.2445814736856011 0 -0.99999999999999956 8.0329689848586039 0.00034934770887156547 -0.50019925527628806 7.6546575693791254 0 -0.99999999999999933 8.2445814736856011 0 -0.99999999999999956 8.0404304440474181 0.48584040778963045 -0.87404753769964072 8.0329689848586039 0.00034934770887156547 -0.50019925527628806 8.2445814736856011 0 -0.99999999999999956 8.0404304440474181 0.48584040778963045 -0.87404753769964072 8.0329689848586039 0.00034934770887156547 -0.50019925527628806 8.2174817276412764 0.43469443550001219 -0.49747096134411589 8.0404304440562839 -0.87404753770147947 -0.4858404077863227 8.4019944704528502 -0.49474266742087314 -0.86903952328606904 7.8410148061224048 -0.47904491759820622 -0.87779038894449435 8.217481727655727 -0.49719665985600081 -0.4346193892811786 7.8410148061224048 -0.47904491759820622 -0.87779038894449435 8.4019944704528502 -0.49474266742087314 -0.86903952328606904 8.2445814736856011 0 -0.99999999999999956 8.0329689848586039 0.00034934770887156547 -0.50019925527628806 8.4019944704528502 -0.49474266742087314 -0.86903952328606904 8.0329689848586039 0.00034934770887156547 -0.50019925527628806 7.8410148061224048 -0.47904491759820622 -0.87779038894449435 8.217481727655727 -0.49719665985600081 -0.4346193892811786 8.6212771356900415 -0.8689753542722547 -0.4948553664126607 8.4019944704528502 -0.49474266742087314 -0.86903952328606904 8.0404304440562839 -0.87404753770147947 -0.4858404077863227 8.217481727655727 -0.49719665985600081 -0.4346193892811786 8.6212771356900415 -0.8689753542722547 -0.4948553664126607 8.0404304440562839 -0.87404753770147947 -0.4858404077863227 8.2445814736856011 -1 5.0483501560293196e-16 8.217481727655727 -0.49719665985600081 -0.4346193892811786 8.4112804003380823 0.00069869541774313093 -0.00039851055257668355 8.0329689848586145 0.00034934770887156547 0.49980074472371189 8.8131032651961778 0.26880371383714441 0.50348882911582082 8.2267676575409592 0.49824470298261547 0.43402162345231377 8.4112804003380823 0.00069869541774313093 -0.00039851055257668355 8.7779820347470263 -0.46006559422624943 0.34212599089769435 8.8131032651961778 0.26880371383714441 0.50348882911582082 8.2253237660420364 -0.43403897112162892 0.49780864272934522 8.2445814736856224 0 1.0000000000000007 8.4205663302233127 0.49614005825635943 0.8682425021809157 8.8345024646044337 0 1.0000000000000007 8.8131032651961778 0.26880371383714441 0.50348882911582082 8.4112804003380823 0.00069869541774313093 -0.00039851055257668355 8.8131032651961778 0.26880371383714441 0.50348882911582082 8.0329689848586145 0.00034934770887156547 0.49980074472371189 8.2253237660420364 -0.43403897112162892 0.49780864272934522 8.2445814736856224 0 1.0000000000000007 8.8345024646044337 0 1.0000000000000007 8.2253237660420364 -0.43403897112162892 0.49780864272934522 8.8131032651961778 0.26880371383714441 0.50348882911582082 8.2445814736856224 0 1.0000000000000007 8.0329689848586145 0.00034934770887156547 0.49980074472371189 8.4205663302233127 0.49614005825635943 0.8682425021809157 8.8131032651961778 0.26880371383714441 0.50348882911582082 8.4205663302233127 0.49614005825635943 0.8682425021809157 8.6441570411722441 0.86200635086251409 0.50689747589891643 8.8131032651961778 0.26880371383714441 0.50348882911582082 8.2267676575409592 0.49824470298261547 0.43402162345231377 8.0329689848586145 0.00034934770887156547 0.49980074472371189 8.4205663302233127 0.49614005825635943 0.8682425021809157 8.8131032651961778 0.26880371383714441 0.50348882911582082 8.2267676575409592 0.49824470298261547 0.43402162345231377 8.8131032651961778 0.26880371383714441 0.50348882911582082 8.2253237660420364 -0.43403897112162892 0.49780864272934522 8.7779820347470263 -0.46006559422624943 0.34212599089769435 9.0000934106694945 -0.073747204993470677 0.7063585014768452 8.8345024646044337 0 1.0000000000000007 8.2253237660420364 -0.43403897112162892 0.49780864272934522 8.8131032651961778 0.26880371383714441 0.50348882911582082 9.0000934106694945 -0.073747204993470677 0.7063585014768452 8.2445814736856224 0 1.0000000000000007 8.0329689848586145 0.00034934770887156547 0.49980074472371189 8.8131032651961778 0.26880371383714441 0.50348882911582082 8.2253237660420364 -0.43403897112162892 0.49780864272934522 9.7286343574272856 0.036514848036423186 0.59413548908229263 10 0.16973649965926818 0.62442322093329894 9.6168911663650452 0.35682947827009098 0.93416953677450665 10 0 1.0000000000000007 9.7286343574272856 0.036514848036423186 0.59413548908229263 10 0.16973649965926818 0.62442322093329894 10 0 1.0000000000000007 9.9999999999999982 -0.12064762328835876 0.63343181660964976 9.7286343574272856 0.036514848036423186 0.59413548908229263 10 0 1.0000000000000007 9.6168911663650452 0.35682947827009098 0.93416953677450665 9.4182421888763574 0 1.0000000000000007 9.7286343574272856 0.036514848036423186 0.59413548908229263 10 0 1.0000000000000007 9.4182421888763574 0 1.0000000000000007 9.6214259775645825 -0.37032182962774635 0.92890351624975531 9.6214259775645825 -0.37032182962774635 0.92890351624975531 10 0 1.0000000000000007 9.9999999999999982 -0.12064762328835876 0.63343181660964976 9.7286343574272856 0.036514848036423186 0.59413548908229263 9.7286343574272856 0.036514848036423186 0.59413548908229263 9.4182421888763574 0 1.0000000000000007 9.6168911663650452 0.35682947827009098 0.93416953677450665 9.4031407899535715 0.20952672692483509 0.58259388946029977 8.4205663302233127 0.49614005825635943 0.8682425021809157 8.6441570411722441 0.86200635086251409 0.50689747589891643 9.0817685338571454 0.45765048249076007 0.88913218132962402 8.8131032651961778 0.26880371383714441 0.50348882911582082 8.8345024646044337 0 1.0000000000000007 9.0817685338571454 0.45765048249076007 0.88913218132962402 9.4182421888763574 0 1.0000000000000007 9.0000934106694945 -0.073747204993470677 0.7063585014768452 8.8345024646044337 0 1.0000000000000007 8.4205663302233127 0.49614005825635943 0.8682425021809157 9.0817685338571454 0.45765048249076007 0.88913218132962402 8.8131032651961778 0.26880371383714441 0.50348882911582082 8.8345024646044337 0 1.0000000000000007 8.8131032651961778 0.26880371383714441 0.50348882911582082 9.0817685338571454 0.45765048249076007 0.88913218132962402 9.0000934106694945 -0.073747204993470677 0.7063585014768452 8.8131032651961778 0.26880371383714441 0.50348882911582082 9.4031407899535715 0.20952672692483509 0.58259388946029977 9.0817685338571454 0.45765048249076007 0.88913218132962402 9.0000934106694945 -0.073747204993470677 0.7063585014768452 9.4182421888763574 0 1.0000000000000007 9.0817685338571454 0.45765048249076007 0.88913218132962402 9.6168911663650452 0.35682947827009098 0.93416953677450665 9.4031407899535715 0.20952672692483509 0.58259388946029977 9.0817685338571454 0.45765048249076007 0.88913218132962402 9.4031407899535715 0.20952672692483509 0.58259388946029977 9.4182421888763574 0 1.0000000000000007 9.0000934106694945 -0.073747204993470677 0.7063585014768452 9.0817685338571454 0.45765048249076007 0.88913218132962402 8.6441570411722441 0.86200635086251409 0.50689747589891643 9.1874381085184851 0.90928008834784502 0.41618471972687254 8.8131032651961778 0.26880371383714441 0.50348882911582082 9.7286343574272856 0.036514848036423186 0.59413548908229263 10 0.16973649965926818 0.62442322093329894 10 0.42776163676003387 0.49451079303178636 9.6168911663650452 0.35682947827009098 0.93416953677450665 9.7286343574272856 0.036514848036423186 0.59413548908229263 9.6168911663650452 0.35682947827009098 0.93416953677450665 10 0.42776163676003387 0.49451079303178636 9.4031407899535715 0.20952672692483509 0.58259388946029977 9.5658857683936809 0.71912999037841119 0.69487556939235307 10 0.42776163676003387 0.49451079303178636 9.6168911663650452 0.35682947827009098 0.93416953677450665 9.4031407899535715 0.20952672692483509 0.58259388946029977 9.0817685338571454 0.45765048249076007 0.88913218132962402 9.5658857683936809 0.71912999037841119 0.69487556939235307 9.6168911663650452 0.35682947827009098 0.93416953677450665 9.4031407899535715 0.20952672692483509 0.58259388946029977 10 0.16973649965926818 0.62442322093329894 9.6168911663650452 0.35682947827009098 0.93416953677450665 10 0 1.0000000000000007 9.9999999999999982 0.51281493978470027 0.85849703187015092 9.9999999999999982 0.51281493978470027 0.85849703187015092 9.6168911663650452 0.35682947827009098 0.93416953677450665 9.5658857683936809 0.71912999037841119 0.69487556939235307 10 0.42776163676003387 0.49451079303178636 10 0.16973649965926818 0.62442322093329894 10 0.42776163676003387 0.49451079303178636 9.6168911663650452 0.35682947827009098 0.93416953677450665 9.9999999999999982 0.51281493978470027 0.85849703187015092 8.0329689848586039 -0.49965065229112843 -0.00019925527628810743 8.9134586679295413 -0.41375399242716271 -0.17806010518096738 8.2445814736856011 -1 5.0483501560293196e-16 8.217481727655727 -0.49719665985600081 -0.4346193892811786 8.8345024646043999 -1 5.409572582668592e-16 8.6212771356900415 -0.8689753542722547 -0.4948553664126607 8.2445814736856011 -1 5.0483501560293196e-16 8.9134586679295413 -0.41375399242716271 -0.17806010518096738 8.8345024646043999 -1 5.409572582668592e-16 8.9134586679295413 -0.41375399242716271 -0.17806010518096738 8.2445814736856011 -1 5.0483501560293196e-16 8.7779820347470263 -0.46006559422624943 0.34212599089769435 8.2445814736856011 -1 5.0483501560293196e-16 8.9134586679295413 -0.41375399242716271 -0.17806010518096738 8.0329689848586039 -0.49965065229112843 -0.00019925527628810743 8.7779820347470263 -0.46006559422624943 0.34212599089769435 8.0329689848586039 -0.49965065229112843 -0.00019925527628810743 8.9134586679295413 -0.41375399242716271 -0.17806010518096738 8.4112804003380823 0.00069869541774313093 -0.00039851055257668355 8.7779820347470263 -0.46006559422624943 0.34212599089769435 8.6212771356900415 -0.8689753542722547 -0.4948553664126607 8.2445814736856011 -1 5.0483501560293196e-16 8.9134586679295413 -0.41375399242716271 -0.17806010518096738 8.217481727655727 -0.49719665985600081 -0.4346193892811786 8.4112804003380823 0.00069869541774313093 -0.00039851055257668355 8.9134586679295413 -0.41375399242716271 -0.17806010518096738 8.0329689848586039 -0.49965065229112843 -0.00019925527628810743 8.217481727655727 -0.49719665985600081 -0.4346193892811786 8.6212771356900415 -0.8689753542722547 -0.4948553664126607 8.6577265692056482 -0.11329064968243013 -0.61707981115834931 8.4019944704528502 -0.49474266742087314 -0.86903952328606904 8.217481727655727 -0.49719665985600081 -0.4346193892811786 8.2445814736856011 0 -0.99999999999999956 8.0329689848586039 0.00034934770887156547 -0.50019925527628806 8.4019944704528502 -0.49474266742087314 -0.86903952328606904 8.6577265692056482 -0.11329064968243013 -0.61707981115834931 8.4019944704528502 -0.49474266742087314 -0.86903952328606904 8.6577265692056482 -0.11329064968243013 -0.61707981115834931 8.0329689848586039 0.00034934770887156547 -0.50019925527628806 8.217481727655727 -0.49719665985600081 -0.4346193892811786 8.2445814736856011 0 -0.99999999999999956 8.0329689848586039 0.00034934770887156547 -0.50019925527628806 8.6577265692056482 -0.11329064968243013 -0.61707981115834931 8.2174817276412764 0.43469443550001219 -0.49747096134411589 8.6212771356900415 -0.8689753542722547 -0.4948553664126607 8.9134586679295413 -0.41375399242716271 -0.17806010518096738 8.6577265692056482 -0.11329064968243013 -0.61707981115834931 8.217481727655727 -0.49719665985600081 -0.4346193892811786 8.4112804003380823 0.00069869541774313093 -0.00039851055257668355 8.6577265692056482 -0.11329064968243013 -0.61707981115834931 8.9134586679295413 -0.41375399242716271 -0.17806010518096738 8.217481727655727 -0.49719665985600081 -0.4346193892811786 8.0329689848586039 0.00034934770887156547 -0.50019925527628806 8.6577265692056482 -0.11329064968243013 -0.61707981115834931 8.4112804003380823 0.00069869541774313093 -0.00039851055257668355 8.217481727655727 -0.49719665985600081 -0.4346193892811786 8.0329689848586039 0.00034934770887156547 -0.50019925527628806 8.4112804003380823 0.00069869541774313093 -0.00039851055257668355 8.6577265692056482 -0.11329064968243013 -0.61707981115834931 8.2174817276412764 0.43469443550001219 -0.49747096134411589 8.8345024646043999 -1 5.409572582668592e-16 9.1916955142237935 -0.90793517322867057 -0.4191106312350279 8.6212771356900415 -0.8689753542722547 -0.4948553664126607 8.9134586679295413 -0.41375399242716271 -0.17806010518096738 9.0814320982875856 -0.89025371211923043 0.45546495810098375 9.187083556142813 -0.41629812382408576 0.90922817383786947 9.4613180326973758 -0.42413215178748603 0.25893476228389689 8.7779820347470263 -0.46006559422624943 0.34212599089769435 9.0814320982875856 -0.89025371211923043 0.45546495810098375 9.5656343579319199 -0.69502343899643459 0.71898707863602818 9.6168254526979666 -0.93418707318296268 0.35678356506129938 9.4613180326973758 -0.42413215178748603 0.25893476228389689 9.0814320982875856 -0.89025371211923043 0.45546495810098375 9.187083556142813 -0.41629812382408576 0.90922817383786947 9.5656343579319199 -0.69502343899643459 0.71898707863602818 9.4613180326973758 -0.42413215178748603 0.25893476228389689 9.7286343574272856 0.036514848036423186 0.59413548908229263 9.4613180326973758 -0.42413215178748603 0.25893476228389689 9.6214259775645825 -0.37032182962774635 0.92890351624975531 9.4182421888763574 0 1.0000000000000007 8.9134586679295413 -0.41375399242716271 -0.17806010518096738 8.8345024646043999 -1 5.409572582668592e-16 9.4613180326973758 -0.42413215178748603 0.25893476228389689 8.7779820347470263 -0.46006559422624943 0.34212599089769435 8.9134586679295413 -0.41375399242716271 -0.17806010518096738 9.4613180326973758 -0.42413215178748603 0.25893476228389689 8.8345024646043999 -1 5.409572582668592e-16 9.1916955142237935 -0.90793517322867057 -0.4191106312350279 9.4613180326973758 -0.42413215178748603 0.25893476228389689 8.8345024646043999 -1 5.409572582668592e-16 9.1916955142237935 -0.90793517322867057 -0.4191106312350279 9.4182421888763148 -1 5.7670100751009702e-16 8.8345024646043999 -1 5.409572582668592e-16 9.4613180326973758 -0.42413215178748603 0.25893476228389689 8.7779820347470263 -0.46006559422624943 0.34212599089769435 9.0814320982875856 -0.89025371211923043 0.45546495810098375 9.4182421888763148 -1 5.7670100751009702e-16 9.0814320982875856 -0.89025371211923043 0.45546495810098375 9.6168254526979666 -0.93418707318296268 0.35678356506129938 9.4613180326973758 -0.42413215178748603 0.25893476228389689 9.4182421888763148 -1 5.7670100751009702e-16 8.8345024646043999 -1 5.409572582668592e-16 9.0814320982875856 -0.89025371211923043 0.45546495810098375 9.4613180326973758 -0.42413215178748603 0.25893476228389689 9.5656343579319199 -0.69502343899643459 0.71898707863602818 9.187083556142813 -0.41629812382408576 0.90922817383786947 9.6214259775645825 -0.37032182962774635 0.92890351624975531 9.4613180326973758 -0.42413215178748603 0.25893476228389689 9.4613180326973758 -0.42413215178748603 0.25893476228389689 8.7779820347470263 -0.46006559422624943 0.34212599089769435 9.187083556142813 -0.41629812382408576 0.90922817383786947 9.0000934106694945 -0.073747204993470677 0.7063585014768452 9.6214259775645825 -0.37032182962774635 0.92890351624975531 9.187083556142813 -0.41629812382408576 0.90922817383786947 9.4182421888763574 0 1.0000000000000007 9.4613180326973758 -0.42413215178748603 0.25893476228389689 9.187083556142813 -0.41629812382408576 0.90922817383786947 9.4182421888763574 0 1.0000000000000007 9.4613180326973758 -0.42413215178748603 0.25893476228389689 9.0000934106694945 -0.073747204993470677 0.7063585014768452 9.4182421888763574 0 1.0000000000000007 9.4031407899535715 0.20952672692483509 0.58259388946029977 9.4613180326973758 -0.42413215178748603 0.25893476228389689 9.0000934106694945 -0.073747204993470677 0.7063585014768452 9.7286343574272856 0.036514848036423186 0.59413548908229263 9.4613180326973758 -0.42413215178748603 0.25893476228389689 9.4182421888763574 0 1.0000000000000007 9.4031407899535715 0.20952672692483509 0.58259388946029977 9.6214259775645825 -0.37032182962774635 0.92890351624975531 9.9999999999999982 -0.12064762328835876 0.63343181660964976 10 -0.36090234136976262 0.36775373577764492 9.7286343574272856 0.036514848036423186 0.59413548908229263 10 -0.85849703194465765 0.51281493965996972 9.5656343579319199 -0.69502343899643459 0.71898707863602818 9.9999999999999982 -0.51281680427900189 0.85849591812943071 10 -0.36090234136976262 0.36775373577764492 9.5656343579319199 -0.69502343899643459 0.71898707863602818 9.6214259775645825 -0.37032182962774635 0.92890351624975531 10 -0.36090234136976262 0.36775373577764492 9.4613180326973758 -0.42413215178748603 0.25893476228389689 9.5656343579319199 -0.69502343899643459 0.71898707863602818 9.6214259775645825 -0.37032182962774635 0.92890351624975531 9.9999999999999982 -0.51281680427900189 0.85849591812943071 10 -0.36090234136976262 0.36775373577764492 10 -0.85849703194465765 0.51281493965996972 9.6168254526979666 -0.93418707318296268 0.35678356506129938 9.5656343579319199 -0.69502343899643459 0.71898707863602818 10 -0.36090234136976262 0.36775373577764492 9.5656343579319199 -0.69502343899643459 0.71898707863602818 10 -0.36090234136976262 0.36775373577764492 9.6168254526979666 -0.93418707318296268 0.35678356506129938 9.4613180326973758 -0.42413215178748603 0.25893476228389689 9.9999999999999982 -0.51281680427900189 0.85849591812943071 9.6214259775645825 -0.37032182962774635 0.92890351624975531 9.9999999999999982 -0.12064762328835876 0.63343181660964976 10 -0.36090234136976262 0.36775373577764492 9.7286343574272856 0.036514848036423186 0.59413548908229263 10 -0.36090234136976262 0.36775373577764492 9.6214259775645825 -0.37032182962774635 0.92890351624975531 9.4613180326973758 -0.42413215178748603 0.25893476228389689 10 -0.63122519458897963 -0.19552513461550539 9.4182421888763148 -1 5.7670100751009702e-16 9.6230001929627011 -0.92832976192801886 -0.37175778824211259 10 -1 6.1232339957367663e-16 10 -1 6.1232339957367663e-16 9.6168254526979666 -0.93418707318296268 0.35678356506129938 10 -0.85849703194465765 0.51281493965996972 10 -0.61402874755743608 0.12298095694001275 9.6168254526979666 -0.93418707318296268 0.35678356506129938 10 -0.36090234136976262 0.36775373577764492 10 -0.85849703194465765 0.51281493965996972 10 -0.61402874755743608 0.12298095694001275 9.4182421888763148 -1 5.7670100751009702e-16 9.6168254526979666 -0.93418707318296268 0.35678356506129938 10 -0.61402874755743608 0.12298095694001275 9.4613180326973758 -0.42413215178748603 0.25893476228389689 10 -0.63122519458897963 -0.19552513461550539 9.4613180326973758 -0.42413215178748603 0.25893476228389689 9.4182421888763148 -1 5.7670100751009702e-16 10 -0.61402874755743608 0.12298095694001275 10 -0.36090234136976262 0.36775373577764492 10 -0.61402874755743608 0.12298095694001275 9.6168254526979666 -0.93418707318296268 0.35678356506129938 9.4613180326973758 -0.42413215178748603 0.25893476228389689 10 -1 6.1232339957367663e-16 9.4182421888763148 -1 5.7670100751009702e-16 9.6168254526979666 -0.93418707318296268 0.35678356506129938 10 -0.61402874755743608 0.12298095694001275 10 -1 6.1232339957367663e-16 10 -0.63122519458897963 -0.19552513461550539 9.4182421888763148 -1 5.7670100751009702e-16 10 -0.61402874755743608 0.12298095694001275 9.7286343574272856 0.036514848036423186 0.59413548908229263 10 0.082236043418115634 0.27786882265402868 10 -0.36090234136976262 0.36775373577764492 9.4613180326973758 -0.42413215178748603 0.25893476228389689 9.7286343574272856 0.036514848036423186 0.59413548908229263 10 0.42776163676003387 0.49451079303178636 10 0.16973649965926818 0.62442322093329894 10 0.082236043418115634 0.27786882265402868 9.7286343574272856 0.036514848036423186 0.59413548908229263 9.9999999999999982 -0.12064762328835876 0.63343181660964976 10 -0.36090234136976262 0.36775373577764492 10 0.082236043418115634 0.27786882265402868 9.7286343574272856 0.036514848036423186 0.59413548908229263 10 0.16973649965926818 0.62442322093329894 9.9999999999999982 -0.12064762328835876 0.63343181660964976 10 0.082236043418115634 0.27786882265402868 8.4112804003380823 0.00069869541774313093 -0.00039851055257668355 8.8131032651961778 0.26880371383714441 0.50348882911582082 8.6228914324712402 0.50034934770887163 -0.00019925527628807132 8.2267676575409592 0.49824470298261547 0.43402162345231377 8.6441570411722441 0.86200635086251409 0.50689747589891643 8.6228914324712402 0.50034934770887163 -0.00019925527628807132 8.8131032651961778 0.26880371383714441 0.50348882911582082 8.2267676575409592 0.49824470298261547 0.43402162345231377 8.4112804003380823 0.00069869541774313093 -0.00039851055257668355 8.6228914324712402 0.50034934770887163 -0.00019925527628807132 8.0329689848586039 0.50034934770887152 -0.00019925527628810743 8.2267676575409592 0.49824470298261547 0.43402162345231377 9.1874381085184851 0.90928008834784502 0.41618471972687254 8.8131032651961778 0.26880371383714441 0.50348882911582082 8.6441570411722441 0.86200635086251409 0.50689747589891643 8.6228914324712402 0.50034934770887163 -0.00019925527628807132 8.0329689848586039 0.50034934770887152 -0.00019925527628810743 8.6228914324712402 0.50034934770887163 -0.00019925527628807132 8.2445814736856011 1 5.0483501560293196e-16 8.2267676575409592 0.49824470298261547 0.43402162345231377 8.6441570411722441 0.86200635086251409 0.50689747589891643 8.2445814736856011 1 5.0483501560293196e-16 8.6228914324712402 0.50034934770887163 -0.00019925527628807132 8.2267676575409592 0.49824470298261547 0.43402162345231377 8.0329689848586039 0.50034934770887152 -0.00019925527628810743 8.6228914324712402 0.50034934770887163 -0.00019925527628807132 8.4112804003380823 0.00069869541774313093 -0.00039851055257668355 8.2174817276412764 0.43469443550001219 -0.49747096134411589 8.4019944704239489 0.86903952329115275 -0.49474266741194373 8.6228914324712402 0.50034934770887163 -0.00019925527628807132 8.0329689848586039 0.50034934770887152 -0.00019925527628810743 8.2174817276412764 0.43469443550001219 -0.49747096134411589 8.2445814736856011 1 5.0483501560293196e-16 8.0329689848586039 0.50034934770887152 -0.00019925527628810743 8.4019944704239489 0.86903952329115275 -0.49474266741194373 8.6228914324712402 0.50034934770887163 -0.00019925527628807132 8.4019944704239489 0.86903952329115275 -0.49474266741194373 8.0329689848586039 0.50034934770887152 -0.00019925527628810743 7.8410148061274505 0.87779038895521511 -0.47904491757856299 8.2174817276412764 0.43469443550001219 -0.49747096134411589 7.8410148061274505 0.87779038895521511 -0.47904491757856299 8.4019944704239489 0.86903952329115275 -0.49474266741194373 8.2445814736856011 1 5.0483501560293196e-16 8.0329689848586039 0.50034934770887152 -0.00019925527628810743 8.0404304440474181 0.48584040778963045 -0.87404753769964072 8.4019944704239489 0.86903952329115275 -0.49474266741194373 7.8410148061274505 0.87779038895521511 -0.47904491757856299 8.2174817276412764 0.43469443550001219 -0.49747096134411589 8.8345024646043999 1 5.409572582668592e-16 8.6441570411722441 0.86200635086251409 0.50689747589891643 8.2445814736856011 1 5.0483501560293196e-16 8.6228914324712402 0.50034934770887163 -0.00019925527628807132 9.1874381085184851 0.90928008834784502 0.41618471972687254 8.6441570411722441 0.86200635086251409 0.50689747589891643 8.8345024646043999 1 5.409572582668592e-16 8.6228914324712402 0.50034934770887163 -0.00019925527628807132 8.8345024646043999 1 5.409572582668592e-16 8.2445814736856011 1 5.0483501560293196e-16 8.4019944704239489 0.86903952329115275 -0.49474266741194373 8.6228914324712402 0.50034934770887163 -0.00019925527628807132 9.7286343574272856 0.036514848036423186 0.59413548908229263 9.2729710008101467 0.078829467734423189 0.10349895895546331 9.4613180326973758 -0.42413215178748603 0.25893476228389689 9.4031407899535715 0.20952672692483509 0.58259388946029977 8.9134586679295413 -0.41375399242716271 -0.17806010518096738 9.4613180326973758 -0.42413215178748603 0.25893476228389689 9.2729710008101467 0.078829467734423189 0.10349895895546331 8.7779820347470263 -0.46006559422624943 0.34212599089769435 9.7286343574272856 0.036514848036423186 0.59413548908229263 9.2729710008101467 0.078829467734423189 0.10349895895546331 10 0.082236043418115634 0.27786882265402868 9.4613180326973758 -0.42413215178748603 0.25893476228389689 9.2729710008101467 0.078829467734423189 0.10349895895546331 8.4112804003380823 0.00069869541774313093 -0.00039851055257668355 8.8131032651961778 0.26880371383714441 0.50348882911582082 8.6228914324712402 0.50034934770887163 -0.00019925527628807132 8.4112804003380823 0.00069869541774313093 -0.00039851055257668355 8.9134586679295413 -0.41375399242716271 -0.17806010518096738 9.2729710008101467 0.078829467734423189 0.10349895895546331 8.7779820347470263 -0.46006559422624943 0.34212599089769435 8.4112804003380823 0.00069869541774313093 -0.00039851055257668355 9.2729710008101467 0.078829467734423189 0.10349895895546331 8.8131032651961778 0.26880371383714441 0.50348882911582082 8.7779820347470263 -0.46006559422624943 0.34212599089769435 8.8131032651961778 0.26880371383714441 0.50348882911582082 8.7779820347470263 -0.46006559422624943 0.34212599089769435 9.2729710008101467 0.078829467734423189 0.10349895895546331 9.0000934106694945 -0.073747204993470677 0.7063585014768452 9.2729710008101467 0.078829467734423189 0.10349895895546331 8.7779820347470263 -0.46006559422624943 0.34212599089769435 9.4613180326973758 -0.42413215178748603 0.25893476228389689 9.0000934106694945 -0.073747204993470677 0.7063585014768452 9.2729710008101467 0.078829467734423189 0.10349895895546331 9.4031407899535715 0.20952672692483509 0.58259388946029977 8.8131032651961778 0.26880371383714441 0.50348882911582082 9.0000934106694945 -0.073747204993470677 0.7063585014768452 9.4613180326973758 -0.42413215178748603 0.25893476228389689 9.4031407899535715 0.20952672692483509 0.58259388946029977 9.2729710008101467 0.078829467734423189 0.10349895895546331 9.0000934106694945 -0.073747204993470677 0.7063585014768452 8.2445814736856011 0 -0.99999999999999956 8.6212771357478513 0.49485536669409641 -0.86897535411198523 8.0404304440474181 0.48584040778963045 -0.87404753769964072 8.2174817276412764 0.43469443550001219 -0.49747096134411589 8.6212771357478513 0.49485536669409641 -0.86897535411198523 8.4019944704239489 0.86903952329115275 -0.49474266741194373 8.0404304440474181 0.48584040778963045 -0.87404753769964072 8.2174817276412764 0.43469443550001219 -0.49747096134411589 8.2445814736856011 0 -0.99999999999999956 8.6577265692056482 -0.11329064968243013 -0.61707981115834931 8.6212771357478513 0.49485536669409641 -0.86897535411198523 8.2174817276412764 0.43469443550001219 -0.49747096134411589 9.2729710008101467 0.078829467734423189 0.10349895895546331 8.9134586679295413 -0.41375399242716271 -0.17806010518096738 8.4112804003380823 0.00069869541774313093 -0.00039851055257668355 8.9134586679584462 0.26816136805601293 -0.36512009903062964 8.6212771357478513 0.49485536669409641 -0.86897535411198523 8.6577265692056482 -0.11329064968243013 -0.61707981115834931 8.9134586679584462 0.26816136805601293 -0.36512009903062964 8.2174817276412764 0.43469443550001219 -0.49747096134411589 8.4112804003380823 0.00069869541774313093 -0.00039851055257668355 8.9134586679584462 0.26816136805601293 -0.36512009903062964 8.9134586679295413 -0.41375399242716271 -0.17806010518096738 8.6577265692056482 -0.11329064968243013 -0.61707981115834931 8.4112804003380823 0.00069869541774313093 -0.00039851055257668355 8.6228914324712402 0.50034934770887163 -0.00019925527628807132 8.9134586679584462 0.26816136805601293 -0.36512009903062964 8.2174817276412764 0.43469443550001219 -0.49747096134411589 9.2729710008101467 0.078829467734423189 0.10349895895546331 8.9134586679584462 0.26816136805601293 -0.36512009903062964 8.4112804003380823 0.00069869541774313093 -0.00039851055257668355 8.6228914324712402 0.50034934770887163 -0.00019925527628807132 8.6212771357478513 0.49485536669409641 -0.86897535411198523 8.9134586679584462 0.26816136805601293 -0.36512009903062964 8.4019944704239489 0.86903952329115275 -0.49474266741194373 8.2174817276412764 0.43469443550001219 -0.49747096134411589 8.9134586679584462 0.26816136805601293 -0.36512009903062964 8.6228914324712402 0.50034934770887163 -0.00019925527628807132 8.4019944704239489 0.86903952329115275 -0.49474266741194373 8.2174817276412764 0.43469443550001219 -0.49747096134411589 8.9134586679584462 0.26816136805601293 -0.36512009903062964 8.6577265692056482 -0.11329064968243013 -0.61707981115834931 8.4112804003380823 0.00069869541774313093 -0.00039851055257668355 8.2174817276412764 0.43469443550001219 -0.49747096134411589 8.8345024646043999 0 -0.99999999999999922 8.9134586679584462 0.26816136805601293 -0.36512009903062964 8.6212771357478513 0.49485536669409641 -0.86897535411198523 8.6577265692056482 -0.11329064968243013 -0.61707981115834931 8.2445814736856011 0 -0.99999999999999956 8.8345024646043999 0 -0.99999999999999922 8.6212771357478513 0.49485536669409641 -0.86897535411198523 8.6577265692056482 -0.11329064968243013 -0.61707981115834931 8.2445814736856011 0 -0.99999999999999956 8.4019944704528502 -0.49474266742087314 -0.86903952328606904 8.8345024646043999 0 -0.99999999999999922 8.6577265692056482 -0.11329064968243013 -0.61707981115834931 8.6212771356900415 -0.8689753542722547 -0.4948553664126607 9.0840120202986601 -0.45224333336926253 -0.89189459434568674 8.4019944704528502 -0.49474266742087314 -0.86903952328606904 8.6577265692056482 -0.11329064968243013 -0.61707981115834931 9.1916955142237935 -0.90793517322867057 -0.4191106312350279 9.0840120202986601 -0.45224333336926253 -0.89189459434568674 8.6212771356900415 -0.8689753542722547 -0.4948553664126607 8.9134586679295413 -0.41375399242716271 -0.17806010518096738 8.4019944704528502 -0.49474266742087314 -0.86903952328606904 9.0840120202986601 -0.45224333336926253 -0.89189459434568674 8.8345024646043999 0 -0.99999999999999922 8.6577265692056482 -0.11329064968243013 -0.61707981115834931 8.6212771356900415 -0.8689753542722547 -0.4948553664126607 8.9134586679295413 -0.41375399242716271 -0.17806010518096738 9.0840120202986601 -0.45224333336926253 -0.89189459434568674 8.6577265692056482 -0.11329064968243013 -0.61707981115834931 9.7108850647037919 -0.58419129339194054 -0.39494431314997713 10 -0.63122519458897963 -0.19552513461550539 9.4613180326973758 -0.42413215178748603 0.25893476228389689 9.4182421888763148 -1 5.7670100751009702e-16 9.7108850647037919 -0.58419129339194054 -0.39494431314997713 9.1916955142237935 -0.90793517322867057 -0.4191106312350279 9.4182421888763148 -1 5.7670100751009702e-16 9.4613180326973758 -0.42413215178748603 0.25893476228389689 9.7108850647037919 -0.58419129339194054 -0.39494431314997713 10 -0.63122519458897963 -0.19552513461550539 9.4182421888763148 -1 5.7670100751009702e-16 9.6230001929627011 -0.92832976192801886 -0.37175778824211259 9.7108850647037919 -0.58419129339194054 -0.39494431314997713 9.4182421888763148 -1 5.7670100751009702e-16 9.1916955142237935 -0.90793517322867057 -0.4191106312350279 9.6230001929627011 -0.92832976192801886 -0.37175778824211259 9.7108850647037919 -0.58419129339194054 -0.39494431314997713 9.5676685582794914 -0.71017743233824626 -0.70402273727306197 9.6230001929627011 -0.92832976192801886 -0.37175778824211259 9.1916955142237935 -0.90793517322867057 -0.4191106312350279 9.7108850647037919 -0.58419129339194054 -0.39494431314997713 9.9999999999999982 -0.85849591742848497 -0.51281680545243868 9.6230001929627011 -0.92832976192801886 -0.37175778824211259 9.5676685582794914 -0.71017743233824626 -0.70402273727306197 9.7108850647037919 -0.58419129339194054 -0.39494431314997713 9.9999999999999982 -0.85849591742848497 -0.51281680545243868 10 -0.63122519458897963 -0.19552513461550539 9.6230001929627011 -0.92832976192801886 -0.37175778824211259 9.9999999999999982 -0.85849591742848497 -0.51281680545243868 10 -0.63122519458897963 -0.19552513461550539 9.6230001929627011 -0.92832976192801886 -0.37175778824211259 10 -1 6.1232339957367663e-16 9.7108850647037919 -0.58419129339194054 -0.39494431314997713 10 -0.63122519458897963 -0.19552513461550539 9.9999999999999982 -0.85849591742848497 -0.51281680545243868 10 -0.50825278533983442 -0.44539142650589514 9.7286343574272856 0.036514848036423186 0.59413548908229263 10 0.42776163676003387 0.49451079303178636 9.468105834401241 0.47879452220841417 0.25792305598851345 9.4031407899535715 0.20952672692483509 0.58259388946029977 9.5658857683936809 0.71912999037841119 0.69487556939235307 9.468105834401241 0.47879452220841417 0.25792305598851345 10 0.42776163676003387 0.49451079303178636 9.4031407899535715 0.20952672692483509 0.58259388946029977 9.2729710008101467 0.078829467734423189 0.10349895895546331 9.468105834401241 0.47879452220841417 0.25792305598851345 8.8131032651961778 0.26880371383714441 0.50348882911582082 9.4031407899535715 0.20952672692483509 0.58259388946029977 9.0817685338571454 0.45765048249076007 0.88913218132962402 8.8131032651961778 0.26880371383714441 0.50348882911582082 9.468105834401241 0.47879452220841417 0.25792305598851345 9.4031407899535715 0.20952672692483509 0.58259388946029977 9.7286343574272856 0.036514848036423186 0.59413548908229263 10 0.42776163676003387 0.49451079303178636 10 0.082236043418115634 0.27786882265402868 9.468105834401241 0.47879452220841417 0.25792305598851345 9.0817685338571454 0.45765048249076007 0.88913218132962402 8.8131032651961778 0.26880371383714441 0.50348882911582082 9.1874381085184851 0.90928008834784502 0.41618471972687254 9.468105834401241 0.47879452220841417 0.25792305598851345 9.0817685338571454 0.45765048249076007 0.88913218132962402 9.1874381085184851 0.90928008834784502 0.41618471972687254 9.5658857683936809 0.71912999037841119 0.69487556939235307 9.468105834401241 0.47879452220841417 0.25792305598851345 9.1874381085184851 0.90928008834784502 0.41618471972687254 8.8131032651961778 0.26880371383714441 0.50348882911582082 8.6228914324712402 0.50034934770887163 -0.00019925527628807132 9.468105834401241 0.47879452220841417 0.25792305598851345 9.2729710008101467 0.078829467734423189 0.10349895895546331 8.6228914324712402 0.50034934770887163 -0.00019925527628807132 8.8131032651961778 0.26880371383714441 0.50348882911582082 9.468105834401241 0.47879452220841417 0.25792305598851345 9.7286343574272856 0.036514848036423186 0.59413548908229263 10 0.082236043418115634 0.27786882265402868 9.2729710008101467 0.078829467734423189 0.10349895895546331 9.468105834401241 0.47879452220841417 0.25792305598851345 9.0817685338571454 0.45765048249076007 0.88913218132962402 9.468105834401241 0.47879452220841417 0.25792305598851345 9.5658857683936809 0.71912999037841119 0.69487556939235307 9.4031407899535715 0.20952672692483509 0.58259388946029977 9.7286343574272856 0.036514848036423186 0.59413548908229263 9.468105834401241 0.47879452220841417 0.25792305598851345 9.2729710008101467 0.078829467734423189 0.10349895895546331 9.4031407899535715 0.20952672692483509 0.58259388946029977 9.1874381085184851 0.90928008834784502 0.41618471972687254 9.468105834401241 0.47879452220841417 0.25792305598851345 8.6228914324712402 0.50034934770887163 -0.00019925527628807132 9.2486839721265657 0.68852118457657985 -0.098810191531474009 8.9134586679584462 0.26816136805601293 -0.36512009903062964 8.6228914324712402 0.50034934770887163 -0.00019925527628807132 9.2729710008101467 0.078829467734423189 0.10349895895546331 9.2486839721265657 0.68852118457657985 -0.098810191531474009 8.6228914324712402 0.50034934770887163 -0.00019925527628807132 9.468105834401241 0.47879452220841417 0.25792305598851345 9.2729710008101467 0.078829467734423189 0.10349895895546331 9.2486839721265657 0.68852118457657985 -0.098810191531474009 8.8345024646043999 1 5.409572582668592e-16 9.1874381085184851 0.90928008834784502 0.41618471972687254 8.6228914324712402 0.50034934770887163 -0.00019925527628807132 9.2486839721265657 0.68852118457657985 -0.098810191531474009 9.4182421888763148 1 5.7670100751009702e-16 9.468105834401241 0.47879452220841417 0.25792305598851345 9.1874381085184851 0.90928008834784502 0.41618471972687254 9.2486839721265657 0.68852118457657985 -0.098810191531474009 8.8345024646043999 1 5.409572582668592e-16 9.4182421888763148 1 5.7670100751009702e-16 9.1874381085184851 0.90928008834784502 0.41618471972687254 9.2486839721265657 0.68852118457657985 -0.098810191531474009 10 0.53936094928396516 0.17997808543414329 10 0.082236043418115634 0.27786882265402868 10 0.42776163676003387 0.49451079303178636 9.468105834401241 0.47879452220841417 0.25792305598851345 10 0.53936094928396516 0.17997808543414329 10 0.42776163676003387 0.49451079303178636 9.6210716472623332 0.92882818014762991 0.37051074446450621 9.468105834401241 0.47879452220841417 0.25792305598851345 9.6210716472623332 0.92882818014762991 0.37051074446450621 9.4182421888763148 1 5.7670100751009702e-16 10 0.53936094928396516 0.17997808543414329 9.468105834401241 0.47879452220841417 0.25792305598851345 9.5658857683936809 0.71912999037841119 0.69487556939235307 9.6210716472623332 0.92882818014762991 0.37051074446450621 10 0.42776163676003387 0.49451079303178636 9.468105834401241 0.47879452220841417 0.25792305598851345 9.5658857683936809 0.71912999037841119 0.69487556939235307 9.1874381085184851 0.90928008834784502 0.41618471972687254 9.6210716472623332 0.92882818014762991 0.37051074446450621 9.468105834401241 0.47879452220841417 0.25792305598851345 9.6210716472623332 0.92882818014762991 0.37051074446450621 9.1874381085184851 0.90928008834784502 0.41618471972687254 9.4182421888763148 1 5.7670100751009702e-16 9.468105834401241 0.47879452220841417 0.25792305598851345 9.6210716472623332 0.92882818014762991 0.37051074446450621 10 0.53936094928396516 0.17997808543414329 9.9999999999999982 0.85849591798713487 0.51281680451721579 10 0.42776163676003387 0.49451079303178636 9.9999999999999982 0.51281493978470027 0.85849703187015092 9.5658857683936809 0.71912999037841119 0.69487556939235307 9.9999999999999982 0.85849591798713487 0.51281680451721579 10 0.42776163676003387 0.49451079303178636 9.5658857683936809 0.71912999037841119 0.69487556939235307 9.6210716472623332 0.92882818014762991 0.37051074446450621 9.9999999999999982 0.85849591798713487 0.51281680451721579 10 0.42776163676003387 0.49451079303178636 8.8345024646043999 0 -0.99999999999999922 9.0840120202986601 -0.45224333336926253 -0.89189459434568674 9.4067475938956804 -0.16452729775480443 -0.4457743648072115 8.6577265692056482 -0.11329064968243013 -0.61707981115834931 9.1916955142237935 -0.90793517322867057 -0.4191106312350279 9.4067475938956804 -0.16452729775480443 -0.4457743648072115 8.9134586679295413 -0.41375399242716271 -0.17806010518096738 9.4613180326973758 -0.42413215178748603 0.25893476228389689 8.9134586679295413 -0.41375399242716271 -0.17806010518096738 9.4067475938956804 -0.16452729775480443 -0.4457743648072115 9.2729710008101467 0.078829467734423189 0.10349895895546331 9.4613180326973758 -0.42413215178748603 0.25893476228389689 8.8345024646043999 0 -0.99999999999999922 9.4067475938956804 -0.16452729775480443 -0.4457743648072115 8.9134586679584462 0.26816136805601293 -0.36512009903062964 8.6577265692056482 -0.11329064968243013 -0.61707981115834931 9.7108850647037919 -0.58419129339194054 -0.39494431314997713 9.4067475938956804 -0.16452729775480443 -0.4457743648072115 9.1916955142237935 -0.90793517322867057 -0.4191106312350279 9.4613180326973758 -0.42413215178748603 0.25893476228389689 9.0840120202986601 -0.45224333336926253 -0.89189459434568674 8.9134586679295413 -0.41375399242716271 -0.17806010518096738 9.1916955142237935 -0.90793517322867057 -0.4191106312350279 9.4067475938956804 -0.16452729775480443 -0.4457743648072115 8.9134586679295413 -0.41375399242716271 -0.17806010518096738 8.9134586679584462 0.26816136805601293 -0.36512009903062964 9.2729710008101467 0.078829467734423189 0.10349895895546331 9.4067475938956804 -0.16452729775480443 -0.4457743648072115 9.5676685582794914 -0.71017743233824626 -0.70402273727306197 9.1916955142237935 -0.90793517322867057 -0.4191106312350279 9.4067475938956804 -0.16452729775480443 -0.4457743648072115 9.0840120202986601 -0.45224333336926253 -0.89189459434568674 9.0840120202986601 -0.45224333336926253 -0.89189459434568674 8.9134586679295413 -0.41375399242716271 -0.17806010518096738 9.4067475938956804 -0.16452729775480443 -0.4457743648072115 8.6577265692056482 -0.11329064968243013 -0.61707981115834931 8.9134586679584462 0.26816136805601293 -0.36512009903062964 9.4067475938956804 -0.16452729775480443 -0.4457743648072115 8.9134586679295413 -0.41375399242716271 -0.17806010518096738 8.6577265692056482 -0.11329064968243013 -0.61707981115834931 9.7108850647037919 -0.58419129339194054 -0.39494431314997713 9.5676685582794914 -0.71017743233824626 -0.70402273727306197 9.1916955142237935 -0.90793517322867057 -0.4191106312350279 9.4067475938956804 -0.16452729775480443 -0.4457743648072115 9.7108850647037919 -0.58419129339194054 -0.39494431314997713 9.9999999999999982 -0.22155340814955382 -0.13670431789579773 9.4067475938956804 -0.16452729775480443 -0.4457743648072115 9.4613180326973758 -0.42413215178748603 0.25893476228389689 10 0.082236043418115634 0.27786882265402868 9.9999999999999982 -0.22155340814955382 -0.13670431789579773 10 -0.36090234136976262 0.36775373577764492 9.4613180326973758 -0.42413215178748603 0.25893476228389689 9.2729710008101467 0.078829467734423189 0.10349895895546331 9.4067475938956804 -0.16452729775480443 -0.4457743648072115 9.9999999999999982 -0.22155340814955382 -0.13670431789579773 9.4613180326973758 -0.42413215178748603 0.25893476228389689 9.7108850647037919 -0.58419129339194054 -0.39494431314997713 10 -0.63122519458897963 -0.19552513461550539 10 -0.50825278533983442 -0.44539142650589514 9.9999999999999982 -0.22155340814955382 -0.13670431789579773 9.7108850647037919 -0.58419129339194054 -0.39494431314997713 10 -0.63122519458897963 -0.19552513461550539 9.9999999999999982 -0.22155340814955382 -0.13670431789579773 9.4613180326973758 -0.42413215178748603 0.25893476228389689 10 -0.36090234136976262 0.36775373577764492 9.9999999999999982 -0.22155340814955382 -0.13670431789579773 10 -0.61402874755743608 0.12298095694001275 9.4613180326973758 -0.42413215178748603 0.25893476228389689 10 0.082236043418115634 0.27786882265402868 9.2729710008101467 0.078829467734423189 0.10349895895546331 9.9999999999999982 -0.22155340814955382 -0.13670431789579773 9.4613180326973758 -0.42413215178748603 0.25893476228389689 10 -0.63122519458897963 -0.19552513461550539 9.9999999999999982 -0.22155340814955382 -0.13670431789579773 9.4613180326973758 -0.42413215178748603 0.25893476228389689 10 -0.61402874755743608 0.12298095694001275 10 0.082236043418115634 0.27786882265402868 10 0.25430593921521938 -0.11303606160524232 9.9999999999999982 -0.22155340814955382 -0.13670431789579773 9.2729710008101467 0.078829467734423189 0.10349895895546331 9.9999999999999982 -0.22155340814955382 -0.13670431789579773 9.2729710008101467 0.078829467734423189 0.10349895895546331 10 0.25430593921521938 -0.11303606160524232 9.4067475938956804 -0.16452729775480443 -0.4457743648072115 10 0.25430593921521938 -0.11303606160524232 9.2729710008101467 0.078829467734423189 0.10349895895546331 10 0.082236043418115634 0.27786882265402868 9.468105834401241 0.47879452220841417 0.25792305598851345 10 0.53936094928396516 0.17997808543414329 10 0.25430593921521938 -0.11303606160524232 10 0.082236043418115634 0.27786882265402868 9.468105834401241 0.47879452220841417 0.25792305598851345 9.0840120205374433 0.89189459437037999 -0.45224333332056404 8.8345024646043999 1 5.409572582668592e-16 8.6228914324712402 0.50034934770887163 -0.00019925527628807132 9.2486839721265657 0.68852118457657985 -0.098810191531474009 8.4019944704239489 0.86903952329115275 -0.49474266741194373 8.9134586679584462 0.26816136805601293 -0.36512009903062964 9.0840120205374433 0.89189459437037999 -0.45224333332056404 8.6228914324712402 0.50034934770887163 -0.00019925527628807132 9.0840120205374433 0.89189459437037999 -0.45224333332056404 8.6228914324712402 0.50034934770887163 -0.00019925527628807132 8.9134586679584462 0.26816136805601293 -0.36512009903062964 9.2486839721265657 0.68852118457657985 -0.098810191531474009 8.6212771357478513 0.49485536669409641 -0.86897535411198523 9.0840120205374433 0.89189459437037999 -0.45224333332056404 8.4019944704239489 0.86903952329115275 -0.49474266741194373 8.9134586679584462 0.26816136805601293 -0.36512009903062964 8.4019944704239489 0.86903952329115275 -0.49474266741194373 9.0840120205374433 0.89189459437037999 -0.45224333332056404 8.8345024646043999 1 5.409572582668592e-16 8.6228914324712402 0.50034934770887163 -0.00019925527628807132 8.8345024646043999 1 5.409572582668592e-16 9.0840120205374433 0.89189459437037999 -0.45224333332056404 9.4182421888763148 1 5.7670100751009702e-16 9.2486839721265657 0.68852118457657985 -0.098810191531474009 8.9134586679584462 0.26816136805601293 -0.36512009903062964 9.456729333979224 0.36563879995287457 -0.38373083785671175 9.0840120205374433 0.89189459437037999 -0.45224333332056404 9.2486839721265657 0.68852118457657985 -0.098810191531474009 9.2729710008101467 0.078829467734423189 0.10349895895546331 9.456729333979224 0.36563879995287457 -0.38373083785671175 8.9134586679584462 0.26816136805601293 -0.36512009903062964 9.2486839721265657 0.68852118457657985 -0.098810191531474009 10 0.25430593921521938 -0.11303606160524232 9.4067475938956804 -0.16452729775480443 -0.4457743648072115 9.2729710008101467 0.078829467734423189 0.10349895895546331 9.456729333979224 0.36563879995287457 -0.38373083785671175 10 0.25430593921521938 -0.11303606160524232 9.456729333979224 0.36563879995287457 -0.38373083785671175 9.2729710008101467 0.078829467734423189 0.10349895895546331 9.468105834401241 0.47879452220841417 0.25792305598851345 9.2729710008101467 0.078829467734423189 0.10349895895546331 9.4067475938956804 -0.16452729775480443 -0.4457743648072115 8.9134586679584462 0.26816136805601293 -0.36512009903062964 9.456729333979224 0.36563879995287457 -0.38373083785671175 9.2729710008101467 0.078829467734423189 0.10349895895546331 9.468105834401241 0.47879452220841417 0.25792305598851345 9.456729333979224 0.36563879995287457 -0.38373083785671175 9.2486839721265657 0.68852118457657985 -0.098810191531474009 9.1916955141611059 0.41911063126729886 -0.90793517321377382 8.6212771357478513 0.49485536669409641 -0.86897535411198523 8.8345024646043999 0 -0.99999999999999922 8.9134586679584462 0.26816136805601293 -0.36512009903062964 9.1916955141611059 0.41911063126729886 -0.90793517321377382 9.0840120205374433 0.89189459437037999 -0.45224333332056404 8.6212771357478513 0.49485536669409641 -0.86897535411198523 8.9134586679584462 0.26816136805601293 -0.36512009903062964 9.0840120205374433 0.89189459437037999 -0.45224333332056404 8.9134586679584462 0.26816136805601293 -0.36512009903062964 9.1916955141611059 0.41911063126729886 -0.90793517321377382 9.456729333979224 0.36563879995287457 -0.38373083785671175 9.456729333979224 0.36563879995287457 -0.38373083785671175 8.9134586679584462 0.26816136805601293 -0.36512009903062964 9.4182421888763148 0 -0.99999999999999944 9.4067475938956804 -0.16452729775480443 -0.4457743648072115 9.1916955141611059 0.41911063126729886 -0.90793517321377382 9.456729333979224 0.36563879995287457 -0.38373083785671175 8.9134586679584462 0.26816136805601293 -0.36512009903062964 9.4182421888763148 0 -0.99999999999999944 9.1916955141611059 0.41911063126729886 -0.90793517321377382 8.9134586679584462 0.26816136805601293 -0.36512009903062964 8.8345024646043999 0 -0.99999999999999922 9.4182421888763148 0 -0.99999999999999944 8.8345024646043999 0 -0.99999999999999922 9.0840120202986601 -0.45224333336926253 -0.89189459434568674 9.4182421888763148 0 -0.99999999999999944 9.4067475938956804 -0.16452729775480443 -0.4457743648072115 8.9134586679584462 0.26816136805601293 -0.36512009903062964 8.8345024646043999 0 -0.99999999999999922 9.4182421888763148 0 -0.99999999999999944 9.4067475938956804 -0.16452729775480443 -0.4457743648072115 9.7108850647037919 -0.58419129339194054 -0.39494431314997713 9.9999999999999982 -0.24517524527826029 -0.57433939789193289 9.4067475938956804 -0.16452729775480443 -0.4457743648072115 9.9999999999999982 -0.22155340814955382 -0.13670431789579773 9.7108850647037919 -0.58419129339194054 -0.39494431314997713 10 -0.50825278533983442 -0.44539142650589514 9.9999999999999982 -0.24517524527826029 -0.57433939789193289 9.9999999999999982 -0.22155340814955382 -0.13670431789579773 9.7108850647037919 -0.58419129339194054 -0.39494431314997713 9.9999999999999982 -0.24517524527826029 -0.57433939789193289 9.6199015538489263 -0.3487820491709353 -0.93720386372236109 9.4067475938956804 -0.16452729775480443 -0.4457743648072115 9.7108850647037919 -0.58419129339194054 -0.39494431314997713 9.5676685582794914 -0.71017743233824626 -0.70402273727306197 9.4067475938956804 -0.16452729775480443 -0.4457743648072115 9.6199015538489263 -0.3487820491709353 -0.93720386372236109 9.6199015538489263 -0.3487820491709353 -0.93720386372236109 9.4182421888763148 0 -0.99999999999999944 9.0840120202986601 -0.45224333336926253 -0.89189459434568674 9.4067475938956804 -0.16452729775480443 -0.4457743648072115 9.5676685582794914 -0.71017743233824626 -0.70402273727306197 9.4067475938956804 -0.16452729775480443 -0.4457743648072115 9.6199015538489263 -0.3487820491709353 -0.93720386372236109 9.0840120202986601 -0.45224333336926253 -0.89189459434568674 9.6199015538489263 -0.3487820491709353 -0.93720386372236109 9.4182421888763148 0 -0.99999999999999944 9.4067475938956804 -0.16452729775480443 -0.4457743648072115 9.9999999999999982 -0.24517524527826029 -0.57433939789193289 9.7108850647037919 -0.58419129339194054 -0.39494431314997713 10 -0.51281494332948241 -0.85849702975270781 9.9999999999999982 -0.24517524527826029 -0.57433939789193289 10 -0.50825278533983442 -0.44539142650589514 9.7108850647037919 -0.58419129339194054 -0.39494431314997713 9.9999999999999982 -0.24517524527826029 -0.57433939789193289 10 -0.51281494332948241 -0.85849702975270781 9.6199015538489263 -0.3487820491709353 -0.93720386372236109 9.7108850647037919 -0.58419129339194054 -0.39494431314997713 9.6199015538489263 -0.3487820491709353 -0.93720386372236109 10 -0.51281494332948241 -0.85849702975270781 9.5676685582794914 -0.71017743233824626 -0.70402273727306197 9.7108850647037919 -0.58419129339194054 -0.39494431314997713 10 -0.51281494332948241 -0.85849702975270781 10 -0.50825278533983442 -0.44539142650589514 9.9999999999999982 -0.85849591742848497 -0.51281680545243868 9.7108850647037919 -0.58419129339194054 -0.39494431314997713 9.5676685582794914 -0.71017743233824626 -0.70402273727306197 10 -0.51281494332948241 -0.85849702975270781 9.9999999999999982 -0.85849591742848497 -0.51281680545243868 10 0.61728519716005614 -0.17111884527923271 9.456729333979224 0.36563879995287457 -0.38373083785671175 10 0.25430593921521938 -0.11303606160524232 9.468105834401241 0.47879452220841417 0.25792305598851345 10 0.61728519716005614 -0.17111884527923271 10 0.25430593921521938 -0.11303606160524232 10 0.53936094928396516 0.17997808543414329 9.468105834401241 0.47879452220841417 0.25792305598851345 9.4182421888763148 1 5.7670100751009702e-16 10 0.61728519716005614 -0.17111884527923271 10 0.53936094928396516 0.17997808543414329 9.468105834401241 0.47879452220841417 0.25792305598851345 9.4182421888763148 1 5.7670100751009702e-16 10 0.61728519716005614 -0.17111884527923271 9.468105834401241 0.47879452220841417 0.25792305598851345 9.2486839721265657 0.68852118457657985 -0.098810191531474009 9.456729333979224 0.36563879995287457 -0.38373083785671175 9.468105834401241 0.47879452220841417 0.25792305598851345 10 0.61728519716005614 -0.17111884527923271 9.2486839721265657 0.68852118457657985 -0.098810191531474009 9.6199015537846062 0.93720386376765408 -0.34878204904923105 9.4182421888763148 1 5.7670100751009702e-16 9.0840120205374433 0.89189459437037999 -0.45224333332056404 9.2486839721265657 0.68852118457657985 -0.098810191531474009 9.456729333979224 0.36563879995287457 -0.38373083785671175 9.6199015537846062 0.93720386376765408 -0.34878204904923105 9.0840120205374433 0.89189459437037999 -0.45224333332056404 9.2486839721265657 0.68852118457657985 -0.098810191531474009 9.4182421888763148 1 5.7670100751009702e-16 9.6199015537846062 0.93720386376765408 -0.34878204904923105 10 0.61728519716005614 -0.17111884527923271 9.2486839721265657 0.68852118457657985 -0.098810191531474009 9.6199015537846062 0.93720386376765408 -0.34878204904923105 9.456729333979224 0.36563879995287457 -0.38373083785671175 10 0.61728519716005614 -0.17111884527923271 9.2486839721265657 0.68852118457657985 -0.098810191531474009 10 1 6.1232339957367663e-16 9.4182421888763148 1 5.7670100751009702e-16 9.6199015537846062 0.93720386376765408 -0.34878204904923105 10 0.61728519716005614 -0.17111884527923271 10 1 6.1232339957367663e-16 9.9999999999999982 0.85849591798713487 0.51281680451721579 9.6210716472623332 0.92882818014762991 0.37051074446450621 10 0.53936094928396516 0.17997808543414329 9.6210716472623332 0.92882818014762991 0.37051074446450621 9.4182421888763148 1 5.7670100751009702e-16 10 1 6.1232339957367663e-16 10 0.53936094928396516 0.17997808543414329 9.4182421888763148 1 5.7670100751009702e-16 10 1 6.1232339957367663e-16 10 0.53936094928396516 0.17997808543414329 10 0.61728519716005614 -0.17111884527923271 9.9999999999999982 -0.22155340814955382 -0.13670431789579773 10 0.25430593921521938 -0.11303606160524232 10 0.11496429151459642 -0.51942763752799626 9.4067475938956804 -0.16452729775480443 -0.4457743648072115 9.4067475938956804 -0.16452729775480443 -0.4457743648072115 10 0.11496429151459642 -0.51942763752799626 9.4182421888763148 0 -0.99999999999999944 9.456729333979224 0.36563879995287457 -0.38373083785671175 9.4182421888763148 0 -0.99999999999999944 9.4067475938956804 -0.16452729775480443 -0.4457743648072115 9.9999999999999982 -0.24517524527826029 -0.57433939789193289 10 0.11496429151459642 -0.51942763752799626 10 0.11496429151459642 -0.51942763752799626 9.9999999999999982 -0.24517524527826029 -0.57433939789193289 9.9999999999999982 -0.22155340814955382 -0.13670431789579773 9.4067475938956804 -0.16452729775480443 -0.4457743648072115 10 0.11496429151459642 -0.51942763752799626 9.4067475938956804 -0.16452729775480443 -0.4457743648072115 10 0.25430593921521938 -0.11303606160524232 9.456729333979224 0.36563879995287457 -0.38373083785671175 10 0.46311623184973616 -0.40234157668279397 10 0.25430593921521938 -0.11303606160524232 10 0.61728519716005614 -0.17111884527923271 9.456729333979224 0.36563879995287457 -0.38373083785671175 10 0.11496429151459642 -0.51942763752799626 10 0.25430593921521938 -0.11303606160524232 10 0.46311623184973616 -0.40234157668279397 9.456729333979224 0.36563879995287457 -0.38373083785671175 10 0.46311623184973616 -0.40234157668279397 10 0.61728519716005614 -0.17111884527923271 9.6199015537846062 0.93720386376765408 -0.34878204904923105 9.456729333979224 0.36563879995287457 -0.38373083785671175 9.5676685582554502 0.70402273738266052 -0.71017743222959739 9.0840120205374433 0.89189459437037999 -0.45224333332056404 9.1916955141611059 0.41911063126729886 -0.90793517321377382 9.456729333979224 0.36563879995287457 -0.38373083785671175 9.5676685582554502 0.70402273738266052 -0.71017743222959739 9.456729333979224 0.36563879995287457 -0.38373083785671175 9.6199015537846062 0.93720386376765408 -0.34878204904923105 9.0840120205374433 0.89189459437037999 -0.45224333332056404 9.6199015537846062 0.93720386376765408 -0.34878204904923105 9.5676685582554502 0.70402273738266052 -0.71017743222959739 10 0.46311623184973616 -0.40234157668279397 9.456729333979224 0.36563879995287457 -0.38373083785671175 10 0.11496429151459642 -0.51942763752799626 10 0.46311623184973616 -0.40234157668279397 9.6230001930387026 0.371757788182425 -0.92832976195192107 9.456729333979224 0.36563879995287457 -0.38373083785671175 9.5676685582554502 0.70402273738266052 -0.71017743222959739 9.6230001930387026 0.371757788182425 -0.92832976195192107 10 0.46311623184973616 -0.40234157668279397 9.456729333979224 0.36563879995287457 -0.38373083785671175 10 0.11496429151459642 -0.51942763752799626 9.4182421888763148 0 -0.99999999999999944 9.456729333979224 0.36563879995287457 -0.38373083785671175 9.6230001930387026 0.371757788182425 -0.92832976195192107 9.5676685582554502 0.70402273738266052 -0.71017743222959739 9.1916955141611059 0.41911063126729886 -0.90793517321377382 9.6230001930387026 0.371757788182425 -0.92832976195192107 9.456729333979224 0.36563879995287457 -0.38373083785671175 9.6230001930387026 0.371757788182425 -0.92832976195192107 9.1916955141611059 0.41911063126729886 -0.90793517321377382 9.4182421888763148 0 -0.99999999999999944 9.456729333979224 0.36563879995287457 -0.38373083785671175 10 -0.51281494332948241 -0.85849702975270781 10 0 -0.99999999999999933 9.6199015538489263 -0.3487820491709353 -0.93720386372236109 9.9999999999999982 -0.24517524527826029 -0.57433939789193289 9.6199015538489263 -0.3487820491709353 -0.93720386372236109 10 0 -0.99999999999999933 9.4182421888763148 0 -0.99999999999999944 9.9999999999999982 -0.24517524527826029 -0.57433939789193289 10 0 -0.99999999999999933 9.4182421888763148 0 -0.99999999999999944 9.9999999999999982 -0.24517524527826029 -0.57433939789193289 10 0.11496429151459642 -0.51942763752799626 9.4182421888763148 0 -0.99999999999999944 10 0 -0.99999999999999933 9.6230001930387026 0.371757788182425 -0.92832976195192107 10 0.11496429151459642 -0.51942763752799626 10 1 6.1232339957367663e-16 9.6199015537846062 0.93720386376765408 -0.34878204904923105 10 0.85849703000801303 -0.51281494290208007 10 0.61728519716005614 -0.17111884527923271 9.6199015537846062 0.93720386376765408 -0.34878204904923105 9.5676685582554502 0.70402273738266052 -0.71017743222959739 10 0.85849703000801303 -0.51281494290208007 10 0.46311623184973616 -0.40234157668279397 9.6199015537846062 0.93720386376765408 -0.34878204904923105 10 0.46311623184973616 -0.40234157668279397 10 0.85849703000801303 -0.51281494290208007 10 0.61728519716005614 -0.17111884527923271 10 0.51281680531907226 -0.85849591750815035 9.6230001930387026 0.371757788182425 -0.92832976195192107 10 0 -0.99999999999999933 10 0.11496429151459642 -0.51942763752799626 10 0.51281680531907226 -0.85849591750815035 9.6230001930387026 0.371757788182425 -0.92832976195192107 10 0.11496429151459642 -0.51942763752799626 10 0.46311623184973616 -0.40234157668279397 10 0.51281680531907226 -0.85849591750815035 10 0.85849703000801303 -0.51281494290208007 9.5676685582554502 0.70402273738266052 -0.71017743222959739 10 0.46311623184973616 -0.40234157668279397 10 0.51281680531907226 -0.85849591750815035 9.5676685582554502 0.70402273738266052 -0.71017743222959739 9.6230001930387026 0.371757788182425 -0.92832976195192107 10 0.46311623184973616 -0.40234157668279397 

        </DataArray>

      </Points>

      <Cells>

        <DataArray type="Int32" Name="connectivity" format="ascii">

0 1 2 3 4 5 6 7 8 9 10 11 12 13 14 15 16 17 18 19 20 21 22 23 24 25 26 27 28 29 30 31 32 33 34 35 36 37 38 39 40 41 42 43 44 45 46 47 48 49 50 51 52 53 54 55 56 57 58 59 60 61 62 63 64 65 66 67 68 69 70 71 72 73 74 75 76 77 78 79 80 81 82 83 84 85 86 87 88 89 90 91 92 93 94 95 96 97 98 99 100 101 102 103 104 105 106 107 108 109 110 111 112 113 114 115 116 117 118 119 120 121 122 123 124 125 126 127 128 129 130 131 132 133 134 135 136 137 138 139 140 141 142 143 144 145 146 147 148 149 150 151 152 153 154 155 156 157 158 159 160 161 162 163 164 165 166 167 168 169 170 171 172 173 174 175 176 177 178 179 180 181 182 183 184 185 186 187 188 189 190 191 192 193 194 195 196 197 198 199 200 201 202 203 204 205 206 207 208 209 210 211 212 213 214 215 216 217 218 219 220 221 222 223 224 225 226 227 228 229 230 231 232 233 234 235 236 237 238 239 240 241 242 243 244 245 246 247 248 249 250 251 252 253 254 255 256 257 258 259 260 261 262 263 264 265 266 267 268 269 270 271 272 273 274 275 276 277 278 279 280 281 282 283 284 285 286 287 288 289 290 291 292 293 294 295 296 297 298 299 300 301 302 303 304 305 306 307 308 309 310 311 312 313 314 315 316 317 318 319 320 321 322 323 324 325 326 327 328 329 330 331 332 333 334 335 336 337 338 339 340 341 342 343 344 345 346 347 348 349 350 351 352 353 354 355 356 357 358 359 360 361 362 363 364 365 366 367 368 369 370 371 372 373 374 375 376 377 378 379 380 381 382 383 384 385 386 387 388 389 390 391 392 393 394 395 396 397 398 399 400 401 402 403 404 405 406 407 408 409 410 411 412 413 414 415 416 417 418 419 420 421 422 423 424 425 426 427 428 429 430 431 432 433 434 435 436 437 438 439 440 441 442 443 444 445 446 447 448 449 450 451 452 453 454 455 456 457 458 459 460 461 462 463 464 465 466 467 468 469 470 471 472 473 474 475 476 477 478 479 480 481 482 483 484 485 486 487 488 489 490 491 492 493 494 495 496 497 498 499 500 501 502 503 504 505 506 507 508 509 510 511 512 513 514 515 516 517 518 519 520 521 522 523 524 525 526 527 528 529 530 531 532 533 534 535 536 537 538 539 540 541 542 543 544 545 546 547 548 549 550 551 552 553 554 555 556 557 558 559 560 561 562 563 564 565 566 567 568 569 570 571 572 573 574 575 576 577 578 579 580 581 582 583 584 585 586 587 588 589 590 591 592 593 594 595 596 597 598 599 600 601 602 603 604 605 606 607 608 609 610 611 612 613 614 615 616 617 618 619 620 621 622 623 624 625 626 627 628 629 630 631 632 633 634 635 636 637 638 639 640 641 642 643 644 645 646 647 648 649 650 651 652 653 654 655 656 657 658 659 660 661 662 663 664 665 666 667 668 669 670 671 672 673 674 675 676 677 678 679 680 681 682 683 684 685 686 687 688 689 690 691 692 693 694 695 696 697 698 699 700 701 702 703 704 705 706 707 708 709 710 711 712 713 714 715 716 717 718 719 720 721 722 723 724 725 726 727 728 729 730 731 732 733 734 735 736 737 738 739 740 741 742 743 744 745 746 747 748 749 750 751 752 753 754 755 756 757 758 759 760 761 762 763 764 765 766 767 768 769 770 771 772 773 774 775 776 777 778 779 780 781 782 783 784 785 786 787 788 789 790 791 792 793 794 795 796 797 798 799 800 801 802 803 804 805 806 807 808 809 810 811 812 813 814 815 816 817 818 819 820 821 822 823 824 825 826 827 828 829 830 831 832 833 834 835 836 837 838 839 840 841 842 843 844 845 846 847 848 849 850 851 852 853 854 855 856 857 858 859 860 861 862 863 864 865 866 867 868 869 870 871 872 873 874 875 876 877 878 879 880 881 882 883 884 885 886 887 888 889 890 891 892 893 894 895 896 897 898 899 900 901 902 903 904 905 906 907 908 909 910 911 912 913 914 915 916 917 918 919 920 921 922 923 924 925 926 927 928 929 930 931 932 933 934 935 936 937 938 939 940 941 942 943 944 945 946 947 948 949 950 951 952 953 954 955 956 957 958 959 960 961 962 963 964 965 966 967 968 969 970 971 972 973 974 975 976 977 978 979 980 981 982 983 984 985 986 987 988 989 990 991 992 993 994 995 996 997 998 999 1000 1001 1002 1003 1004 1005 1006 1007 1008 1009 1010 1011 1012 1013 1014 1015 1016 1017 1018 1019 1020 1021 1022 1023 1024 1025 1026 1027 1028 1029 1030 1031 1032 1033 1034 1035 1036 1037 1038 1039 1040 1041 1042 1043 1044 1045 1046 1047 1048 1049 1050 1051 1052 1053 1054 1055 1056 1057 1058 1059 1060 1061 1062 1063 1064 1065 1066 1067 1068 1069 1070 1071 1072 1073 1074 1075 1076 1077 1078 1079 1080 1081 1082 1083 1084 1085 1086 1087 1088 1089 1090 1091 1092 1093 1094 1095 1096 1097 1098 1099 1100 1101 1102 1103 1104 1105 1106 1107 1108 1109 1110 1111 1112 1113 1114 1115 1116 1117 1118 1119 1120 1121 1122 1123 1124 1125 1126 1127 1128 1129 1130 1131 1132 1133 1134 1135 1136 1137 1138 1139 1140 1141 1142 1143 1144 1145 1146 1147 1148 1149 1150 1151 1152 1153 1154 1155 1156 1157 1158 1159 1160 1161 1162 1163 1164 1165 1166 1167 1168 1169 1170 1171 1172 1173 1174 1175 1176 1177 1178 1179 1180 1181 1182 1183 1184 1185 1186 1187 1188 1189 1190 1191 1192 1193 1194 1195 1196 1197 1198 1199 1200 1201 1202 1203 1204 1205 1206 1207 1208 1209 1210 1211 1212 1213 1214 1215 1216 1217 1218 1219 1220 1221 1222 1223 1224 1225 1226 1227 1228 1229 1230 1231 1232 1233 1234 1235 1236 1237 1238 1239 1240 1241 1242 1243 1244 1245 1246 1247 1248 1249 1250 1251 1252 1253 1254 1255 1256 1257 1258 1259 1260 1261 1262 1263 1264 1265 1266 1267 1268 1269 1270 1271 1272 1273 1274 1275 1276 1277 1278 1279 1280 1281 1282 1283 1284 1285 1286 1287 1288 1289 1290 1291 1292 1293 1294 1295 1296 1297 1298 1299 1300 1301 1302 1303 1304 1305 1306 1307 1308 1309 1310 1311 1312 1313 1314 1315 1316 1317 1318 1319 1320 1321 1322 1323 1324 1325 1326 1327 1328 1329 1330 1331 1332 1333 1334 1335 1336 1337 1338 1339 1340 1341 1342 1343 1344 1345 1346 1347 1348 1349 1350 1351 1352 1353 1354 1355 1356 1357 1358 1359 1360 1361 1362 1363 1364 1365 1366 1367 1368 1369 1370 1371 1372 1373 1374 1375 1376 1377 1378 1379 1380 1381 1382 1383 1384 1385 1386 1387 1388 1389 1390 1391 1392 1393 1394 1395 1396 1397 1398 1399 1400 1401 1402 1403 1404 1405 1406 1407 1408 1409 1410 1411 1412 1413 1414 1415 1416 1417 1418 1419 1420 1421 1422 1423 1424 1425 1426 1427 1428 1429 1430 1431 1432 1433 1434 1435 1436 1437 1438 1439 1440 1441 1442 1443 1444 1445 1446 1447 1448 1449 1450 1451 1452 1453 1454 1455 1456 1457 1458 1459 1460 1461 1462 1463 1464 1465 1466 1467 1468 1469 1470 1471 1472 1473 1474 1475 1476 1477 1478 1479 1480 1481 1482 1483 1484 1485 1486 1487 1488 1489 1490 1491 1492 1493 1494 1495 1496 1497 1498 1499 1500 1501 1502 1503 1504 1505 1506 1507 1508 1509 1510 1511 1512 1513 1514 1515 1516 1517 1518 1519 1520 1521 1522 1523 1524 1525 1526 1527 1528 1529 1530 1531 1532 1533 1534 1535 1536 1537 1538 1539 1540 1541 1542 1543 1544 1545 1546 1547 1548 1549 1550 1551 1552 1553 1554 1555 1556 1557 1558 1559 1560 1561 1562 1563 1564 1565 1566 1567 1568 1569 1570 1571 1572 1573 1574 1575 1576 1577 1578 1579 1580 1581 1582 1583 1584 1585 1586 1587 1588 1589 1590 1591 1592 1593 1594 1595 1596 1597 1598 1599 1600 1601 1602 1603 1604 1605 1606 1607 1608 1609 1610 1611 1612 1613 1614 1615 1616 1617 1618 1619 1620 1621 1622 1623 1624 1625 1626 1627 1628 1629 1630 1631 1632 1633 1634 1635 1636 1637 1638 1639 1640 1641 1642 1643 1644 1645 1646 1647 1648 1649 1650 1651 1652 1653 1654 1655 1656 1657 1658 1659 1660 1661 1662 1663 1664 1665 1666 1667 1668 1669 1670 1671 1672 1673 1674 1675 1676 1677 1678 1679 1680 1681 1682 1683 1684 1685 1686 1687 1688 1689 1690 1691 1692 1693 1694 1695 1696 1697 1698 1699 1700 1701 1702 1703 1704 1705 1706 1707 1708 1709 1710 1711 1712 1713 1714 1715 1716 1717 1718 1719 1720 1721 1722 1723 1724 1725 1726 1727 1728 1729 1730 1731 1732 1733 1734 1735 1736 1737 1738 1739 1740 1741 1742 1743 1744 1745 1746 1747 1748 1749 1750 1751 1752 1753 1754 1755 1756 1757 1758 1759 1760 1761 1762 1763 1764 1765 1766 1767 1768 1769 1770 1771 1772 1773 1774 1775 1776 1777 1778 1779 1780 1781 1782 1783 1784 1785 1786 1787 1788 1789 1790 1791 1792 1793 1794 1795 1796 1797 1798 1799 1800 1801 1802 1803 1804 1805 1806 1807 1808 1809 1810 1811 1812 1813 1814 1815 1816 1817 1818 1819 1820 1821 1822 1823 1824 1825 1826 1827 1828 1829 1830 1831 1832 1833 1834 1835 1836 1837 1838 1839 1840 1841 1842 1843 1844 1845 1846 1847 1848 1849 1850 1851 1852 1853 1854 1855 1856 1857 1858 1859 1860 1861 1862 1863 1864 1865 1866 1867 1868 1869 1870 1871 1872 1873 1874 1875 1876 1877 1878 1879 1880 1881 1882 1883 1884 1885 1886 1887 1888 1889 1890 1891 1892 1893 1894 1895 1896 1897 1898 1899 1900 1901 1902 1903 1904 1905 1906 1907 1908 1909 1910 1911 1912 1913 1914 1915 1916 1917 1918 1919 1920 1921 1922 1923 1924 1925 1926 1927 1928 1929 1930 1931 1932 1933 1934 1935 1936 1937 1938 1939 1940 1941 1942 1943 1944 1945 1946 1947 1948 1949 1950 1951 1952 1953 1954 1955 1956 1957 1958 1959 1960 1961 1962 1963 1964 1965 1966 1967 1968 1969 1970 1971 1972 1973 1974 1975 1976 1977 1978 1979 1980 1981 1982 1983 1984 1985 1986 1987 1988 1989 1990 1991 1992 1993 1994 1995 1996 1997 1998 1999 2000 2001 2002 2003 2004 2005 2006 2007 2008 2009 2010 2011 2012 2013 2014 2015 2016 2017 2018 2019 2020 2021 2022 2023 2024 2025 2026 2027 2028 2029 2030 2031 2032 2033 2034 2035 2036 2037 2038 2039 2040 2041 2042 2043 2044 2045 2046 2047 2048 2049 2050 2051 2052 2053 2054 2055 2056 2057 2058 2059 2060 2061 2062 2063 2064 2065 2066 2067 2068 2069 2070 2071 2072 2073 2074 2075 2076 2077 2078 2079 2080 2081 2082 2083 2084 2085 2086 2087 2088 2089 2090 2091 2092 2093 2094 2095 2096 2097 2098 2099 2100 2101 2102 2103 2104 2105 2106 2107 2108 2109 2110 2111 2112 2113 2114 2115 2116 2117 2118 2119 2120 2121 2122 2123 2124 2125 2126 2127 2128 2129 2130 2131 2132 2133 2134 2135 2136 2137 2138 2139 2140 2141 2142 2143 2144 2145 2146 2147 2148 2149 2150 2151 2152 2153 2154 2155 2156 2157 2158 2159 2160 2161 2162 2163 2164 2165 2166 2167 2168 2169 2170 2171 2172 2173 2174 2175 2176 2177 2178 2179 2180 2181 2182 2183 2184 2185 2186 2187 2188 2189 2190 2191 2192 2193 2194 2195 2196 2197 2198 2199 2200 2201 2202 2203 2204 2205 2206 2207 2208 2209 2210 2211 2212 2213 2214 2215 2216 2217 2218 2219 2220 2221 2222 2223 2224 2225 2226 2227 2228 2229 2230 2231 2232 2233 2234 2235 2236 2237 2238 2239 2240 2241 2242 2243 2244 2245 2246 2247 2248 2249 2250 2251 2252 2253 2254 2255 2256 2257 2258 2259 2260 2261 2262 2263 2264 2265 2266 2267 2268 2269 2270 2271 2272 2273 2274 2275 2276 2277 2278 2279 2280 2281 2282 2283 2284 2285 2286 2287 2288 2289 2290 2291 2292 2293 2294 2295 2296 2297 2298 2299 2300 2301 2302 2303 2304 2305 2306 2307 2308 2309 2310 2311 2312 2313 2314 2315 2316 2317 2318 2319 2320 2321 2322 2323 2324 2325 2326 2327 2328 2329 2330 2331 2332 2333 2334 2335 2336 2337 2338 2339 2340 2341 2342 2343 2344 2345 2346 2347 2348 2349 2350 2351 2352 2353 2354 2355 2356 2357 2358 2359 2360 2361 2362 2363 2364 2365 2366 2367 2368 2369 2370 2371 2372 2373 2374 2375 2376 2377 2378 2379 2380 2381 2382 2383 2384 2385 2386 2387 2388 2389 2390 2391 2392 2393 2394 2395 2396 2397 2398 2399 2400 2401 2402 2403 2404 2405 2406 2407 2408 2409 2410 2411 2412 2413 2414 2415 2416 2417 2418 2419 2420 2421 2422 2423 2424 2425 2426 2427 2428 2429 2430 2431 2432 2433 2434 2435 2436 2437 2438 2439 2440 2441 2442 2443 2444 2445 2446 2447 2448 2449 2450 2451 2452 2453 2454 2455 2456 2457 2458 2459 2460 2461 2462 2463 2464 2465 2466 2467 2468 2469 2470 2471 2472 2473 2474 2475 2476 2477 2478 2479 2480 2481 2482 2483 2484 2485 2486 2487 2488 2489 2490 2491 2492 2493 2494 2495 2496 2497 2498 2499 2500 2501 2502 2503 2504 2505 2506 2507 2508 2509 2510 2511 2512 2513 2514 2515 2516 2517 2518 2519 2520 2521 2522 2523 2524 2525 2526 2527 2528 2529 2530 2531 2532 2533 2534 2535 2536 2537 2538 2539 2540 2541 2542 2543 2544 2545 2546 2547 2548 2549 2550 2551 2552 2553 2554 2555 2556 2557 2558 2559 2560 2561 2562 2563 2564 2565 2566 2567 2568 2569 2570 2571 2572 2573 2574 2575 2576 2577 2578 2579 2580 2581 2582 2583 2584 2585 2586 2587 2588 2589 2590 2591 2592 2593 2594 2595 2596 2597 2598 2599 2600 2601 2602 2603 2604 2605 2606 2607 2608 2609 2610 2611 2612 2613 2614 2615 2616 2617 2618 2619 2620 2621 2622 2623 2624 2625 2626 2627 2628 2629 2630 2631 2632 2633 2634 2635 2636 2637 2638 2639 2640 2641 2642 2643 2644 2645 2646 2647 2648 2649 2650 2651 2652 2653 2654 2655 2656 2657 2658 2659 2660 2661 2662 2663 2664 2665 2666 2667 2668 2669 2670 2671 2672 2673 2674 2675 2676 2677 2678 2679 2680 2681 2682 2683 2684 2685 2686 2687 2688 2689 2690 2691 2692 2693 2694 2695 2696 2697 2698 2699 2700 2701 2702 2703 2704 2705 2706 2707 2708 2709 2710 2711 2712 2713 2714 2715 2716 2717 2718 2719 2720 2721 2722 2723 2724 2725 2726 2727 2728 2729 2730 2731 2732 2733 2734 2735 2736 2737 2738 2739 2740 2741 2742 2743 2744 2745 2746 2747 2748 2749 2750 2751 2752 2753 2754 2755 2756 2757 2758 2759 2760 2761 2762 2763 2764 2765 2766 2767 2768 2769 2770 2771 2772 2773 2774 2775 2776 2777 2778 2779 2780 2781 2782 2783 2784 2785 2786 2787 2788 2789 2790 2791 2792 2793 2794 2795 2796 2797 2798 2799 2800 2801 2802 2803 2804 2805 2806 2807 2808 2809 2810 2811 2812 2813 2814 2815 2816 2817 2818 2819 2820 2821 2822 2823 2824 2825 2826 2827 2828 2829 2830 2831 2832 2833 2834 2835 2836 2837 2838 2839 2840 2841 2842 2843 2844 2845 2846 2847 2848 2849 2850 2851 2852 2853 2854 2855 2856 2857 2858 2859 2860 2861 2862 2863 2864 2865 2866 2867 2868 2869 2870 2871 2872 2873 2874 2875 2876 2877 2878 2879 2880 2881 2882 2883 2884 2885 2886 2887 2888 2889 2890 2891 2892 2893 2894 2895 2896 2897 2898 2899 2900 2901 2902 2903 2904 2905 2906 2907 2908 2909 2910 2911 2912 2913 2914 2915 2916 2917 2918 2919 2920 2921 2922 2923 2924 2925 2926 2927 2928 2929 2930 2931 2932 2933 2934 2935 2936 2937 2938 2939 2940 2941 2942 2943 2944 2945 2946 2947 2948 2949 2950 2951 2952 2953 2954 2955 2956 2957 2958 2959 2960 2961 2962 2963 2964 2965 2966 2967 2968 2969 2970 2971 2972 2973 2974 2975 2976 2977 2978 2979 2980 2981 2982 2983 2984 2985 2986 2987 2988 2989 2990 2991 2992 2993 2994 2995 2996 2997 2998 2999 3000 3001 3002 3003 3004 3005 3006 3007 3008 3009 3010 3011 3012 3013 3014 3015 3016 3017 3018 3019 3020 3021 3022 3023 3024 3025 3026 3027 3028 3029 3030 3031 3032 3033 3034 3035 3036 3037 3038 3039 3040 3041 3042 3043 3044 3045 3046 3047 3048 3049 3050 3051 3052 3053 3054 3055 3056 3057 3058 3059 3060 3061 3062 3063 3064 3065 3066 3067 3068 3069 3070 3071 3072 3073 3074 3075 3076 3077 3078 3079 3080 3081 3082 3083 3084 3085 3086 3087 3088 3089 3090 3091 3092 3093 3094 3095 3096 3097 3098 3099 3100 3101 3102 3103 3104 3105 3106 3107 3108 3109 3110 3111 3112 3113 3114 3115 3116 3117 3118 3119 3120 3121 3122 3123 3124 3125 3126 3127 3128 3129 3130 3131 3132 3133 3134 3135 3136 3137 3138 3139 3140 3141 3142 3143 3144 3145 3146 3147 3148 3149 3150 3151 3152 3153 3154 3155 3156 3157 3158 3159 3160 3161 3162 3163 3164 3165 3166 3167 3168 3169 3170 3171 3172 3173 3174 3175 3176 3177 3178 3179 3180 3181 3182 3183 3184 3185 3186 3187 3188 3189 3190 3191 3192 3193 3194 3195 3196 3197 3198 3199 3200 3201 3202 3203 3204 3205 3206 3207 3208 3209 3210 3211 3212 3213 3214 3215 3216 3217 3218 3219 3220 3221 3222 3223 3224 3225 3226 3227 3228 3229 3230 3231 3232 3233 3234 3235 3236 3237 3238 3239 3240 3241 3242 3243 3244 3245 3246 3247 3248 3249 3250 3251 3252 3253 3254 3255 3256 3257 3258 3259 3260 3261 3262 3263 3264 3265 3266 3267 3268 3269 3270 3271 3272 3273 3274 3275 3276 3277 3278 3279 3280 3281 3282 3283 3284 3285 3286 3287 3288 3289 3290 3291 3292 3293 3294 3295 3296 3297 3298 3299 3300 3301 3302 3303 3304 3305 3306 3307 3308 3309 3310 3311 3312 3313 3314 3315 3316 3317 3318 3319 3320 3321 3322 3323 3324 3325 3326 3327 3328 3329 3330 3331 3332 3333 3334 3335 3336 3337 3338 3339 3340 3341 3342 3343 3344 3345 3346 3347 3348 3349 3350 3351 3352 3353 3354 3355 3356 3357 3358 3359 3360 3361 3362 3363 3364 3365 3366 3367 3368 3369 3370 3371 3372 3373 3374 3375 3376 3377 3378 3379 3380 3381 3382 3383 3384 3385 3386 3387 3388 3389 3390 3391 3392 3393 3394 3395 3396 3397 3398 3399 3400 3401 3402 3403 3404 3405 3406 3407 3408 3409 3410 3411 3412 3413 3414 3415 3416 3417 3418 3419 3420 3421 3422 3423 3424 3425 3426 3427 3428 3429 3430 3431 3432 3433 3434 3435 3436 3437 3438 3439 3440 3441 3442 3443 3444 3445 3446 3447 3448 3449 3450 3451 3452 3453 3454 3455 3456 3457 3458 3459 3460 3461 3462 3463 3464 3465 3466 3467 3468 3469 3470 3471 3472 3473 3474 3475 3476 3477 3478 3479 3480 3481 3482 3483 3484 3485 3486 3487 3488 3489 3490 3491 3492 3493 3494 3495 3496 3497 3498 3499 3500 3501 3502 3503 3504 3505 3506 3507 3508 3509 3510 3511 3512 3513 3514 3515 3516 3517 3518 3519 3520 3521 3522 3523 3524 3525 3526 3527 3528 3529 3530 3531 3532 3533 3534 3535 3536 3537 3538 3539 3540 3541 3542 3543 3544 3545 3546 3547 3548 3549 3550 3551 3552 3553 3554 3555 3556 3557 3558 3559 3560 3561 3562 3563 3564 3565 3566 3567 3568 3569 3570 3571 3572 3573 3574 3575 3576 3577 3578 3579 3580 3581 3582 3583 3584 3585 3586 3587 3588 3589 3590 3591 3592 3593 3594 3595 3596 3597 3598 3599 3600 3601 3602 3603 3604 3605 3606 3607 3608 3609 3610 3611 3612 3613 3614 3615 3616 3617 3618 3619 3620 3621 3622 3623 3624 3625 3626 3627 3628 3629 3630 3631 3632 3633 3634 3635 3636 3637 3638 3639 3640 3641 3642 3643 3644 3645 3646 3647 3648 3649 3650 3651 3652 3653 3654 3655 3656 3657 3658 3659 3660 3661 3662 3663 3664 3665 3666 3667 3668 3669 3670 3671 3672 3673 3674 3675 3676 3677 3678 3679 3680 3681 3682 3683 3684 3685 3686 3687 3688 3689 3690 3691 3692 3693 3694 3695 3696 3697 3698 3699 3700 3701 3702 3703 3704 3705 3706 3707 3708 3709 3710 3711 3712 3713 3714 3715 3716 3717 3718 3719 3720 3721 3722 3723 3724 3725 3726 3727 3728 3729 3730 3731 3732 3733 3734 3735 3736 3737 3738 3739 3740 3741 3742 3743 3744 3745 3746 3747 3748 3749 3750 3751 3752 3753 3754 3755 3756 3757 3758 3759 3760 3761 3762 3763 3764 3765 3766 3767 3768 3769 3770 3771 3772 3773 3774 3775 3776 3777 3778 3779 3780 3781 3782 3783 3784 3785 3786 3787 3788 3789 3790 3791 3792 3793 3794 3795 3796 3797 3798 3799 3800 3801 3802 3803 3804 3805 3806 3807 3808 3809 3810 3811 3812 3813 3814 3815 3816 3817 3818 3819 3820 3821 3822 3823 3824 3825 3826 3827 3828 3829 3830 3831 3832 3833 3834 3835 3836 3837 3838 3839 3840 3841 3842 3843 3844 3845 3846 3847 3848 3849 3850 3851 3852 3853 3854 3855 3856 3857 3858 3859 3860 3861 3862 3863 3864 3865 3866 3867 3868 3869 3870 3871 3872 3873 3874 3875 3876 3877 3878 3879 3880 3881 3882 3883 3884 3885 3886 3887 3888 3889 3890 3891 3892 3893 3894 3895 3896 3897 3898 3899 3900 3901 3902 3903 3904 3905 3906 3907 3908 3909 3910 3911 3912 3913 3914 3915 3916 3917 3918 3919 3920 3921 3922 3923 3924 3925 3926 3927 3928 3929 3930 3931 3932 3933 3934 3935 3936 3937 3938 3939 3940 3941 3942 3943 3944 3945 3946 3947 3948 3949 3950 3951 3952 3953 3954 3955 3956 3957 3958 3959 3960 3961 3962 3963 3964 3965 3966 3967 3968 3969 3970 3971 3972 3973 3974 3975 3976 3977 3978 3979 3980 3981 3982 3983 3984 3985 3986 3987 3988 3989 3990 3991 3992 3993 3994 3995 3996 3997 3998 3999 4000 4001 4002 4003 4004 4005 4006 4007 4008 4009 4010 4011 4012 4013 4014 4015 4016 4017 4018 4019 4020 4021 4022 4023 4024 4025 4026 4027 4028 4029 4030 4031 4032 4033 4034 4035 4036 4037 4038 4039 4040 4041 4042 4043 4044 4045 4046 4047 4048 4049 4050 4051 4052 4053 4054 4055 4056 4057 4058 4059 4060 4061 4062 4063 4064 4065 4066 4067 4068 4069 4070 4071 4072 4073 4074 4075 4076 4077 4078 4079 4080 4081 4082 4083 4084 4085 4086 4087 4088 4089 4090 4091 4092 4093 4094 4095 4096 4097 4098 4099 4100 4101 4102 4103 4104 4105 4106 4107 4108 4109 4110 4111 4112 4113 4114 4115 4116 4117 4118 4119 4120 4121 4122 4123 4124 4125 4126 4127 4128 4129 4130 4131 4132 4133 4134 4135 4136 4137 4138 4139 4140 4141 4142 4143 4144 4145 4146 4147 4148 4149 4150 4151 4152 4153 4154 4155 4156 4157 4158 4159 4160 4161 4162 4163 4164 4165 4166 4167 4168 4169 4170 4171 4172 4173 4174 4175 4176 4177 4178 4179 4180 4181 4182 4183 4184 4185 4186 4187 4188 4189 4190 4191 4192 4193 4194 4195 4196 4197 4198 4199 4200 4201 4202 4203 4204 4205 4206 4207 4208 4209 4210 4211 4212 4213 4214 4215 4216 4217 4218 4219 4220 4221 4222 4223 4224 4225 4226 4227 4228 4229 4230 4231 4232 4233 4234 4235 4236 4237 4238 4239 4240 4241 4242 4243 4244 4245 4246 4247 4248 4249 4250 4251 4252 4253 4254 4255 4256 4257 4258 4259 4260 4261 4262 4263 4264 4265 4266 4267 4268 4269 4270 4271 4272 4273 4274 4275 4276 4277 4278 4279 4280 4281 4282 4283 4284 4285 4286 4287 4288 4289 4290 4291 4292 4293 4294 4295 4296 4297 4298 4299 4300 4301 4302 4303 4304 4305 4306 4307 4308 4309 4310 4311 4312 4313 4314 4315 4316 4317 4318 4319 4320 4321 4322 4323 4324 4325 4326 4327 4328 4329 4330 4331 4332 4333 4334 4335 4336 4337 4338 4339 4340 4341 4342 4343 4344 4345 4346 4347 4348 4349 4350 4351 4352 4353 4354 4355 4356 4357 4358 4359 4360 4361 4362 4363 4364 4365 4366 4367 4368 4369 4370 4371 4372 4373 4374 4375 4376 4377 4378 4379 4380 4381 4382 4383 4384 4385 4386 4387 4388 4389 4390 4391 4392 4393 4394 4395 4396 4397 4398 4399 4400 4401 4402 4403 4404 4405 4406 4407 4408 4409 4410 4411 4412 4413 4414 4415 4416 4417 4418 4419 4420 4421 4422 4423 4424 4425 4426 4427 4428 4429 4430 4431 4432 4433 4434 4435 4436 4437 4438 4439 4440 4441 4442 4443 4444 4445 4446 4447 4448 4449 4450 4451 4452 4453 4454 4455 4456 4457 4458 4459 4460 4461 4462 4463 4464 4465 4466 4467 4468 4469 4470 4471 4472 4473 4474 4475 4476 4477 4478 4479 4480 4481 4482 4483 4484 4485 4486 4487 4488 4489 4490 4491 4492 4493 4494 4495 4496 4497 4498 4499 4500 4501 4502 4503 4504 4505 4506 4507 4508 4509 4510 4511 4512 4513 4514 4515 4516 4517 4518 4519 4520 4521 4522 4523 4524 4525 4526 4527 4528 4529 4530 4531 4532 4533 4534 4535 4536 4537 4538 4539 4540 4541 4542 4543 4544 4545 4546 4547 4548 4549 4550 4551 4552 4553 4554 4555 4556 4557 4558 4559 4560 4561 4562 4563 4564 4565 4566 4567 4568 4569 4570 4571 4572 4573 4574 4575 4576 4577 4578 4579 4580 4581 4582 4583 4584 4585 4586 4587 4588 4589 4590 4591 4592 4593 4594 4595 4596 4597 4598 4599 4600 4601 4602 4603 4604 4605 4606 4607 4608 4609 4610 4611 4612 4613 4614 4615 4616 4617 4618 4619 4620 4621 4622 4623 4624 4625 4626 4627 4628 4629 4630 4631 4632 4633 4634 4635 4636 4637 4638 4639 4640 4641 4642 4643 4644 4645 4646 4647 4648 4649 4650 4651 4652 4653 4654 4655 4656 4657 4658 4659 4660 4661 4662 4663 4664 4665 4666 4667 4668 4669 4670 4671 4672 4673 4674 4675 4676 4677 4678 4679 4680 4681 4682 4683 4684 4685 4686 4687 4688 4689 4690 4691 4692 4693 4694 4695 4696 4697 4698 4699 4700 4701 4702 4703 4704 4705 4706 4707 4708 4709 4710 4711 4712 4713 4714 4715 4716 4717 4718 4719 4720 4721 4722 4723 4724 4725 4726 4727 4728 4729 4730 4731 4732 4733 4734 4735 4736 4737 4738 4739 4740 4741 4742 4743 4744 4745 4746 4747 4748 4749 4750 4751 4752 4753 4754 4755 4756 4757 4758 4759 4760 4761 4762 4763 4764 4765 4766 4767 4768 4769 4770 4771 4772 4773 4774 4775 4776 4777 4778 4779 4780 4781 4782 4783 4784 4785 4786 4787 4788 4789 4790 4791 4792 4793 4794 4795 4796 4797 4798 4799 4800 4801 4802 4803 4804 4805 4806 4807 4808 4809 4810 4811 4812 4813 4814 4815 4816 4817 4818 4819 4820 4821 4822 4823 4824 4825 4826 4827 4828 4829 4830 4831 4832 4833 4834 4835 4836 4837 4838 4839 4840 4841 4842 4843 4844 4845 4846 4847 4848 4849 4850 4851 4852 4853 4854 4855 4856 4857 4858 4859 4860 4861 4862 4863 4864 4865 4866 4867 4868 4869 4870 4871 4872 4873 4874 4875 4876 4877 4878 4879 4880 4881 4882 4883 4884 4885 4886 4887 4888 4889 4890 4891 4892 4893 4894 4895 4896 4897 4898 4899 4900 4901 4902 4903 4904 4905 4906 4907 4908 4909 4910 4911 4912 4913 4914 4915 4916 4917 4918 4919 4920 4921 4922 4923 4924 4925 4926 4927 4928 4929 4930 4931 4932 4933 4934 4935 4936 4937 4938 4939 4940 4941 4942 4943 4944 4945 4946 4947 4948 4949 4950 4951 4952 4953 4954 4955 4956 4957 4958 4959 4960 4961 4962 4963 4964 4965 4966 4967 4968 4969 4970 4971 4972 4973 4974 4975 4976 4977 4978 4979 4980 4981 4982 4983 4984 4985 4986 4987 4988 4989 4990 4991 4992 4993 4994 4995 4996 4997 4998 4999 5000 5001 5002 5003 5004 5005 5006 5007 5008 5009 5010 5011 5012 5013 5014 5015 5016 5017 5018 5019 5020 5021 5022 5023 5024 5025 5026 5027 5028 5029 5030 5031 5032 5033 5034 5035 5036 5037 5038 5039 5040 5041 5042 5043 5044 5045 5046 5047 5048 5049 5050 5051 5052 5053 5054 5055 5056 5057 5058 5059 5060 5061 5062 5063 5064 5065 5066 5067 5068 5069 5070 5071 5072 5073 5074 5075 5076 5077 5078 5079 5080 5081 5082 5083 5084 5085 5086 5087 5088 5089 5090 5091 5092 5093 5094 5095 5096 5097 5098 5099 5100 5101 5102 5103 5104 5105 5106 5107 5108 5109 5110 5111 5112 5113 5114 5115 5116 5117 5118 5119 5120 5121 5122 5123 5124 5125 5126 5127 5128 5129 5130 5131 5132 5133 5134 5135 5136 5137 5138 5139 5140 5141 5142 5143 5144 5145 5146 5147 5148 5149 5150 5151 5152 5153 5154 5155 5156 5157 5158 5159 5160 5161 5162 5163 5164 5165 5166 5167 5168 5169 5170 5171 5172 5173 5174 5175 5176 5177 5178 5179 5180 5181 5182 5183 5184 5185 5186 5187 5188 5189 5190 5191 5192 5193 5194 5195 5196 5197 5198 5199 5200 5201 5202 5203 5204 5205 5206 5207 5208 5209 5210 5211 5212 5213 5214 5215 5216 5217 5218 5219 5220 5221 5222 5223 5224 5225 5226 5227 5228 5229 5230 5231 5232 5233 5234 5235 5236 5237 5238 5239 5240 5241 5242 5243 5244 5245 5246 5247 5248 5249 5250 5251 5252 5253 5254 5255 5256 5257 5258 5259 5260 5261 5262 5263 5264 5265 5266 5267 5268 5269 5270 5271 5272 5273 5274 5275 5276 5277 5278 5279 5280 5281 5282 5283 5284 5285 5286 5287 5288 5289 5290 5291 5292 5293 5294 5295 5296 5297 5298 5299 5300 5301 5302 5303 5304 5305 5306 5307 5308 5309 5310 5311 5312 5313 5314 5315 5316 5317 5318 5319 5320 5321 5322 5323 5324 5325 5326 5327 

        </DataArray>

        <DataArray type="Int32" Name="offsets" format="ascii">

4 8 12 16 20 24 28 32 36 40 44 48 52 56 60 64 68 72 76 80 84 88 92 96 100 104 108 112 116 120 124 128 132 136 140 144 148 152 156 160 164 168 172 176 180 184 188 192 196 200 204 208 212 216 220 224 228 232 236 240 244 248 252 256 260 264 268 272 276 280 284 288 292 296 300 304 308 312 316 320 324 328 332 336 340 344 348 352 356 360 364 368 372 376 380 384 388 392 396 400 404 408 412 416 420 424 428 432 436 440 444 448 452 456 460 464 468 472 476 480 484 488 492 496 500 504 508 512 516 520 524 528 532 536 540 544 548 552 556 560 564 568 572 576 580 584 588 592 596 600 604 608 612 616 620 624 628 632 636 640 644 648 652 656 660 664 668 672 676 680 684 688 692 696 700 704 708 712 716 720 724 728 732 736 740 744 748 752 756 760 764 768 772 776 780 784 788 792 796 800 804 808 812 816 820 824 828 832 836 840 844 848 852 856 860 864 868 872 876 880 884 888 892 896 900 904 908 912 916 920 924 928 932 936 940 944 948 952 956 960 964 968 972 976 980 984 988 992 996 1000 1004 1008 1012 1016 1020 1024 1028 1032 1036 1040 1044 1048 1052 1056 1060 1064 1068 1072 1076 1080 1084 1088 1092 1096 1100 1104 1108 1112 1116 1120 1124 1128 1132 1136 1140 1144 1148 1152 1156 1160 1164 1168 1172 1176 1180 1184 1188 1192 1196 1200 1204 1208 1212 1216 1220 1224 1228 1232 1236 1240 1244 1248 1252 1256 1260 1264 1268 1272 1276 1280 1284 1288 1292 1296 1300 1304 1308 1312 1316 1320 1324 1328 1332 1336 1340 1344 1348 1352 1356 1360 1364 1368 1372 1376 1380 1384 1388 1392 1396 1400 1404 1408 1412 1416 1420 1424 1428 1432 1436 1440 1444 1448 1452 1456 1460 1464 1468 1472 1476 1480 1484 1488 1492 1496 1500 1504 1508 1512 1516 1520 1524 1528 1532 1536 1540 1544 1548 1552 1556 1560 1564 1568 1572 1576 1580 1584 1588 1592 1596 1600 1604 1608 1612 1616 1620 1624 1628 1632 1636 1640 1644 1648 1652 1656 1660 1664 1668 1672 1676 1680 1684 1688 1692 1696 1700 1704 1708 1712 1716 1720 1724 1728 1732 1736 1740 1744 1748 1752 1756 1760 1764 1768 1772 1776 1780 1784 1788 1792 1796 1800 1804 1808 1812 1816 1820 1824 1828 1832 1836 1840 1844 1848 1852 1856 1860 1864 1868 1872 1876 1880 1884 1888 1892 1896 1900 1904 1908 1912 1916 1920 1924 1928 1932 1936 1940 1944 1948 1952 1956 1960 1964 1968 1972 1976 1980 1984 1988 1992 1996 2000 2004 2008 2012 2016 2020 2024 2028 2032 2036 2040 2044 2048 2052 2056 2060 2064 2068 2072 2076 2080 2084 2088 2092 2096 2100 2104 2108 2112 2116 2120 2124 2128 2132 2136 2140 2144 2148 2152 2156 2160 2164 2168 2172 2176 2180 2184 2188 2192 2196 2200 2204 2208 2212 2216 2220 2224 2228 2232 2236 2240 2244 2248 2252 2256 2260 2264 2268 2272 2276 2280 2284 2288 2292 2296 2300 2304 2308 2312 2316 2320 2324 2328 2332 2336 2340 2344 2348 2352 2356 2360 2364 2368 2372 2376 2380 2384 2388 2392 2396 2400 2404 2408 2412 2416 2420 2424 2428 2432 2436 2440 2444 2448 2452 2456 2460 2464 2468 2472 2476 2480 2484 2488 2492 2496 2500 2504 2508 2512 2516 2520 2524 2528 2532 2536 2540 2544 2548 2552 2556 2560 2564 2568 2572 2576 2580 2584 2588 2592 2596 2600 2604 2608 2612 2616 2620 2624 2628 2632 2636 2640 2644 2648 2652 2656 2660 2664 2668 2672 2676 2680 2684 2688 2692 2696 2700 2704 2708 2712 2716 2720 2724 2728 2732 2736 2740 2744 2748 2752 2756 2760 2764 2768 2772 2776 2780 2784 2788 2792 2796 2800 2804 2808 2812 2816 2820 2824 2828 2832 2836 2840 2844 2848 2852 2856 2860 2864 2868 2872 2876 2880 2884 2888 2892 2896 2900 2904 2908 2912 2916 2920 2924 2928 2932 2936 2940 2944 2948 2952 2956 2960 2964 2968 2972 2976 2980 2984 2988 2992 2996 3000 3004 3008 3012 3016 3020 3024 3028 3032 3036 3040 3044 3048 3052 3056 3060 3064 3068 3072 3076 3080 3084 3088 3092 3096 3100 3104 3108 3112 3116 3120 3124 3128 3132 3136 3140 3144 3148 3152 3156 3160 3164 3168 3172 3176 3180 3184 3188 3192 3196 3200 3204 3208 3212 3216 3220 3224 3228 3232 3236 3240 3244 3248 3252 3256 3260 3264 3268 3272 3276 3280 3284 3288 3292 3296 3300 3304 3308 3312 3316 3320 3324 3328 3332 3336 3340 3344 3348 3352 3356 3360 3364 3368 3372 3376 3380 3384 3388 3392 3396 3400 3404 3408 3412 3416 3420 3424 3428 3432 3436 3440 3444 3448 3452 3456 3460 3464 3468 3472 3476 3480 3484 3488 3492 3496 3500 3504 3508 3512 3516 3520 3524 3528 3532 3536 3540 3544 3548 3552 3556 3560 3564 3568 3572 3576 3580 3584 3588 3592 3596 3600 3604 3608 3612 3616 3620 3624 3628 3632 3636 3640 3644 3648 3652 3656 3660 3664 3668 3672 3676 3680 3684 3688 3692 3696 3700 3704 3708 3712 3716 3720 3724 3728 3732 3736 3740 3744 3748 3752 3756 3760 3764 3768 3772 3776 3780 3784 3788 3792 3796 3800 3804 3808 3812 3816 3820 3824 3828 3832 3836 3840 3844 3848 3852 3856 3860 3864 3868 3872 3876 3880 3884 3888 3892 3896 3900 3904 3908 3912 3916 3920 3924 3928 3932 3936 3940 3944 3948 3952 3956 3960 3964 3968 3972 3976 3980 3984 3988 3992 3996 4000 4004 4008 4012 4016 4020 4024 4028 4032 4036 4040 4044 4048 4052 4056 4060 4064 4068 4072 4076 4080 4084 4088 4092 4096 4100 4104 4108 4112 4116 4120 4124 4128 4132 4136 4140 4144 4148 4152 4156 4160 4164 4168 4172 4176 4180 4184 4188 4192 4196 4200 4204 4208 4212 4216 4220 4224 4228 4232 4236 4240 4244 4248 4252 4256 4260 4264 4268 4272 4276 4280 4284 4288 4292 4296 4300 4304 4308 4312 4316 4320 4324 4328 4332 4336 4340 4344 4348 4352 4356 4360 4364 4368 4372 4376 4380 4384 4388 4392 4396 4400 4404 4408 4412 4416 4420 4424 4428 4432 4436 4440 4444 4448 4452 4456 4460 4464 4468 4472 4476 4480 4484 4488 4492 4496 4500 4504 4508 4512 4516 4520 4524 4528 4532 4536 4540 4544 4548 4552 4556 4560 4564 4568 4572 4576 4580 4584 4588 4592 4596 4600 4604 4608 4612 4616 4620 4624 4628 4632 4636 4640 4644 4648 4652 4656 4660 4664 4668 4672 4676 4680 4684 4688 4692 4696 4700 4704 4708 4712 4716 4720 4724 4728 4732 4736 4740 4744 4748 4752 4756 4760 4764 4768 4772 4776 4780 4784 4788 4792 4796 4800 4804 4808 4812 4816 4820 4824 4828 4832 4836 4840 4844 4848 4852 4856 4860 4864 4868 4872 4876 4880 4884 4888 4892 4896 4900 4904 4908 4912 4916 4920 4924 4928 4932 4936 4940 4944 4948 4952 4956 4960 4964 4968 4972 4976 4980 4984 4988 4992 4996 5000 5004 5008 5012 5016 5020 5024 5028 5032 5036 5040 5044 5048 5052 5056 5060 5064 5068 5072 5076 5080 5084 5088 5092 5096 5100 5104 5108 5112 5116 5120 5124 5128 5132 5136 5140 5144 5148 5152 5156 5160 5164 5168 5172 5176 5180 5184 5188 5192 5196 5200 5204 5208 5212 5216 5220 5224 5228 5232 5236 5240 5244 5248 5252 5256 5260 5264 5268 5272 5276 5280 5284 5288 5292 5296 5300 5304 5308 5312 5316 5320 5324 5328 

        </DataArray>

        <DataArray type="Int32" Name="types" format="ascii">

10 10 10 10 10 10 10 10 10 10 10 10 10 10 10 10 10 10 10 10 10 10 10 10 10 10 10 10 10 10 10 10 10 10 10 10 10 10 10 10 10 10 10 10 10 10 10 10 10 10 10 10 10 10 10 10 10 10 10 10 10 10 10 10 10 10 10 10 10 10 10 10 10 10 10 10 10 10 10 10 10 10 10 10 10 10 10 10 10 10 10 10 10 10 10 10 10 10 10 10 10 10 10 10 10 10 10 10 10 10 10 10 10 10 10 10 10 10 10 10 10 10 10 10 10 10 10 10 10 10 10 10 10 10 10 10 10 10 10 10 10 10 10 10 10 10 10 10 10 10 10 10 10 10 10 10 10 10 10 10 10 10 10 10 10 10 10 10 10 10 10 10 10 10 10 10 10 10 10 10 10 10 10 10 10 10 10 10 10 10 10 10 10 10 10 10 10 10 10 10 10 10 10 10 10 10 10 10 10 10 10 10 10 10 10 10 10 10 10 10 10 10 10 10 10 10 10 10 10 10 10 10 10 10 10 10 10 10 10 10 10 10 10 10 10 10 10 10 10 10 10 10 10 10 10 10 10 10 10 10 10 10 10 10 10 10 10 10 10 10 10 10 10 10 10 10 10 10 10 10 10 10 10 10 10 10 10 10 10 10 10 10 10 10 10 10 10 10 10 10 10 10 10 10 10 10 10 10 10 10 10 10 10 10 10 10 10 10 10 10 10 10 10 10 10 10 10 10 10 10 10 10 10 10 10 10 10 10 10 10 10 10 10 10 10 10 10 10 10 10 10 10 10 10 10 10 10 10 10 10 10 10 10 10 10 10 10 10 10 10 10 10 10 10 10 10 10 10 10 10 10 10 10 10 10 10 10 10 10 10 10 10 10 10 10 10 10 10 10 10 10 10 10 10 10 10 10 10 10 10 10 10 10 10 10 10 10 10 10 10 10 10 10 10 10 10 10 10 10 10 10 10 10 10 10 10 10 10 10 10 10 10 10 10 10 10 10 10 10 10 10 10 10 10 10 10 10 10 10 10 10 10 10 10 10 10 10 10 10 10 10 10 10 10 10 10 10 10 10 10 10 10 10 10 10 10 10 10 10 10 10 10 10 10 10 10 10 10 10 10 10 10 10 10 10 10 10 10 10 10 10 10 10 10 10 10 10 10 10 10 10 10 10 10 10 10 10 10 10 10 10 10 10 10 10 10 10 10 10 10 10 10 10 10 10 10 10 10 10 10 10 10 10 10 10 10 10 10 10 10 10 10 10 10 10 10 10 10 10 10 10 10 10 10 10 10 10 10 10 10 10 10 10 10 10 10 10 10 10 10 10 10 10 10 10 10 10 10 10 10 10 10 10 10 10 10 10 10 10 10 10 10 10 10 10 10 10 10 10 10 10 10 10 10 10 10 10 10 10 10 10 10 10 10 10 10 10 10 10 10 10 10 10 10 10 10 10 10 10 10 10 10 10 10 10 10 10 10 10 10 10 10 10 10 10 10 10 10 10 10 10 10 10 10 10 10 10 10 10 10 10 10 10 10 10 10 10 10 10 10 10 10 10 10 10 10 10 10 10 10 10 10 10 10 10 10 10 10 10 10 10 10 10 10 10 10 10 10 10 10 10 10 10 10 10 10 10 10 10 10 10 10 10 10 10 10 10 10 10 10 10 10 10 10 10 10 10 10 10 10 10 10 10 10 10 10 10 10 10 10 10 10 10 10 10 10 10 10 10 10 10 10 10 10 10 10 10 10 10 10 10 10 10 10 10 10 10 10 10 10 10 10 10 10 10 10 10 10 10 10 10 10 10 10 10 10 10 10 10 10 10 10 10 10 10 10 10 10 10 10 10 10 10 10 10 10 10 10 10 10 10 10 10 10 10 10 10 10 10 10 10 10 10 10 10 10 10 10 10 10 10 10 10 10 10 10 10 10 10 10 10 10 10 10 10 10 10 10 10 10 10 10 10 10 10 10 10 10 10 10 10 10 10 10 10 10 10 10 10 10 10 10 10 10 10 10 10 10 10 10 10 10 10 10 10 10 10 10 10 10 10 10 10 10 10 10 10 10 10 10 10 10 10 10 10 10 10 10 10 10 10 10 10 10 10 10 10 10 10 10 10 10 10 10 10 10 10 10 10 10 10 10 10 10 10 10 10 10 10 10 10 10 10 10 10 10 10 10 10 10 10 10 10 10 10 10 10 10 10 10 10 10 10 10 10 10 10 10 10 10 10 10 10 10 10 10 10 10 10 10 10 10 10 10 10 10 10 10 10 10 10 10 10 10 10 10 10 10 10 10 10 10 10 10 10 10 10 10 10 10 10 10 10 10 10 10 10 10 10 10 10 10 10 10 10 10 10 10 10 10 10 10 10 10 10 10 10 10 10 10 10 10 10 10 10 10 10 10 10 10 10 10 10 10 10 10 10 10 10 10 10 10 10 10 10 10 10 10 10 10 10 10 10 10 10 10 10 10 10 10 10 10 10 10 10 10 10 10 10 10 10 10 10 10 10 10 10 10 10 10 10 10 10 10 10 10 10 10 10 10 10 10 10 10 10 10 10 10 10 10 10 10 10 10 10 10 10 10 10 10 10 10 10 10 10 10 10 10 10 10 10 10 10 10 10 10 10 10 10 10 10 10 10 10 10 10 10 10 10 10 10 10 10 10 10 10 10 10 10 10 10 10 10 10 10 10 10 10 10 10 10 10 10 10 10 10 10 10 10 10 10 10 10 10 10 10 10 10 10 10 10 10 10 10 10 10 10 10 10 10 10 10 10 10 10 10 10 10 10 10 10 10 10 10 10 10 10 10 10 10 10 10 10 10 10 10 10 10 10 10 10 10 10 10 10 10 10 10 10 10 10 10 10 10 10 10 10 10 10 10 10 10 10 10 10 10 10 10 10 10 10 10 10 10 10 10 10 10 10 10 10 10 10 10 10 10 10 10 10 10 10 10 10 10 10 10 10 10 10 10 10 10 10 10 10 10 10 10 10 10 10 10 

        </DataArray>

      </Cells>

    </Piece>

  </UnstructuredGrid>

</VTKFile>

