<?xml version="1.0"?>

<VTKFile type="UnstructuredGrid" version="0.1">

  <UnstructuredGrid>

    <Piece NumberOfPoints="5328" NumberOfCells="1332">

      <PointData>

        <DataArray type="Float64" Name="DeuxMu" format="ascii">

1.52679761668779463e+02
1.52679761668779463e+02
1.52679761668779463e+02
1.52679761668779463e+02
1.53737181349073637e+02
1.53737181349073637e+02
1.53737181349073637e+02
1.53737181349073637e+02
1.57128776944156840e+02
1.57128776944156840e+02
1.57128776944156840e+02
1.57128776944156840e+02
1.52947614946505695e+02
1.52947614946505695e+02
1.52947614946505695e+02
1.52947614946505695e+02
1.51743444107917782e+02
1.51743444107917782e+02
1.51743444107917782e+02
1.51743444107917782e+02
1.53058193374611051e+02
1.53058193374611051e+02
1.53058193374611051e+02
1.53058193374611051e+02
1.52890382649744907e+02
1.52890382649744907e+02
1.52890382649744907e+02
1.52890382649744907e+02
1.52612158898145111e+02
1.52612158898145111e+02
1.52612158898145111e+02
1.52612158898145111e+02
1.52532923435815576e+02
1.52532923435815576e+02
1.52532923435815576e+02
1.52532923435815576e+02
1.52685341308319153e+02
1.52685341308319153e+02
1.52685341308319153e+02
1.52685341308319153e+02
1.54010056651142406e+02
1.54010056651142406e+02
1.54010056651142406e+02
1.54010056651142406e+02
1.57753323401052853e+02
1.57753323401052853e+02
1.57753323401052853e+02
1.57753323401052853e+02
1.55629625554239396e+02
1.55629625554239396e+02
1.55629625554239396e+02
1.55629625554239396e+02
1.55371125453000133e+02
1.55371125453000133e+02
1.55371125453000133e+02
1.55371125453000133e+02
1.54615580642093960e+02
1.54615580642093960e+02
1.54615580642093960e+02
1.54615580642093960e+02
1.55003051223523130e+02
1.55003051223523130e+02
1.55003051223523130e+02
1.55003051223523130e+02
1.53051056804184782e+02
1.53051056804184782e+02
1.53051056804184782e+02
1.53051056804184782e+02
1.52421853821912634e+02
1.52421853821912634e+02
1.52421853821912634e+02
1.52421853821912634e+02
1.52893097104261784e+02
1.52893097104261784e+02
1.52893097104261784e+02
1.52893097104261784e+02
1.52379023532388487e+02
1.52379023532388487e+02
1.52379023532388487e+02
1.52379023532388487e+02
1.51767280385322522e+02
1.51767280385322522e+02
1.51767280385322522e+02
1.51767280385322522e+02
1.52201938557100021e+02
1.52201938557100021e+02
1.52201938557100021e+02
1.52201938557100021e+02
1.55907738983905489e+02
1.55907738983905489e+02
1.55907738983905489e+02
1.55907738983905489e+02
1.50662934811880518e+02
1.50662934811880518e+02
1.50662934811880518e+02
1.50662934811880518e+02
1.53328385131022117e+02
1.53328385131022117e+02
1.53328385131022117e+02
1.53328385131022117e+02
1.53647077871650708e+02
1.53647077871650708e+02
1.53647077871650708e+02
1.53647077871650708e+02
1.51881758185426236e+02
1.51881758185426236e+02
1.51881758185426236e+02
1.51881758185426236e+02
1.55806144093947836e+02
1.55806144093947836e+02
1.55806144093947836e+02
1.55806144093947836e+02
1.53378480298047236e+02
1.53378480298047236e+02
1.53378480298047236e+02
1.53378480298047236e+02
1.56027737475211268e+02
1.56027737475211268e+02
1.56027737475211268e+02
1.56027737475211268e+02
1.54494738383442041e+02
1.54494738383442041e+02
1.54494738383442041e+02
1.54494738383442041e+02
1.57115203536514628e+02
1.57115203536514628e+02
1.57115203536514628e+02
1.57115203536514628e+02
1.56547772612387860e+02
1.56547772612387860e+02
1.56547772612387860e+02
1.56547772612387860e+02
1.57766538706762134e+02
1.57766538706762134e+02
1.57766538706762134e+02
1.57766538706762134e+02
1.56896696779951469e+02
1.56896696779951469e+02
1.56896696779951469e+02
1.56896696779951469e+02
1.53786099077495379e+02
1.53786099077495379e+02
1.53786099077495379e+02
1.53786099077495379e+02
1.52763699772387099e+02
1.52763699772387099e+02
1.52763699772387099e+02
1.52763699772387099e+02
1.54671400142529421e+02
1.54671400142529421e+02
1.54671400142529421e+02
1.54671400142529421e+02
1.52610554882392023e+02
1.52610554882392023e+02
1.52610554882392023e+02
1.52610554882392023e+02
1.56843245966848372e+02
1.56843245966848372e+02
1.56843245966848372e+02
1.56843245966848372e+02
1.57634109232570495e+02
1.57634109232570495e+02
1.57634109232570495e+02
1.57634109232570495e+02
1.57703972325511131e+02
1.57703972325511131e+02
1.57703972325511131e+02
1.57703972325511131e+02
1.55732495704357035e+02
1.55732495704357035e+02
1.55732495704357035e+02
1.55732495704357035e+02
1.57302870082689338e+02
1.57302870082689338e+02
1.57302870082689338e+02
1.57302870082689338e+02
1.56814016846794232e+02
1.56814016846794232e+02
1.56814016846794232e+02
1.56814016846794232e+02
1.55165092247298560e+02
1.55165092247298560e+02
1.55165092247298560e+02
1.55165092247298560e+02
1.53566399497752343e+02
1.53566399497752343e+02
1.53566399497752343e+02
1.53566399497752343e+02
1.59322850239793297e+02
1.59322850239793297e+02
1.59322850239793297e+02
1.59322850239793297e+02
1.58521906512299807e+02
1.58521906512299807e+02
1.58521906512299807e+02
1.58521906512299807e+02
1.57146919438766815e+02
1.57146919438766815e+02
1.57146919438766815e+02
1.57146919438766815e+02
1.52880563801903293e+02
1.52880563801903293e+02
1.52880563801903293e+02
1.52880563801903293e+02
1.53659731590625682e+02
1.53659731590625682e+02
1.53659731590625682e+02
1.53659731590625682e+02
1.54077037549747445e+02
1.54077037549747445e+02
1.54077037549747445e+02
1.54077037549747445e+02
1.59787913322442108e+02
1.59787913322442108e+02
1.59787913322442108e+02
1.59787913322442108e+02
1.58336287029741953e+02
1.58336287029741953e+02
1.58336287029741953e+02
1.58336287029741953e+02
1.52151161356060555e+02
1.52151161356060555e+02
1.52151161356060555e+02
1.52151161356060555e+02
1.50635450471692309e+02
1.50635450471692309e+02
1.50635450471692309e+02
1.50635450471692309e+02
1.57704999109373404e+02
1.57704999109373404e+02
1.57704999109373404e+02
1.57704999109373404e+02
1.58293392883776704e+02
1.58293392883776704e+02
1.58293392883776704e+02
1.58293392883776704e+02
1.59411497202412249e+02
1.59411497202412249e+02
1.59411497202412249e+02
1.59411497202412249e+02
1.57740410981846225e+02
1.57740410981846225e+02
1.57740410981846225e+02
1.57740410981846225e+02
1.54898155126670304e+02
1.54898155126670304e+02
1.54898155126670304e+02
1.54898155126670304e+02
1.57477662435049524e+02
1.57477662435049524e+02
1.57477662435049524e+02
1.57477662435049524e+02
1.55818175627702090e+02
1.55818175627702090e+02
1.55818175627702090e+02
1.55818175627702090e+02
1.57666677688973323e+02
1.57666677688973323e+02
1.57666677688973323e+02
1.57666677688973323e+02
1.58614101545565745e+02
1.58614101545565745e+02
1.58614101545565745e+02
1.58614101545565745e+02
1.59169703279402881e+02
1.59169703279402881e+02
1.59169703279402881e+02
1.59169703279402881e+02
1.51974411317953610e+02
1.51974411317953610e+02
1.51974411317953610e+02
1.51974411317953610e+02
1.51788947216728815e+02
1.51788947216728815e+02
1.51788947216728815e+02
1.51788947216728815e+02
1.54865356122511116e+02
1.54865356122511116e+02
1.54865356122511116e+02
1.54865356122511116e+02
1.56908881937754387e+02
1.56908881937754387e+02
1.56908881937754387e+02
1.56908881937754387e+02
1.51362234098224178e+02
1.51362234098224178e+02
1.51362234098224178e+02
1.51362234098224178e+02
1.56303369957779239e+02
1.56303369957779239e+02
1.56303369957779239e+02
1.56303369957779239e+02
1.53513982112265921e+02
1.53513982112265921e+02
1.53513982112265921e+02
1.53513982112265921e+02
1.52647819523133990e+02
1.52647819523133990e+02
1.52647819523133990e+02
1.52647819523133990e+02
1.51694775370764177e+02
1.51694775370764177e+02
1.51694775370764177e+02
1.51694775370764177e+02
1.55908419147152216e+02
1.55908419147152216e+02
1.55908419147152216e+02
1.55908419147152216e+02
1.51735247313234765e+02
1.51735247313234765e+02
1.51735247313234765e+02
1.51735247313234765e+02
1.57798862294282515e+02
1.57798862294282515e+02
1.57798862294282515e+02
1.57798862294282515e+02
1.52621643835806339e+02
1.52621643835806339e+02
1.52621643835806339e+02
1.52621643835806339e+02
1.57423094911674298e+02
1.57423094911674298e+02
1.57423094911674298e+02
1.57423094911674298e+02
1.53272232157390675e+02
1.53272232157390675e+02
1.53272232157390675e+02
1.53272232157390675e+02
1.55996520194010003e+02
1.55996520194010003e+02
1.55996520194010003e+02
1.55996520194010003e+02
1.53102317174857319e+02
1.53102317174857319e+02
1.53102317174857319e+02
1.53102317174857319e+02
1.56541474369698904e+02
1.56541474369698904e+02
1.56541474369698904e+02
1.56541474369698904e+02
1.50780813172064228e+02
1.50780813172064228e+02
1.50780813172064228e+02
1.50780813172064228e+02
1.52924213745294708e+02
1.52924213745294708e+02
1.52924213745294708e+02
1.52924213745294708e+02
1.53834141434591743e+02
1.53834141434591743e+02
1.53834141434591743e+02
1.53834141434591743e+02
1.59047325392611697e+02
1.59047325392611697e+02
1.59047325392611697e+02
1.59047325392611697e+02
1.53870426202561987e+02
1.53870426202561987e+02
1.53870426202561987e+02
1.53870426202561987e+02
1.57193392833732901e+02
1.57193392833732901e+02
1.57193392833732901e+02
1.57193392833732901e+02
1.54435974374478803e+02
1.54435974374478803e+02
1.54435974374478803e+02
1.54435974374478803e+02
1.59398984857997760e+02
1.59398984857997760e+02
1.59398984857997760e+02
1.59398984857997760e+02
1.57704353182845779e+02
1.57704353182845779e+02
1.57704353182845779e+02
1.57704353182845779e+02
1.57718615635410345e+02
1.57718615635410345e+02
1.57718615635410345e+02
1.57718615635410345e+02
1.55955095705078548e+02
1.55955095705078548e+02
1.55955095705078548e+02
1.55955095705078548e+02
1.59759583788152241e+02
1.59759583788152241e+02
1.59759583788152241e+02
1.59759583788152241e+02
1.52075941000476860e+02
1.52075941000476860e+02
1.52075941000476860e+02
1.52075941000476860e+02
1.53106821012170599e+02
1.53106821012170599e+02
1.53106821012170599e+02
1.53106821012170599e+02
1.49486510349413976e+02
1.49486510349413976e+02
1.49486510349413976e+02
1.49486510349413976e+02
1.49651485653643533e+02
1.49651485653643533e+02
1.49651485653643533e+02
1.49651485653643533e+02
1.53907669884785577e+02
1.53907669884785577e+02
1.53907669884785577e+02
1.53907669884785577e+02
1.50659259142326079e+02
1.50659259142326079e+02
1.50659259142326079e+02
1.50659259142326079e+02
1.53897137117299025e+02
1.53897137117299025e+02
1.53897137117299025e+02
1.53897137117299025e+02
1.52058403149878245e+02
1.52058403149878245e+02
1.52058403149878245e+02
1.52058403149878245e+02
1.55539762577771853e+02
1.55539762577771853e+02
1.55539762577771853e+02
1.55539762577771853e+02
1.53215950765485388e+02
1.53215950765485388e+02
1.53215950765485388e+02
1.53215950765485388e+02
1.53577099612409825e+02
1.53577099612409825e+02
1.53577099612409825e+02
1.53577099612409825e+02
1.54524606753538563e+02
1.54524606753538563e+02
1.54524606753538563e+02
1.54524606753538563e+02
1.51957176977586244e+02
1.51957176977586244e+02
1.51957176977586244e+02
1.51957176977586244e+02
1.53614953107904341e+02
1.53614953107904341e+02
1.53614953107904341e+02
1.53614953107904341e+02
1.52577933407573454e+02
1.52577933407573454e+02
1.52577933407573454e+02
1.52577933407573454e+02
1.52535851673198522e+02
1.52535851673198522e+02
1.52535851673198522e+02
1.52535851673198522e+02
1.52901177171202704e+02
1.52901177171202704e+02
1.52901177171202704e+02
1.52901177171202704e+02
1.51219267235452719e+02
1.51219267235452719e+02
1.51219267235452719e+02
1.51219267235452719e+02
1.51948413858025646e+02
1.51948413858025646e+02
1.51948413858025646e+02
1.51948413858025646e+02
1.57035903072465146e+02
1.57035903072465146e+02
1.57035903072465146e+02
1.57035903072465146e+02
1.49630274163255280e+02
1.49630274163255280e+02
1.49630274163255280e+02
1.49630274163255280e+02
1.50962567520087816e+02
1.50962567520087816e+02
1.50962567520087816e+02
1.50962567520087816e+02
1.50616022594031335e+02
1.50616022594031335e+02
1.50616022594031335e+02
1.50616022594031335e+02
1.51538861038807369e+02
1.51538861038807369e+02
1.51538861038807369e+02
1.51538861038807369e+02
1.54851473897483658e+02
1.54851473897483658e+02
1.54851473897483658e+02
1.54851473897483658e+02
1.57331370692888470e+02
1.57331370692888470e+02
1.57331370692888470e+02
1.57331370692888470e+02
1.54841636376165923e+02
1.54841636376165923e+02
1.54841636376165923e+02
1.54841636376165923e+02
1.50956298491811054e+02
1.50956298491811054e+02
1.50956298491811054e+02
1.50956298491811054e+02
1.49686072265860929e+02
1.49686072265860929e+02
1.49686072265860929e+02
1.49686072265860929e+02
1.51537392982236099e+02
1.51537392982236099e+02
1.51537392982236099e+02
1.51537392982236099e+02
1.50622527691076158e+02
1.50622527691076158e+02
1.50622527691076158e+02
1.50622527691076158e+02
1.50291624716875589e+02
1.50291624716875589e+02
1.50291624716875589e+02
1.50291624716875589e+02
1.58236562733309569e+02
1.58236562733309569e+02
1.58236562733309569e+02
1.58236562733309569e+02
1.55401011974504911e+02
1.55401011974504911e+02
1.55401011974504911e+02
1.55401011974504911e+02
1.55492447239239169e+02
1.55492447239239169e+02
1.55492447239239169e+02
1.55492447239239169e+02
1.51806852606406295e+02
1.51806852606406295e+02
1.51806852606406295e+02
1.51806852606406295e+02
1.48737101164066701e+02
1.48737101164066701e+02
1.48737101164066701e+02
1.48737101164066701e+02
1.51863126358120383e+02
1.51863126358120383e+02
1.51863126358120383e+02
1.51863126358120383e+02
1.50584369739714617e+02
1.50584369739714617e+02
1.50584369739714617e+02
1.50584369739714617e+02
1.53685070602476344e+02
1.53685070602476344e+02
1.53685070602476344e+02
1.53685070602476344e+02
1.52953676449303515e+02
1.52953676449303515e+02
1.52953676449303515e+02
1.52953676449303515e+02
1.49983204369630045e+02
1.49983204369630045e+02
1.49983204369630045e+02
1.49983204369630045e+02
1.51438113530813922e+02
1.51438113530813922e+02
1.51438113530813922e+02
1.51438113530813922e+02
1.49224766849591447e+02
1.49224766849591447e+02
1.49224766849591447e+02
1.49224766849591447e+02
1.54821278838685174e+02
1.54821278838685174e+02
1.54821278838685174e+02
1.54821278838685174e+02
1.57508508413214003e+02
1.57508508413214003e+02
1.57508508413214003e+02
1.57508508413214003e+02
1.55376807293245918e+02
1.55376807293245918e+02
1.55376807293245918e+02
1.55376807293245918e+02
1.53197145013968679e+02
1.53197145013968679e+02
1.53197145013968679e+02
1.53197145013968679e+02
1.54380402323776110e+02
1.54380402323776110e+02
1.54380402323776110e+02
1.54380402323776110e+02
1.55273118145788601e+02
1.55273118145788601e+02
1.55273118145788601e+02
1.55273118145788601e+02
1.57726514257674268e+02
1.57726514257674268e+02
1.57726514257674268e+02
1.57726514257674268e+02
1.52664657699901767e+02
1.52664657699901767e+02
1.52664657699901767e+02
1.52664657699901767e+02
1.50664178841763118e+02
1.50664178841763118e+02
1.50664178841763118e+02
1.50664178841763118e+02
1.49604084450853890e+02
1.49604084450853890e+02
1.49604084450853890e+02
1.49604084450853890e+02
1.51301214013112940e+02
1.51301214013112940e+02
1.51301214013112940e+02
1.51301214013112940e+02
1.51238395765736044e+02
1.51238395765736044e+02
1.51238395765736044e+02
1.51238395765736044e+02
1.55852626894155605e+02
1.55852626894155605e+02
1.55852626894155605e+02
1.55852626894155605e+02
1.52695937688566346e+02
1.52695937688566346e+02
1.52695937688566346e+02
1.52695937688566346e+02
1.52544008951306296e+02
1.52544008951306296e+02
1.52544008951306296e+02
1.52544008951306296e+02
1.53632194797676448e+02
1.53632194797676448e+02
1.53632194797676448e+02
1.53632194797676448e+02
1.51208967805232930e+02
1.51208967805232930e+02
1.51208967805232930e+02
1.51208967805232930e+02
1.58839227725370364e+02
1.58839227725370364e+02
1.58839227725370364e+02
1.58839227725370364e+02
1.54601011643754248e+02
1.54601011643754248e+02
1.54601011643754248e+02
1.54601011643754248e+02
1.54833647817065099e+02
1.54833647817065099e+02
1.54833647817065099e+02
1.54833647817065099e+02
1.57163655785701565e+02
1.57163655785701565e+02
1.57163655785701565e+02
1.57163655785701565e+02
1.56494359955214321e+02
1.56494359955214321e+02
1.56494359955214321e+02
1.56494359955214321e+02
1.53887555116996595e+02
1.53887555116996595e+02
1.53887555116996595e+02
1.53887555116996595e+02
1.56616136598864443e+02
1.56616136598864443e+02
1.56616136598864443e+02
1.56616136598864443e+02
1.52337429474476608e+02
1.52337429474476608e+02
1.52337429474476608e+02
1.52337429474476608e+02
1.58658424899941423e+02
1.58658424899941423e+02
1.58658424899941423e+02
1.58658424899941423e+02
1.57714139217981483e+02
1.57714139217981483e+02
1.57714139217981483e+02
1.57714139217981483e+02
1.56077215248952854e+02
1.56077215248952854e+02
1.56077215248952854e+02
1.56077215248952854e+02
1.53998314239308655e+02
1.53998314239308655e+02
1.53998314239308655e+02
1.53998314239308655e+02
1.50497358065189388e+02
1.50497358065189388e+02
1.50497358065189388e+02
1.50497358065189388e+02
1.48201651696212167e+02
1.48201651696212167e+02
1.48201651696212167e+02
1.48201651696212167e+02
1.52538581441631976e+02
1.52538581441631976e+02
1.52538581441631976e+02
1.52538581441631976e+02
1.44894153064035294e+02
1.44894153064035294e+02
1.44894153064035294e+02
1.44894153064035294e+02
1.42294239118051507e+02
1.42294239118051507e+02
1.42294239118051507e+02
1.42294239118051507e+02
1.49080247596826723e+02
1.49080247596826723e+02
1.49080247596826723e+02
1.49080247596826723e+02
1.57375052113409168e+02
1.57375052113409168e+02
1.57375052113409168e+02
1.57375052113409168e+02
1.52683477647949616e+02
1.52683477647949616e+02
1.52683477647949616e+02
1.52683477647949616e+02
1.53542119372389152e+02
1.53542119372389152e+02
1.53542119372389152e+02
1.53542119372389152e+02
1.52549177979260264e+02
1.52549177979260264e+02
1.52549177979260264e+02
1.52549177979260264e+02
1.51026731898656237e+02
1.51026731898656237e+02
1.51026731898656237e+02
1.51026731898656237e+02
1.53958368751630701e+02
1.53958368751630701e+02
1.53958368751630701e+02
1.53958368751630701e+02
1.48634983641526105e+02
1.48634983641526105e+02
1.48634983641526105e+02
1.48634983641526105e+02
1.51177429367715433e+02
1.51177429367715433e+02
1.51177429367715433e+02
1.51177429367715433e+02
1.52063136522706969e+02
1.52063136522706969e+02
1.52063136522706969e+02
1.52063136522706969e+02
1.50902527551547422e+02
1.50902527551547422e+02
1.50902527551547422e+02
1.50902527551547422e+02
1.51749101392061363e+02
1.51749101392061363e+02
1.51749101392061363e+02
1.51749101392061363e+02
1.51560603982503920e+02
1.51560603982503920e+02
1.51560603982503920e+02
1.51560603982503920e+02
1.48518346588969649e+02
1.48518346588969649e+02
1.48518346588969649e+02
1.48518346588969649e+02
1.52144591362465405e+02
1.52144591362465405e+02
1.52144591362465405e+02
1.52144591362465405e+02
1.52583102697458997e+02
1.52583102697458997e+02
1.52583102697458997e+02
1.52583102697458997e+02
1.52020966797327134e+02
1.52020966797327134e+02
1.52020966797327134e+02
1.52020966797327134e+02
1.51080586581326941e+02
1.51080586581326941e+02
1.51080586581326941e+02
1.51080586581326941e+02
1.55608229209683174e+02
1.55608229209683174e+02
1.55608229209683174e+02
1.55608229209683174e+02
1.57108828477656658e+02
1.57108828477656658e+02
1.57108828477656658e+02
1.57108828477656658e+02
1.54740778735910141e+02
1.54740778735910141e+02
1.54740778735910141e+02
1.54740778735910141e+02
1.56625587480928090e+02
1.56625587480928090e+02
1.56625587480928090e+02
1.56625587480928090e+02
1.53384887290781876e+02
1.53384887290781876e+02
1.53384887290781876e+02
1.53384887290781876e+02
1.54398334874379799e+02
1.54398334874379799e+02
1.54398334874379799e+02
1.54398334874379799e+02
1.50736100060855478e+02
1.50736100060855478e+02
1.50736100060855478e+02
1.50736100060855478e+02
1.51992893305822832e+02
1.51992893305822832e+02
1.51992893305822832e+02
1.51992893305822832e+02
1.52664229548394729e+02
1.52664229548394729e+02
1.52664229548394729e+02
1.52664229548394729e+02
1.55455137951634754e+02
1.55455137951634754e+02
1.55455137951634754e+02
1.55455137951634754e+02
1.57188282007478165e+02
1.57188282007478165e+02
1.57188282007478165e+02
1.57188282007478165e+02
1.57829999873579197e+02
1.57829999873579197e+02
1.57829999873579197e+02
1.57829999873579197e+02
1.59239831844330922e+02
1.59239831844330922e+02
1.59239831844330922e+02
1.59239831844330922e+02
1.54896117495383464e+02
1.54896117495383464e+02
1.54896117495383464e+02
1.54896117495383464e+02
1.49647819067406829e+02
1.49647819067406829e+02
1.49647819067406829e+02
1.49647819067406829e+02
1.53363238204590374e+02
1.53363238204590374e+02
1.53363238204590374e+02
1.53363238204590374e+02
1.62261479623385441e+02
1.62261479623385441e+02
1.62261479623385441e+02
1.62261479623385441e+02
1.48696278938533624e+02
1.48696278938533624e+02
1.48696278938533624e+02
1.48696278938533624e+02
1.56471550442293477e+02
1.56471550442293477e+02
1.56471550442293477e+02
1.56471550442293477e+02
1.58117928221417515e+02
1.58117928221417515e+02
1.58117928221417515e+02
1.58117928221417515e+02
1.57644436964078352e+02
1.57644436964078352e+02
1.57644436964078352e+02
1.57644436964078352e+02
1.56931880666810940e+02
1.56931880666810940e+02
1.56931880666810940e+02
1.56931880666810940e+02
1.56353632666181085e+02
1.56353632666181085e+02
1.56353632666181085e+02
1.56353632666181085e+02
1.58176595933278605e+02
1.58176595933278605e+02
1.58176595933278605e+02
1.58176595933278605e+02
1.52955260153471329e+02
1.52955260153471329e+02
1.52955260153471329e+02
1.52955260153471329e+02
1.53222670007311081e+02
1.53222670007311081e+02
1.53222670007311081e+02
1.53222670007311081e+02
1.45997023426607711e+02
1.45997023426607711e+02
1.45997023426607711e+02
1.45997023426607711e+02
1.51548930899207193e+02
1.51548930899207193e+02
1.51548930899207193e+02
1.51548930899207193e+02
1.51674970112660105e+02
1.51674970112660105e+02
1.51674970112660105e+02
1.51674970112660105e+02
1.52375984318726751e+02
1.52375984318726751e+02
1.52375984318726751e+02
1.52375984318726751e+02
1.56978773769217241e+02
1.56978773769217241e+02
1.56978773769217241e+02
1.56978773769217241e+02
1.53394517159946872e+02
1.53394517159946872e+02
1.53394517159946872e+02
1.53394517159946872e+02
1.52238561371244629e+02
1.52238561371244629e+02
1.52238561371244629e+02
1.52238561371244629e+02
1.56641247199555636e+02
1.56641247199555636e+02
1.56641247199555636e+02
1.56641247199555636e+02
1.48588664115663988e+02
1.48588664115663988e+02
1.48588664115663988e+02
1.48588664115663988e+02
1.51826020426976953e+02
1.51826020426976953e+02
1.51826020426976953e+02
1.51826020426976953e+02
1.46218382327009380e+02
1.46218382327009380e+02
1.46218382327009380e+02
1.46218382327009380e+02
1.47615817157568671e+02
1.47615817157568671e+02
1.47615817157568671e+02
1.47615817157568671e+02
1.49869406908413339e+02
1.49869406908413339e+02
1.49869406908413339e+02
1.49869406908413339e+02
1.51877022968148140e+02
1.51877022968148140e+02
1.51877022968148140e+02
1.51877022968148140e+02
1.50929639112871826e+02
1.50929639112871826e+02
1.50929639112871826e+02
1.50929639112871826e+02
1.55632702669279524e+02
1.55632702669279524e+02
1.55632702669279524e+02
1.55632702669279524e+02
1.53209970680371782e+02
1.53209970680371782e+02
1.53209970680371782e+02
1.53209970680371782e+02
1.58636304164646049e+02
1.58636304164646049e+02
1.58636304164646049e+02
1.58636304164646049e+02
1.51081861440827510e+02
1.51081861440827510e+02
1.51081861440827510e+02
1.51081861440827510e+02
1.56294024833364006e+02
1.56294024833364006e+02
1.56294024833364006e+02
1.56294024833364006e+02
1.56628535458280851e+02
1.56628535458280851e+02
1.56628535458280851e+02
1.56628535458280851e+02
1.53561841809957770e+02
1.53561841809957770e+02
1.53561841809957770e+02
1.53561841809957770e+02
1.51513114459292837e+02
1.51513114459292837e+02
1.51513114459292837e+02
1.51513114459292837e+02
1.55817343139030868e+02
1.55817343139030868e+02
1.55817343139030868e+02
1.55817343139030868e+02
1.55406691429655211e+02
1.55406691429655211e+02
1.55406691429655211e+02
1.55406691429655211e+02
1.57583249413433776e+02
1.57583249413433776e+02
1.57583249413433776e+02
1.57583249413433776e+02
1.54761813915415274e+02
1.54761813915415274e+02
1.54761813915415274e+02
1.54761813915415274e+02
1.51406449777076887e+02
1.51406449777076887e+02
1.51406449777076887e+02
1.51406449777076887e+02
1.54719263988882943e+02
1.54719263988882943e+02
1.54719263988882943e+02
1.54719263988882943e+02
1.53905925611070785e+02
1.53905925611070785e+02
1.53905925611070785e+02
1.53905925611070785e+02
1.48718423473692212e+02
1.48718423473692212e+02
1.48718423473692212e+02
1.48718423473692212e+02
1.56659095220276384e+02
1.56659095220276384e+02
1.56659095220276384e+02
1.56659095220276384e+02
1.56851129825277212e+02
1.56851129825277212e+02
1.56851129825277212e+02
1.56851129825277212e+02
1.56600704873457374e+02
1.56600704873457374e+02
1.56600704873457374e+02
1.56600704873457374e+02
1.50737558679036169e+02
1.50737558679036169e+02
1.50737558679036169e+02
1.50737558679036169e+02
1.55110708409670337e+02
1.55110708409670337e+02
1.55110708409670337e+02
1.55110708409670337e+02
1.48509978702586068e+02
1.48509978702586068e+02
1.48509978702586068e+02
1.48509978702586068e+02
1.55604396430561366e+02
1.55604396430561366e+02
1.55604396430561366e+02
1.55604396430561366e+02
1.56582522772027374e+02
1.56582522772027374e+02
1.56582522772027374e+02
1.56582522772027374e+02
1.52925812937996596e+02
1.52925812937996596e+02
1.52925812937996596e+02
1.52925812937996596e+02
1.54642985461292824e+02
1.54642985461292824e+02
1.54642985461292824e+02
1.54642985461292824e+02
1.52998951115271780e+02
1.52998951115271780e+02
1.52998951115271780e+02
1.52998951115271780e+02
1.54602107618221140e+02
1.54602107618221140e+02
1.54602107618221140e+02
1.54602107618221140e+02
1.53766597252664866e+02
1.53766597252664866e+02
1.53766597252664866e+02
1.53766597252664866e+02
1.54180560330219720e+02
1.54180560330219720e+02
1.54180560330219720e+02
1.54180560330219720e+02
1.51910377889143064e+02
1.51910377889143064e+02
1.51910377889143064e+02
1.51910377889143064e+02
1.55631303234711936e+02
1.55631303234711936e+02
1.55631303234711936e+02
1.55631303234711936e+02
1.53750040069741658e+02
1.53750040069741658e+02
1.53750040069741658e+02
1.53750040069741658e+02
1.60470139427636099e+02
1.60470139427636099e+02
1.60470139427636099e+02
1.60470139427636099e+02
1.54586041890895615e+02
1.54586041890895615e+02
1.54586041890895615e+02
1.54586041890895615e+02
1.57089620013548029e+02
1.57089620013548029e+02
1.57089620013548029e+02
1.57089620013548029e+02
1.63015205499266102e+02
1.63015205499266102e+02
1.63015205499266102e+02
1.63015205499266102e+02
1.51794226859641157e+02
1.51794226859641157e+02
1.51794226859641157e+02
1.51794226859641157e+02
1.53613625084891851e+02
1.53613625084891851e+02
1.53613625084891851e+02
1.53613625084891851e+02
1.52599319201357957e+02
1.52599319201357957e+02
1.52599319201357957e+02
1.52599319201357957e+02
1.53430591140329938e+02
1.53430591140329938e+02
1.53430591140329938e+02
1.53430591140329938e+02
1.56639960873347150e+02
1.56639960873347150e+02
1.56639960873347150e+02
1.56639960873347150e+02
1.50089103479633309e+02
1.50089103479633309e+02
1.50089103479633309e+02
1.50089103479633309e+02
1.54380094609951982e+02
1.54380094609951982e+02
1.54380094609951982e+02
1.54380094609951982e+02
1.56666896743930437e+02
1.56666896743930437e+02
1.56666896743930437e+02
1.56666896743930437e+02
1.50637136081521334e+02
1.50637136081521334e+02
1.50637136081521334e+02
1.50637136081521334e+02
1.50969224173996508e+02
1.50969224173996508e+02
1.50969224173996508e+02
1.50969224173996508e+02
1.48747301627333314e+02
1.48747301627333314e+02
1.48747301627333314e+02
1.48747301627333314e+02
1.53414712531174473e+02
1.53414712531174473e+02
1.53414712531174473e+02
1.53414712531174473e+02
1.55196988139936934e+02
1.55196988139936934e+02
1.55196988139936934e+02
1.55196988139936934e+02
1.47044017878241505e+02
1.47044017878241505e+02
1.47044017878241505e+02
1.47044017878241505e+02
1.53885050286205029e+02
1.53885050286205029e+02
1.53885050286205029e+02
1.53885050286205029e+02
1.54220441370677491e+02
1.54220441370677491e+02
1.54220441370677491e+02
1.54220441370677491e+02
1.49532293899476883e+02
1.49532293899476883e+02
1.49532293899476883e+02
1.49532293899476883e+02
1.54200928536010338e+02
1.54200928536010338e+02
1.54200928536010338e+02
1.54200928536010338e+02
1.57331396004125168e+02
1.57331396004125168e+02
1.57331396004125168e+02
1.57331396004125168e+02
1.54025463428768347e+02
1.54025463428768347e+02
1.54025463428768347e+02
1.54025463428768347e+02
1.53548027233238798e+02
1.53548027233238798e+02
1.53548027233238798e+02
1.53548027233238798e+02
1.53320653344788553e+02
1.53320653344788553e+02
1.53320653344788553e+02
1.53320653344788553e+02
1.52295411636713396e+02
1.52295411636713396e+02
1.52295411636713396e+02
1.52295411636713396e+02
1.49986485332534130e+02
1.49986485332534130e+02
1.49986485332534130e+02
1.49986485332534130e+02
1.50360393883118235e+02
1.50360393883118235e+02
1.50360393883118235e+02
1.50360393883118235e+02
1.55473185869787926e+02
1.55473185869787926e+02
1.55473185869787926e+02
1.55473185869787926e+02
1.56234600997678314e+02
1.56234600997678314e+02
1.56234600997678314e+02
1.56234600997678314e+02
1.49437027291100378e+02
1.49437027291100378e+02
1.49437027291100378e+02
1.49437027291100378e+02
1.54666597042045652e+02
1.54666597042045652e+02
1.54666597042045652e+02
1.54666597042045652e+02
1.51812079803828169e+02
1.51812079803828169e+02
1.51812079803828169e+02
1.51812079803828169e+02
1.50507121018467529e+02
1.50507121018467529e+02
1.50507121018467529e+02
1.50507121018467529e+02
1.53334211314851075e+02
1.53334211314851075e+02
1.53334211314851075e+02
1.53334211314851075e+02
1.54575505976269085e+02
1.54575505976269085e+02
1.54575505976269085e+02
1.54575505976269085e+02
1.55800802432823730e+02
1.55800802432823730e+02
1.55800802432823730e+02
1.55800802432823730e+02
1.55144204542542184e+02
1.55144204542542184e+02
1.55144204542542184e+02
1.55144204542542184e+02
1.57473361480834456e+02
1.57473361480834456e+02
1.57473361480834456e+02
1.57473361480834456e+02
1.57572693034657448e+02
1.57572693034657448e+02
1.57572693034657448e+02
1.57572693034657448e+02
1.53410699617685140e+02
1.53410699617685140e+02
1.53410699617685140e+02
1.53410699617685140e+02
1.56652966049654310e+02
1.56652966049654310e+02
1.56652966049654310e+02
1.56652966049654310e+02
1.54145297754359632e+02
1.54145297754359632e+02
1.54145297754359632e+02
1.54145297754359632e+02
1.53833877422290527e+02
1.53833877422290527e+02
1.53833877422290527e+02
1.53833877422290527e+02
1.54339019750299570e+02
1.54339019750299570e+02
1.54339019750299570e+02
1.54339019750299570e+02
1.57130903454273692e+02
1.57130903454273692e+02
1.57130903454273692e+02
1.57130903454273692e+02
1.51080794452367201e+02
1.51080794452367201e+02
1.51080794452367201e+02
1.51080794452367201e+02
1.55491249399824341e+02
1.55491249399824341e+02
1.55491249399824341e+02
1.55491249399824341e+02
1.54766549133795110e+02
1.54766549133795110e+02
1.54766549133795110e+02
1.54766549133795110e+02
1.49899119971790611e+02
1.49899119971790611e+02
1.49899119971790611e+02
1.49899119971790611e+02
1.60771702335060638e+02
1.60771702335060638e+02
1.60771702335060638e+02
1.60771702335060638e+02
1.49811892992851227e+02
1.49811892992851227e+02
1.49811892992851227e+02
1.49811892992851227e+02
1.54821981266720400e+02
1.54821981266720400e+02
1.54821981266720400e+02
1.54821981266720400e+02
1.57027624703342411e+02
1.57027624703342411e+02
1.57027624703342411e+02
1.57027624703342411e+02
1.52368776936366828e+02
1.52368776936366828e+02
1.52368776936366828e+02
1.52368776936366828e+02
1.61278007174634695e+02
1.61278007174634695e+02
1.61278007174634695e+02
1.61278007174634695e+02
1.58284905263826829e+02
1.58284905263826829e+02
1.58284905263826829e+02
1.58284905263826829e+02
1.54454717287062635e+02
1.54454717287062635e+02
1.54454717287062635e+02
1.54454717287062635e+02
1.54679935627982019e+02
1.54679935627982019e+02
1.54679935627982019e+02
1.54679935627982019e+02
1.56983676960518153e+02
1.56983676960518153e+02
1.56983676960518153e+02
1.56983676960518153e+02
1.61848654156352126e+02
1.61848654156352126e+02
1.61848654156352126e+02
1.61848654156352126e+02
1.57047863515822087e+02
1.57047863515822087e+02
1.57047863515822087e+02
1.57047863515822087e+02
1.55926899063533767e+02
1.55926899063533767e+02
1.55926899063533767e+02
1.55926899063533767e+02
1.51296020400592056e+02
1.51296020400592056e+02
1.51296020400592056e+02
1.51296020400592056e+02
1.49152523935552750e+02
1.49152523935552750e+02
1.49152523935552750e+02
1.49152523935552750e+02
1.47289468876638779e+02
1.47289468876638779e+02
1.47289468876638779e+02
1.47289468876638779e+02
1.52393649026949021e+02
1.52393649026949021e+02
1.52393649026949021e+02
1.52393649026949021e+02
1.55223621652863983e+02
1.55223621652863983e+02
1.55223621652863983e+02
1.55223621652863983e+02
1.55311188471982462e+02
1.55311188471982462e+02
1.55311188471982462e+02
1.55311188471982462e+02
1.53274362178061381e+02
1.53274362178061381e+02
1.53274362178061381e+02
1.53274362178061381e+02
1.48146187130318992e+02
1.48146187130318992e+02
1.48146187130318992e+02
1.48146187130318992e+02
1.56517363314222678e+02
1.56517363314222678e+02
1.56517363314222678e+02
1.56517363314222678e+02
1.49555429697756523e+02
1.49555429697756523e+02
1.49555429697756523e+02
1.49555429697756523e+02
1.54733774996648464e+02
1.54733774996648464e+02
1.54733774996648464e+02
1.54733774996648464e+02
1.50876971730084648e+02
1.50876971730084648e+02
1.50876971730084648e+02
1.50876971730084648e+02
1.53645553024594392e+02
1.53645553024594392e+02
1.53645553024594392e+02
1.53645553024594392e+02
1.55473372166533579e+02
1.55473372166533579e+02
1.55473372166533579e+02
1.55473372166533579e+02
1.53939534873606050e+02
1.53939534873606050e+02
1.53939534873606050e+02
1.53939534873606050e+02
1.53616420219749983e+02
1.53616420219749983e+02
1.53616420219749983e+02
1.53616420219749983e+02
1.47093786876180019e+02
1.47093786876180019e+02
1.47093786876180019e+02
1.47093786876180019e+02
1.48493637687883620e+02
1.48493637687883620e+02
1.48493637687883620e+02
1.48493637687883620e+02
1.62083087294776476e+02
1.62083087294776476e+02
1.62083087294776476e+02
1.62083087294776476e+02
1.60070137199638054e+02
1.60070137199638054e+02
1.60070137199638054e+02
1.60070137199638054e+02
1.56549870723746977e+02
1.56549870723746977e+02
1.56549870723746977e+02
1.56549870723746977e+02
1.50212393569650743e+02
1.50212393569650743e+02
1.50212393569650743e+02
1.50212393569650743e+02
1.58875069388795566e+02
1.58875069388795566e+02
1.58875069388795566e+02
1.58875069388795566e+02
1.51070150422742245e+02
1.51070150422742245e+02
1.51070150422742245e+02
1.51070150422742245e+02
1.55026271661802980e+02
1.55026271661802980e+02
1.55026271661802980e+02
1.55026271661802980e+02
1.55077336818986169e+02
1.55077336818986169e+02
1.55077336818986169e+02
1.55077336818986169e+02
1.55169224176675414e+02
1.55169224176675414e+02
1.55169224176675414e+02
1.55169224176675414e+02
1.54488281204073701e+02
1.54488281204073701e+02
1.54488281204073701e+02
1.54488281204073701e+02
1.56246438907800439e+02
1.56246438907800439e+02
1.56246438907800439e+02
1.56246438907800439e+02
1.47151507313090747e+02
1.47151507313090747e+02
1.47151507313090747e+02
1.47151507313090747e+02
1.55056566507420911e+02
1.55056566507420911e+02
1.55056566507420911e+02
1.55056566507420911e+02
1.51733201608084528e+02
1.51733201608084528e+02
1.51733201608084528e+02
1.51733201608084528e+02
1.51783026440004107e+02
1.51783026440004107e+02
1.51783026440004107e+02
1.51783026440004107e+02
1.50136571518632792e+02
1.50136571518632792e+02
1.50136571518632792e+02
1.50136571518632792e+02
1.58631353857054648e+02
1.58631353857054648e+02
1.58631353857054648e+02
1.58631353857054648e+02
1.53664567436914524e+02
1.53664567436914524e+02
1.53664567436914524e+02
1.53664567436914524e+02
1.49709474945345960e+02
1.49709474945345960e+02
1.49709474945345960e+02
1.49709474945345960e+02
1.57291871865184305e+02
1.57291871865184305e+02
1.57291871865184305e+02
1.57291871865184305e+02
1.58583292772494872e+02
1.58583292772494872e+02
1.58583292772494872e+02
1.58583292772494872e+02
1.52015120549505440e+02
1.52015120549505440e+02
1.52015120549505440e+02
1.52015120549505440e+02
1.53027680264230497e+02
1.53027680264230497e+02
1.53027680264230497e+02
1.53027680264230497e+02
1.51631505402505240e+02
1.51631505402505240e+02
1.51631505402505240e+02
1.51631505402505240e+02
1.52929529195898368e+02
1.52929529195898368e+02
1.52929529195898368e+02
1.52929529195898368e+02
1.51761444664997612e+02
1.51761444664997612e+02
1.51761444664997612e+02
1.51761444664997612e+02
1.52562187512112928e+02
1.52562187512112928e+02
1.52562187512112928e+02
1.52562187512112928e+02
1.49473665748297663e+02
1.49473665748297663e+02
1.49473665748297663e+02
1.49473665748297663e+02
1.50556921770103713e+02
1.50556921770103713e+02
1.50556921770103713e+02
1.50556921770103713e+02
1.57583976439922083e+02
1.57583976439922083e+02
1.57583976439922083e+02
1.57583976439922083e+02
1.54144814386853966e+02
1.54144814386853966e+02
1.54144814386853966e+02
1.54144814386853966e+02
1.53880679659904985e+02
1.53880679659904985e+02
1.53880679659904985e+02
1.53880679659904985e+02
1.55974525689399769e+02
1.55974525689399769e+02
1.55974525689399769e+02
1.55974525689399769e+02
1.47265026308475313e+02
1.47265026308475313e+02
1.47265026308475313e+02
1.47265026308475313e+02
1.49168926871250960e+02
1.49168926871250960e+02
1.49168926871250960e+02
1.49168926871250960e+02
1.53664773197548470e+02
1.53664773197548470e+02
1.53664773197548470e+02
1.53664773197548470e+02
1.53280180577240230e+02
1.53280180577240230e+02
1.53280180577240230e+02
1.53280180577240230e+02
1.48428717907375585e+02
1.48428717907375585e+02
1.48428717907375585e+02
1.48428717907375585e+02
1.59283515645928105e+02
1.59283515645928105e+02
1.59283515645928105e+02
1.59283515645928105e+02
1.58823358624274675e+02
1.58823358624274675e+02
1.58823358624274675e+02
1.58823358624274675e+02
1.60498023367269241e+02
1.60498023367269241e+02
1.60498023367269241e+02
1.60498023367269241e+02
1.57085239872552904e+02
1.57085239872552904e+02
1.57085239872552904e+02
1.57085239872552904e+02
1.51122479158617523e+02
1.51122479158617523e+02
1.51122479158617523e+02
1.51122479158617523e+02
1.50552037278918363e+02
1.50552037278918363e+02
1.50552037278918363e+02
1.50552037278918363e+02
1.62320608151800911e+02
1.62320608151800911e+02
1.62320608151800911e+02
1.62320608151800911e+02
1.61250684594139727e+02
1.61250684594139727e+02
1.61250684594139727e+02
1.61250684594139727e+02
1.57261672620272833e+02
1.57261672620272833e+02
1.57261672620272833e+02
1.57261672620272833e+02
1.57662135091724053e+02
1.57662135091724053e+02
1.57662135091724053e+02
1.57662135091724053e+02
1.53149108361481979e+02
1.53149108361481979e+02
1.53149108361481979e+02
1.53149108361481979e+02
1.50946269025977927e+02
1.50946269025977927e+02
1.50946269025977927e+02
1.50946269025977927e+02
1.48916089630696575e+02
1.48916089630696575e+02
1.48916089630696575e+02
1.48916089630696575e+02
1.51602635191903687e+02
1.51602635191903687e+02
1.51602635191903687e+02
1.51602635191903687e+02
1.50089042772329265e+02
1.50089042772329265e+02
1.50089042772329265e+02
1.50089042772329265e+02
1.56976953973725813e+02
1.56976953973725813e+02
1.56976953973725813e+02
1.56976953973725813e+02
1.49276219539716209e+02
1.49276219539716209e+02
1.49276219539716209e+02
1.49276219539716209e+02
1.51958515664430934e+02
1.51958515664430934e+02
1.51958515664430934e+02
1.51958515664430934e+02
1.51782385990302686e+02
1.51782385990302686e+02
1.51782385990302686e+02
1.51782385990302686e+02
1.50445242184460653e+02
1.50445242184460653e+02
1.50445242184460653e+02
1.50445242184460653e+02
1.50206009646785816e+02
1.50206009646785816e+02
1.50206009646785816e+02
1.50206009646785816e+02
1.49777595934783307e+02
1.49777595934783307e+02
1.49777595934783307e+02
1.49777595934783307e+02
1.58662302058104956e+02
1.58662302058104956e+02
1.58662302058104956e+02
1.58662302058104956e+02
1.56850829205720004e+02
1.56850829205720004e+02
1.56850829205720004e+02
1.56850829205720004e+02
1.47837034731102619e+02
1.47837034731102619e+02
1.47837034731102619e+02
1.47837034731102619e+02
1.55216846518932073e+02
1.55216846518932073e+02
1.55216846518932073e+02
1.55216846518932073e+02
1.54082931358109647e+02
1.54082931358109647e+02
1.54082931358109647e+02
1.54082931358109647e+02
1.56767569743725545e+02
1.56767569743725545e+02
1.56767569743725545e+02
1.56767569743725545e+02
1.55207113687316252e+02
1.55207113687316252e+02
1.55207113687316252e+02
1.55207113687316252e+02
1.57326883103261963e+02
1.57326883103261963e+02
1.57326883103261963e+02
1.57326883103261963e+02
1.51979116135091942e+02
1.51979116135091942e+02
1.51979116135091942e+02
1.51979116135091942e+02
1.53583271395176581e+02
1.53583271395176581e+02
1.53583271395176581e+02
1.53583271395176581e+02
1.50762803649239487e+02
1.50762803649239487e+02
1.50762803649239487e+02
1.50762803649239487e+02
1.47445779812088944e+02
1.47445779812088944e+02
1.47445779812088944e+02
1.47445779812088944e+02
1.52182689287971613e+02
1.52182689287971613e+02
1.52182689287971613e+02
1.52182689287971613e+02
1.52043591300867661e+02
1.52043591300867661e+02
1.52043591300867661e+02
1.52043591300867661e+02
1.52216084856978313e+02
1.52216084856978313e+02
1.52216084856978313e+02
1.52216084856978313e+02
1.54579623463847270e+02
1.54579623463847270e+02
1.54579623463847270e+02
1.54579623463847270e+02
1.53698294399512804e+02
1.53698294399512804e+02
1.53698294399512804e+02
1.53698294399512804e+02
1.55271134855330899e+02
1.55271134855330899e+02
1.55271134855330899e+02
1.55271134855330899e+02
1.52893915597008970e+02
1.52893915597008970e+02
1.52893915597008970e+02
1.52893915597008970e+02
1.54995823949012788e+02
1.54995823949012788e+02
1.54995823949012788e+02
1.54995823949012788e+02
1.56831618230893241e+02
1.56831618230893241e+02
1.56831618230893241e+02
1.56831618230893241e+02
1.55042262886249205e+02
1.55042262886249205e+02
1.55042262886249205e+02
1.55042262886249205e+02
1.54535659440595538e+02
1.54535659440595538e+02
1.54535659440595538e+02
1.54535659440595538e+02
1.56841997050227860e+02
1.56841997050227860e+02
1.56841997050227860e+02
1.56841997050227860e+02
1.53552365594935338e+02
1.53552365594935338e+02
1.53552365594935338e+02
1.53552365594935338e+02
1.55508010531897895e+02
1.55508010531897895e+02
1.55508010531897895e+02
1.55508010531897895e+02
1.51267702001636252e+02
1.51267702001636252e+02
1.51267702001636252e+02
1.51267702001636252e+02
1.50392282873440649e+02
1.50392282873440649e+02
1.50392282873440649e+02
1.50392282873440649e+02
1.54255524367768231e+02
1.54255524367768231e+02
1.54255524367768231e+02
1.54255524367768231e+02
1.51924132009096724e+02
1.51924132009096724e+02
1.51924132009096724e+02
1.51924132009096724e+02
1.54258404450557379e+02
1.54258404450557379e+02
1.54258404450557379e+02
1.54258404450557379e+02
1.49369313709911040e+02
1.49369313709911040e+02
1.49369313709911040e+02
1.49369313709911040e+02
1.51050548909524196e+02
1.51050548909524196e+02
1.51050548909524196e+02
1.51050548909524196e+02
1.50769401800694993e+02
1.50769401800694993e+02
1.50769401800694993e+02
1.50769401800694993e+02
1.50785505680194404e+02
1.50785505680194404e+02
1.50785505680194404e+02
1.50785505680194404e+02
1.46411812894097977e+02
1.46411812894097977e+02
1.46411812894097977e+02
1.46411812894097977e+02
1.45589157880035998e+02
1.45589157880035998e+02
1.45589157880035998e+02
1.45589157880035998e+02
1.52040007379196595e+02
1.52040007379196595e+02
1.52040007379196595e+02
1.52040007379196595e+02
1.53394605414820091e+02
1.53394605414820091e+02
1.53394605414820091e+02
1.53394605414820091e+02
1.48209011472854144e+02
1.48209011472854144e+02
1.48209011472854144e+02
1.48209011472854144e+02
1.47055119126425353e+02
1.47055119126425353e+02
1.47055119126425353e+02
1.47055119126425353e+02
1.50004675172909799e+02
1.50004675172909799e+02
1.50004675172909799e+02
1.50004675172909799e+02
1.51075477236012745e+02
1.51075477236012745e+02
1.51075477236012745e+02
1.51075477236012745e+02
1.52650705777400987e+02
1.52650705777400987e+02
1.52650705777400987e+02
1.52650705777400987e+02
1.52044080950162765e+02
1.52044080950162765e+02
1.52044080950162765e+02
1.52044080950162765e+02
1.47415067478238058e+02
1.47415067478238058e+02
1.47415067478238058e+02
1.47415067478238058e+02
1.46208538536288302e+02
1.46208538536288302e+02
1.46208538536288302e+02
1.46208538536288302e+02
1.52347915006891043e+02
1.52347915006891043e+02
1.52347915006891043e+02
1.52347915006891043e+02
1.53809873252667671e+02
1.53809873252667671e+02
1.53809873252667671e+02
1.53809873252667671e+02
1.52250760104867339e+02
1.52250760104867339e+02
1.52250760104867339e+02
1.52250760104867339e+02
1.49052540464722540e+02
1.49052540464722540e+02
1.49052540464722540e+02
1.49052540464722540e+02
1.48050273791090234e+02
1.48050273791090234e+02
1.48050273791090234e+02
1.48050273791090234e+02
1.52019315714529796e+02
1.52019315714529796e+02
1.52019315714529796e+02
1.52019315714529796e+02
1.51205983759384083e+02
1.51205983759384083e+02
1.51205983759384083e+02
1.51205983759384083e+02
1.51151822945257692e+02
1.51151822945257692e+02
1.51151822945257692e+02
1.51151822945257692e+02
1.54290863878026641e+02
1.54290863878026641e+02
1.54290863878026641e+02
1.54290863878026641e+02
1.56238227477606699e+02
1.56238227477606699e+02
1.56238227477606699e+02
1.56238227477606699e+02
1.54241053849767013e+02
1.54241053849767013e+02
1.54241053849767013e+02
1.54241053849767013e+02
1.54002581651719908e+02
1.54002581651719908e+02
1.54002581651719908e+02
1.54002581651719908e+02
1.56740194631165394e+02
1.56740194631165394e+02
1.56740194631165394e+02
1.56740194631165394e+02
1.55825219723695795e+02
1.55825219723695795e+02
1.55825219723695795e+02
1.55825219723695795e+02
1.52252856609153810e+02
1.52252856609153810e+02
1.52252856609153810e+02
1.52252856609153810e+02
1.56991903257919546e+02
1.56991903257919546e+02
1.56991903257919546e+02
1.56991903257919546e+02
1.52450808212174451e+02
1.52450808212174451e+02
1.52450808212174451e+02
1.52450808212174451e+02
1.53799671538309724e+02
1.53799671538309724e+02
1.53799671538309724e+02
1.53799671538309724e+02
1.51785274249864017e+02
1.51785274249864017e+02
1.51785274249864017e+02
1.51785274249864017e+02
1.52031373668113616e+02
1.52031373668113616e+02
1.52031373668113616e+02
1.52031373668113616e+02
1.55684244530632697e+02
1.55684244530632697e+02
1.55684244530632697e+02
1.55684244530632697e+02
1.55041921406751555e+02
1.55041921406751555e+02
1.55041921406751555e+02
1.55041921406751555e+02
1.55659108630822857e+02
1.55659108630822857e+02
1.55659108630822857e+02
1.55659108630822857e+02
1.52561279609887322e+02
1.52561279609887322e+02
1.52561279609887322e+02
1.52561279609887322e+02
1.55019700467047954e+02
1.55019700467047954e+02
1.55019700467047954e+02
1.55019700467047954e+02
1.55366101660120478e+02
1.55366101660120478e+02
1.55366101660120478e+02
1.55366101660120478e+02
1.51080153636636055e+02
1.51080153636636055e+02
1.51080153636636055e+02
1.51080153636636055e+02
1.53543916613921368e+02
1.53543916613921368e+02
1.53543916613921368e+02
1.53543916613921368e+02
1.52199773182911770e+02
1.52199773182911770e+02
1.52199773182911770e+02
1.52199773182911770e+02
1.53786573385692066e+02
1.53786573385692066e+02
1.53786573385692066e+02
1.53786573385692066e+02
1.51246232206455716e+02
1.51246232206455716e+02
1.51246232206455716e+02
1.51246232206455716e+02
1.54019787829080713e+02
1.54019787829080713e+02
1.54019787829080713e+02
1.54019787829080713e+02
1.54092440084697387e+02
1.54092440084697387e+02
1.54092440084697387e+02
1.54092440084697387e+02
1.50107751586244547e+02
1.50107751586244547e+02
1.50107751586244547e+02
1.50107751586244547e+02
1.54969056912043499e+02
1.54969056912043499e+02
1.54969056912043499e+02
1.54969056912043499e+02
1.51608003679965179e+02
1.51608003679965179e+02
1.51608003679965179e+02
1.51608003679965179e+02
1.53510506847231568e+02
1.53510506847231568e+02
1.53510506847231568e+02
1.53510506847231568e+02
1.56395584244710079e+02
1.56395584244710079e+02
1.56395584244710079e+02
1.56395584244710079e+02
1.53234917972101357e+02
1.53234917972101357e+02
1.53234917972101357e+02
1.53234917972101357e+02
1.54228304193054981e+02
1.54228304193054981e+02
1.54228304193054981e+02
1.54228304193054981e+02
1.54417041968063472e+02
1.54417041968063472e+02
1.54417041968063472e+02
1.54417041968063472e+02
1.56434194899971430e+02
1.56434194899971430e+02
1.56434194899971430e+02
1.56434194899971430e+02
1.51877597240979156e+02
1.51877597240979156e+02
1.51877597240979156e+02
1.51877597240979156e+02
1.51920857420515233e+02
1.51920857420515233e+02
1.51920857420515233e+02
1.51920857420515233e+02
1.54902078591941802e+02
1.54902078591941802e+02
1.54902078591941802e+02
1.54902078591941802e+02
1.53661426477655084e+02
1.53661426477655084e+02
1.53661426477655084e+02
1.53661426477655084e+02
1.51783272603553712e+02
1.51783272603553712e+02
1.51783272603553712e+02
1.51783272603553712e+02
1.52567294961686656e+02
1.52567294961686656e+02
1.52567294961686656e+02
1.52567294961686656e+02
1.56729394300168337e+02
1.56729394300168337e+02
1.56729394300168337e+02
1.56729394300168337e+02
1.58728939435107634e+02
1.58728939435107634e+02
1.58728939435107634e+02
1.58728939435107634e+02
1.56463735473064503e+02
1.56463735473064503e+02
1.56463735473064503e+02
1.56463735473064503e+02
1.57022324624848324e+02
1.57022324624848324e+02
1.57022324624848324e+02
1.57022324624848324e+02
1.57017234073738393e+02
1.57017234073738393e+02
1.57017234073738393e+02
1.57017234073738393e+02
1.55394424660452017e+02
1.55394424660452017e+02
1.55394424660452017e+02
1.55394424660452017e+02
1.57033600731262908e+02
1.57033600731262908e+02
1.57033600731262908e+02
1.57033600731262908e+02
1.55414269975980034e+02
1.55414269975980034e+02
1.55414269975980034e+02
1.55414269975980034e+02
1.51981215685479498e+02
1.51981215685479498e+02
1.51981215685479498e+02
1.51981215685479498e+02
1.54337261801119411e+02
1.54337261801119411e+02
1.54337261801119411e+02
1.54337261801119411e+02
1.52505070249985664e+02
1.52505070249985664e+02
1.52505070249985664e+02
1.52505070249985664e+02
1.53408135006279281e+02
1.53408135006279281e+02
1.53408135006279281e+02
1.53408135006279281e+02
1.48921155065406509e+02
1.48921155065406509e+02
1.48921155065406509e+02
1.48921155065406509e+02
1.56340714697802071e+02
1.56340714697802071e+02
1.56340714697802071e+02
1.56340714697802071e+02
1.57504843712579884e+02
1.57504843712579884e+02
1.57504843712579884e+02
1.57504843712579884e+02
1.53716514915394214e+02
1.53716514915394214e+02
1.53716514915394214e+02
1.53716514915394214e+02
1.52901452499365263e+02
1.52901452499365263e+02
1.52901452499365263e+02
1.52901452499365263e+02
1.55570341622990441e+02
1.55570341622990441e+02
1.55570341622990441e+02
1.55570341622990441e+02
1.50028320875099297e+02
1.50028320875099297e+02
1.50028320875099297e+02
1.50028320875099297e+02
1.51200352089269842e+02
1.51200352089269842e+02
1.51200352089269842e+02
1.51200352089269842e+02
1.47099200355706273e+02
1.47099200355706273e+02
1.47099200355706273e+02
1.47099200355706273e+02
1.48706067993214020e+02
1.48706067993214020e+02
1.48706067993214020e+02
1.48706067993214020e+02
1.47016994037029122e+02
1.47016994037029122e+02
1.47016994037029122e+02
1.47016994037029122e+02
1.49206605611669886e+02
1.49206605611669886e+02
1.49206605611669886e+02
1.49206605611669886e+02
1.59606817667114797e+02
1.59606817667114797e+02
1.59606817667114797e+02
1.59606817667114797e+02
1.55406053293513196e+02
1.55406053293513196e+02
1.55406053293513196e+02
1.55406053293513196e+02
1.55061979850315765e+02
1.55061979850315765e+02
1.55061979850315765e+02
1.55061979850315765e+02
1.54248628994267307e+02
1.54248628994267307e+02
1.54248628994267307e+02
1.54248628994267307e+02
1.55345573399830784e+02
1.55345573399830784e+02
1.55345573399830784e+02
1.55345573399830784e+02
1.55793377256315296e+02
1.55793377256315296e+02
1.55793377256315296e+02
1.55793377256315296e+02
1.54575086149879183e+02
1.54575086149879183e+02
1.54575086149879183e+02
1.54575086149879183e+02
1.57105653325251353e+02
1.57105653325251353e+02
1.57105653325251353e+02
1.57105653325251353e+02
1.44485323896180745e+02
1.44485323896180745e+02
1.44485323896180745e+02
1.44485323896180745e+02
1.50613314318563226e+02
1.50613314318563226e+02
1.50613314318563226e+02
1.50613314318563226e+02
1.61118968491273847e+02
1.61118968491273847e+02
1.61118968491273847e+02
1.61118968491273847e+02
1.54750962746018104e+02
1.54750962746018104e+02
1.54750962746018104e+02
1.54750962746018104e+02
1.52805407208475316e+02
1.52805407208475316e+02
1.52805407208475316e+02
1.52805407208475316e+02
1.54126573005589250e+02
1.54126573005589250e+02
1.54126573005589250e+02
1.54126573005589250e+02
1.58703474653624312e+02
1.58703474653624312e+02
1.58703474653624312e+02
1.58703474653624312e+02
1.52035505639491475e+02
1.52035505639491475e+02
1.52035505639491475e+02
1.52035505639491475e+02
1.55806763306544099e+02
1.55806763306544099e+02
1.55806763306544099e+02
1.55806763306544099e+02
1.58676667560254572e+02
1.58676667560254572e+02
1.58676667560254572e+02
1.58676667560254572e+02
1.58105505551945640e+02
1.58105505551945640e+02
1.58105505551945640e+02
1.58105505551945640e+02
1.57056443756086338e+02
1.57056443756086338e+02
1.57056443756086338e+02
1.57056443756086338e+02
1.57839249827679708e+02
1.57839249827679708e+02
1.57839249827679708e+02
1.57839249827679708e+02
1.54478730367636587e+02
1.54478730367636587e+02
1.54478730367636587e+02
1.54478730367636587e+02
1.57362160320232761e+02
1.57362160320232761e+02
1.57362160320232761e+02
1.57362160320232761e+02
1.53460500913048975e+02
1.53460500913048975e+02
1.53460500913048975e+02
1.53460500913048975e+02
1.56190547036952069e+02
1.56190547036952069e+02
1.56190547036952069e+02
1.56190547036952069e+02
1.56358767137838413e+02
1.56358767137838413e+02
1.56358767137838413e+02
1.56358767137838413e+02
1.51560546599071188e+02
1.51560546599071188e+02
1.51560546599071188e+02
1.51560546599071188e+02
1.56094384994225351e+02
1.56094384994225351e+02
1.56094384994225351e+02
1.56094384994225351e+02
1.62214013623218449e+02
1.62214013623218449e+02
1.62214013623218449e+02
1.62214013623218449e+02
1.59104505085266908e+02
1.59104505085266908e+02
1.59104505085266908e+02
1.59104505085266908e+02
1.50521359994901445e+02
1.50521359994901445e+02
1.50521359994901445e+02
1.50521359994901445e+02
1.54203094865369536e+02
1.54203094865369536e+02
1.54203094865369536e+02
1.54203094865369536e+02
1.48877809571357005e+02
1.48877809571357005e+02
1.48877809571357005e+02
1.48877809571357005e+02
1.54301739555880289e+02
1.54301739555880289e+02
1.54301739555880289e+02
1.54301739555880289e+02
1.53481095008017377e+02
1.53481095008017377e+02
1.53481095008017377e+02
1.53481095008017377e+02
1.50670075482034093e+02
1.50670075482034093e+02
1.50670075482034093e+02
1.50670075482034093e+02
1.51064487685334200e+02
1.51064487685334200e+02
1.51064487685334200e+02
1.51064487685334200e+02
1.51752255137667561e+02
1.51752255137667561e+02
1.51752255137667561e+02
1.51752255137667561e+02
1.53867211166264042e+02
1.53867211166264042e+02
1.53867211166264042e+02
1.53867211166264042e+02
1.52474153235394937e+02
1.52474153235394937e+02
1.52474153235394937e+02
1.52474153235394937e+02
1.51665100248625805e+02
1.51665100248625805e+02
1.51665100248625805e+02
1.51665100248625805e+02
1.55268141355215164e+02
1.55268141355215164e+02
1.55268141355215164e+02
1.55268141355215164e+02
1.54629119159374937e+02
1.54629119159374937e+02
1.54629119159374937e+02
1.54629119159374937e+02
1.51340642194463356e+02
1.51340642194463356e+02
1.51340642194463356e+02
1.51340642194463356e+02
1.50911374310039832e+02
1.50911374310039832e+02
1.50911374310039832e+02
1.50911374310039832e+02
1.55410529241099198e+02
1.55410529241099198e+02
1.55410529241099198e+02
1.55410529241099198e+02
1.50474497894223703e+02
1.50474497894223703e+02
1.50474497894223703e+02
1.50474497894223703e+02
1.53292043506484475e+02
1.53292043506484475e+02
1.53292043506484475e+02
1.53292043506484475e+02
1.48896694002902848e+02
1.48896694002902848e+02
1.48896694002902848e+02
1.48896694002902848e+02
1.51311909198057066e+02
1.51311909198057066e+02
1.51311909198057066e+02
1.51311909198057066e+02
1.55871547542902988e+02
1.55871547542902988e+02
1.55871547542902988e+02
1.55871547542902988e+02
1.54754059155577266e+02
1.54754059155577266e+02
1.54754059155577266e+02
1.54754059155577266e+02
1.52979204499058170e+02
1.52979204499058170e+02
1.52979204499058170e+02
1.52979204499058170e+02
1.49942181696705262e+02
1.49942181696705262e+02
1.49942181696705262e+02
1.49942181696705262e+02
1.51522861645291556e+02
1.51522861645291556e+02
1.51522861645291556e+02
1.51522861645291556e+02
1.53123506566520888e+02
1.53123506566520888e+02
1.53123506566520888e+02
1.53123506566520888e+02
1.56521884017953624e+02
1.56521884017953624e+02
1.56521884017953624e+02
1.56521884017953624e+02
1.53617862820496839e+02
1.53617862820496839e+02
1.53617862820496839e+02
1.53617862820496839e+02
1.53681767232741635e+02
1.53681767232741635e+02
1.53681767232741635e+02
1.53681767232741635e+02
1.51430999429373571e+02
1.51430999429373571e+02
1.51430999429373571e+02
1.51430999429373571e+02
1.49376154922887025e+02
1.49376154922887025e+02
1.49376154922887025e+02
1.49376154922887025e+02
1.54588396723171229e+02
1.54588396723171229e+02
1.54588396723171229e+02
1.54588396723171229e+02
1.52101112822119035e+02
1.52101112822119035e+02
1.52101112822119035e+02
1.52101112822119035e+02
1.53558085963239705e+02
1.53558085963239705e+02
1.53558085963239705e+02
1.53558085963239705e+02
1.57721073035754330e+02
1.57721073035754330e+02
1.57721073035754330e+02
1.57721073035754330e+02
1.51902789137321207e+02
1.51902789137321207e+02
1.51902789137321207e+02
1.51902789137321207e+02
1.52245557406296086e+02
1.52245557406296086e+02
1.52245557406296086e+02
1.52245557406296086e+02
1.57364061986915431e+02
1.57364061986915431e+02
1.57364061986915431e+02
1.57364061986915431e+02
1.52333546499146962e+02
1.52333546499146962e+02
1.52333546499146962e+02
1.52333546499146962e+02
1.49155817108181708e+02
1.49155817108181708e+02
1.49155817108181708e+02
1.49155817108181708e+02
1.56948208001171935e+02
1.56948208001171935e+02
1.56948208001171935e+02
1.56948208001171935e+02
1.50031686582094153e+02
1.50031686582094153e+02
1.50031686582094153e+02
1.50031686582094153e+02
1.54166978319851665e+02
1.54166978319851665e+02
1.54166978319851665e+02
1.54166978319851665e+02
1.51424722459290876e+02
1.51424722459290876e+02
1.51424722459290876e+02
1.51424722459290876e+02
1.59641413581815357e+02
1.59641413581815357e+02
1.59641413581815357e+02
1.59641413581815357e+02
1.52887908067621026e+02
1.52887908067621026e+02
1.52887908067621026e+02
1.52887908067621026e+02
1.52874883671830816e+02
1.52874883671830816e+02
1.52874883671830816e+02
1.52874883671830816e+02
1.56211859537637793e+02
1.56211859537637793e+02
1.56211859537637793e+02
1.56211859537637793e+02
1.49302576149690111e+02
1.49302576149690111e+02
1.49302576149690111e+02
1.49302576149690111e+02
1.59804227221572830e+02
1.59804227221572830e+02
1.59804227221572830e+02
1.59804227221572830e+02
1.58292334382276408e+02
1.58292334382276408e+02
1.58292334382276408e+02
1.58292334382276408e+02
1.53291055925220178e+02
1.53291055925220178e+02
1.53291055925220178e+02
1.53291055925220178e+02
1.50861847005678499e+02
1.50861847005678499e+02
1.50861847005678499e+02
1.50861847005678499e+02
1.54276044591655818e+02
1.54276044591655818e+02
1.54276044591655818e+02
1.54276044591655818e+02
1.52167218852188284e+02
1.52167218852188284e+02
1.52167218852188284e+02
1.52167218852188284e+02
1.52335196043541458e+02
1.52335196043541458e+02
1.52335196043541458e+02
1.52335196043541458e+02
1.55454445964523359e+02
1.55454445964523359e+02
1.55454445964523359e+02
1.55454445964523359e+02
1.58454950243830211e+02
1.58454950243830211e+02
1.58454950243830211e+02
1.58454950243830211e+02
1.50946481060944620e+02
1.50946481060944620e+02
1.50946481060944620e+02
1.50946481060944620e+02
1.57920409568523752e+02
1.57920409568523752e+02
1.57920409568523752e+02
1.57920409568523752e+02
1.58211850771984018e+02
1.58211850771984018e+02
1.58211850771984018e+02
1.58211850771984018e+02
1.59019258992009441e+02
1.59019258992009441e+02
1.59019258992009441e+02
1.59019258992009441e+02
1.54522778851240815e+02
1.54522778851240815e+02
1.54522778851240815e+02
1.54522778851240815e+02
1.53517111765202401e+02
1.53517111765202401e+02
1.53517111765202401e+02
1.53517111765202401e+02
1.51999438925831072e+02
1.51999438925831072e+02
1.51999438925831072e+02
1.51999438925831072e+02
1.51480210121919441e+02
1.51480210121919441e+02
1.51480210121919441e+02
1.51480210121919441e+02
1.55959167354948136e+02
1.55959167354948136e+02
1.55959167354948136e+02
1.55959167354948136e+02
1.53893298518871120e+02
1.53893298518871120e+02
1.53893298518871120e+02
1.53893298518871120e+02
1.57946039692209894e+02
1.57946039692209894e+02
1.57946039692209894e+02
1.57946039692209894e+02
1.61404635973095310e+02
1.61404635973095310e+02
1.61404635973095310e+02
1.61404635973095310e+02
1.53366818957358106e+02
1.53366818957358106e+02
1.53366818957358106e+02
1.53366818957358106e+02
1.55290522999540713e+02
1.55290522999540713e+02
1.55290522999540713e+02
1.55290522999540713e+02
1.48147826509246357e+02
1.48147826509246357e+02
1.48147826509246357e+02
1.48147826509246357e+02
1.51917119124391576e+02
1.51917119124391576e+02
1.51917119124391576e+02
1.51917119124391576e+02
1.48491156574415896e+02
1.48491156574415896e+02
1.48491156574415896e+02
1.48491156574415896e+02
1.53718292959610523e+02
1.53718292959610523e+02
1.53718292959610523e+02
1.53718292959610523e+02
1.56480880820631455e+02
1.56480880820631455e+02
1.56480880820631455e+02
1.56480880820631455e+02
1.46622959225244216e+02
1.46622959225244216e+02
1.46622959225244216e+02
1.46622959225244216e+02
1.48518013045950312e+02
1.48518013045950312e+02
1.48518013045950312e+02
1.48518013045950312e+02
1.49745021411521378e+02
1.49745021411521378e+02
1.49745021411521378e+02
1.49745021411521378e+02
1.52389754150897772e+02
1.52389754150897772e+02
1.52389754150897772e+02
1.52389754150897772e+02
1.54353284857841800e+02
1.54353284857841800e+02
1.54353284857841800e+02
1.54353284857841800e+02
1.55040563773925754e+02
1.55040563773925754e+02
1.55040563773925754e+02
1.55040563773925754e+02
1.54285529010724275e+02
1.54285529010724275e+02
1.54285529010724275e+02
1.54285529010724275e+02
1.55290171133775573e+02
1.55290171133775573e+02
1.55290171133775573e+02
1.55290171133775573e+02
1.57491355796377690e+02
1.57491355796377690e+02
1.57491355796377690e+02
1.57491355796377690e+02
1.54723673339914399e+02
1.54723673339914399e+02
1.54723673339914399e+02
1.54723673339914399e+02
1.53902070013761517e+02
1.53902070013761517e+02
1.53902070013761517e+02
1.53902070013761517e+02
1.54173085856237492e+02
1.54173085856237492e+02
1.54173085856237492e+02
1.54173085856237492e+02
1.57485655922744286e+02
1.57485655922744286e+02
1.57485655922744286e+02
1.57485655922744286e+02
1.56350859522402516e+02
1.56350859522402516e+02
1.56350859522402516e+02
1.56350859522402516e+02
1.53424707619215354e+02
1.53424707619215354e+02
1.53424707619215354e+02
1.53424707619215354e+02
1.51641434474219295e+02
1.51641434474219295e+02
1.51641434474219295e+02
1.51641434474219295e+02
1.54364750868702970e+02
1.54364750868702970e+02
1.54364750868702970e+02
1.54364750868702970e+02
1.51868697292637165e+02
1.51868697292637165e+02
1.51868697292637165e+02
1.51868697292637165e+02
1.56771023198683025e+02
1.56771023198683025e+02
1.56771023198683025e+02
1.56771023198683025e+02
1.51882713534963671e+02
1.51882713534963671e+02
1.51882713534963671e+02
1.51882713534963671e+02
1.59058324349119573e+02
1.59058324349119573e+02
1.59058324349119573e+02
1.59058324349119573e+02
1.56088202225494115e+02
1.56088202225494115e+02
1.56088202225494115e+02
1.56088202225494115e+02
1.53325222778421619e+02
1.53325222778421619e+02
1.53325222778421619e+02
1.53325222778421619e+02
1.54093630682129060e+02
1.54093630682129060e+02
1.54093630682129060e+02
1.54093630682129060e+02
1.53638690153131904e+02
1.53638690153131904e+02
1.53638690153131904e+02
1.53638690153131904e+02
1.52869881022047991e+02
1.52869881022047991e+02
1.52869881022047991e+02
1.52869881022047991e+02
1.57774571712124413e+02
1.57774571712124413e+02
1.57774571712124413e+02
1.57774571712124413e+02
1.55947443069051445e+02
1.55947443069051445e+02
1.55947443069051445e+02
1.55947443069051445e+02
1.56041911606693247e+02
1.56041911606693247e+02
1.56041911606693247e+02
1.56041911606693247e+02
1.52266846348150239e+02
1.52266846348150239e+02
1.52266846348150239e+02
1.52266846348150239e+02
1.52857053320764948e+02
1.52857053320764948e+02
1.52857053320764948e+02
1.52857053320764948e+02
1.63137851447556272e+02
1.63137851447556272e+02
1.63137851447556272e+02
1.63137851447556272e+02
1.64520579810285426e+02
1.64520579810285426e+02
1.64520579810285426e+02
1.64520579810285426e+02
1.51839143211241350e+02
1.51839143211241350e+02
1.51839143211241350e+02
1.51839143211241350e+02
1.57071891048841337e+02
1.57071891048841337e+02
1.57071891048841337e+02
1.57071891048841337e+02
1.55692080387762218e+02
1.55692080387762218e+02
1.55692080387762218e+02
1.55692080387762218e+02
1.53045575454198797e+02
1.53045575454198797e+02
1.53045575454198797e+02
1.53045575454198797e+02
1.58291722427270344e+02
1.58291722427270344e+02
1.58291722427270344e+02
1.58291722427270344e+02
1.51758294988718575e+02
1.51758294988718575e+02
1.51758294988718575e+02
1.51758294988718575e+02
1.53132288056849688e+02
1.53132288056849688e+02
1.53132288056849688e+02
1.53132288056849688e+02
1.49094751710127923e+02
1.49094751710127923e+02
1.49094751710127923e+02
1.49094751710127923e+02
1.54929386251949722e+02
1.54929386251949722e+02
1.54929386251949722e+02
1.54929386251949722e+02
1.56744057806854471e+02
1.56744057806854471e+02
1.56744057806854471e+02
1.56744057806854471e+02
1.54140581918452398e+02
1.54140581918452398e+02
1.54140581918452398e+02
1.54140581918452398e+02
1.55488544295927170e+02
1.55488544295927170e+02
1.55488544295927170e+02
1.55488544295927170e+02
1.55402990939180029e+02
1.55402990939180029e+02
1.55402990939180029e+02
1.55402990939180029e+02
1.53585404373962405e+02
1.53585404373962405e+02
1.53585404373962405e+02
1.53585404373962405e+02
1.60476916372012170e+02
1.60476916372012170e+02
1.60476916372012170e+02
1.60476916372012170e+02
1.53472746879691016e+02
1.53472746879691016e+02
1.53472746879691016e+02
1.53472746879691016e+02
1.56889423285960731e+02
1.56889423285960731e+02
1.56889423285960731e+02
1.56889423285960731e+02
1.50662339761679135e+02
1.50662339761679135e+02
1.50662339761679135e+02
1.50662339761679135e+02
1.58069957581964331e+02
1.58069957581964331e+02
1.58069957581964331e+02
1.58069957581964331e+02
1.57123318447001537e+02
1.57123318447001537e+02
1.57123318447001537e+02
1.57123318447001537e+02
1.51116306816257378e+02
1.51116306816257378e+02
1.51116306816257378e+02
1.51116306816257378e+02
1.50382107670446970e+02
1.50382107670446970e+02
1.50382107670446970e+02
1.50382107670446970e+02
1.51135661305698790e+02
1.51135661305698790e+02
1.51135661305698790e+02
1.51135661305698790e+02
1.56112593718090750e+02
1.56112593718090750e+02
1.56112593718090750e+02
1.56112593718090750e+02
1.53164842815853206e+02
1.53164842815853206e+02
1.53164842815853206e+02
1.53164842815853206e+02
1.53243391832001294e+02
1.53243391832001294e+02
1.53243391832001294e+02
1.53243391832001294e+02
1.54958772159586630e+02
1.54958772159586630e+02
1.54958772159586630e+02
1.54958772159586630e+02
1.58614891036603552e+02
1.58614891036603552e+02
1.58614891036603552e+02
1.58614891036603552e+02
1.60075409365548836e+02
1.60075409365548836e+02
1.60075409365548836e+02
1.60075409365548836e+02
1.53477566544931420e+02
1.53477566544931420e+02
1.53477566544931420e+02
1.53477566544931420e+02
1.53448314414008792e+02
1.53448314414008792e+02
1.53448314414008792e+02
1.53448314414008792e+02
1.53635962656091465e+02
1.53635962656091465e+02
1.53635962656091465e+02
1.53635962656091465e+02
1.52151339524651689e+02
1.52151339524651689e+02
1.52151339524651689e+02
1.52151339524651689e+02
1.53523627524809882e+02
1.53523627524809882e+02
1.53523627524809882e+02
1.53523627524809882e+02
1.55081589875222988e+02
1.55081589875222988e+02
1.55081589875222988e+02
1.55081589875222988e+02
1.51204235712274652e+02
1.51204235712274652e+02
1.51204235712274652e+02
1.51204235712274652e+02
1.53149375843230246e+02
1.53149375843230246e+02
1.53149375843230246e+02
1.53149375843230246e+02
1.56759412880934491e+02
1.56759412880934491e+02
1.56759412880934491e+02
1.56759412880934491e+02
1.55821455461591455e+02
1.55821455461591455e+02
1.55821455461591455e+02
1.55821455461591455e+02
1.53672998048754636e+02
1.53672998048754636e+02
1.53672998048754636e+02
1.53672998048754636e+02
1.53322787332249419e+02
1.53322787332249419e+02
1.53322787332249419e+02
1.53322787332249419e+02
1.52996473311454793e+02
1.52996473311454793e+02
1.52996473311454793e+02
1.52996473311454793e+02
1.51175125532890576e+02
1.51175125532890576e+02
1.51175125532890576e+02
1.51175125532890576e+02
1.50799562679495722e+02
1.50799562679495722e+02
1.50799562679495722e+02
1.50799562679495722e+02
1.55644957528236489e+02
1.55644957528236489e+02
1.55644957528236489e+02
1.55644957528236489e+02
1.51922732448164538e+02
1.51922732448164538e+02
1.51922732448164538e+02
1.51922732448164538e+02
1.57113272361720192e+02
1.57113272361720192e+02
1.57113272361720192e+02
1.57113272361720192e+02
1.54229688430764810e+02
1.54229688430764810e+02
1.54229688430764810e+02
1.54229688430764810e+02
1.58850638414426015e+02
1.58850638414426015e+02
1.58850638414426015e+02
1.58850638414426015e+02
1.49472853576970522e+02
1.49472853576970522e+02
1.49472853576970522e+02
1.49472853576970522e+02
1.57269804001798832e+02
1.57269804001798832e+02
1.57269804001798832e+02
1.57269804001798832e+02
1.52118829432554264e+02
1.52118829432554264e+02
1.52118829432554264e+02
1.52118829432554264e+02
1.47141571114128681e+02
1.47141571114128681e+02
1.47141571114128681e+02
1.47141571114128681e+02
1.58800737974966125e+02
1.58800737974966125e+02
1.58800737974966125e+02
1.58800737974966125e+02
1.53488047281128246e+02
1.53488047281128246e+02
1.53488047281128246e+02
1.53488047281128246e+02
1.61463435436799443e+02
1.61463435436799443e+02
1.61463435436799443e+02
1.61463435436799443e+02
1.57056708469131479e+02
1.57056708469131479e+02
1.57056708469131479e+02
1.57056708469131479e+02
1.58953187340798365e+02
1.58953187340798365e+02
1.58953187340798365e+02
1.58953187340798365e+02
1.55682941204592623e+02
1.55682941204592623e+02
1.55682941204592623e+02
1.55682941204592623e+02
1.55609600556383157e+02
1.55609600556383157e+02
1.55609600556383157e+02
1.55609600556383157e+02
1.58437715568187684e+02
1.58437715568187684e+02
1.58437715568187684e+02
1.58437715568187684e+02
1.53548149685807431e+02
1.53548149685807431e+02
1.53548149685807431e+02
1.53548149685807431e+02
1.54652686286161384e+02
1.54652686286161384e+02
1.54652686286161384e+02
1.54652686286161384e+02
1.51406617529187059e+02
1.51406617529187059e+02
1.51406617529187059e+02
1.51406617529187059e+02
1.50335332200083315e+02
1.50335332200083315e+02
1.50335332200083315e+02
1.50335332200083315e+02
1.53798463777997000e+02
1.53798463777997000e+02
1.53798463777997000e+02
1.53798463777997000e+02
1.57007029892841331e+02
1.57007029892841331e+02
1.57007029892841331e+02
1.57007029892841331e+02
1.54465416900827364e+02
1.54465416900827364e+02
1.54465416900827364e+02
1.54465416900827364e+02
1.55361840223580884e+02
1.55361840223580884e+02
1.55361840223580884e+02
1.55361840223580884e+02
1.47019992372801880e+02
1.47019992372801880e+02
1.47019992372801880e+02
1.47019992372801880e+02
1.59464965048098833e+02
1.59464965048098833e+02
1.59464965048098833e+02
1.59464965048098833e+02
1.54217392154332401e+02
1.54217392154332401e+02
1.54217392154332401e+02
1.54217392154332401e+02
1.51482801963770669e+02
1.51482801963770669e+02
1.51482801963770669e+02
1.51482801963770669e+02
1.54704969941010745e+02
1.54704969941010745e+02
1.54704969941010745e+02
1.54704969941010745e+02
1.54060763230537844e+02
1.54060763230537844e+02
1.54060763230537844e+02
1.54060763230537844e+02
1.51143134420686181e+02
1.51143134420686181e+02
1.51143134420686181e+02
1.51143134420686181e+02
1.51347395649198234e+02
1.51347395649198234e+02
1.51347395649198234e+02
1.51347395649198234e+02
1.52416000635309416e+02
1.52416000635309416e+02
1.52416000635309416e+02
1.52416000635309416e+02
1.52876123326680442e+02
1.52876123326680442e+02
1.52876123326680442e+02
1.52876123326680442e+02
1.53503560815305093e+02
1.53503560815305093e+02
1.53503560815305093e+02
1.53503560815305093e+02
1.55800824509227311e+02
1.55800824509227311e+02
1.55800824509227311e+02
1.55800824509227311e+02
1.55235828831287790e+02
1.55235828831287790e+02
1.55235828831287790e+02
1.55235828831287790e+02
1.58020975772292644e+02
1.58020975772292644e+02
1.58020975772292644e+02
1.58020975772292644e+02
1.52640849406770485e+02
1.52640849406770485e+02
1.52640849406770485e+02
1.52640849406770485e+02
1.48001698231258786e+02
1.48001698231258786e+02
1.48001698231258786e+02
1.48001698231258786e+02
1.53756875930446711e+02
1.53756875930446711e+02
1.53756875930446711e+02
1.53756875930446711e+02
1.53206535824754468e+02
1.53206535824754468e+02
1.53206535824754468e+02
1.53206535824754468e+02
1.53398331963481780e+02
1.53398331963481780e+02
1.53398331963481780e+02
1.53398331963481780e+02
1.53454371329008666e+02
1.53454371329008666e+02
1.53454371329008666e+02
1.53454371329008666e+02
1.60184129911654622e+02
1.60184129911654622e+02
1.60184129911654622e+02
1.60184129911654622e+02
1.55761758817368218e+02
1.55761758817368218e+02
1.55761758817368218e+02
1.55761758817368218e+02
1.52143173188775677e+02
1.52143173188775677e+02
1.52143173188775677e+02
1.52143173188775677e+02
1.60591118253886492e+02
1.60591118253886492e+02
1.60591118253886492e+02
1.60591118253886492e+02
1.53097455890249790e+02
1.53097455890249790e+02
1.53097455890249790e+02
1.53097455890249790e+02
1.54852204991184976e+02
1.54852204991184976e+02
1.54852204991184976e+02
1.54852204991184976e+02
1.54154063157642270e+02
1.54154063157642270e+02
1.54154063157642270e+02
1.54154063157642270e+02
1.55680778449896621e+02
1.55680778449896621e+02
1.55680778449896621e+02
1.55680778449896621e+02
1.54301795786203797e+02
1.54301795786203797e+02
1.54301795786203797e+02
1.54301795786203797e+02
1.58079870161114883e+02
1.58079870161114883e+02
1.58079870161114883e+02
1.58079870161114883e+02
1.54827591706469860e+02
1.54827591706469860e+02
1.54827591706469860e+02
1.54827591706469860e+02
1.56616464245080465e+02
1.56616464245080465e+02
1.56616464245080465e+02
1.56616464245080465e+02
1.52691535215416764e+02
1.52691535215416764e+02
1.52691535215416764e+02
1.52691535215416764e+02
1.52949063408238857e+02
1.52949063408238857e+02
1.52949063408238857e+02
1.52949063408238857e+02
1.53464229123124085e+02
1.53464229123124085e+02
1.53464229123124085e+02
1.53464229123124085e+02
1.53984388962022081e+02
1.53984388962022081e+02
1.53984388962022081e+02
1.53984388962022081e+02
1.51797345331856036e+02
1.51797345331856036e+02
1.51797345331856036e+02
1.51797345331856036e+02
1.50501994410878069e+02
1.50501994410878069e+02
1.50501994410878069e+02
1.50501994410878069e+02
1.52783084593960950e+02
1.52783084593960950e+02
1.52783084593960950e+02
1.52783084593960950e+02
1.49335125798956398e+02
1.49335125798956398e+02
1.49335125798956398e+02
1.49335125798956398e+02
1.48348349694504037e+02
1.48348349694504037e+02
1.48348349694504037e+02
1.48348349694504037e+02
1.53207852661354622e+02
1.53207852661354622e+02
1.53207852661354622e+02
1.53207852661354622e+02
1.57143440443143277e+02
1.57143440443143277e+02
1.57143440443143277e+02
1.57143440443143277e+02
1.52311650247328629e+02
1.52311650247328629e+02
1.52311650247328629e+02
1.52311650247328629e+02
1.52292129272120860e+02
1.52292129272120860e+02
1.52292129272120860e+02
1.52292129272120860e+02
1.47096578165834245e+02
1.47096578165834245e+02
1.47096578165834245e+02
1.47096578165834245e+02
1.44716258557649923e+02
1.44716258557649923e+02
1.44716258557649923e+02
1.44716258557649923e+02
1.58878178576488864e+02
1.58878178576488864e+02
1.58878178576488864e+02
1.58878178576488864e+02
1.48251195821230283e+02
1.48251195821230283e+02
1.48251195821230283e+02
1.48251195821230283e+02
1.53499836540463463e+02
1.53499836540463463e+02
1.53499836540463463e+02
1.53499836540463463e+02
1.55272456660363247e+02
1.55272456660363247e+02
1.55272456660363247e+02
1.55272456660363247e+02
1.56373754225207989e+02
1.56373754225207989e+02
1.56373754225207989e+02
1.56373754225207989e+02
1.53862938157190484e+02
1.53862938157190484e+02
1.53862938157190484e+02
1.53862938157190484e+02
1.49518261434100765e+02
1.49518261434100765e+02
1.49518261434100765e+02
1.49518261434100765e+02
1.51063234036895267e+02
1.51063234036895267e+02
1.51063234036895267e+02
1.51063234036895267e+02
1.50796585856085017e+02
1.50796585856085017e+02
1.50796585856085017e+02
1.50796585856085017e+02
1.51606934499897022e+02
1.51606934499897022e+02
1.51606934499897022e+02
1.51606934499897022e+02
1.50130751009060049e+02
1.50130751009060049e+02
1.50130751009060049e+02
1.50130751009060049e+02
1.48263631914493487e+02
1.48263631914493487e+02
1.48263631914493487e+02
1.48263631914493487e+02
1.48597133808382296e+02
1.48597133808382296e+02
1.48597133808382296e+02
1.48597133808382296e+02
1.49423733819958841e+02
1.49423733819958841e+02
1.49423733819958841e+02
1.49423733819958841e+02
1.50771524407188167e+02
1.50771524407188167e+02
1.50771524407188167e+02
1.50771524407188167e+02
1.53691631621362461e+02
1.53691631621362461e+02
1.53691631621362461e+02
1.53691631621362461e+02
1.52471069609082008e+02
1.52471069609082008e+02
1.52471069609082008e+02
1.52471069609082008e+02
1.51017188235063230e+02
1.51017188235063230e+02
1.51017188235063230e+02
1.51017188235063230e+02
1.49454982012044468e+02
1.49454982012044468e+02
1.49454982012044468e+02
1.49454982012044468e+02
1.47416628690586180e+02
1.47416628690586180e+02
1.47416628690586180e+02
1.47416628690586180e+02
1.46775331664788212e+02
1.46775331664788212e+02
1.46775331664788212e+02
1.46775331664788212e+02
1.52719537356530878e+02
1.52719537356530878e+02
1.52719537356530878e+02
1.52719537356530878e+02
1.51652812653538149e+02
1.51652812653538149e+02
1.51652812653538149e+02
1.51652812653538149e+02
1.50217258264066317e+02
1.50217258264066317e+02
1.50217258264066317e+02
1.50217258264066317e+02
1.51243213995727274e+02
1.51243213995727274e+02
1.51243213995727274e+02
1.51243213995727274e+02
1.56496158901115166e+02
1.56496158901115166e+02
1.56496158901115166e+02
1.56496158901115166e+02
1.51986333157109954e+02
1.51986333157109954e+02
1.51986333157109954e+02
1.51986333157109954e+02
1.52726159802016298e+02
1.52726159802016298e+02
1.52726159802016298e+02
1.52726159802016298e+02
1.54563988095058249e+02
1.54563988095058249e+02
1.54563988095058249e+02
1.54563988095058249e+02
1.53335361951288974e+02
1.53335361951288974e+02
1.53335361951288974e+02
1.53335361951288974e+02
1.48651863086502885e+02
1.48651863086502885e+02
1.48651863086502885e+02
1.48651863086502885e+02
1.48055559521583206e+02
1.48055559521583206e+02
1.48055559521583206e+02
1.48055559521583206e+02
1.47026878513847151e+02
1.47026878513847151e+02
1.47026878513847151e+02
1.47026878513847151e+02
1.50313149428824261e+02
1.50313149428824261e+02
1.50313149428824261e+02
1.50313149428824261e+02
1.54044328097435056e+02
1.54044328097435056e+02
1.54044328097435056e+02
1.54044328097435056e+02
1.54814581347875759e+02
1.54814581347875759e+02
1.54814581347875759e+02
1.54814581347875759e+02
1.53528775830666433e+02
1.53528775830666433e+02
1.53528775830666433e+02
1.53528775830666433e+02
1.52150376935216343e+02
1.52150376935216343e+02
1.52150376935216343e+02
1.52150376935216343e+02
1.53551974842643517e+02
1.53551974842643517e+02
1.53551974842643517e+02
1.53551974842643517e+02
1.54544526926520149e+02
1.54544526926520149e+02
1.54544526926520149e+02
1.54544526926520149e+02
1.51878929245924922e+02
1.51878929245924922e+02
1.51878929245924922e+02
1.51878929245924922e+02
1.49270975801345685e+02
1.49270975801345685e+02
1.49270975801345685e+02
1.49270975801345685e+02
1.50916378458316018e+02
1.50916378458316018e+02
1.50916378458316018e+02
1.50916378458316018e+02
1.54422088761373516e+02
1.54422088761373516e+02
1.54422088761373516e+02
1.54422088761373516e+02
1.50811549825791474e+02
1.50811549825791474e+02
1.50811549825791474e+02
1.50811549825791474e+02
1.47749386340457960e+02
1.47749386340457960e+02
1.47749386340457960e+02
1.47749386340457960e+02
1.55257554546705137e+02
1.55257554546705137e+02
1.55257554546705137e+02
1.55257554546705137e+02
1.53579280158711299e+02
1.53579280158711299e+02
1.53579280158711299e+02
1.53579280158711299e+02
1.55948856458144235e+02
1.55948856458144235e+02
1.55948856458144235e+02
1.55948856458144235e+02
1.53523992687884856e+02
1.53523992687884856e+02
1.53523992687884856e+02
1.53523992687884856e+02
1.59921055017341530e+02
1.59921055017341530e+02
1.59921055017341530e+02
1.59921055017341530e+02
1.45617268532535775e+02
1.45617268532535775e+02
1.45617268532535775e+02
1.45617268532535775e+02
1.46914895589851795e+02
1.46914895589851795e+02
1.46914895589851795e+02
1.46914895589851795e+02
1.49667851971508867e+02
1.49667851971508867e+02
1.49667851971508867e+02
1.49667851971508867e+02
1.51440197272572476e+02
1.51440197272572476e+02
1.51440197272572476e+02
1.51440197272572476e+02
1.48187356051754421e+02
1.48187356051754421e+02
1.48187356051754421e+02
1.48187356051754421e+02
1.53809541234800463e+02
1.53809541234800463e+02
1.53809541234800463e+02
1.53809541234800463e+02
1.51806702790544449e+02
1.51806702790544449e+02
1.51806702790544449e+02
1.51806702790544449e+02
1.50060093264859205e+02
1.50060093264859205e+02
1.50060093264859205e+02
1.50060093264859205e+02
1.45626513961332449e+02
1.45626513961332449e+02
1.45626513961332449e+02
1.45626513961332449e+02
1.46345165618435090e+02
1.46345165618435090e+02
1.46345165618435090e+02
1.46345165618435090e+02
1.52582485681326062e+02
1.52582485681326062e+02
1.52582485681326062e+02
1.52582485681326062e+02
1.57935283417698969e+02
1.57935283417698969e+02
1.57935283417698969e+02
1.57935283417698969e+02
1.54329839390608868e+02
1.54329839390608868e+02
1.54329839390608868e+02
1.54329839390608868e+02
1.46976860094386012e+02
1.46976860094386012e+02
1.46976860094386012e+02
1.46976860094386012e+02
1.49914589869699995e+02
1.49914589869699995e+02
1.49914589869699995e+02
1.49914589869699995e+02
1.52263082081020514e+02
1.52263082081020514e+02
1.52263082081020514e+02
1.52263082081020514e+02
1.53512625495090816e+02
1.53512625495090816e+02
1.53512625495090816e+02
1.53512625495090816e+02
1.54262394996147123e+02
1.54262394996147123e+02
1.54262394996147123e+02
1.54262394996147123e+02
1.47969970575348924e+02
1.47969970575348924e+02
1.47969970575348924e+02
1.47969970575348924e+02
1.49555537882103920e+02
1.49555537882103920e+02
1.49555537882103920e+02
1.49555537882103920e+02
1.59336819353596383e+02
1.59336819353596383e+02
1.59336819353596383e+02
1.59336819353596383e+02
1.53146435516306354e+02
1.53146435516306354e+02
1.53146435516306354e+02
1.53146435516306354e+02
1.53230131422971823e+02
1.53230131422971823e+02
1.53230131422971823e+02
1.53230131422971823e+02
1.58773816628101685e+02
1.58773816628101685e+02
1.58773816628101685e+02
1.58773816628101685e+02
1.56609435829385859e+02
1.56609435829385859e+02
1.56609435829385859e+02
1.56609435829385859e+02
1.53011619472474678e+02
1.53011619472474678e+02
1.53011619472474678e+02
1.53011619472474678e+02
1.53675307500274130e+02
1.53675307500274130e+02
1.53675307500274130e+02
1.53675307500274130e+02
1.56978508661545618e+02
1.56978508661545618e+02
1.56978508661545618e+02
1.56978508661545618e+02
1.56136562076129763e+02
1.56136562076129763e+02
1.56136562076129763e+02
1.56136562076129763e+02
1.55299082125181940e+02
1.55299082125181940e+02
1.55299082125181940e+02
1.55299082125181940e+02
1.53705764581174520e+02
1.53705764581174520e+02
1.53705764581174520e+02
1.53705764581174520e+02
1.51379687010794498e+02
1.51379687010794498e+02
1.51379687010794498e+02
1.51379687010794498e+02
1.54256417540317443e+02
1.54256417540317443e+02
1.54256417540317443e+02
1.54256417540317443e+02
1.50710862575245727e+02
1.50710862575245727e+02
1.50710862575245727e+02
1.50710862575245727e+02
1.52413055915305620e+02
1.52413055915305620e+02
1.52413055915305620e+02
1.52413055915305620e+02
1.56461471612080629e+02
1.56461471612080629e+02
1.56461471612080629e+02
1.56461471612080629e+02
1.65935404995031632e+02
1.65935404995031632e+02
1.65935404995031632e+02
1.65935404995031632e+02
1.55959189221148478e+02
1.55959189221148478e+02
1.55959189221148478e+02
1.55959189221148478e+02
1.53781843336166730e+02
1.53781843336166730e+02
1.53781843336166730e+02
1.53781843336166730e+02
1.57972848419104167e+02
1.57972848419104167e+02
1.57972848419104167e+02
1.57972848419104167e+02
1.58129218409653220e+02
1.58129218409653220e+02
1.58129218409653220e+02
1.58129218409653220e+02
1.59684995517109598e+02
1.59684995517109598e+02
1.59684995517109598e+02
1.59684995517109598e+02
1.63389418549270886e+02
1.63389418549270886e+02
1.63389418549270886e+02
1.63389418549270886e+02
1.54717315769366536e+02
1.54717315769366536e+02
1.54717315769366536e+02
1.54717315769366536e+02
1.56211608155333494e+02
1.56211608155333494e+02
1.56211608155333494e+02
1.56211608155333494e+02
1.56499868919598811e+02
1.56499868919598811e+02
1.56499868919598811e+02
1.56499868919598811e+02
1.51716722742466175e+02
1.51716722742466175e+02
1.51716722742466175e+02
1.51716722742466175e+02
1.58013445283531297e+02
1.58013445283531297e+02
1.58013445283531297e+02
1.58013445283531297e+02
1.55605619916168678e+02
1.55605619916168678e+02
1.55605619916168678e+02
1.55605619916168678e+02
1.51792194353801619e+02
1.51792194353801619e+02
1.51792194353801619e+02
1.51792194353801619e+02
1.58190076254917756e+02
1.58190076254917756e+02
1.58190076254917756e+02
1.58190076254917756e+02
1.58109332769964880e+02
1.58109332769964880e+02
1.58109332769964880e+02
1.58109332769964880e+02
1.54802842186637065e+02
1.54802842186637065e+02
1.54802842186637065e+02
1.54802842186637065e+02
1.55727788423430070e+02
1.55727788423430070e+02
1.55727788423430070e+02
1.55727788423430070e+02
1.55279813610698568e+02
1.55279813610698568e+02
1.55279813610698568e+02
1.55279813610698568e+02
1.58300606594461641e+02
1.58300606594461641e+02
1.58300606594461641e+02
1.58300606594461641e+02
1.56611073744713735e+02
1.56611073744713735e+02
1.56611073744713735e+02
1.56611073744713735e+02
1.56638002728668795e+02
1.56638002728668795e+02
1.56638002728668795e+02
1.56638002728668795e+02
1.51728466032788020e+02
1.51728466032788020e+02
1.51728466032788020e+02
1.51728466032788020e+02
1.55463221759723496e+02
1.55463221759723496e+02
1.55463221759723496e+02
1.55463221759723496e+02
1.51470260066626508e+02
1.51470260066626508e+02
1.51470260066626508e+02
1.51470260066626508e+02
1.53091929434504095e+02
1.53091929434504095e+02
1.53091929434504095e+02
1.53091929434504095e+02
1.54018143794881297e+02
1.54018143794881297e+02
1.54018143794881297e+02
1.54018143794881297e+02
1.46585156982673311e+02
1.46585156982673311e+02
1.46585156982673311e+02
1.46585156982673311e+02
1.47381392038539190e+02
1.47381392038539190e+02
1.47381392038539190e+02
1.47381392038539190e+02
1.51163493216032208e+02
1.51163493216032208e+02
1.51163493216032208e+02
1.51163493216032208e+02
1.52009694025101680e+02
1.52009694025101680e+02
1.52009694025101680e+02
1.52009694025101680e+02
1.49173341502496896e+02
1.49173341502496896e+02
1.49173341502496896e+02
1.49173341502496896e+02
1.51946346463167686e+02
1.51946346463167686e+02
1.51946346463167686e+02
1.51946346463167686e+02
1.56375374485956343e+02
1.56375374485956343e+02
1.56375374485956343e+02
1.56375374485956343e+02
1.55252267687438746e+02
1.55252267687438746e+02
1.55252267687438746e+02
1.55252267687438746e+02
1.55158556847612289e+02
1.55158556847612289e+02
1.55158556847612289e+02
1.55158556847612289e+02
1.53523460636479740e+02
1.53523460636479740e+02
1.53523460636479740e+02
1.53523460636479740e+02
1.52982957716248535e+02
1.52982957716248535e+02
1.52982957716248535e+02
1.52982957716248535e+02
1.51103841662176166e+02
1.51103841662176166e+02
1.51103841662176166e+02
1.51103841662176166e+02
1.54271573671553767e+02
1.54271573671553767e+02
1.54271573671553767e+02
1.54271573671553767e+02
1.47773331971568894e+02
1.47773331971568894e+02
1.47773331971568894e+02
1.47773331971568894e+02
1.46757201094738377e+02
1.46757201094738377e+02
1.46757201094738377e+02
1.46757201094738377e+02
1.52766574244598729e+02
1.52766574244598729e+02
1.52766574244598729e+02
1.52766574244598729e+02
1.55979035668693513e+02
1.55979035668693513e+02
1.55979035668693513e+02
1.55979035668693513e+02
1.50801175051861946e+02
1.50801175051861946e+02
1.50801175051861946e+02
1.50801175051861946e+02
1.52060150492458206e+02
1.52060150492458206e+02
1.52060150492458206e+02
1.52060150492458206e+02
1.53778855691735941e+02
1.53778855691735941e+02
1.53778855691735941e+02
1.53778855691735941e+02
1.55396790836680623e+02
1.55396790836680623e+02
1.55396790836680623e+02
1.55396790836680623e+02
1.50799445600701347e+02
1.50799445600701347e+02
1.50799445600701347e+02
1.50799445600701347e+02
1.52734109894382925e+02
1.52734109894382925e+02
1.52734109894382925e+02
1.52734109894382925e+02
1.53905429143712553e+02
1.53905429143712553e+02
1.53905429143712553e+02
1.53905429143712553e+02
1.47852242420415479e+02
1.47852242420415479e+02
1.47852242420415479e+02
1.47852242420415479e+02
1.51036799431174416e+02
1.51036799431174416e+02
1.51036799431174416e+02
1.51036799431174416e+02
1.49687127223427694e+02
1.49687127223427694e+02
1.49687127223427694e+02
1.49687127223427694e+02
1.50911726608900182e+02
1.50911726608900182e+02
1.50911726608900182e+02
1.50911726608900182e+02
1.53937708250546990e+02
1.53937708250546990e+02
1.53937708250546990e+02
1.53937708250546990e+02
1.54981635968684316e+02
1.54981635968684316e+02
1.54981635968684316e+02
1.54981635968684316e+02
1.56118104559537556e+02
1.56118104559537556e+02
1.56118104559537556e+02
1.56118104559537556e+02
1.54972175096537285e+02
1.54972175096537285e+02
1.54972175096537285e+02
1.54972175096537285e+02
1.55167970292110795e+02
1.55167970292110795e+02
1.55167970292110795e+02
1.55167970292110795e+02
1.53292174059243337e+02
1.53292174059243337e+02
1.53292174059243337e+02
1.53292174059243337e+02
1.47883123088178280e+02
1.47883123088178280e+02
1.47883123088178280e+02
1.47883123088178280e+02
1.51835057478096871e+02
1.51835057478096871e+02
1.51835057478096871e+02
1.51835057478096871e+02
1.47903865009141214e+02
1.47903865009141214e+02
1.47903865009141214e+02
1.47903865009141214e+02
1.52430707741047172e+02
1.52430707741047172e+02
1.52430707741047172e+02
1.52430707741047172e+02
1.52164303429315225e+02
1.52164303429315225e+02
1.52164303429315225e+02
1.52164303429315225e+02
1.55963805294037286e+02
1.55963805294037286e+02
1.55963805294037286e+02
1.55963805294037286e+02
1.60210820045724716e+02
1.60210820045724716e+02
1.60210820045724716e+02
1.60210820045724716e+02
1.52387933128523912e+02
1.52387933128523912e+02
1.52387933128523912e+02
1.52387933128523912e+02
1.57608331391939885e+02
1.57608331391939885e+02
1.57608331391939885e+02
1.57608331391939885e+02
1.53535404534885686e+02
1.53535404534885686e+02
1.53535404534885686e+02
1.53535404534885686e+02
1.46255137171419250e+02
1.46255137171419250e+02
1.46255137171419250e+02
1.46255137171419250e+02
1.51364306234691355e+02
1.51364306234691355e+02
1.51364306234691355e+02
1.51364306234691355e+02
1.48132125330808151e+02
1.48132125330808151e+02
1.48132125330808151e+02
1.48132125330808151e+02
1.54776627537603616e+02
1.54776627537603616e+02
1.54776627537603616e+02
1.54776627537603616e+02
1.55761318379843800e+02
1.55761318379843800e+02
1.55761318379843800e+02
1.55761318379843800e+02
1.57301487657914578e+02
1.57301487657914578e+02
1.57301487657914578e+02
1.57301487657914578e+02
1.57346633427344955e+02
1.57346633427344955e+02
1.57346633427344955e+02
1.57346633427344955e+02
1.52293813077207318e+02
1.52293813077207318e+02
1.52293813077207318e+02
1.52293813077207318e+02
1.56585016236495193e+02
1.56585016236495193e+02
1.56585016236495193e+02
1.56585016236495193e+02
1.55089019686049653e+02
1.55089019686049653e+02
1.55089019686049653e+02
1.55089019686049653e+02
1.57042651029265443e+02
1.57042651029265443e+02
1.57042651029265443e+02
1.57042651029265443e+02
1.53568617655938596e+02
1.53568617655938596e+02
1.53568617655938596e+02
1.53568617655938596e+02
1.52134638661839205e+02
1.52134638661839205e+02
1.52134638661839205e+02
1.52134638661839205e+02
1.51626637862226517e+02
1.51626637862226517e+02
1.51626637862226517e+02
1.51626637862226517e+02
1.52352369166170661e+02
1.52352369166170661e+02
1.52352369166170661e+02
1.52352369166170661e+02
1.52706914722655995e+02
1.52706914722655995e+02
1.52706914722655995e+02
1.52706914722655995e+02
1.51409403306077280e+02
1.51409403306077280e+02
1.51409403306077280e+02
1.51409403306077280e+02
1.53954056492976235e+02
1.53954056492976235e+02
1.53954056492976235e+02
1.53954056492976235e+02
1.60362336116183684e+02
1.60362336116183684e+02
1.60362336116183684e+02
1.60362336116183684e+02
1.52739660888136854e+02
1.52739660888136854e+02
1.52739660888136854e+02
1.52739660888136854e+02
1.52327062385377502e+02
1.52327062385377502e+02
1.52327062385377502e+02
1.52327062385377502e+02
1.55209316358638659e+02
1.55209316358638659e+02
1.55209316358638659e+02
1.55209316358638659e+02
1.52912873484998187e+02
1.52912873484998187e+02
1.52912873484998187e+02
1.52912873484998187e+02
1.52813456193789591e+02
1.52813456193789591e+02
1.52813456193789591e+02
1.52813456193789591e+02
1.59011815211993650e+02
1.59011815211993650e+02
1.59011815211993650e+02
1.59011815211993650e+02
1.56954664538700086e+02
1.56954664538700086e+02
1.56954664538700086e+02
1.56954664538700086e+02
1.52083673686253377e+02
1.52083673686253377e+02
1.52083673686253377e+02
1.52083673686253377e+02
1.55437850698336121e+02
1.55437850698336121e+02
1.55437850698336121e+02
1.55437850698336121e+02
1.48677295672278575e+02
1.48677295672278575e+02
1.48677295672278575e+02
1.48677295672278575e+02
1.59392053203249048e+02
1.59392053203249048e+02
1.59392053203249048e+02
1.59392053203249048e+02
1.55381885027683978e+02
1.55381885027683978e+02
1.55381885027683978e+02
1.55381885027683978e+02
1.57027078422501916e+02
1.57027078422501916e+02
1.57027078422501916e+02
1.57027078422501916e+02
1.54176316261350564e+02
1.54176316261350564e+02
1.54176316261350564e+02
1.54176316261350564e+02
1.55867058733598782e+02
1.55867058733598782e+02
1.55867058733598782e+02
1.55867058733598782e+02
1.52322585721991913e+02
1.52322585721991913e+02
1.52322585721991913e+02
1.52322585721991913e+02
1.55301842357528187e+02
1.55301842357528187e+02
1.55301842357528187e+02
1.55301842357528187e+02
1.51543088261294201e+02
1.51543088261294201e+02
1.51543088261294201e+02
1.51543088261294201e+02
1.56615387721458745e+02
1.56615387721458745e+02
1.56615387721458745e+02
1.56615387721458745e+02
1.50771889646278822e+02
1.50771889646278822e+02
1.50771889646278822e+02
1.50771889646278822e+02
1.50621748390226941e+02
1.50621748390226941e+02
1.50621748390226941e+02
1.50621748390226941e+02
1.53028317880727457e+02
1.53028317880727457e+02
1.53028317880727457e+02
1.53028317880727457e+02
1.51481941428037345e+02
1.51481941428037345e+02
1.51481941428037345e+02
1.51481941428037345e+02
1.54243315256393601e+02
1.54243315256393601e+02
1.54243315256393601e+02
1.54243315256393601e+02
1.51191691845169203e+02
1.51191691845169203e+02
1.51191691845169203e+02
1.51191691845169203e+02
1.55004872520964199e+02
1.55004872520964199e+02
1.55004872520964199e+02
1.55004872520964199e+02
1.58752098480604900e+02
1.58752098480604900e+02
1.58752098480604900e+02
1.58752098480604900e+02
1.61994225459055855e+02
1.61994225459055855e+02
1.61994225459055855e+02
1.61994225459055855e+02
1.54432332858124141e+02
1.54432332858124141e+02
1.54432332858124141e+02
1.54432332858124141e+02
1.59451485458581089e+02
1.59451485458581089e+02
1.59451485458581089e+02
1.59451485458581089e+02
1.53342487410652694e+02
1.53342487410652694e+02
1.53342487410652694e+02
1.53342487410652694e+02
1.58428169773932666e+02
1.58428169773932666e+02
1.58428169773932666e+02
1.58428169773932666e+02
1.51477445962525707e+02
1.51477445962525707e+02
1.51477445962525707e+02
1.51477445962525707e+02
1.52353790133822486e+02
1.52353790133822486e+02
1.52353790133822486e+02
1.52353790133822486e+02
1.53242460128785467e+02
1.53242460128785467e+02
1.53242460128785467e+02
1.53242460128785467e+02
1.53667274226760156e+02
1.53667274226760156e+02
1.53667274226760156e+02
1.53667274226760156e+02
1.49004183076661292e+02
1.49004183076661292e+02
1.49004183076661292e+02
1.49004183076661292e+02
1.50185055583446569e+02
1.50185055583446569e+02
1.50185055583446569e+02
1.50185055583446569e+02
1.56420601199963954e+02
1.56420601199963954e+02
1.56420601199963954e+02
1.56420601199963954e+02
1.54419637617040735e+02
1.54419637617040735e+02
1.54419637617040735e+02
1.54419637617040735e+02
1.52372643610121230e+02
1.52372643610121230e+02
1.52372643610121230e+02
1.52372643610121230e+02
1.49665796022331563e+02
1.49665796022331563e+02
1.49665796022331563e+02
1.49665796022331563e+02
1.55423482797569307e+02
1.55423482797569307e+02
1.55423482797569307e+02
1.55423482797569307e+02
1.53888540468239853e+02
1.53888540468239853e+02
1.53888540468239853e+02
1.53888540468239853e+02
1.54216723231007506e+02
1.54216723231007506e+02
1.54216723231007506e+02
1.54216723231007506e+02
1.55190376939461430e+02
1.55190376939461430e+02
1.55190376939461430e+02
1.55190376939461430e+02
1.53122758890942237e+02
1.53122758890942237e+02
1.53122758890942237e+02
1.53122758890942237e+02
1.52949277254457456e+02
1.52949277254457456e+02
1.52949277254457456e+02
1.52949277254457456e+02
1.54883734706229887e+02
1.54883734706229887e+02
1.54883734706229887e+02
1.54883734706229887e+02
1.52989285933569505e+02
1.52989285933569505e+02
1.52989285933569505e+02
1.52989285933569505e+02
1.51511891129718151e+02
1.51511891129718151e+02
1.51511891129718151e+02
1.51511891129718151e+02
1.53170483268550896e+02
1.53170483268550896e+02
1.53170483268550896e+02
1.53170483268550896e+02
1.51893580827051011e+02
1.51893580827051011e+02
1.51893580827051011e+02
1.51893580827051011e+02
1.54144204138771727e+02
1.54144204138771727e+02
1.54144204138771727e+02
1.54144204138771727e+02
1.53588434760775669e+02
1.53588434760775669e+02
1.53588434760775669e+02
1.53588434760775669e+02
1.52437229758615558e+02
1.52437229758615558e+02
1.52437229758615558e+02
1.52437229758615558e+02
1.56325752932668195e+02
1.56325752932668195e+02
1.56325752932668195e+02
1.56325752932668195e+02
1.52494593692603104e+02
1.52494593692603104e+02
1.52494593692603104e+02
1.52494593692603104e+02
1.55663475207865019e+02
1.55663475207865019e+02
1.55663475207865019e+02
1.55663475207865019e+02
1.53831519245236308e+02
1.53831519245236308e+02
1.53831519245236308e+02
1.53831519245236308e+02
1.52840159878933008e+02
1.52840159878933008e+02
1.52840159878933008e+02
1.52840159878933008e+02
1.51935752334561727e+02
1.51935752334561727e+02
1.51935752334561727e+02
1.51935752334561727e+02
1.52366556469964081e+02
1.52366556469964081e+02
1.52366556469964081e+02
1.52366556469964081e+02
1.53524446359150375e+02
1.53524446359150375e+02
1.53524446359150375e+02
1.53524446359150375e+02
1.55445437184511604e+02
1.55445437184511604e+02
1.55445437184511604e+02
1.55445437184511604e+02
1.46463960832677003e+02
1.46463960832677003e+02
1.46463960832677003e+02
1.46463960832677003e+02
1.52642185310393870e+02
1.52642185310393870e+02
1.52642185310393870e+02
1.52642185310393870e+02
1.54088886261764031e+02
1.54088886261764031e+02
1.54088886261764031e+02
1.54088886261764031e+02
1.50251278776834852e+02
1.50251278776834852e+02
1.50251278776834852e+02
1.50251278776834852e+02
1.57257971788855514e+02
1.57257971788855514e+02
1.57257971788855514e+02
1.57257971788855514e+02
1.57243741717606611e+02
1.57243741717606611e+02
1.57243741717606611e+02
1.57243741717606611e+02
1.54229281725826723e+02
1.54229281725826723e+02
1.54229281725826723e+02
1.54229281725826723e+02
1.51948804914232994e+02
1.51948804914232994e+02
1.51948804914232994e+02
1.51948804914232994e+02
1.53681318088410279e+02
1.53681318088410279e+02
1.53681318088410279e+02
1.53681318088410279e+02
1.53342586123884786e+02
1.53342586123884786e+02
1.53342586123884786e+02
1.53342586123884786e+02
1.51067162223265086e+02
1.51067162223265086e+02
1.51067162223265086e+02
1.51067162223265086e+02
1.52661521890389565e+02
1.52661521890389565e+02
1.52661521890389565e+02
1.52661521890389565e+02
1.52500295660439093e+02
1.52500295660439093e+02
1.52500295660439093e+02
1.52500295660439093e+02
1.50233125379643326e+02
1.50233125379643326e+02
1.50233125379643326e+02
1.50233125379643326e+02
1.54150625674713098e+02
1.54150625674713098e+02
1.54150625674713098e+02
1.54150625674713098e+02
1.53716293356269375e+02
1.53716293356269375e+02
1.53716293356269375e+02
1.53716293356269375e+02
1.54777487232148786e+02
1.54777487232148786e+02
1.54777487232148786e+02
1.54777487232148786e+02
1.52463604511897159e+02
1.52463604511897159e+02
1.52463604511897159e+02
1.52463604511897159e+02
1.57254296497718798e+02
1.57254296497718798e+02
1.57254296497718798e+02
1.57254296497718798e+02
1.51379932567322783e+02
1.51379932567322783e+02
1.51379932567322783e+02
1.51379932567322783e+02
1.50800862143472415e+02
1.50800862143472415e+02
1.50800862143472415e+02
1.50800862143472415e+02
1.52305426889161765e+02
1.52305426889161765e+02
1.52305426889161765e+02
1.52305426889161765e+02
1.48669619418083300e+02
1.48669619418083300e+02
1.48669619418083300e+02
1.48669619418083300e+02
1.51001289189377786e+02
1.51001289189377786e+02
1.51001289189377786e+02
1.51001289189377786e+02
1.55749595476396223e+02
1.55749595476396223e+02
1.55749595476396223e+02
1.55749595476396223e+02
1.56940389344982265e+02
1.56940389344982265e+02
1.56940389344982265e+02
1.56940389344982265e+02
1.58341618611690592e+02
1.58341618611690592e+02
1.58341618611690592e+02
1.58341618611690592e+02
1.51166317891958528e+02
1.51166317891958528e+02
1.51166317891958528e+02
1.51166317891958528e+02
1.53740740287693654e+02
1.53740740287693654e+02
1.53740740287693654e+02
1.53740740287693654e+02
1.52256819810149437e+02
1.52256819810149437e+02
1.52256819810149437e+02
1.52256819810149437e+02
1.51172162631061809e+02
1.51172162631061809e+02
1.51172162631061809e+02
1.51172162631061809e+02
1.52073495520331562e+02
1.52073495520331562e+02
1.52073495520331562e+02
1.52073495520331562e+02
1.50064534204183587e+02
1.50064534204183587e+02
1.50064534204183587e+02
1.50064534204183587e+02
1.51737184084989735e+02
1.51737184084989735e+02
1.51737184084989735e+02
1.51737184084989735e+02
1.52197863022479169e+02
1.52197863022479169e+02
1.52197863022479169e+02
1.52197863022479169e+02
1.54877169239083628e+02
1.54877169239083628e+02
1.54877169239083628e+02
1.54877169239083628e+02
1.56546825915656370e+02
1.56546825915656370e+02
1.56546825915656370e+02
1.56546825915656370e+02
1.52304971878144812e+02
1.52304971878144812e+02
1.52304971878144812e+02
1.52304971878144812e+02
1.57903396986158128e+02
1.57903396986158128e+02
1.57903396986158128e+02
1.57903396986158128e+02
1.56533660981519063e+02
1.56533660981519063e+02
1.56533660981519063e+02
1.56533660981519063e+02
1.55758717357172713e+02
1.55758717357172713e+02
1.55758717357172713e+02
1.55758717357172713e+02
1.57359207868807971e+02
1.57359207868807971e+02
1.57359207868807971e+02
1.57359207868807971e+02
1.54826119760398740e+02
1.54826119760398740e+02
1.54826119760398740e+02
1.54826119760398740e+02
1.53153540660869737e+02
1.53153540660869737e+02
1.53153540660869737e+02
1.53153540660869737e+02
1.57473437181108437e+02
1.57473437181108437e+02
1.57473437181108437e+02
1.57473437181108437e+02
1.55558678569785343e+02
1.55558678569785343e+02
1.55558678569785343e+02
1.55558678569785343e+02
1.52765499248426806e+02
1.52765499248426806e+02
1.52765499248426806e+02
1.52765499248426806e+02
1.52723229392778762e+02
1.52723229392778762e+02
1.52723229392778762e+02
1.52723229392778762e+02
1.56221118395924577e+02
1.56221118395924577e+02
1.56221118395924577e+02
1.56221118395924577e+02
1.59307547457114538e+02
1.59307547457114538e+02
1.59307547457114538e+02
1.59307547457114538e+02
1.50797683744381658e+02
1.50797683744381658e+02
1.50797683744381658e+02
1.50797683744381658e+02
1.56279654544340502e+02
1.56279654544340502e+02
1.56279654544340502e+02
1.56279654544340502e+02
1.54487513033506701e+02
1.54487513033506701e+02
1.54487513033506701e+02
1.54487513033506701e+02
1.57265683539610365e+02
1.57265683539610365e+02
1.57265683539610365e+02
1.57265683539610365e+02
1.49435466602492426e+02
1.49435466602492426e+02
1.49435466602492426e+02
1.49435466602492426e+02
1.56435501291031613e+02
1.56435501291031613e+02
1.56435501291031613e+02
1.56435501291031613e+02
1.56185719962319041e+02
1.56185719962319041e+02
1.56185719962319041e+02
1.56185719962319041e+02
1.53422858213937275e+02
1.53422858213937275e+02
1.53422858213937275e+02
1.53422858213937275e+02
1.58851155167583926e+02
1.58851155167583926e+02
1.58851155167583926e+02
1.58851155167583926e+02
1.59351623320066579e+02
1.59351623320066579e+02
1.59351623320066579e+02
1.59351623320066579e+02
1.58301165203922295e+02
1.58301165203922295e+02
1.58301165203922295e+02
1.58301165203922295e+02
1.59174685769069953e+02
1.59174685769069953e+02
1.59174685769069953e+02
1.59174685769069953e+02
1.55115621602873432e+02
1.55115621602873432e+02
1.55115621602873432e+02
1.55115621602873432e+02
1.54938350062058220e+02
1.54938350062058220e+02
1.54938350062058220e+02
1.54938350062058220e+02
1.55176852925326671e+02
1.55176852925326671e+02
1.55176852925326671e+02
1.55176852925326671e+02
1.51126434746309627e+02
1.51126434746309627e+02
1.51126434746309627e+02
1.51126434746309627e+02
1.51646396014535696e+02
1.51646396014535696e+02
1.51646396014535696e+02
1.51646396014535696e+02
1.52052383406465964e+02
1.52052383406465964e+02
1.52052383406465964e+02
1.52052383406465964e+02
1.53085510299466165e+02
1.53085510299466165e+02
1.53085510299466165e+02
1.53085510299466165e+02
1.53039409479430162e+02
1.53039409479430162e+02
1.53039409479430162e+02
1.53039409479430162e+02
1.49785983200871868e+02
1.49785983200871868e+02
1.49785983200871868e+02
1.49785983200871868e+02
1.50678531912768904e+02
1.50678531912768904e+02
1.50678531912768904e+02
1.50678531912768904e+02
1.53167067619010197e+02
1.53167067619010197e+02
1.53167067619010197e+02
1.53167067619010197e+02
1.57873056017305686e+02
1.57873056017305686e+02
1.57873056017305686e+02
1.57873056017305686e+02
1.56741498994449472e+02
1.56741498994449472e+02
1.56741498994449472e+02
1.56741498994449472e+02
1.56278472213615117e+02
1.56278472213615117e+02
1.56278472213615117e+02
1.56278472213615117e+02
1.52838481187017067e+02
1.52838481187017067e+02
1.52838481187017067e+02
1.52838481187017067e+02
1.58424855845265967e+02
1.58424855845265967e+02
1.58424855845265967e+02
1.58424855845265967e+02
1.56547436317090046e+02
1.56547436317090046e+02
1.56547436317090046e+02
1.56547436317090046e+02
1.56765745190850936e+02
1.56765745190850936e+02
1.56765745190850936e+02
1.56765745190850936e+02
1.51012927990132766e+02
1.51012927990132766e+02
1.51012927990132766e+02
1.51012927990132766e+02
1.47056328251934303e+02
1.47056328251934303e+02
1.47056328251934303e+02
1.47056328251934303e+02
1.51809803201986114e+02
1.51809803201986114e+02
1.51809803201986114e+02
1.51809803201986114e+02
1.52728908998969956e+02
1.52728908998969956e+02
1.52728908998969956e+02
1.52728908998969956e+02
1.52584293621782308e+02
1.52584293621782308e+02
1.52584293621782308e+02
1.52584293621782308e+02
1.47131922427825657e+02
1.47131922427825657e+02
1.47131922427825657e+02
1.47131922427825657e+02
1.51095137476526247e+02
1.51095137476526247e+02
1.51095137476526247e+02
1.51095137476526247e+02
1.58456121459885594e+02
1.58456121459885594e+02
1.58456121459885594e+02
1.58456121459885594e+02
1.55815179217793315e+02
1.55815179217793315e+02
1.55815179217793315e+02
1.55815179217793315e+02
1.58234166557804258e+02
1.58234166557804258e+02
1.58234166557804258e+02
1.58234166557804258e+02
1.53144789497207228e+02
1.53144789497207228e+02
1.53144789497207228e+02
1.53144789497207228e+02
1.53459589976549609e+02
1.53459589976549609e+02
1.53459589976549609e+02
1.53459589976549609e+02
1.51521625476632607e+02
1.51521625476632607e+02
1.51521625476632607e+02
1.51521625476632607e+02
1.54459019884872191e+02
1.54459019884872191e+02
1.54459019884872191e+02
1.54459019884872191e+02
1.52788065816867828e+02
1.52788065816867828e+02
1.52788065816867828e+02
1.52788065816867828e+02
1.49486357466504813e+02
1.49486357466504813e+02
1.49486357466504813e+02
1.49486357466504813e+02
1.47132798994446830e+02
1.47132798994446830e+02
1.47132798994446830e+02
1.47132798994446830e+02
1.49190396685040184e+02
1.49190396685040184e+02
1.49190396685040184e+02
1.49190396685040184e+02
1.46563492668808919e+02
1.46563492668808919e+02
1.46563492668808919e+02
1.46563492668808919e+02
1.53133203835734435e+02
1.53133203835734435e+02
1.53133203835734435e+02
1.53133203835734435e+02
1.51949989690215659e+02
1.51949989690215659e+02
1.51949989690215659e+02
1.51949989690215659e+02
1.55474283279440783e+02
1.55474283279440783e+02
1.55474283279440783e+02
1.55474283279440783e+02
1.59330706119434694e+02
1.59330706119434694e+02
1.59330706119434694e+02
1.59330706119434694e+02
1.55120189111572643e+02
1.55120189111572643e+02
1.55120189111572643e+02
1.55120189111572643e+02
1.50687095850931854e+02
1.50687095850931854e+02
1.50687095850931854e+02
1.50687095850931854e+02
1.55225213862593165e+02
1.55225213862593165e+02
1.55225213862593165e+02
1.55225213862593165e+02
1.48824834703759279e+02
1.48824834703759279e+02
1.48824834703759279e+02
1.48824834703759279e+02
1.52292447789198604e+02
1.52292447789198604e+02
1.52292447789198604e+02
1.52292447789198604e+02
1.51966751301407868e+02
1.51966751301407868e+02
1.51966751301407868e+02
1.51966751301407868e+02
1.54321833820746917e+02
1.54321833820746917e+02
1.54321833820746917e+02
1.54321833820746917e+02
1.56484740177279349e+02
1.56484740177279349e+02
1.56484740177279349e+02
1.56484740177279349e+02
1.56354833128112261e+02
1.56354833128112261e+02
1.56354833128112261e+02
1.56354833128112261e+02
1.53740239015616964e+02
1.53740239015616964e+02
1.53740239015616964e+02
1.53740239015616964e+02
1.53383636456309745e+02
1.53383636456309745e+02
1.53383636456309745e+02
1.53383636456309745e+02
1.51905774955674133e+02
1.51905774955674133e+02
1.51905774955674133e+02
1.51905774955674133e+02
1.51297714318065118e+02
1.51297714318065118e+02
1.51297714318065118e+02
1.51297714318065118e+02
1.54873287671624752e+02
1.54873287671624752e+02
1.54873287671624752e+02
1.54873287671624752e+02
1.53981648918813050e+02
1.53981648918813050e+02
1.53981648918813050e+02
1.53981648918813050e+02
1.52597864305370905e+02
1.52597864305370905e+02
1.52597864305370905e+02
1.52597864305370905e+02
1.53159315036614231e+02
1.53159315036614231e+02
1.53159315036614231e+02
1.53159315036614231e+02
1.54744649294080546e+02
1.54744649294080546e+02
1.54744649294080546e+02
1.54744649294080546e+02
1.53664822017578075e+02
1.53664822017578075e+02
1.53664822017578075e+02
1.53664822017578075e+02
1.54472014846125973e+02
1.54472014846125973e+02
1.54472014846125973e+02
1.54472014846125973e+02
1.54619403134895492e+02
1.54619403134895492e+02
1.54619403134895492e+02
1.54619403134895492e+02
1.53725420188286193e+02
1.53725420188286193e+02
1.53725420188286193e+02
1.53725420188286193e+02
1.54410448165428164e+02
1.54410448165428164e+02
1.54410448165428164e+02
1.54410448165428164e+02
1.54134151962194522e+02
1.54134151962194522e+02
1.54134151962194522e+02
1.54134151962194522e+02
1.51891405444133284e+02
1.51891405444133284e+02
1.51891405444133284e+02
1.51891405444133284e+02
1.54291437102256367e+02
1.54291437102256367e+02
1.54291437102256367e+02
1.54291437102256367e+02
1.59959943207582853e+02
1.59959943207582853e+02
1.59959943207582853e+02
1.59959943207582853e+02
1.55147914909207486e+02
1.55147914909207486e+02
1.55147914909207486e+02
1.55147914909207486e+02
1.58192999435599489e+02
1.58192999435599489e+02
1.58192999435599489e+02
1.58192999435599489e+02
1.58774445321505112e+02
1.58774445321505112e+02
1.58774445321505112e+02
1.58774445321505112e+02
1.56079165497918126e+02
1.56079165497918126e+02
1.56079165497918126e+02
1.56079165497918126e+02
1.55703126707741120e+02
1.55703126707741120e+02
1.55703126707741120e+02
1.55703126707741120e+02
1.54351009771823300e+02
1.54351009771823300e+02
1.54351009771823300e+02
1.54351009771823300e+02
1.51455601657052654e+02
1.51455601657052654e+02
1.51455601657052654e+02
1.51455601657052654e+02
1.51772975352360618e+02
1.51772975352360618e+02
1.51772975352360618e+02
1.51772975352360618e+02
1.53389426569584487e+02
1.53389426569584487e+02
1.53389426569584487e+02
1.53389426569584487e+02
1.51110745729242154e+02
1.51110745729242154e+02
1.51110745729242154e+02
1.51110745729242154e+02
1.53617505014765698e+02
1.53617505014765698e+02
1.53617505014765698e+02
1.53617505014765698e+02
1.55181698048794800e+02
1.55181698048794800e+02
1.55181698048794800e+02
1.55181698048794800e+02
1.57221367445072048e+02
1.57221367445072048e+02
1.57221367445072048e+02
1.57221367445072048e+02
1.57674231998205215e+02
1.57674231998205215e+02
1.57674231998205215e+02
1.57674231998205215e+02
1.51810991185532714e+02
1.51810991185532714e+02
1.51810991185532714e+02
1.51810991185532714e+02
1.53800544334097566e+02
1.53800544334097566e+02
1.53800544334097566e+02
1.53800544334097566e+02
1.56318683652644808e+02
1.56318683652644808e+02
1.56318683652644808e+02
1.56318683652644808e+02
1.58710878390465325e+02
1.58710878390465325e+02
1.58710878390465325e+02
1.58710878390465325e+02
1.53662613405893183e+02
1.53662613405893183e+02
1.53662613405893183e+02
1.53662613405893183e+02
1.57299557183304557e+02
1.57299557183304557e+02
1.57299557183304557e+02
1.57299557183304557e+02
1.59636773968019327e+02
1.59636773968019327e+02
1.59636773968019327e+02
1.59636773968019327e+02
1.57894259453635073e+02
1.57894259453635073e+02
1.57894259453635073e+02
1.57894259453635073e+02
1.59181620060629768e+02
1.59181620060629768e+02
1.59181620060629768e+02
1.59181620060629768e+02
1.58937802062236386e+02
1.58937802062236386e+02
1.58937802062236386e+02
1.58937802062236386e+02
1.58625775250211461e+02
1.58625775250211461e+02
1.58625775250211461e+02
1.58625775250211461e+02
1.54709600482487986e+02
1.54709600482487986e+02
1.54709600482487986e+02
1.54709600482487986e+02
1.59254765607954397e+02
1.59254765607954397e+02
1.59254765607954397e+02
1.59254765607954397e+02
1.54366869788684625e+02
1.54366869788684625e+02
1.54366869788684625e+02
1.54366869788684625e+02
1.54958913260816161e+02
1.54958913260816161e+02
1.54958913260816161e+02
1.54958913260816161e+02
1.51455178227874370e+02
1.51455178227874370e+02
1.51455178227874370e+02
1.51455178227874370e+02
1.58686325737440427e+02
1.58686325737440427e+02
1.58686325737440427e+02
1.58686325737440427e+02
1.51367525179542497e+02
1.51367525179542497e+02
1.51367525179542497e+02
1.51367525179542497e+02
1.52443891035859878e+02
1.52443891035859878e+02
1.52443891035859878e+02
1.52443891035859878e+02
1.56534430817881344e+02
1.56534430817881344e+02
1.56534430817881344e+02
1.56534430817881344e+02
1.58673097038479995e+02
1.58673097038479995e+02
1.58673097038479995e+02
1.58673097038479995e+02
1.49182782503771847e+02
1.49182782503771847e+02
1.49182782503771847e+02
1.49182782503771847e+02
1.53904357325267512e+02
1.53904357325267512e+02
1.53904357325267512e+02
1.53904357325267512e+02
1.53703813889785039e+02
1.53703813889785039e+02
1.53703813889785039e+02
1.53703813889785039e+02
1.56984568819059405e+02
1.56984568819059405e+02
1.56984568819059405e+02
1.56984568819059405e+02
1.53467203249336222e+02
1.53467203249336222e+02
1.53467203249336222e+02
1.53467203249336222e+02
1.52958049371274683e+02
1.52958049371274683e+02
1.52958049371274683e+02
1.52958049371274683e+02
1.57460039921876216e+02
1.57460039921876216e+02
1.57460039921876216e+02
1.57460039921876216e+02
1.45188809678109664e+02
1.45188809678109664e+02
1.45188809678109664e+02
1.45188809678109664e+02
1.52913183378390983e+02
1.52913183378390983e+02
1.52913183378390983e+02
1.52913183378390983e+02
1.47363171723901729e+02
1.47363171723901729e+02
1.47363171723901729e+02
1.47363171723901729e+02
1.56033921096495448e+02
1.56033921096495448e+02
1.56033921096495448e+02
1.56033921096495448e+02
1.57623813768424583e+02
1.57623813768424583e+02
1.57623813768424583e+02
1.57623813768424583e+02
1.55870119580268721e+02
1.55870119580268721e+02
1.55870119580268721e+02
1.55870119580268721e+02
1.56926435438642244e+02
1.56926435438642244e+02
1.56926435438642244e+02
1.56926435438642244e+02
1.54998454015953200e+02
1.54998454015953200e+02
1.54998454015953200e+02
1.54998454015953200e+02
1.54566991461852041e+02
1.54566991461852041e+02
1.54566991461852041e+02
1.54566991461852041e+02
1.54399153174820668e+02
1.54399153174820668e+02
1.54399153174820668e+02
1.54399153174820668e+02
1.55083818724984809e+02
1.55083818724984809e+02
1.55083818724984809e+02
1.55083818724984809e+02
1.53327324741206724e+02
1.53327324741206724e+02
1.53327324741206724e+02
1.53327324741206724e+02
1.58399023761523438e+02
1.58399023761523438e+02
1.58399023761523438e+02
1.58399023761523438e+02
1.57671220086862263e+02
1.57671220086862263e+02
1.57671220086862263e+02
1.57671220086862263e+02
1.54469983699665846e+02
1.54469983699665846e+02
1.54469983699665846e+02
1.54469983699665846e+02
1.52481960471619431e+02
1.52481960471619431e+02
1.52481960471619431e+02
1.52481960471619431e+02
1.60548133806244124e+02
1.60548133806244124e+02
1.60548133806244124e+02
1.60548133806244124e+02
1.52696272100848830e+02
1.52696272100848830e+02
1.52696272100848830e+02
1.52696272100848830e+02
1.51145090422623213e+02
1.51145090422623213e+02
1.51145090422623213e+02
1.51145090422623213e+02
1.54953297832645859e+02
1.54953297832645859e+02
1.54953297832645859e+02
1.54953297832645859e+02
1.59887982548187750e+02
1.59887982548187750e+02
1.59887982548187750e+02
1.59887982548187750e+02
1.59935116983626358e+02
1.59935116983626358e+02
1.59935116983626358e+02
1.59935116983626358e+02
1.52506317481322014e+02
1.52506317481322014e+02
1.52506317481322014e+02
1.52506317481322014e+02
1.57222858570754283e+02
1.57222858570754283e+02
1.57222858570754283e+02
1.57222858570754283e+02
1.53809623580104130e+02
1.53809623580104130e+02
1.53809623580104130e+02
1.53809623580104130e+02
1.53829829270495026e+02
1.53829829270495026e+02
1.53829829270495026e+02
1.53829829270495026e+02
1.56749431401459020e+02
1.56749431401459020e+02
1.56749431401459020e+02
1.56749431401459020e+02
1.50728822778057150e+02
1.50728822778057150e+02
1.50728822778057150e+02
1.50728822778057150e+02
1.54519027052990396e+02
1.54519027052990396e+02
1.54519027052990396e+02
1.54519027052990396e+02
1.49560806984261262e+02
1.49560806984261262e+02
1.49560806984261262e+02
1.49560806984261262e+02
1.61620256265612767e+02
1.61620256265612767e+02
1.61620256265612767e+02
1.61620256265612767e+02
1.59775989619343534e+02
1.59775989619343534e+02
1.59775989619343534e+02
1.59775989619343534e+02
1.55514868720420935e+02
1.55514868720420935e+02
1.55514868720420935e+02
1.55514868720420935e+02
1.58455911372433633e+02
1.58455911372433633e+02
1.58455911372433633e+02
1.58455911372433633e+02
1.53148554393043725e+02
1.53148554393043725e+02
1.53148554393043725e+02
1.53148554393043725e+02
1.56012594840706782e+02
1.56012594840706782e+02
1.56012594840706782e+02
1.56012594840706782e+02
1.59747619753591579e+02
1.59747619753591579e+02
1.59747619753591579e+02
1.59747619753591579e+02
1.57518664665273747e+02
1.57518664665273747e+02
1.57518664665273747e+02
1.57518664665273747e+02
1.59269530262957176e+02
1.59269530262957176e+02
1.59269530262957176e+02
1.59269530262957176e+02
1.49214156159685899e+02
1.49214156159685899e+02
1.49214156159685899e+02
1.49214156159685899e+02
1.54454009004696559e+02
1.54454009004696559e+02
1.54454009004696559e+02
1.54454009004696559e+02
1.54676055062807848e+02
1.54676055062807848e+02
1.54676055062807848e+02
1.54676055062807848e+02
1.53548142078934518e+02
1.53548142078934518e+02
1.53548142078934518e+02
1.53548142078934518e+02
1.58044694269372286e+02
1.58044694269372286e+02
1.58044694269372286e+02
1.58044694269372286e+02
1.51842746173901418e+02
1.51842746173901418e+02
1.51842746173901418e+02
1.51842746173901418e+02
1.52962624794523947e+02
1.52962624794523947e+02
1.52962624794523947e+02
1.52962624794523947e+02
1.53796540332850498e+02
1.53796540332850498e+02
1.53796540332850498e+02
1.53796540332850498e+02
1.48877322967737399e+02
1.48877322967737399e+02
1.48877322967737399e+02
1.48877322967737399e+02
1.51891376042769053e+02
1.51891376042769053e+02
1.51891376042769053e+02
1.51891376042769053e+02
1.53820318956917077e+02
1.53820318956917077e+02
1.53820318956917077e+02
1.53820318956917077e+02
1.60277414267992270e+02
1.60277414267992270e+02
1.60277414267992270e+02
1.60277414267992270e+02
1.54577258271395067e+02
1.54577258271395067e+02
1.54577258271395067e+02
1.54577258271395067e+02
1.59617937947599614e+02
1.59617937947599614e+02
1.59617937947599614e+02
1.59617937947599614e+02
1.53681163295353059e+02
1.53681163295353059e+02
1.53681163295353059e+02
1.53681163295353059e+02
1.56035710962044078e+02
1.56035710962044078e+02
1.56035710962044078e+02
1.56035710962044078e+02
1.53055860527595172e+02
1.53055860527595172e+02
1.53055860527595172e+02
1.53055860527595172e+02
1.57120219459010883e+02
1.57120219459010883e+02
1.57120219459010883e+02
1.57120219459010883e+02
1.53231575647886814e+02
1.53231575647886814e+02
1.53231575647886814e+02
1.53231575647886814e+02
1.58550653324449144e+02
1.58550653324449144e+02
1.58550653324449144e+02
1.58550653324449144e+02
1.55097006591543931e+02
1.55097006591543931e+02
1.55097006591543931e+02
1.55097006591543931e+02
1.60082695062746183e+02
1.60082695062746183e+02
1.60082695062746183e+02
1.60082695062746183e+02
1.60609364148277280e+02
1.60609364148277280e+02
1.60609364148277280e+02
1.60609364148277280e+02
1.50121547507175364e+02
1.50121547507175364e+02
1.50121547507175364e+02
1.50121547507175364e+02
1.55230076226347933e+02
1.55230076226347933e+02
1.55230076226347933e+02
1.55230076226347933e+02
1.52058866882592127e+02
1.52058866882592127e+02
1.52058866882592127e+02
1.52058866882592127e+02
1.53364576996161418e+02
1.53364576996161418e+02
1.53364576996161418e+02
1.53364576996161418e+02
1.55162708159778418e+02
1.55162708159778418e+02
1.55162708159778418e+02
1.55162708159778418e+02
1.48028166658743487e+02
1.48028166658743487e+02
1.48028166658743487e+02
1.48028166658743487e+02
1.54992346422479926e+02
1.54992346422479926e+02
1.54992346422479926e+02
1.54992346422479926e+02
1.53845241305638638e+02
1.53845241305638638e+02
1.53845241305638638e+02
1.53845241305638638e+02
1.52590116058764266e+02
1.52590116058764266e+02
1.52590116058764266e+02
1.52590116058764266e+02
1.54848778436163911e+02
1.54848778436163911e+02
1.54848778436163911e+02
1.54848778436163911e+02
1.52167660129820803e+02
1.52167660129820803e+02
1.52167660129820803e+02
1.52167660129820803e+02
1.56143879568279800e+02
1.56143879568279800e+02
1.56143879568279800e+02
1.56143879568279800e+02
1.57617211631454893e+02
1.57617211631454893e+02
1.57617211631454893e+02
1.57617211631454893e+02
1.53520754560853504e+02
1.53520754560853504e+02
1.53520754560853504e+02
1.53520754560853504e+02
1.54720716205419791e+02
1.54720716205419791e+02
1.54720716205419791e+02
1.54720716205419791e+02
1.49587899244153533e+02
1.49587899244153533e+02
1.49587899244153533e+02
1.49587899244153533e+02
1.53299234496199887e+02
1.53299234496199887e+02
1.53299234496199887e+02
1.53299234496199887e+02
1.52467827525272213e+02
1.52467827525272213e+02
1.52467827525272213e+02
1.52467827525272213e+02
1.48802996572617587e+02
1.48802996572617587e+02
1.48802996572617587e+02
1.48802996572617587e+02
1.49783380535571524e+02
1.49783380535571524e+02
1.49783380535571524e+02
1.49783380535571524e+02
1.54454226076215264e+02
1.54454226076215264e+02
1.54454226076215264e+02
1.54454226076215264e+02
1.53435666155436365e+02
1.53435666155436365e+02
1.53435666155436365e+02
1.53435666155436365e+02
1.50637068037219024e+02
1.50637068037219024e+02
1.50637068037219024e+02
1.50637068037219024e+02
1.50475143843000978e+02
1.50475143843000978e+02
1.50475143843000978e+02
1.50475143843000978e+02
1.49966441383847382e+02
1.49966441383847382e+02
1.49966441383847382e+02
1.49966441383847382e+02
1.49897685346000657e+02
1.49897685346000657e+02
1.49897685346000657e+02
1.49897685346000657e+02
1.48395083724440383e+02
1.48395083724440383e+02
1.48395083724440383e+02
1.48395083724440383e+02
1.53409077173406985e+02
1.53409077173406985e+02
1.53409077173406985e+02
1.53409077173406985e+02
1.52640199384387472e+02
1.52640199384387472e+02
1.52640199384387472e+02
1.52640199384387472e+02
1.52916408760502378e+02
1.52916408760502378e+02
1.52916408760502378e+02
1.52916408760502378e+02
1.53618613554970636e+02
1.53618613554970636e+02
1.53618613554970636e+02
1.53618613554970636e+02
1.54288154044149280e+02
1.54288154044149280e+02
1.54288154044149280e+02
1.54288154044149280e+02
1.51228617247476905e+02
1.51228617247476905e+02
1.51228617247476905e+02
1.51228617247476905e+02
1.54988297569265058e+02
1.54988297569265058e+02
1.54988297569265058e+02
1.54988297569265058e+02
1.53737795763302699e+02
1.53737795763302699e+02
1.53737795763302699e+02
1.53737795763302699e+02
1.54133534117679972e+02
1.54133534117679972e+02
1.54133534117679972e+02
1.54133534117679972e+02
1.53979170364253378e+02
1.53979170364253378e+02
1.53979170364253378e+02
1.53979170364253378e+02
1.52856656515300898e+02
1.52856656515300898e+02
1.52856656515300898e+02
1.52856656515300898e+02
1.55915532108411327e+02
1.55915532108411327e+02
1.55915532108411327e+02
1.55915532108411327e+02
1.52885920607952897e+02
1.52885920607952897e+02
1.52885920607952897e+02
1.52885920607952897e+02
1.54271411956932980e+02
1.54271411956932980e+02
1.54271411956932980e+02
1.54271411956932980e+02
1.53802689353387279e+02
1.53802689353387279e+02
1.53802689353387279e+02
1.53802689353387279e+02
1.56619745215704882e+02
1.56619745215704882e+02
1.56619745215704882e+02
1.56619745215704882e+02
1.54149529963811943e+02
1.54149529963811943e+02
1.54149529963811943e+02
1.54149529963811943e+02
1.53814912834805426e+02
1.53814912834805426e+02
1.53814912834805426e+02
1.53814912834805426e+02
1.54770891411134869e+02
1.54770891411134869e+02
1.54770891411134869e+02
1.54770891411134869e+02
1.52538196977135215e+02
1.52538196977135215e+02
1.52538196977135215e+02
1.52538196977135215e+02
1.50647515267436432e+02
1.50647515267436432e+02
1.50647515267436432e+02
1.50647515267436432e+02
1.53961596464369023e+02
1.53961596464369023e+02
1.53961596464369023e+02
1.53961596464369023e+02
1.52157585471836285e+02
1.52157585471836285e+02
1.52157585471836285e+02
1.52157585471836285e+02
1.49506568097240461e+02
1.49506568097240461e+02
1.49506568097240461e+02
1.49506568097240461e+02
1.50052560199268726e+02
1.50052560199268726e+02
1.50052560199268726e+02
1.50052560199268726e+02
1.52510663512484427e+02
1.52510663512484427e+02
1.52510663512484427e+02
1.52510663512484427e+02
1.56154381899335505e+02
1.56154381899335505e+02
1.56154381899335505e+02
1.56154381899335505e+02
1.56075223254935196e+02
1.56075223254935196e+02
1.56075223254935196e+02
1.56075223254935196e+02
1.54254094159430934e+02
1.54254094159430934e+02
1.54254094159430934e+02
1.54254094159430934e+02
1.51444615969960751e+02
1.51444615969960751e+02
1.51444615969960751e+02
1.51444615969960751e+02
1.53225575609765031e+02
1.53225575609765031e+02
1.53225575609765031e+02
1.53225575609765031e+02
1.55629702012013922e+02
1.55629702012013922e+02
1.55629702012013922e+02
1.55629702012013922e+02
1.56967719300364820e+02
1.56967719300364820e+02
1.56967719300364820e+02
1.56967719300364820e+02
1.57980450517035194e+02
1.57980450517035194e+02
1.57980450517035194e+02
1.57980450517035194e+02
1.50859690479487483e+02
1.50859690479487483e+02
1.50859690479487483e+02
1.50859690479487483e+02
1.49124182284201908e+02
1.49124182284201908e+02
1.49124182284201908e+02
1.49124182284201908e+02
1.50681994997469815e+02
1.50681994997469815e+02
1.50681994997469815e+02
1.50681994997469815e+02
1.52548600568867926e+02
1.52548600568867926e+02
1.52548600568867926e+02
1.52548600568867926e+02
1.55552760614263775e+02
1.55552760614263775e+02
1.55552760614263775e+02
1.55552760614263775e+02
1.53862669715718937e+02
1.53862669715718937e+02
1.53862669715718937e+02
1.53862669715718937e+02
1.53963645488386021e+02
1.53963645488386021e+02
1.53963645488386021e+02
1.53963645488386021e+02
1.51579780958176599e+02
1.51579780958176599e+02
1.51579780958176599e+02
1.51579780958176599e+02
1.49726166967626909e+02
1.49726166967626909e+02
1.49726166967626909e+02
1.49726166967626909e+02
1.50427146164699849e+02
1.50427146164699849e+02
1.50427146164699849e+02
1.50427146164699849e+02
1.50491061999253503e+02
1.50491061999253503e+02
1.50491061999253503e+02
1.50491061999253503e+02


        </DataArray>

        <DataArray type="Float64" Name="E_ale" format="ascii">

1.98483690169413308e+02
1.98483690169413308e+02
1.98483690169413308e+02
1.98483690169413308e+02
1.99858335753795728e+02
1.99858335753795728e+02
1.99858335753795728e+02
1.99858335753795728e+02
2.04267410027403912e+02
2.04267410027403912e+02
2.04267410027403912e+02
2.04267410027403912e+02
1.98831899430457412e+02
1.98831899430457412e+02
1.98831899430457412e+02
1.98831899430457412e+02
1.97266477340293136e+02
1.97266477340293136e+02
1.97266477340293136e+02
1.97266477340293136e+02
1.98975651386994372e+02
1.98975651386994372e+02
1.98975651386994372e+02
1.98975651386994372e+02
1.98757497444668388e+02
1.98757497444668388e+02
1.98757497444668388e+02
1.98757497444668388e+02
1.98395806567588636e+02
1.98395806567588636e+02
1.98395806567588636e+02
1.98395806567588636e+02
1.98292800466560237e+02
1.98292800466560237e+02
1.98292800466560237e+02
1.98292800466560237e+02
1.98490943700814910e+02
1.98490943700814910e+02
1.98490943700814910e+02
1.98490943700814910e+02
2.00213073646485128e+02
2.00213073646485128e+02
2.00213073646485128e+02
2.00213073646485128e+02
2.05079320421368720e+02
2.05079320421368720e+02
2.05079320421368720e+02
2.05079320421368720e+02
2.02318513220511221e+02
2.02318513220511221e+02
2.02318513220511221e+02
2.02318513220511221e+02
2.01982463088900175e+02
2.01982463088900175e+02
2.01982463088900175e+02
2.01982463088900175e+02
2.01000254834722170e+02
2.01000254834722170e+02
2.01000254834722170e+02
2.01000254834722170e+02
2.01503966590580092e+02
2.01503966590580092e+02
2.01503966590580092e+02
2.01503966590580092e+02
1.98966373845440216e+02
1.98966373845440216e+02
1.98966373845440216e+02
1.98966373845440216e+02
1.98148409968486419e+02
1.98148409968486419e+02
1.98148409968486419e+02
1.98148409968486419e+02
1.98761026235540328e+02
1.98761026235540328e+02
1.98761026235540328e+02
1.98761026235540328e+02
1.98092730592105028e+02
1.98092730592105028e+02
1.98092730592105028e+02
1.98092730592105028e+02
1.97297464500919290e+02
1.97297464500919290e+02
1.97297464500919290e+02
1.97297464500919290e+02
1.97862520124230031e+02
1.97862520124230031e+02
1.97862520124230031e+02
1.97862520124230031e+02
2.02680060679077144e+02
2.02680060679077144e+02
2.02680060679077144e+02
2.02680060679077144e+02
1.95861815255444668e+02
1.95861815255444668e+02
1.95861815255444668e+02
1.95861815255444668e+02
1.99326900670328769e+02
1.99326900670328769e+02
1.99326900670328769e+02
1.99326900670328769e+02
1.99741201233145944e+02
1.99741201233145944e+02
1.99741201233145944e+02
1.99741201233145944e+02
1.97446285641054118e+02
1.97446285641054118e+02
1.97446285641054118e+02
1.97446285641054118e+02
2.02547987322132201e+02
2.02547987322132201e+02
2.02547987322132201e+02
2.02547987322132201e+02
1.99392024387461419e+02
1.99392024387461419e+02
1.99392024387461419e+02
1.99392024387461419e+02
2.02836058717774648e+02
2.02836058717774648e+02
2.02836058717774648e+02
2.02836058717774648e+02
2.00843159898474653e+02
2.00843159898474653e+02
2.00843159898474653e+02
2.00843159898474653e+02
2.04249764597469010e+02
2.04249764597469010e+02
2.04249764597469010e+02
2.04249764597469010e+02
2.03512104396104235e+02
2.03512104396104235e+02
2.03512104396104235e+02
2.03512104396104235e+02
2.05096500318790788e+02
2.05096500318790788e+02
2.05096500318790788e+02
2.05096500318790788e+02
2.03965705813936921e+02
2.03965705813936921e+02
2.03965705813936921e+02
2.03965705813936921e+02
1.99921928800743984e+02
1.99921928800743984e+02
1.99921928800743984e+02
1.99921928800743984e+02
1.98592809704103217e+02
1.98592809704103217e+02
1.98592809704103217e+02
1.98592809704103217e+02
2.01072820185288265e+02
2.01072820185288265e+02
2.01072820185288265e+02
2.01072820185288265e+02
1.98393721347109619e+02
1.98393721347109619e+02
1.98393721347109619e+02
1.98393721347109619e+02
2.03896219756902894e+02
2.03896219756902894e+02
2.03896219756902894e+02
2.03896219756902894e+02
2.04924342002341660e+02
2.04924342002341660e+02
2.04924342002341660e+02
2.04924342002341660e+02
2.05015164023164459e+02
2.05015164023164459e+02
2.05015164023164459e+02
2.05015164023164459e+02
2.02452244415664154e+02
2.02452244415664154e+02
2.02452244415664154e+02
2.02452244415664154e+02
2.04493731107496131e+02
2.04493731107496131e+02
2.04493731107496131e+02
2.04493731107496131e+02
2.03858221900832490e+02
2.03858221900832490e+02
2.03858221900832490e+02
2.03858221900832490e+02
2.01714619921488151e+02
2.01714619921488151e+02
2.01714619921488151e+02
2.01714619921488151e+02
1.99636319347078057e+02
1.99636319347078057e+02
1.99636319347078057e+02
1.99636319347078057e+02
2.07119705311731309e+02
2.07119705311731309e+02
2.07119705311731309e+02
2.07119705311731309e+02
2.06078478465989747e+02
2.06078478465989747e+02
2.06078478465989747e+02
2.06078478465989747e+02
2.04290995270396849e+02
2.04290995270396849e+02
2.04290995270396849e+02
2.04290995270396849e+02
1.98744732942474286e+02
1.98744732942474286e+02
1.98744732942474286e+02
1.98744732942474286e+02
1.99757651067813384e+02
1.99757651067813384e+02
1.99757651067813384e+02
1.99757651067813384e+02
2.00300148814671701e+02
2.00300148814671701e+02
2.00300148814671701e+02
2.00300148814671701e+02
2.07724287319174749e+02
2.07724287319174749e+02
2.07724287319174749e+02
2.07724287319174749e+02
2.05837173138664554e+02
2.05837173138664554e+02
2.05837173138664554e+02
2.05837173138664554e+02
1.97796509762878742e+02
1.97796509762878742e+02
1.97796509762878742e+02
1.97796509762878742e+02
1.95826085613200007e+02
1.95826085613200007e+02
1.95826085613200007e+02
1.95826085613200007e+02
2.05016498842185428e+02
2.05016498842185428e+02
2.05016498842185428e+02
2.05016498842185428e+02
2.05781410748909707e+02
2.05781410748909707e+02
2.05781410748909707e+02
2.05781410748909707e+02
2.07234946363135919e+02
2.07234946363135919e+02
2.07234946363135919e+02
2.07234946363135919e+02
2.05062534276400100e+02
2.05062534276400100e+02
2.05062534276400100e+02
2.05062534276400100e+02
2.01367601664671412e+02
2.01367601664671412e+02
2.01367601664671412e+02
2.01367601664671412e+02
2.04720961165564404e+02
2.04720961165564404e+02
2.04720961165564404e+02
2.04720961165564404e+02
2.02563628316012711e+02
2.02563628316012711e+02
2.02563628316012711e+02
2.02563628316012711e+02
2.04966680995665314e+02
2.04966680995665314e+02
2.04966680995665314e+02
2.04966680995665314e+02
2.06198332009235457e+02
2.06198332009235457e+02
2.06198332009235457e+02
2.06198332009235457e+02
2.06920614263223769e+02
2.06920614263223769e+02
2.06920614263223769e+02
2.06920614263223769e+02
1.97566734713339685e+02
1.97566734713339685e+02
1.97566734713339685e+02
1.97566734713339685e+02
1.97325631381747456e+02
1.97325631381747456e+02
1.97325631381747456e+02
1.97325631381747456e+02
2.01324962959264468e+02
2.01324962959264468e+02
2.01324962959264468e+02
2.01324962959264468e+02
2.03981546519080723e+02
2.03981546519080723e+02
2.03981546519080723e+02
2.03981546519080723e+02
1.96770904327691426e+02
1.96770904327691426e+02
1.96770904327691426e+02
1.96770904327691426e+02
2.03194380945113011e+02
2.03194380945113011e+02
2.03194380945113011e+02
2.03194380945113011e+02
1.99568176745945721e+02
1.99568176745945721e+02
1.99568176745945721e+02
1.99568176745945721e+02
1.98442165380074186e+02
1.98442165380074186e+02
1.98442165380074186e+02
1.98442165380074186e+02
1.97203207981993444e+02
1.97203207981993444e+02
1.97203207981993444e+02
1.97203207981993444e+02
2.02680944891297884e+02
2.02680944891297884e+02
2.02680944891297884e+02
2.02680944891297884e+02
1.97255821507205184e+02
1.97255821507205184e+02
1.97255821507205184e+02
1.97255821507205184e+02
2.05138520982567286e+02
2.05138520982567286e+02
2.05138520982567286e+02
2.05138520982567286e+02
1.98408136986548243e+02
1.98408136986548243e+02
1.98408136986548243e+02
1.98408136986548243e+02
2.04650023385176610e+02
2.04650023385176610e+02
2.04650023385176610e+02
2.04650023385176610e+02
1.99253901804607892e+02
1.99253901804607892e+02
1.99253901804607892e+02
1.99253901804607892e+02
2.02795476252213007e+02
2.02795476252213007e+02
2.02795476252213007e+02
2.02795476252213007e+02
1.99033012327314509e+02
1.99033012327314509e+02
1.99033012327314509e+02
1.99033012327314509e+02
2.03503916680608597e+02
2.03503916680608597e+02
2.03503916680608597e+02
2.03503916680608597e+02
1.96015057123683505e+02
1.96015057123683505e+02
1.96015057123683505e+02
1.96015057123683505e+02
1.98801477868883126e+02
1.98801477868883126e+02
1.98801477868883126e+02
1.98801477868883126e+02
1.99984383864969288e+02
1.99984383864969288e+02
1.99984383864969288e+02
1.99984383864969288e+02
2.06761523010395194e+02
2.06761523010395194e+02
2.06761523010395194e+02
2.06761523010395194e+02
2.00031554063330589e+02
2.00031554063330589e+02
2.00031554063330589e+02
2.00031554063330589e+02
2.04351410683852777e+02
2.04351410683852777e+02
2.04351410683852777e+02
2.04351410683852777e+02
2.00766766686822450e+02
2.00766766686822450e+02
2.00766766686822450e+02
2.00766766686822450e+02
2.07218680315397108e+02
2.07218680315397108e+02
2.07218680315397108e+02
2.07218680315397108e+02
2.05015659137699515e+02
2.05015659137699515e+02
2.05015659137699515e+02
2.05015659137699515e+02
2.05034200326033442e+02
2.05034200326033442e+02
2.05034200326033442e+02
2.05034200326033442e+02
2.02741624416602122e+02
2.02741624416602122e+02
2.02741624416602122e+02
2.02741624416602122e+02
2.07687458924597905e+02
2.07687458924597905e+02
2.07687458924597905e+02
2.07687458924597905e+02
1.97698723300619918e+02
1.97698723300619918e+02
1.97698723300619918e+02
1.97698723300619918e+02
1.99038867315821790e+02
1.99038867315821790e+02
1.99038867315821790e+02
1.99038867315821790e+02
1.94332463454238166e+02
1.94332463454238166e+02
1.94332463454238166e+02
1.94332463454238166e+02
1.94546931349736610e+02
1.94546931349736610e+02
1.94546931349736610e+02
1.94546931349736610e+02
2.00079970850221258e+02
2.00079970850221258e+02
2.00079970850221258e+02
2.00079970850221258e+02
1.95857036885023916e+02
1.95857036885023916e+02
1.95857036885023916e+02
1.95857036885023916e+02
2.00066278252488729e+02
2.00066278252488729e+02
2.00066278252488729e+02
2.00066278252488729e+02
1.97675924094841719e+02
1.97675924094841719e+02
1.97675924094841719e+02
1.97675924094841719e+02
2.02201691351103420e+02
2.02201691351103420e+02
2.02201691351103420e+02
2.02201691351103420e+02
1.99180735995131016e+02
1.99180735995131016e+02
1.99180735995131016e+02
1.99180735995131016e+02
1.99650229496132766e+02
1.99650229496132766e+02
1.99650229496132766e+02
1.99650229496132766e+02
2.00881988779600135e+02
2.00881988779600135e+02
2.00881988779600135e+02
2.00881988779600135e+02
1.97544330070862117e+02
1.97544330070862117e+02
1.97544330070862117e+02
1.97544330070862117e+02
1.99699439040275649e+02
1.99699439040275649e+02
1.99699439040275649e+02
1.99699439040275649e+02
1.98351313429845504e+02
1.98351313429845504e+02
1.98351313429845504e+02
1.98351313429845504e+02
1.98296607175158073e+02
1.98296607175158073e+02
1.98296607175158073e+02
1.98296607175158073e+02
1.98771530322563507e+02
1.98771530322563507e+02
1.98771530322563507e+02
1.98771530322563507e+02
1.96585047406088535e+02
1.96585047406088535e+02
1.96585047406088535e+02
1.96585047406088535e+02
1.97532938015433359e+02
1.97532938015433359e+02
1.97532938015433359e+02
1.97532938015433359e+02
2.04146673994204690e+02
2.04146673994204690e+02
2.04146673994204690e+02
2.04146673994204690e+02
1.94519356412231872e+02
1.94519356412231872e+02
1.94519356412231872e+02
1.94519356412231872e+02
1.96251337776114156e+02
1.96251337776114156e+02
1.96251337776114156e+02
1.96251337776114156e+02
1.95800829372240742e+02
1.95800829372240742e+02
1.95800829372240742e+02
1.95800829372240742e+02
1.97000519350449594e+02
1.97000519350449594e+02
1.97000519350449594e+02
1.97000519350449594e+02
2.01306916066728746e+02
2.01306916066728746e+02
2.01306916066728746e+02
2.01306916066728746e+02
2.04530781900755017e+02
2.04530781900755017e+02
2.04530781900755017e+02
2.04530781900755017e+02
2.01294127289015705e+02
2.01294127289015705e+02
2.01294127289015705e+02
2.01294127289015705e+02
1.96243188039354379e+02
1.96243188039354379e+02
1.96243188039354379e+02
1.96243188039354379e+02
1.94591893945619205e+02
1.94591893945619205e+02
1.94591893945619205e+02
1.94591893945619205e+02
1.96998610876906952e+02
1.96998610876906952e+02
1.96998610876906952e+02
1.96998610876906952e+02
1.95809285998399019e+02
1.95809285998399019e+02
1.95809285998399019e+02
1.95809285998399019e+02
1.95379112131938285e+02
1.95379112131938285e+02
1.95379112131938285e+02
1.95379112131938285e+02
2.05707531553302459e+02
2.05707531553302459e+02
2.05707531553302459e+02
2.05707531553302459e+02
2.02021315566856373e+02
2.02021315566856373e+02
2.02021315566856373e+02
2.02021315566856373e+02
2.02140181411010929e+02
2.02140181411010929e+02
2.02140181411010929e+02
2.02140181411010929e+02
1.97348908388328198e+02
1.97348908388328198e+02
1.97348908388328198e+02
1.97348908388328198e+02
1.93358231513286711e+02
1.93358231513286711e+02
1.93358231513286711e+02
1.93358231513286711e+02
1.97422064265556514e+02
1.97422064265556514e+02
1.97422064265556514e+02
1.97422064265556514e+02
1.95759680661629005e+02
1.95759680661629005e+02
1.95759680661629005e+02
1.95759680661629005e+02
1.99790591783219242e+02
1.99790591783219242e+02
1.99790591783219242e+02
1.99790591783219242e+02
1.98839779384094584e+02
1.98839779384094584e+02
1.98839779384094584e+02
1.98839779384094584e+02
1.94978165680519055e+02
1.94978165680519055e+02
1.94978165680519055e+02
1.94978165680519055e+02
1.96869547590058090e+02
1.96869547590058090e+02
1.96869547590058090e+02
1.96869547590058090e+02
1.93992196904468898e+02
1.93992196904468898e+02
1.93992196904468898e+02
1.93992196904468898e+02
2.01267662490290746e+02
2.01267662490290746e+02
2.01267662490290746e+02
2.01267662490290746e+02
2.04761060937178200e+02
2.04761060937178200e+02
2.04761060937178200e+02
2.04761060937178200e+02
2.01989849481219693e+02
2.01989849481219693e+02
2.01989849481219693e+02
2.01989849481219693e+02
1.99156288518159272e+02
1.99156288518159272e+02
1.99156288518159272e+02
1.99156288518159272e+02
2.00694523020908946e+02
2.00694523020908946e+02
2.00694523020908946e+02
2.00694523020908946e+02
2.01855053589525170e+02
2.01855053589525170e+02
2.01855053589525170e+02
2.01855053589525170e+02
2.05044468534976545e+02
2.05044468534976545e+02
2.05044468534976545e+02
2.05044468534976545e+02
1.98464055009872311e+02
1.98464055009872311e+02
1.98464055009872311e+02
1.98464055009872311e+02
1.95863432494292056e+02
1.95863432494292056e+02
1.95863432494292056e+02
1.95863432494292056e+02
1.94485309786110065e+02
1.94485309786110065e+02
1.94485309786110065e+02
1.94485309786110065e+02
1.96691578217046811e+02
1.96691578217046811e+02
1.96691578217046811e+02
1.96691578217046811e+02
1.96609914495456877e+02
1.96609914495456877e+02
1.96609914495456877e+02
1.96609914495456877e+02
2.02608414962402293e+02
2.02608414962402293e+02
2.02608414962402293e+02
2.02608414962402293e+02
1.98504718995136272e+02
1.98504718995136272e+02
1.98504718995136272e+02
1.98504718995136272e+02
1.98307211636698185e+02
1.98307211636698185e+02
1.98307211636698185e+02
1.98307211636698185e+02
1.99721853236979399e+02
1.99721853236979399e+02
1.99721853236979399e+02
1.99721853236979399e+02
1.96571658146802804e+02
1.96571658146802804e+02
1.96571658146802804e+02
1.96571658146802804e+02
2.06490996042981493e+02
2.06490996042981493e+02
2.06490996042981493e+02
2.06490996042981493e+02
2.00981315136880539e+02
2.00981315136880539e+02
2.00981315136880539e+02
2.00981315136880539e+02
2.01283742162184637e+02
2.01283742162184637e+02
2.01283742162184637e+02
2.01283742162184637e+02
2.04312752521412051e+02
2.04312752521412051e+02
2.04312752521412051e+02
2.04312752521412051e+02
2.03442667941778637e+02
2.03442667941778637e+02
2.03442667941778637e+02
2.03442667941778637e+02
2.00053821652095593e+02
2.00053821652095593e+02
2.00053821652095593e+02
2.00053821652095593e+02
2.03600977578523782e+02
2.03600977578523782e+02
2.03600977578523782e+02
2.03600977578523782e+02
1.98038658316819607e+02
1.98038658316819607e+02
1.98038658316819607e+02
1.98038658316819607e+02
2.06255952369923847e+02
2.06255952369923847e+02
2.06255952369923847e+02
2.06255952369923847e+02
2.05028380983375939e+02
2.05028380983375939e+02
2.05028380983375939e+02
2.05028380983375939e+02
2.02900379823638730e+02
2.02900379823638730e+02
2.02900379823638730e+02
2.02900379823638730e+02
2.00197808511101272e+02
2.00197808511101272e+02
2.00197808511101272e+02
2.00197808511101272e+02
1.95646565484746219e+02
1.95646565484746219e+02
1.95646565484746219e+02
1.95646565484746219e+02
1.92662147205075826e+02
1.92662147205075826e+02
1.92662147205075826e+02
1.92662147205075826e+02
1.98300155874121572e+02
1.98300155874121572e+02
1.98300155874121572e+02
1.98300155874121572e+02
1.88362398983245896e+02
1.88362398983245896e+02
1.88362398983245896e+02
1.88362398983245896e+02
1.84982510853466977e+02
1.84982510853466977e+02
1.84982510853466977e+02
1.84982510853466977e+02
1.93804321875874734e+02
1.93804321875874734e+02
1.93804321875874734e+02
1.93804321875874734e+02
2.04587567747431933e+02
2.04587567747431933e+02
2.04587567747431933e+02
2.04587567747431933e+02
1.98488520942334503e+02
1.98488520942334503e+02
1.98488520942334503e+02
1.98488520942334503e+02
1.99604755184105898e+02
1.99604755184105898e+02
1.99604755184105898e+02
1.99604755184105898e+02
1.98313931373038344e+02
1.98313931373038344e+02
1.98313931373038344e+02
1.98313931373038344e+02
1.96334751468253131e+02
1.96334751468253131e+02
1.96334751468253131e+02
1.96334751468253131e+02
2.00145879377119911e+02
2.00145879377119911e+02
2.00145879377119911e+02
2.00145879377119911e+02
1.93225478733983948e+02
1.93225478733983948e+02
1.93225478733983948e+02
1.93225478733983948e+02
1.96530658178030080e+02
1.96530658178030080e+02
1.96530658178030080e+02
1.96530658178030080e+02
1.97682077479519080e+02
1.97682077479519080e+02
1.97682077479519080e+02
1.97682077479519080e+02
1.96173285817011646e+02
1.96173285817011646e+02
1.96173285817011646e+02
1.96173285817011646e+02
1.97273831809679791e+02
1.97273831809679791e+02
1.97273831809679791e+02
1.97273831809679791e+02
1.97028785177255088e+02
1.97028785177255088e+02
1.97028785177255088e+02
1.97028785177255088e+02
1.93073850565660535e+02
1.93073850565660535e+02
1.93073850565660535e+02
1.93073850565660535e+02
1.97787968771205044e+02
1.97787968771205044e+02
1.97787968771205044e+02
1.97787968771205044e+02
1.98358033506696700e+02
1.98358033506696700e+02
1.98358033506696700e+02
1.98358033506696700e+02
1.97627256836525277e+02
1.97627256836525277e+02
1.97627256836525277e+02
1.97627256836525277e+02
1.96404762555725029e+02
1.96404762555725029e+02
1.96404762555725029e+02
1.96404762555725029e+02
2.02290697972588134e+02
2.02290697972588134e+02
2.02290697972588134e+02
2.02290697972588134e+02
2.04241477020953653e+02
2.04241477020953653e+02
2.04241477020953653e+02
2.04241477020953653e+02
2.01163012356683197e+02
2.01163012356683197e+02
2.01163012356683197e+02
2.01163012356683197e+02
2.03613263725206508e+02
2.03613263725206508e+02
2.03613263725206508e+02
2.03613263725206508e+02
1.99400353478016427e+02
1.99400353478016427e+02
1.99400353478016427e+02
1.99400353478016427e+02
2.00717835336693753e+02
2.00717835336693753e+02
2.00717835336693753e+02
2.00717835336693753e+02
1.95956930079112112e+02
1.95956930079112112e+02
1.95956930079112112e+02
1.95956930079112112e+02
1.97590761297569685e+02
1.97590761297569685e+02
1.97590761297569685e+02
1.97590761297569685e+02
1.98463498412913140e+02
1.98463498412913140e+02
1.98463498412913140e+02
1.98463498412913140e+02
2.02091679337125186e+02
2.02091679337125186e+02
2.02091679337125186e+02
2.02091679337125186e+02
2.04344766609721631e+02
2.04344766609721631e+02
2.04344766609721631e+02
2.04344766609721631e+02
2.05178999835652974e+02
2.05178999835652974e+02
2.05178999835652974e+02
2.05178999835652974e+02
2.07011781397630216e+02
2.07011781397630216e+02
2.07011781397630216e+02
2.07011781397630216e+02
2.01364952743998515e+02
2.01364952743998515e+02
2.01364952743998515e+02
2.01364952743998515e+02
1.94542164787628877e+02
1.94542164787628877e+02
1.94542164787628877e+02
1.94542164787628877e+02
1.99372209665967489e+02
1.99372209665967489e+02
1.99372209665967489e+02
1.99372209665967489e+02
2.10939923510401087e+02
2.10939923510401087e+02
2.10939923510401087e+02
2.10939923510401087e+02
1.93305162620093711e+02
1.93305162620093711e+02
1.93305162620093711e+02
1.93305162620093711e+02
2.03413015574981529e+02
2.03413015574981529e+02
2.03413015574981529e+02
2.03413015574981529e+02
2.05553306687842792e+02
2.05553306687842792e+02
2.05553306687842792e+02
2.05553306687842792e+02
2.04937768053301880e+02
2.04937768053301880e+02
2.04937768053301880e+02
2.04937768053301880e+02
2.04011444866854220e+02
2.04011444866854220e+02
2.04011444866854220e+02
2.04011444866854220e+02
2.03259722466035413e+02
2.03259722466035413e+02
2.03259722466035413e+02
2.03259722466035413e+02
2.05629574713262201e+02
2.05629574713262201e+02
2.05629574713262201e+02
2.05629574713262201e+02
1.98841838199512722e+02
1.98841838199512722e+02
1.98841838199512722e+02
1.98841838199512722e+02
1.99189471009504416e+02
1.99189471009504416e+02
1.99189471009504416e+02
1.99189471009504416e+02
1.89796130454590013e+02
1.89796130454590013e+02
1.89796130454590013e+02
1.89796130454590013e+02
1.97013610168969365e+02
1.97013610168969365e+02
1.97013610168969365e+02
1.97013610168969365e+02
1.97177461146458143e+02
1.97177461146458143e+02
1.97177461146458143e+02
1.97177461146458143e+02
1.98088779614344787e+02
1.98088779614344787e+02
1.98088779614344787e+02
1.98088779614344787e+02
2.04072405899982414e+02
2.04072405899982414e+02
2.04072405899982414e+02
2.04072405899982414e+02
1.99412872307930940e+02
1.99412872307930940e+02
1.99412872307930940e+02
1.99412872307930940e+02
1.97910129782618014e+02
1.97910129782618014e+02
1.97910129782618014e+02
1.97910129782618014e+02
2.03633621359422335e+02
2.03633621359422335e+02
2.03633621359422335e+02
2.03633621359422335e+02
1.93165263350363176e+02
1.93165263350363176e+02
1.93165263350363176e+02
1.93165263350363176e+02
1.97373826555070053e+02
1.97373826555070053e+02
1.97373826555070053e+02
1.97373826555070053e+02
1.90083897025112208e+02
1.90083897025112208e+02
1.90083897025112208e+02
1.90083897025112208e+02
1.91900562304839269e+02
1.91900562304839269e+02
1.91900562304839269e+02
1.91900562304839269e+02
1.94830228980937363e+02
1.94830228980937363e+02
1.94830228980937363e+02
1.94830228980937363e+02
1.97440129858592570e+02
1.97440129858592570e+02
1.97440129858592570e+02
1.97440129858592570e+02
1.96208530846733396e+02
1.96208530846733396e+02
1.96208530846733396e+02
1.96208530846733396e+02
2.02322513470063370e+02
2.02322513470063370e+02
2.02322513470063370e+02
2.02322513470063370e+02
1.99172961884483328e+02
1.99172961884483328e+02
1.99172961884483328e+02
1.99172961884483328e+02
2.06227195414039869e+02
2.06227195414039869e+02
2.06227195414039869e+02
2.06227195414039869e+02
1.96406419873075777e+02
1.96406419873075777e+02
1.96406419873075777e+02
1.96406419873075777e+02
2.03182232283373196e+02
2.03182232283373196e+02
2.03182232283373196e+02
2.03182232283373196e+02
2.03617096095765106e+02
2.03617096095765106e+02
2.03617096095765106e+02
2.03617096095765106e+02
1.99630394352945103e+02
1.99630394352945103e+02
1.99630394352945103e+02
1.99630394352945103e+02
1.96967048797080707e+02
1.96967048797080707e+02
1.96967048797080707e+02
1.96967048797080707e+02
2.02562546080740134e+02
2.02562546080740134e+02
2.02562546080740134e+02
2.02562546080740134e+02
2.02028698858551763e+02
2.02028698858551763e+02
2.02028698858551763e+02
2.02028698858551763e+02
2.04858224237463901e+02
2.04858224237463901e+02
2.04858224237463901e+02
2.04858224237463901e+02
2.01190358090039865e+02
2.01190358090039865e+02
2.01190358090039865e+02
2.01190358090039865e+02
1.96828384710199941e+02
1.96828384710199941e+02
1.96828384710199941e+02
1.96828384710199941e+02
2.01135043185547829e+02
2.01135043185547829e+02
2.01135043185547829e+02
2.01135043185547829e+02
2.00077703294392023e+02
2.00077703294392023e+02
2.00077703294392023e+02
2.00077703294392023e+02
1.93333950515799870e+02
1.93333950515799870e+02
1.93333950515799870e+02
1.93333950515799870e+02
2.03656823786359297e+02
2.03656823786359297e+02
2.03656823786359297e+02
2.03656823786359297e+02
2.03906468772860393e+02
2.03906468772860393e+02
2.03906468772860393e+02
2.03906468772860393e+02
2.03580916335494578e+02
2.03580916335494578e+02
2.03580916335494578e+02
2.03580916335494578e+02
1.95958826282747026e+02
1.95958826282747026e+02
1.95958826282747026e+02
1.95958826282747026e+02
2.01643920932571461e+02
2.01643920932571461e+02
2.01643920932571461e+02
2.01643920932571461e+02
1.93062972313361882e+02
1.93062972313361882e+02
1.93062972313361882e+02
1.93062972313361882e+02
2.02285715359729778e+02
2.02285715359729778e+02
2.02285715359729778e+02
2.02285715359729778e+02
2.03557279603635578e+02
2.03557279603635578e+02
2.03557279603635578e+02
2.03557279603635578e+02
1.98803556819395595e+02
1.98803556819395595e+02
1.98803556819395595e+02
1.98803556819395595e+02
2.01035881099680694e+02
2.01035881099680694e+02
2.01035881099680694e+02
2.01035881099680694e+02
1.98898636449853313e+02
1.98898636449853313e+02
1.98898636449853313e+02
1.98898636449853313e+02
2.00982739903687474e+02
2.00982739903687474e+02
2.00982739903687474e+02
2.00982739903687474e+02
1.99896576428464329e+02
1.99896576428464329e+02
1.99896576428464329e+02
1.99896576428464329e+02
2.00434728429285627e+02
2.00434728429285627e+02
2.00434728429285627e+02
2.00434728429285627e+02
1.97483491255885980e+02
1.97483491255885980e+02
1.97483491255885980e+02
1.97483491255885980e+02
2.02320694205125534e+02
2.02320694205125534e+02
2.02320694205125534e+02
2.02320694205125534e+02
1.99875052090664155e+02
1.99875052090664155e+02
1.99875052090664155e+02
1.99875052090664155e+02
2.08611181255926937e+02
2.08611181255926937e+02
2.08611181255926937e+02
2.08611181255926937e+02
2.00961854458164311e+02
2.00961854458164311e+02
2.00961854458164311e+02
2.00961854458164311e+02
2.04216506017612460e+02
2.04216506017612460e+02
2.04216506017612460e+02
2.04216506017612460e+02
2.11919767149045953e+02
2.11919767149045953e+02
2.11919767149045953e+02
2.11919767149045953e+02
1.97332494917533495e+02
1.97332494917533495e+02
1.97332494917533495e+02
1.97332494917533495e+02
1.99697712610359417e+02
1.99697712610359417e+02
1.99697712610359417e+02
1.99697712610359417e+02
1.98379114961765367e+02
1.98379114961765367e+02
1.98379114961765367e+02
1.98379114961765367e+02
1.99459768482428927e+02
1.99459768482428927e+02
1.99459768482428927e+02
1.99459768482428927e+02
2.03631949135351306e+02
2.03631949135351306e+02
2.03631949135351306e+02
2.03631949135351306e+02
1.95115834523523318e+02
1.95115834523523318e+02
1.95115834523523318e+02
1.95115834523523318e+02
2.00694122992937594e+02
2.00694122992937594e+02
2.00694122992937594e+02
2.00694122992937594e+02
2.03666965767109559e+02
2.03666965767109559e+02
2.03666965767109559e+02
2.03666965767109559e+02
1.95828276905977731e+02
1.95828276905977731e+02
1.95828276905977731e+02
1.95828276905977731e+02
1.96259991426195484e+02
1.96259991426195484e+02
1.96259991426195484e+02
1.96259991426195484e+02
1.93371492115533300e+02
1.93371492115533300e+02
1.93371492115533300e+02
1.93371492115533300e+02
1.99439126290526815e+02
1.99439126290526815e+02
1.99439126290526815e+02
1.99439126290526815e+02
2.01756084581918032e+02
2.01756084581918032e+02
2.01756084581918032e+02
2.01756084581918032e+02
1.91157223241713950e+02
1.91157223241713950e+02
1.91157223241713950e+02
1.91157223241713950e+02
2.00050565372066558e+02
2.00050565372066558e+02
2.00050565372066558e+02
2.00050565372066558e+02
2.00486573781880736e+02
2.00486573781880736e+02
2.00486573781880736e+02
2.00486573781880736e+02
1.94391982069319965e+02
1.94391982069319965e+02
1.94391982069319965e+02
1.94391982069319965e+02
2.00461207096813439e+02
2.00461207096813439e+02
2.00461207096813439e+02
2.00461207096813439e+02
2.04530814805362724e+02
2.04530814805362724e+02
2.04530814805362724e+02
2.04530814805362724e+02
2.00233102457398871e+02
2.00233102457398871e+02
2.00233102457398871e+02
2.00233102457398871e+02
1.99612435403210441e+02
1.99612435403210441e+02
1.99612435403210441e+02
1.99612435403210441e+02
1.99316849348225134e+02
1.99316849348225134e+02
1.99316849348225134e+02
1.99316849348225134e+02
1.97984035127727424e+02
1.97984035127727424e+02
1.97984035127727424e+02
1.97984035127727424e+02
1.94982430932294392e+02
1.94982430932294392e+02
1.94982430932294392e+02
1.94982430932294392e+02
1.95468512048053697e+02
1.95468512048053697e+02
1.95468512048053697e+02
1.95468512048053697e+02
2.02115141630724310e+02
2.02115141630724310e+02
2.02115141630724310e+02
2.02115141630724310e+02
2.03104981296981805e+02
2.03104981296981805e+02
2.03104981296981805e+02
2.03104981296981805e+02
1.94268135478430480e+02
1.94268135478430480e+02
1.94268135478430480e+02
1.94268135478430480e+02
2.01066576154659344e+02
2.01066576154659344e+02
2.01066576154659344e+02
2.01066576154659344e+02
1.97355703744976637e+02
1.97355703744976637e+02
1.97355703744976637e+02
1.97355703744976637e+02
1.95659257324007797e+02
1.95659257324007797e+02
1.95659257324007797e+02
1.95659257324007797e+02
1.99334474709306392e+02
1.99334474709306392e+02
1.99334474709306392e+02
1.99334474709306392e+02
2.00948157769149816e+02
2.00948157769149816e+02
2.00948157769149816e+02
2.00948157769149816e+02
2.02541043162670860e+02
2.02541043162670860e+02
2.02541043162670860e+02
2.02541043162670860e+02
2.01687465905304862e+02
2.01687465905304862e+02
2.01687465905304862e+02
2.01687465905304862e+02
2.04715369925084815e+02
2.04715369925084815e+02
2.04715369925084815e+02
2.04715369925084815e+02
2.04844500945054676e+02
2.04844500945054676e+02
2.04844500945054676e+02
2.04844500945054676e+02
1.99433909502990673e+02
1.99433909502990673e+02
1.99433909502990673e+02
1.99433909502990673e+02
2.03648855864550598e+02
2.03648855864550598e+02
2.03648855864550598e+02
2.03648855864550598e+02
2.00388887080667530e+02
2.00388887080667530e+02
2.00388887080667530e+02
2.00388887080667530e+02
1.99984040648977697e+02
1.99984040648977697e+02
1.99984040648977697e+02
1.99984040648977697e+02
2.00640725675389461e+02
2.00640725675389461e+02
2.00640725675389461e+02
2.00640725675389461e+02
2.04270174490555803e+02
2.04270174490555803e+02
2.04270174490555803e+02
2.04270174490555803e+02
1.96405032788077364e+02
1.96405032788077364e+02
1.96405032788077364e+02
1.96405032788077364e+02
2.02138624219771657e+02
2.02138624219771657e+02
2.02138624219771657e+02
2.02138624219771657e+02
2.01196513873933640e+02
2.01196513873933640e+02
2.01196513873933640e+02
2.01196513873933640e+02
1.94868855963327803e+02
1.94868855963327803e+02
1.94868855963327803e+02
1.94868855963327803e+02
2.09003213035578824e+02
2.09003213035578824e+02
2.09003213035578824e+02
2.09003213035578824e+02
1.94755460890706587e+02
1.94755460890706587e+02
1.94755460890706587e+02
1.94755460890706587e+02
2.01268575646736537e+02
2.01268575646736537e+02
2.01268575646736537e+02
2.01268575646736537e+02
2.04135912114345132e+02
2.04135912114345132e+02
2.04135912114345132e+02
2.04135912114345132e+02
1.98079410017276871e+02
1.98079410017276871e+02
1.98079410017276871e+02
1.98079410017276871e+02
2.09661409327025126e+02
2.09661409327025126e+02
2.09661409327025126e+02
2.09661409327025126e+02
2.05770376842974883e+02
2.05770376842974883e+02
2.05770376842974883e+02
2.05770376842974883e+02
2.00791132473181449e+02
2.00791132473181449e+02
2.00791132473181449e+02
2.00791132473181449e+02
2.01083916316376644e+02
2.01083916316376644e+02
2.01083916316376644e+02
2.01083916316376644e+02
2.04078780048673622e+02
2.04078780048673622e+02
2.04078780048673622e+02
2.04078780048673622e+02
2.10403250403257772e+02
2.10403250403257772e+02
2.10403250403257772e+02
2.10403250403257772e+02
2.04162222570568730e+02
2.04162222570568730e+02
2.04162222570568730e+02
2.04162222570568730e+02
2.02704968782593909e+02
2.02704968782593909e+02
2.02704968782593909e+02
2.02704968782593909e+02
1.96684826520769661e+02
1.96684826520769661e+02
1.96684826520769661e+02
1.96684826520769661e+02
1.93898281116218584e+02
1.93898281116218584e+02
1.93898281116218584e+02
1.93898281116218584e+02
1.91476309539630421e+02
1.91476309539630421e+02
1.91476309539630421e+02
1.91476309539630421e+02
1.98111743735033741e+02
1.98111743735033741e+02
1.98111743735033741e+02
1.98111743735033741e+02
2.01790708148723184e+02
2.01790708148723184e+02
2.01790708148723184e+02
2.01790708148723184e+02
2.01904545013577206e+02
2.01904545013577206e+02
2.01904545013577206e+02
2.01904545013577206e+02
1.99256670831479795e+02
1.99256670831479795e+02
1.99256670831479795e+02
1.99256670831479795e+02
1.92590043269414707e+02
1.92590043269414707e+02
1.92590043269414707e+02
1.92590043269414707e+02
2.03472572308489475e+02
2.03472572308489475e+02
2.03472572308489475e+02
2.03472572308489475e+02
1.94422058607083500e+02
1.94422058607083500e+02
1.94422058607083500e+02
1.94422058607083500e+02
2.01153907495643011e+02
2.01153907495643011e+02
2.01153907495643011e+02
2.01153907495643011e+02
1.96140063249110057e+02
1.96140063249110057e+02
1.96140063249110057e+02
1.96140063249110057e+02
1.99739218931972715e+02
1.99739218931972715e+02
1.99739218931972715e+02
1.99739218931972715e+02
2.02115383816493647e+02
2.02115383816493647e+02
2.02115383816493647e+02
2.02115383816493647e+02
2.00121395335687879e+02
2.00121395335687879e+02
2.00121395335687879e+02
2.00121395335687879e+02
1.99701346285674987e+02
1.99701346285674987e+02
1.99701346285674987e+02
1.99701346285674987e+02
1.91221922939034016e+02
1.91221922939034016e+02
1.91221922939034016e+02
1.91221922939034016e+02
1.93041728994248700e+02
1.93041728994248700e+02
1.93041728994248700e+02
1.93041728994248700e+02
2.10708013483209413e+02
2.10708013483209413e+02
2.10708013483209413e+02
2.10708013483209413e+02
2.08091178359529493e+02
2.08091178359529493e+02
2.08091178359529493e+02
2.08091178359529493e+02
2.03514831940871062e+02
2.03514831940871062e+02
2.03514831940871062e+02
2.03514831940871062e+02
1.95276111640545963e+02
1.95276111640545963e+02
1.95276111640545963e+02
1.95276111640545963e+02
2.06537590205434242e+02
2.06537590205434242e+02
2.06537590205434242e+02
2.06537590205434242e+02
1.96391195549564941e+02
1.96391195549564941e+02
1.96391195549564941e+02
1.96391195549564941e+02
2.01534153160343891e+02
2.01534153160343891e+02
2.01534153160343891e+02
2.01534153160343891e+02
2.01600537864682025e+02
2.01600537864682025e+02
2.01600537864682025e+02
2.01600537864682025e+02
2.01719991429678061e+02
2.01719991429678061e+02
2.01719991429678061e+02
2.01719991429678061e+02
2.00834765565295811e+02
2.00834765565295811e+02
2.00834765565295811e+02
2.00834765565295811e+02
2.03120370580140559e+02
2.03120370580140559e+02
2.03120370580140559e+02
2.03120370580140559e+02
1.91296959507017959e+02
1.91296959507017959e+02
1.91296959507017959e+02
1.91296959507017959e+02
2.01573536459647187e+02
2.01573536459647187e+02
2.01573536459647187e+02
2.01573536459647187e+02
1.97253162090509875e+02
1.97253162090509875e+02
1.97253162090509875e+02
1.97253162090509875e+02
1.97317934372005340e+02
1.97317934372005340e+02
1.97317934372005340e+02
1.97317934372005340e+02
1.95177542974222632e+02
1.95177542974222632e+02
1.95177542974222632e+02
1.95177542974222632e+02
2.06220760014171049e+02
2.06220760014171049e+02
2.06220760014171049e+02
2.06220760014171049e+02
1.99763937667988898e+02
1.99763937667988898e+02
1.99763937667988898e+02
1.99763937667988898e+02
1.94622317428949742e+02
1.94622317428949742e+02
1.94622317428949742e+02
1.94622317428949742e+02
2.04479433424739597e+02
2.04479433424739597e+02
2.04479433424739597e+02
2.04479433424739597e+02
2.06158280604243345e+02
2.06158280604243345e+02
2.06158280604243345e+02
2.06158280604243345e+02
1.97619656714357063e+02
1.97619656714357063e+02
1.97619656714357063e+02
1.97619656714357063e+02
1.98935984343499655e+02
1.98935984343499655e+02
1.98935984343499655e+02
1.98935984343499655e+02
1.97120957023256835e+02
1.97120957023256835e+02
1.97120957023256835e+02
1.97120957023256835e+02
1.98808387954667893e+02
1.98808387954667893e+02
1.98808387954667893e+02
1.98808387954667893e+02
1.97289878064496918e+02
1.97289878064496918e+02
1.97289878064496918e+02
1.97289878064496918e+02
1.98330843765746806e+02
1.98330843765746806e+02
1.98330843765746806e+02
1.98330843765746806e+02
1.94315765472786950e+02
1.94315765472786950e+02
1.94315765472786950e+02
1.94315765472786950e+02
1.95723998301134827e+02
1.95723998301134827e+02
1.95723998301134827e+02
1.95723998301134827e+02
2.04859169371898702e+02
2.04859169371898702e+02
2.04859169371898702e+02
2.04859169371898702e+02
2.00388258702910150e+02
2.00388258702910150e+02
2.00388258702910150e+02
2.00388258702910150e+02
2.00044883557876489e+02
2.00044883557876489e+02
2.00044883557876489e+02
2.00044883557876489e+02
2.02766883396219697e+02
2.02766883396219697e+02
2.02766883396219697e+02
2.02766883396219697e+02
1.91444534201017916e+02
1.91444534201017916e+02
1.91444534201017916e+02
1.91444534201017916e+02
1.93919604932626243e+02
1.93919604932626243e+02
1.93919604932626243e+02
1.93919604932626243e+02
1.99764205156813034e+02
1.99764205156813034e+02
1.99764205156813034e+02
1.99764205156813034e+02
1.99264234750412299e+02
1.99264234750412299e+02
1.99264234750412299e+02
1.99264234750412299e+02
1.92957333279588255e+02
1.92957333279588255e+02
1.92957333279588255e+02
1.92957333279588255e+02
2.07068570339706525e+02
2.07068570339706525e+02
2.07068570339706525e+02
2.07068570339706525e+02
2.06470366211557092e+02
2.06470366211557092e+02
2.06470366211557092e+02
2.06470366211557092e+02
2.08647430377450007e+02
2.08647430377450007e+02
2.08647430377450007e+02
2.08647430377450007e+02
2.04210811834318775e+02
2.04210811834318775e+02
2.04210811834318775e+02
2.04210811834318775e+02
1.96459222906202768e+02
1.96459222906202768e+02
1.96459222906202768e+02
1.96459222906202768e+02
1.95717648462593871e+02
1.95717648462593871e+02
1.95717648462593871e+02
1.95717648462593871e+02
2.11016790597341185e+02
2.11016790597341185e+02
2.11016790597341185e+02
2.11016790597341185e+02
2.09625889972381657e+02
2.09625889972381657e+02
2.09625889972381657e+02
2.09625889972381657e+02
2.04440174406354686e+02
2.04440174406354686e+02
2.04440174406354686e+02
2.04440174406354686e+02
2.04960775619241275e+02
2.04960775619241275e+02
2.04960775619241275e+02
2.04960775619241275e+02
1.99093840869926566e+02
1.99093840869926566e+02
1.99093840869926566e+02
1.99093840869926566e+02
1.96230149733771299e+02
1.96230149733771299e+02
1.96230149733771299e+02
1.96230149733771299e+02
1.93590916519905562e+02
1.93590916519905562e+02
1.93590916519905562e+02
1.93590916519905562e+02
1.97083425749474799e+02
1.97083425749474799e+02
1.97083425749474799e+02
1.97083425749474799e+02
1.95115755604028038e+02
1.95115755604028038e+02
1.95115755604028038e+02
1.95115755604028038e+02
2.04070040165843551e+02
2.04070040165843551e+02
2.04070040165843551e+02
2.04070040165843551e+02
1.94059085401631080e+02
1.94059085401631080e+02
1.94059085401631080e+02
1.94059085401631080e+02
1.97546070363760208e+02
1.97546070363760208e+02
1.97546070363760208e+02
1.97546070363760208e+02
1.97317101787393511e+02
1.97317101787393511e+02
1.97317101787393511e+02
1.97317101787393511e+02
1.95578814839798838e+02
1.95578814839798838e+02
1.95578814839798838e+02
1.95578814839798838e+02
1.95267812540821552e+02
1.95267812540821552e+02
1.95267812540821552e+02
1.95267812540821552e+02
1.94710874715218296e+02
1.94710874715218296e+02
1.94710874715218296e+02
1.94710874715218296e+02
2.06260992675536443e+02
2.06260992675536443e+02
2.06260992675536443e+02
2.06260992675536443e+02
2.03906077967436005e+02
2.03906077967436005e+02
2.03906077967436005e+02
2.03906077967436005e+02
1.92188145150433400e+02
1.92188145150433400e+02
1.92188145150433400e+02
1.92188145150433400e+02
2.01781900474611689e+02
2.01781900474611689e+02
2.01781900474611689e+02
2.01781900474611689e+02
2.00307810765542541e+02
2.00307810765542541e+02
2.00307810765542541e+02
2.00307810765542541e+02
2.03797840666843200e+02
2.03797840666843200e+02
2.03797840666843200e+02
2.03797840666843200e+02
2.01769247793511141e+02
2.01769247793511141e+02
2.01769247793511141e+02
2.01769247793511141e+02
2.04524948034240566e+02
2.04524948034240566e+02
2.04524948034240566e+02
2.04524948034240566e+02
1.97572850975619531e+02
1.97572850975619531e+02
1.97572850975619531e+02
1.97572850975619531e+02
1.99658252813729575e+02
1.99658252813729575e+02
1.99658252813729575e+02
1.99658252813729575e+02
1.95991644744011325e+02
1.95991644744011325e+02
1.95991644744011325e+02
1.95991644744011325e+02
1.91679513755715618e+02
1.91679513755715618e+02
1.91679513755715618e+02
1.91679513755715618e+02
1.97837496074363116e+02
1.97837496074363116e+02
1.97837496074363116e+02
1.97837496074363116e+02
1.97656668691127976e+02
1.97656668691127976e+02
1.97656668691127976e+02
1.97656668691127976e+02
1.97880910314071798e+02
1.97880910314071798e+02
1.97880910314071798e+02
1.97880910314071798e+02
2.00953510503001439e+02
2.00953510503001439e+02
2.00953510503001439e+02
2.00953510503001439e+02
1.99807782719366656e+02
1.99807782719366656e+02
1.99807782719366656e+02
1.99807782719366656e+02
2.01852475311930192e+02
2.01852475311930192e+02
2.01852475311930192e+02
2.01852475311930192e+02
1.98762090276111678e+02
1.98762090276111678e+02
1.98762090276111678e+02
1.98762090276111678e+02
2.01494571133716619e+02
2.01494571133716619e+02
2.01494571133716619e+02
2.01494571133716619e+02
2.03881103700161219e+02
2.03881103700161219e+02
2.03881103700161219e+02
2.03881103700161219e+02
2.01554941752123966e+02
2.01554941752123966e+02
2.01554941752123966e+02
2.01554941752123966e+02
2.00896357272774196e+02
2.00896357272774196e+02
2.00896357272774196e+02
2.00896357272774196e+02
2.03894596165296235e+02
2.03894596165296235e+02
2.03894596165296235e+02
2.03894596165296235e+02
1.99618075273415940e+02
1.99618075273415940e+02
1.99618075273415940e+02
1.99618075273415940e+02
2.02160413691467255e+02
2.02160413691467255e+02
2.02160413691467255e+02
2.02160413691467255e+02
1.96648012602127125e+02
1.96648012602127125e+02
1.96648012602127125e+02
1.96648012602127125e+02
1.95509967735472856e+02
1.95509967735472856e+02
1.95509967735472856e+02
1.95509967735472856e+02
2.00532181678098709e+02
2.00532181678098709e+02
2.00532181678098709e+02
2.00532181678098709e+02
1.97501371611825732e+02
1.97501371611825732e+02
1.97501371611825732e+02
1.97501371611825732e+02
2.00535925785724601e+02
2.00535925785724601e+02
2.00535925785724601e+02
2.00535925785724601e+02
1.94180107822884366e+02
1.94180107822884366e+02
1.94180107822884366e+02
1.94180107822884366e+02
1.96365713582381460e+02
1.96365713582381460e+02
1.96365713582381460e+02
1.96365713582381460e+02
1.96000222340903491e+02
1.96000222340903491e+02
1.96000222340903491e+02
1.96000222340903491e+02
1.96021157384252717e+02
1.96021157384252717e+02
1.96021157384252717e+02
1.96021157384252717e+02
1.90335356762327393e+02
1.90335356762327393e+02
1.90335356762327393e+02
1.90335356762327393e+02
1.89265905244046820e+02
1.89265905244046820e+02
1.89265905244046820e+02
1.89265905244046820e+02
1.97652009592955579e+02
1.97652009592955579e+02
1.97652009592955579e+02
1.97652009592955579e+02
1.99412987039266142e+02
1.99412987039266142e+02
1.99412987039266142e+02
1.99412987039266142e+02
1.92671714914710378e+02
1.92671714914710378e+02
1.92671714914710378e+02
1.92671714914710378e+02
1.91171654864352973e+02
1.91171654864352973e+02
1.91171654864352973e+02
1.91171654864352973e+02
1.95006077724782728e+02
1.95006077724782728e+02
1.95006077724782728e+02
1.95006077724782728e+02
1.96398120406816560e+02
1.96398120406816560e+02
1.96398120406816560e+02
1.96398120406816560e+02
1.98445917510621285e+02
1.98445917510621285e+02
1.98445917510621285e+02
1.98445917510621285e+02
1.97657305235211595e+02
1.97657305235211595e+02
1.97657305235211595e+02
1.97657305235211595e+02
1.91639587721709489e+02
1.91639587721709489e+02
1.91639587721709489e+02
1.91639587721709489e+02
1.90071100097174792e+02
1.90071100097174792e+02
1.90071100097174792e+02
1.90071100097174792e+02
1.98052289508958353e+02
1.98052289508958353e+02
1.98052289508958353e+02
1.98052289508958353e+02
1.99952835228467961e+02
1.99952835228467961e+02
1.99952835228467961e+02
1.99952835228467961e+02
1.97925988136327561e+02
1.97925988136327561e+02
1.97925988136327561e+02
1.97925988136327561e+02
1.93768302604139308e+02
1.93768302604139308e+02
1.93768302604139308e+02
1.93768302604139308e+02
1.92465355928417296e+02
1.92465355928417296e+02
1.92465355928417296e+02
1.92465355928417296e+02
1.97625110428888746e+02
1.97625110428888746e+02
1.97625110428888746e+02
1.97625110428888746e+02
1.96567778887199324e+02
1.96567778887199324e+02
1.96567778887199324e+02
1.96567778887199324e+02
1.96497369828835019e+02
1.96497369828835019e+02
1.96497369828835019e+02
1.96497369828835019e+02
2.00578123041434623e+02
2.00578123041434623e+02
2.00578123041434623e+02
2.00578123041434623e+02
2.03109695720888709e+02
2.03109695720888709e+02
2.03109695720888709e+02
2.03109695720888709e+02
2.00513370004697123e+02
2.00513370004697123e+02
2.00513370004697123e+02
2.00513370004697123e+02
2.00203356147235894e+02
2.00203356147235894e+02
2.00203356147235894e+02
2.00203356147235894e+02
2.03762253020515004e+02
2.03762253020515004e+02
2.03762253020515004e+02
2.03762253020515004e+02
2.02572785640804540e+02
2.02572785640804540e+02
2.02572785640804540e+02
2.02572785640804540e+02
1.97928713591899964e+02
1.97928713591899964e+02
1.97928713591899964e+02
1.97928713591899964e+02
2.04089474235295398e+02
2.04089474235295398e+02
2.04089474235295398e+02
2.04089474235295398e+02
1.98186050675826777e+02
1.98186050675826777e+02
1.98186050675826777e+02
1.98186050675826777e+02
1.99939572999802635e+02
1.99939572999802635e+02
1.99939572999802635e+02
1.99939572999802635e+02
1.97320856524823228e+02
1.97320856524823228e+02
1.97320856524823228e+02
1.97320856524823228e+02
1.97640785768547715e+02
1.97640785768547715e+02
1.97640785768547715e+02
1.97640785768547715e+02
2.02389517889822514e+02
2.02389517889822514e+02
2.02389517889822514e+02
2.02389517889822514e+02
2.01554497828777045e+02
2.01554497828777045e+02
2.01554497828777045e+02
2.01554497828777045e+02
2.02356841220069725e+02
2.02356841220069725e+02
2.02356841220069725e+02
2.02356841220069725e+02
1.98329663492853541e+02
1.98329663492853541e+02
1.98329663492853541e+02
1.98329663492853541e+02
2.01525610607162349e+02
2.01525610607162349e+02
2.01525610607162349e+02
2.01525610607162349e+02
2.01975932158156610e+02
2.01975932158156610e+02
2.01975932158156610e+02
2.01975932158156610e+02
1.96404199727626889e+02
1.96404199727626889e+02
1.96404199727626889e+02
1.96404199727626889e+02
1.99607091598097782e+02
1.99607091598097782e+02
1.99607091598097782e+02
1.99607091598097782e+02
1.97859705137785312e+02
1.97859705137785312e+02
1.97859705137785312e+02
1.97859705137785312e+02
1.99922545401399702e+02
1.99922545401399702e+02
1.99922545401399702e+02
1.99922545401399702e+02
1.96620101868392425e+02
1.96620101868392425e+02
1.96620101868392425e+02
1.96620101868392425e+02
2.00225724177804921e+02
2.00225724177804921e+02
2.00225724177804921e+02
2.00225724177804921e+02
2.00320172110106625e+02
2.00320172110106625e+02
2.00320172110106625e+02
2.00320172110106625e+02
1.95140077062117911e+02
1.95140077062117911e+02
1.95140077062117911e+02
1.95140077062117911e+02
2.01459773985656540e+02
2.01459773985656540e+02
2.01459773985656540e+02
2.01459773985656540e+02
1.97090404783954739e+02
1.97090404783954739e+02
1.97090404783954739e+02
1.97090404783954739e+02
1.99563658901401055e+02
1.99563658901401055e+02
1.99563658901401055e+02
1.99563658901401055e+02
2.03314259518123094e+02
2.03314259518123094e+02
2.03314259518123094e+02
2.03314259518123094e+02
1.99205393363731758e+02
1.99205393363731758e+02
1.99205393363731758e+02
1.99205393363731758e+02
2.00496795450971490e+02
2.00496795450971490e+02
2.00496795450971490e+02
2.00496795450971490e+02
2.00742154558482525e+02
2.00742154558482525e+02
2.00742154558482525e+02
2.00742154558482525e+02
2.03364453369962860e+02
2.03364453369962860e+02
2.03364453369962860e+02
2.03364453369962860e+02
1.97440876413272917e+02
1.97440876413272917e+02
1.97440876413272917e+02
1.97440876413272917e+02
1.97497114646669814e+02
1.97497114646669814e+02
1.97497114646669814e+02
1.97497114646669814e+02
2.01372702169524331e+02
2.01372702169524331e+02
2.01372702169524331e+02
2.01372702169524331e+02
1.99759854420951626e+02
1.99759854420951626e+02
1.99759854420951626e+02
1.99759854420951626e+02
1.97318254384619820e+02
1.97318254384619820e+02
1.97318254384619820e+02
1.97318254384619820e+02
1.98337483450192650e+02
1.98337483450192650e+02
1.98337483450192650e+02
1.98337483450192650e+02
2.03748212590218827e+02
2.03748212590218827e+02
2.03748212590218827e+02
2.03748212590218827e+02
2.06347621265639930e+02
2.06347621265639930e+02
2.06347621265639930e+02
2.06347621265639930e+02
2.03402856114983848e+02
2.03402856114983848e+02
2.03402856114983848e+02
2.03402856114983848e+02
2.04129022012302812e+02
2.04129022012302812e+02
2.04129022012302812e+02
2.04129022012302812e+02
2.04122404295859923e+02
2.04122404295859923e+02
2.04122404295859923e+02
2.04122404295859923e+02
2.02012752058587637e+02
2.02012752058587637e+02
2.02012752058587637e+02
2.02012752058587637e+02
2.04143680950641794e+02
2.04143680950641794e+02
2.04143680950641794e+02
2.04143680950641794e+02
2.02038550968774047e+02
2.02038550968774047e+02
2.02038550968774047e+02
2.02038550968774047e+02
1.97575580391123339e+02
1.97575580391123339e+02
1.97575580391123339e+02
1.97575580391123339e+02
2.00638440341455237e+02
2.00638440341455237e+02
2.00638440341455237e+02
2.00638440341455237e+02
1.98256591324981372e+02
1.98256591324981372e+02
1.98256591324981372e+02
1.98256591324981372e+02
1.99430575508163059e+02
1.99430575508163059e+02
1.99430575508163059e+02
1.99430575508163059e+02
1.93597501585028454e+02
1.93597501585028454e+02
1.93597501585028454e+02
1.93597501585028454e+02
2.03242929107142686e+02
2.03242929107142686e+02
2.03242929107142686e+02
2.03242929107142686e+02
2.04756296826353861e+02
2.04756296826353861e+02
2.04756296826353861e+02
2.04756296826353861e+02
1.99831469390012501e+02
1.99831469390012501e+02
1.99831469390012501e+02
1.99831469390012501e+02
1.98771888249174850e+02
1.98771888249174850e+02
1.98771888249174850e+02
1.98771888249174850e+02
2.02241444109887567e+02
2.02241444109887567e+02
2.02241444109887567e+02
2.02241444109887567e+02
1.95036817137629100e+02
1.95036817137629100e+02
1.95036817137629100e+02
1.95036817137629100e+02
1.96560457716050792e+02
1.96560457716050792e+02
1.96560457716050792e+02
1.96560457716050792e+02
1.91228960462418172e+02
1.91228960462418172e+02
1.91228960462418172e+02
1.91228960462418172e+02
1.93317888391178229e+02
1.93317888391178229e+02
1.93317888391178229e+02
1.93317888391178229e+02
1.91122092248137847e+02
1.91122092248137847e+02
1.91122092248137847e+02
1.91122092248137847e+02
1.93968587295170863e+02
1.93968587295170863e+02
1.93968587295170863e+02
1.93968587295170863e+02
2.07488862967249247e+02
2.07488862967249247e+02
2.07488862967249247e+02
2.07488862967249247e+02
2.02027869281567177e+02
2.02027869281567177e+02
2.02027869281567177e+02
2.02027869281567177e+02
2.01580573805410495e+02
2.01580573805410495e+02
2.01580573805410495e+02
2.01580573805410495e+02
2.00523217692547519e+02
2.00523217692547519e+02
2.00523217692547519e+02
2.00523217692547519e+02
2.01949245419780027e+02
2.01949245419780027e+02
2.01949245419780027e+02
2.01949245419780027e+02
2.02531390433209879e+02
2.02531390433209879e+02
2.02531390433209879e+02
2.02531390433209879e+02
2.00947611994842958e+02
2.00947611994842958e+02
2.00947611994842958e+02
2.00947611994842958e+02
2.04237349322826759e+02
2.04237349322826759e+02
2.04237349322826759e+02
2.04237349322826759e+02
1.87830921065034971e+02
1.87830921065034971e+02
1.87830921065034971e+02
1.87830921065034971e+02
1.95797308614132191e+02
1.95797308614132191e+02
1.95797308614132191e+02
1.95797308614132191e+02
2.09454659038656018e+02
2.09454659038656018e+02
2.09454659038656018e+02
2.09454659038656018e+02
2.01176251569823535e+02
2.01176251569823535e+02
2.01176251569823535e+02
2.01176251569823535e+02
1.98647029371017908e+02
1.98647029371017908e+02
1.98647029371017908e+02
1.98647029371017908e+02
2.00364544907266037e+02
2.00364544907266037e+02
2.00364544907266037e+02
2.00364544907266037e+02
2.06314517049711611e+02
2.06314517049711611e+02
2.06314517049711611e+02
2.06314517049711611e+02
1.97646157331338941e+02
1.97646157331338941e+02
1.97646157331338941e+02
1.97646157331338941e+02
2.02548792298507323e+02
2.02548792298507323e+02
2.02548792298507323e+02
2.02548792298507323e+02
2.06279667828330957e+02
2.06279667828330957e+02
2.06279667828330957e+02
2.06279667828330957e+02
2.05537157217529341e+02
2.05537157217529341e+02
2.05537157217529341e+02
2.05537157217529341e+02
2.04173376882912237e+02
2.04173376882912237e+02
2.04173376882912237e+02
2.04173376882912237e+02
2.05191024775983635e+02
2.05191024775983635e+02
2.05191024775983635e+02
2.05191024775983635e+02
2.00822349477927560e+02
2.00822349477927560e+02
2.00822349477927560e+02
2.00822349477927560e+02
2.04570808416302611e+02
2.04570808416302611e+02
2.04570808416302611e+02
2.04570808416302611e+02
1.99498651186963656e+02
1.99498651186963656e+02
1.99498651186963656e+02
1.99498651186963656e+02
2.03047711148037706e+02
2.03047711148037706e+02
2.03047711148037706e+02
2.03047711148037706e+02
2.03266397279189931e+02
2.03266397279189931e+02
2.03266397279189931e+02
2.03266397279189931e+02
1.97028710578792555e+02
1.97028710578792555e+02
1.97028710578792555e+02
1.97028710578792555e+02
2.02922700492492964e+02
2.02922700492492964e+02
2.02922700492492964e+02
2.02922700492492964e+02
2.10878217710184003e+02
2.10878217710184003e+02
2.10878217710184003e+02
2.10878217710184003e+02
2.06835856610847003e+02
2.06835856610847003e+02
2.06835856610847003e+02
2.06835856610847003e+02
1.95677767993371873e+02
1.95677767993371873e+02
1.95677767993371873e+02
1.95677767993371873e+02
2.00464023324980388e+02
2.00464023324980388e+02
2.00464023324980388e+02
2.00464023324980388e+02
1.93541152442764115e+02
1.93541152442764115e+02
1.93541152442764115e+02
1.93541152442764115e+02
2.00592261422644384e+02
2.00592261422644384e+02
2.00592261422644384e+02
2.00592261422644384e+02
1.99525423510422598e+02
1.99525423510422598e+02
1.99525423510422598e+02
1.99525423510422598e+02
1.95871098126644341e+02
1.95871098126644341e+02
1.95871098126644341e+02
1.95871098126644341e+02
1.96383833990934477e+02
1.96383833990934477e+02
1.96383833990934477e+02
1.96383833990934477e+02
1.97277931678967832e+02
1.97277931678967832e+02
1.97277931678967832e+02
1.97277931678967832e+02
2.00027374516143254e+02
2.00027374516143254e+02
2.00027374516143254e+02
2.00027374516143254e+02
1.98216399206013421e+02
1.98216399206013421e+02
1.98216399206013421e+02
1.98216399206013421e+02
1.97164630323213544e+02
1.97164630323213544e+02
1.97164630323213544e+02
1.97164630323213544e+02
2.01848583761779736e+02
2.01848583761779736e+02
2.01848583761779736e+02
2.01848583761779736e+02
2.01017854907187427e+02
2.01017854907187427e+02
2.01017854907187427e+02
2.01017854907187427e+02
1.96742834852802361e+02
1.96742834852802361e+02
1.96742834852802361e+02
1.96742834852802361e+02
1.96184786603051776e+02
1.96184786603051776e+02
1.96184786603051776e+02
1.96184786603051776e+02
2.02033688013428957e+02
2.02033688013428957e+02
2.02033688013428957e+02
2.02033688013428957e+02
1.95616847262490836e+02
1.95616847262490836e+02
1.95616847262490836e+02
1.95616847262490836e+02
1.99279656558429821e+02
1.99279656558429821e+02
1.99279656558429821e+02
1.99279656558429821e+02
1.93565702203773697e+02
1.93565702203773697e+02
1.93565702203773697e+02
1.93565702203773697e+02
1.96705481957474177e+02
1.96705481957474177e+02
1.96705481957474177e+02
1.96705481957474177e+02
2.02633011805773890e+02
2.02633011805773890e+02
2.02633011805773890e+02
2.02633011805773890e+02
2.01180276902250455e+02
2.01180276902250455e+02
2.01180276902250455e+02
2.01180276902250455e+02
1.98872965848775635e+02
1.98872965848775635e+02
1.98872965848775635e+02
1.98872965848775635e+02
1.94924836205716844e+02
1.94924836205716844e+02
1.94924836205716844e+02
1.94924836205716844e+02
1.96979720138879031e+02
1.96979720138879031e+02
1.96979720138879031e+02
1.96979720138879031e+02
1.99060558536477146e+02
1.99060558536477146e+02
1.99060558536477146e+02
1.99060558536477146e+02
2.03478449223339709e+02
2.03478449223339709e+02
2.03478449223339709e+02
2.03478449223339709e+02
1.99703221666645902e+02
1.99703221666645902e+02
1.99703221666645902e+02
1.99703221666645902e+02
1.99786297402564145e+02
1.99786297402564145e+02
1.99786297402564145e+02
1.99786297402564145e+02
1.96860299258185648e+02
1.96860299258185648e+02
1.96860299258185648e+02
1.96860299258185648e+02
1.94189001399753124e+02
1.94189001399753124e+02
1.94189001399753124e+02
1.94189001399753124e+02
2.00964915740122620e+02
2.00964915740122620e+02
2.00964915740122620e+02
2.00964915740122620e+02
1.97731446668754757e+02
1.97731446668754757e+02
1.97731446668754757e+02
1.97731446668754757e+02
1.99625511752211622e+02
1.99625511752211622e+02
1.99625511752211622e+02
1.99625511752211622e+02
2.05037394946480646e+02
2.05037394946480646e+02
2.05037394946480646e+02
2.05037394946480646e+02
1.97473625878517566e+02
1.97473625878517566e+02
1.97473625878517566e+02
1.97473625878517566e+02
1.97919224628184907e+02
1.97919224628184907e+02
1.97919224628184907e+02
1.97919224628184907e+02
2.04573280582990066e+02
2.04573280582990066e+02
2.04573280582990066e+02
2.04573280582990066e+02
1.98033610448891039e+02
1.98033610448891039e+02
1.98033610448891039e+02
1.98033610448891039e+02
1.93902562240636229e+02
1.93902562240636229e+02
1.93902562240636229e+02
1.93902562240636229e+02
2.04032670401523518e+02
2.04032670401523518e+02
2.04032670401523518e+02
2.04032670401523518e+02
1.95041192556722393e+02
1.95041192556722393e+02
1.95041192556722393e+02
1.95041192556722393e+02
2.00417071815807162e+02
2.00417071815807162e+02
2.00417071815807162e+02
2.00417071815807162e+02
1.96852139197078145e+02
1.96852139197078145e+02
1.96852139197078145e+02
1.96852139197078145e+02
2.07533837656359964e+02
2.07533837656359964e+02
2.07533837656359964e+02
2.07533837656359964e+02
1.98754280487907323e+02
1.98754280487907323e+02
1.98754280487907323e+02
1.98754280487907323e+02
1.98737348773380063e+02
1.98737348773380063e+02
1.98737348773380063e+02
1.98737348773380063e+02
2.03075417398929147e+02
2.03075417398929147e+02
2.03075417398929147e+02
2.03075417398929147e+02
1.94093348994597136e+02
1.94093348994597136e+02
1.94093348994597136e+02
1.94093348994597136e+02
2.07745495388044674e+02
2.07745495388044674e+02
2.07745495388044674e+02
2.07745495388044674e+02
2.05780034696959348e+02
2.05780034696959348e+02
2.05780034696959348e+02
2.05780034696959348e+02
1.99278372702786243e+02
1.99278372702786243e+02
1.99278372702786243e+02
1.99278372702786243e+02
1.96120401107382037e+02
1.96120401107382037e+02
1.96120401107382037e+02
1.96120401107382037e+02
2.00558857969152569e+02
2.00558857969152569e+02
2.00558857969152569e+02
2.00558857969152569e+02
1.97817384507844764e+02
1.97817384507844764e+02
1.97817384507844764e+02
1.97817384507844764e+02
1.98035754856603916e+02
1.98035754856603916e+02
1.98035754856603916e+02
1.98035754856603916e+02
2.02090779753880383e+02
2.02090779753880383e+02
2.02090779753880383e+02
2.02090779753880383e+02
2.05991435316979278e+02
2.05991435316979278e+02
2.05991435316979278e+02
2.05991435316979278e+02
1.96230425379227995e+02
1.96230425379227995e+02
1.96230425379227995e+02
1.96230425379227995e+02
2.05296532439080892e+02
2.05296532439080892e+02
2.05296532439080892e+02
2.05296532439080892e+02
2.05675406003579212e+02
2.05675406003579212e+02
2.05675406003579212e+02
2.05675406003579212e+02
2.06725036689612296e+02
2.06725036689612296e+02
2.06725036689612296e+02
2.06725036689612296e+02
2.00879612506613057e+02
2.00879612506613057e+02
2.00879612506613057e+02
2.00879612506613057e+02
1.99572245294763121e+02
1.99572245294763121e+02
1.99572245294763121e+02
1.99572245294763121e+02
1.97599270603580408e+02
1.97599270603580408e+02
1.97599270603580408e+02
1.97599270603580408e+02
1.96924273158495282e+02
1.96924273158495282e+02
1.96924273158495282e+02
1.96924273158495282e+02
2.02746917561432582e+02
2.02746917561432582e+02
2.02746917561432582e+02
2.02746917561432582e+02
2.00061288074532456e+02
2.00061288074532456e+02
2.00061288074532456e+02
2.00061288074532456e+02
2.05329851599872853e+02
2.05329851599872853e+02
2.05329851599872853e+02
2.05329851599872853e+02
2.09826026765023926e+02
2.09826026765023926e+02
2.09826026765023926e+02
2.09826026765023926e+02
1.99376864644565558e+02
1.99376864644565558e+02
1.99376864644565558e+02
1.99376864644565558e+02
2.01877679899402949e+02
2.01877679899402949e+02
2.01877679899402949e+02
2.01877679899402949e+02
1.92592174462020267e+02
1.92592174462020267e+02
1.92592174462020267e+02
1.92592174462020267e+02
1.97492254861709057e+02
1.97492254861709057e+02
1.97492254861709057e+02
1.97492254861709057e+02
1.93038503546740657e+02
1.93038503546740657e+02
1.93038503546740657e+02
1.93038503546740657e+02
1.99833780847493671e+02
1.99833780847493671e+02
1.99833780847493671e+02
1.99833780847493671e+02
2.03425145066820903e+02
2.03425145066820903e+02
2.03425145066820903e+02
2.03425145066820903e+02
1.90609846992817495e+02
1.90609846992817495e+02
1.90609846992817495e+02
1.90609846992817495e+02
1.93073416959735425e+02
1.93073416959735425e+02
1.93073416959735425e+02
1.93073416959735425e+02
1.94668527834977795e+02
1.94668527834977795e+02
1.94668527834977795e+02
1.94668527834977795e+02
1.98106680396167121e+02
1.98106680396167121e+02
1.98106680396167121e+02
1.98106680396167121e+02
2.00659270315194362e+02
2.00659270315194362e+02
2.00659270315194362e+02
2.00659270315194362e+02
2.01552732906103472e+02
2.01552732906103472e+02
2.01552732906103472e+02
2.01552732906103472e+02
2.00571187713941555e+02
2.00571187713941555e+02
2.00571187713941555e+02
2.00571187713941555e+02
2.01877222473908233e+02
2.01877222473908233e+02
2.01877222473908233e+02
2.01877222473908233e+02
2.04738762535291016e+02
2.04738762535291016e+02
2.04738762535291016e+02
2.04738762535291016e+02
2.01140775341888741e+02
2.01140775341888741e+02
2.01140775341888741e+02
2.01140775341888741e+02
2.00072691017889980e+02
2.00072691017889980e+02
2.00072691017889980e+02
2.00072691017889980e+02
2.00425011613108751e+02
2.00425011613108751e+02
2.00425011613108751e+02
2.00425011613108751e+02
2.04731352699567566e+02
2.04731352699567566e+02
2.04731352699567566e+02
2.04731352699567566e+02
2.03256117379123282e+02
2.03256117379123282e+02
2.03256117379123282e+02
2.03256117379123282e+02
1.99452119904979952e+02
1.99452119904979952e+02
1.99452119904979952e+02
1.99452119904979952e+02
1.97133864816485101e+02
1.97133864816485101e+02
1.97133864816485101e+02
1.97133864816485101e+02
2.00674176129313850e+02
2.00674176129313850e+02
2.00674176129313850e+02
2.00674176129313850e+02
1.97429306480428323e+02
1.97429306480428323e+02
1.97429306480428323e+02
1.97429306480428323e+02
2.03802330158287930e+02
2.03802330158287930e+02
2.03802330158287930e+02
2.03802330158287930e+02
1.97447527595452783e+02
1.97447527595452783e+02
1.97447527595452783e+02
1.97447527595452783e+02
2.06775821653855445e+02
2.06775821653855445e+02
2.06775821653855445e+02
2.06775821653855445e+02
2.02914662893142349e+02
2.02914662893142349e+02
2.02914662893142349e+02
2.02914662893142349e+02
1.99322789611948110e+02
1.99322789611948110e+02
1.99322789611948110e+02
1.99322789611948110e+02
2.00321719886767795e+02
2.00321719886767795e+02
2.00321719886767795e+02
2.00321719886767795e+02
1.99730297199071487e+02
1.99730297199071487e+02
1.99730297199071487e+02
1.99730297199071487e+02
1.98730845328662411e+02
1.98730845328662411e+02
1.98730845328662411e+02
1.98730845328662411e+02
2.05106943225761739e+02
2.05106943225761739e+02
2.05106943225761739e+02
2.05106943225761739e+02
2.02731675989766870e+02
2.02731675989766870e+02
2.02731675989766870e+02
2.02731675989766870e+02
2.02854485088701239e+02
2.02854485088701239e+02
2.02854485088701239e+02
2.02854485088701239e+02
1.97946900252595299e+02
1.97946900252595299e+02
1.97946900252595299e+02
1.97946900252595299e+02
1.98714169316994429e+02
1.98714169316994429e+02
1.98714169316994429e+02
1.98714169316994429e+02
2.12079206881823154e+02
2.12079206881823154e+02
2.12079206881823154e+02
2.12079206881823154e+02
2.13876753753371077e+02
2.13876753753371077e+02
2.13876753753371077e+02
2.13876753753371077e+02
1.97390886174613769e+02
1.97390886174613769e+02
1.97390886174613769e+02
1.97390886174613769e+02
2.04193458363493733e+02
2.04193458363493733e+02
2.04193458363493733e+02
2.04193458363493733e+02
2.02399704504090892e+02
2.02399704504090892e+02
2.02399704504090892e+02
2.02399704504090892e+02
1.98959248090458459e+02
1.98959248090458459e+02
1.98959248090458459e+02
1.98959248090458459e+02
2.05779239155451450e+02
2.05779239155451450e+02
2.05779239155451450e+02
2.05779239155451450e+02
1.97285783485334150e+02
1.97285783485334150e+02
1.97285783485334150e+02
1.97285783485334150e+02
1.99071974473904618e+02
1.99071974473904618e+02
1.99071974473904618e+02
1.99071974473904618e+02
1.93823177223166311e+02
1.93823177223166311e+02
1.93823177223166311e+02
1.93823177223166311e+02
2.01408202127534651e+02
2.01408202127534651e+02
2.01408202127534651e+02
2.01408202127534651e+02
2.03767275148910812e+02
2.03767275148910812e+02
2.03767275148910812e+02
2.03767275148910812e+02
2.00382756493988126e+02
2.00382756493988126e+02
2.00382756493988126e+02
2.00382756493988126e+02
2.02135107584705338e+02
2.02135107584705338e+02
2.02135107584705338e+02
2.02135107584705338e+02
2.02023888220934055e+02
2.02023888220934055e+02
2.02023888220934055e+02
2.02023888220934055e+02
1.99661025686151135e+02
1.99661025686151135e+02
1.99661025686151135e+02
1.99661025686151135e+02
2.08619991283615832e+02
2.08619991283615832e+02
2.08619991283615832e+02
2.08619991283615832e+02
1.99514570943598329e+02
1.99514570943598329e+02
1.99514570943598329e+02
1.99514570943598329e+02
2.03956250271748956e+02
2.03956250271748956e+02
2.03956250271748956e+02
2.03956250271748956e+02
1.95861041690182873e+02
1.95861041690182873e+02
1.95861041690182873e+02
1.95861041690182873e+02
2.05490944856553625e+02
2.05490944856553625e+02
2.05490944856553625e+02
2.05490944856553625e+02
2.04260313981102001e+02
2.04260313981102001e+02
2.04260313981102001e+02
2.04260313981102001e+02
1.96451198861134600e+02
1.96451198861134600e+02
1.96451198861134600e+02
1.96451198861134600e+02
1.95496739971581064e+02
1.95496739971581064e+02
1.95496739971581064e+02
1.95496739971581064e+02
1.96476359697408441e+02
1.96476359697408441e+02
1.96476359697408441e+02
1.96476359697408441e+02
2.02946371833517986e+02
2.02946371833517986e+02
2.02946371833517986e+02
2.02946371833517986e+02
1.99114295660609173e+02
1.99114295660609173e+02
1.99114295660609173e+02
1.99114295660609173e+02
1.99216409381601693e+02
1.99216409381601693e+02
1.99216409381601693e+02
1.99216409381601693e+02
2.01446403807462616e+02
2.01446403807462616e+02
2.01446403807462616e+02
2.01446403807462616e+02
2.06199358347584621e+02
2.06199358347584621e+02
2.06199358347584621e+02
2.06199358347584621e+02
2.08098032175213490e+02
2.08098032175213490e+02
2.08098032175213490e+02
2.08098032175213490e+02
1.99520836508410838e+02
1.99520836508410838e+02
1.99520836508410838e+02
1.99520836508410838e+02
1.99482808738211418e+02
1.99482808738211418e+02
1.99482808738211418e+02
1.99482808738211418e+02
1.99726751452918904e+02
1.99726751452918904e+02
1.99726751452918904e+02
1.99726751452918904e+02
1.97796741382047202e+02
1.97796741382047202e+02
1.97796741382047202e+02
1.97796741382047202e+02
1.99580715782252838e+02
1.99580715782252838e+02
1.99580715782252838e+02
1.99580715782252838e+02
2.01606066837789882e+02
2.01606066837789882e+02
2.01606066837789882e+02
2.01606066837789882e+02
1.96565506425957068e+02
1.96565506425957068e+02
1.96565506425957068e+02
1.96565506425957068e+02
1.99094188596199331e+02
1.99094188596199331e+02
1.99094188596199331e+02
1.99094188596199331e+02
2.03787236745214841e+02
2.03787236745214841e+02
2.03787236745214841e+02
2.03787236745214841e+02
2.02567892100068889e+02
2.02567892100068889e+02
2.02567892100068889e+02
2.02567892100068889e+02
1.99774897463381023e+02
1.99774897463381023e+02
1.99774897463381023e+02
1.99774897463381023e+02
1.99319623531924265e+02
1.99319623531924265e+02
1.99319623531924265e+02
1.99319623531924265e+02
1.98895415304891230e+02
1.98895415304891230e+02
1.98895415304891230e+02
1.98895415304891230e+02
1.96527663192757757e+02
1.96527663192757757e+02
1.96527663192757757e+02
1.96527663192757757e+02
1.96039431483344430e+02
1.96039431483344430e+02
1.96039431483344430e+02
1.96039431483344430e+02
2.02338444786707441e+02
2.02338444786707441e+02
2.02338444786707441e+02
2.02338444786707441e+02
1.97499552182613911e+02
1.97499552182613911e+02
1.97499552182613911e+02
1.97499552182613911e+02
2.04247254070236238e+02
2.04247254070236238e+02
2.04247254070236238e+02
2.04247254070236238e+02
2.00498594959994250e+02
2.00498594959994250e+02
2.00498594959994250e+02
2.00498594959994250e+02
2.06505829938753834e+02
2.06505829938753834e+02
2.06505829938753834e+02
2.06505829938753834e+02
1.94314709650061701e+02
1.94314709650061701e+02
1.94314709650061701e+02
1.94314709650061701e+02
2.04450745202338481e+02
2.04450745202338481e+02
2.04450745202338481e+02
2.04450745202338481e+02
1.97754478262320561e+02
1.97754478262320561e+02
1.97754478262320561e+02
1.97754478262320561e+02
1.91284042448367273e+02
1.91284042448367273e+02
1.91284042448367273e+02
1.91284042448367273e+02
2.06440959367455974e+02
2.06440959367455974e+02
2.06440959367455974e+02
2.06440959367455974e+02
1.99534461465466734e+02
1.99534461465466734e+02
1.99534461465466734e+02
1.99534461465466734e+02
2.09902466067839271e+02
2.09902466067839271e+02
2.09902466067839271e+02
2.09902466067839271e+02
2.04173721009870917e+02
2.04173721009870917e+02
2.04173721009870917e+02
2.04173721009870917e+02
2.06639143543037875e+02
2.06639143543037875e+02
2.06639143543037875e+02
2.06639143543037875e+02
2.02387823565970422e+02
2.02387823565970422e+02
2.02387823565970422e+02
2.02387823565970422e+02
2.02292480723298127e+02
2.02292480723298127e+02
2.02292480723298127e+02
2.02292480723298127e+02
2.05969030238643995e+02
2.05969030238643995e+02
2.05969030238643995e+02
2.05969030238643995e+02
1.99612594591549680e+02
1.99612594591549680e+02
1.99612594591549680e+02
1.99612594591549680e+02
2.01048492172009816e+02
2.01048492172009816e+02
2.01048492172009816e+02
2.01048492172009816e+02
1.96828602787943169e+02
1.96828602787943169e+02
1.96828602787943169e+02
1.96828602787943169e+02
1.95435931860108326e+02
1.95435931860108326e+02
1.95435931860108326e+02
1.95435931860108326e+02
1.99938002911396097e+02
1.99938002911396097e+02
1.99938002911396097e+02
1.99938002911396097e+02
2.04109138860693719e+02
2.04109138860693719e+02
2.04109138860693719e+02
2.04109138860693719e+02
2.00805041971075582e+02
2.00805041971075582e+02
2.00805041971075582e+02
2.00805041971075582e+02
2.01970392290655155e+02
2.01970392290655155e+02
2.01970392290655155e+02
2.01970392290655155e+02
1.91125990084642439e+02
1.91125990084642439e+02
1.91125990084642439e+02
1.91125990084642439e+02
2.07304454562528491e+02
2.07304454562528491e+02
2.07304454562528491e+02
2.07304454562528491e+02
2.00482609800632133e+02
2.00482609800632133e+02
2.00482609800632133e+02
2.00482609800632133e+02
1.96927642552901858e+02
1.96927642552901858e+02
1.96927642552901858e+02
1.96927642552901858e+02
2.01116460923313980e+02
2.01116460923313980e+02
2.01116460923313980e+02
2.01116460923313980e+02
2.00278992199699189e+02
2.00278992199699189e+02
2.00278992199699189e+02
2.00278992199699189e+02
1.96486074746892029e+02
1.96486074746892029e+02
1.96486074746892029e+02
1.96486074746892029e+02
1.96751614343957698e+02
1.96751614343957698e+02
1.96751614343957698e+02
1.96751614343957698e+02
1.98140800825902261e+02
1.98140800825902261e+02
1.98140800825902261e+02
1.98140800825902261e+02
1.98738960324684570e+02
1.98738960324684570e+02
1.98738960324684570e+02
1.98738960324684570e+02
1.99554629059896627e+02
1.99554629059896627e+02
1.99554629059896627e+02
1.99554629059896627e+02
2.02541071861995505e+02
2.02541071861995505e+02
2.02541071861995505e+02
2.02541071861995505e+02
2.01806577480674150e+02
2.01806577480674150e+02
2.01806577480674150e+02
2.01806577480674150e+02
2.05427268503980429e+02
2.05427268503980429e+02
2.05427268503980429e+02
2.05427268503980429e+02
1.98433104228801653e+02
1.98433104228801653e+02
1.98433104228801653e+02
1.98433104228801653e+02
1.92402207700636438e+02
1.92402207700636438e+02
1.92402207700636438e+02
1.92402207700636438e+02
1.99883938709580747e+02
1.99883938709580747e+02
1.99883938709580747e+02
1.99883938709580747e+02
1.99168496572180828e+02
1.99168496572180828e+02
1.99168496572180828e+02
1.99168496572180828e+02
1.99417831552526309e+02
1.99417831552526309e+02
1.99417831552526309e+02
1.99417831552526309e+02
1.99490682727711288e+02
1.99490682727711288e+02
1.99490682727711288e+02
1.99490682727711288e+02
2.08239368885151009e+02
2.08239368885151009e+02
2.08239368885151009e+02
2.08239368885151009e+02
2.02490286462578695e+02
2.02490286462578695e+02
2.02490286462578695e+02
2.02490286462578695e+02
1.97786125145408391e+02
1.97786125145408391e+02
1.97786125145408391e+02
1.97786125145408391e+02
2.08768453730052443e+02
2.08768453730052443e+02
2.08768453730052443e+02
2.08768453730052443e+02
1.99026692657324730e+02
1.99026692657324730e+02
1.99026692657324730e+02
1.99026692657324730e+02
2.01307866488540469e+02
2.01307866488540469e+02
2.01307866488540469e+02
2.01307866488540469e+02
2.00400282104934973e+02
2.00400282104934973e+02
2.00400282104934973e+02
2.00400282104934973e+02
2.02385011984865599e+02
2.02385011984865599e+02
2.02385011984865599e+02
2.02385011984865599e+02
2.00592334522064959e+02
2.00592334522064959e+02
2.00592334522064959e+02
2.00592334522064959e+02
2.05503831209449345e+02
2.05503831209449345e+02
2.05503831209449345e+02
2.05503831209449345e+02
2.01275869218410833e+02
2.01275869218410833e+02
2.01275869218410833e+02
2.01275869218410833e+02
2.03601403518604627e+02
2.03601403518604627e+02
2.03601403518604627e+02
2.03601403518604627e+02
1.98498995780041810e+02
1.98498995780041810e+02
1.98498995780041810e+02
1.98498995780041810e+02
1.98833782430710528e+02
1.98833782430710528e+02
1.98833782430710528e+02
1.98833782430710528e+02
1.99503497860061316e+02
1.99503497860061316e+02
1.99503497860061316e+02
1.99503497860061316e+02
2.00179705650628705e+02
2.00179705650628705e+02
2.00179705650628705e+02
2.00179705650628705e+02
1.97336548931412864e+02
1.97336548931412864e+02
1.97336548931412864e+02
1.97336548931412864e+02
1.95652592734141479e+02
1.95652592734141479e+02
1.95652592734141479e+02
1.95652592734141479e+02
1.98618009972149252e+02
1.98618009972149252e+02
1.98618009972149252e+02
1.98618009972149252e+02
1.94135663538643314e+02
1.94135663538643314e+02
1.94135663538643314e+02
1.94135663538643314e+02
1.92852854602855246e+02
1.92852854602855246e+02
1.92852854602855246e+02
1.92852854602855246e+02
1.99170208459761000e+02
1.99170208459761000e+02
1.99170208459761000e+02
1.99170208459761000e+02
2.04286472576086283e+02
2.04286472576086283e+02
2.04286472576086283e+02
2.04286472576086283e+02
1.98005145321527237e+02
1.98005145321527237e+02
1.98005145321527237e+02
1.98005145321527237e+02
1.97979768053757113e+02
1.97979768053757113e+02
1.97979768053757113e+02
1.97979768053757113e+02
1.91225551615584521e+02
1.91225551615584521e+02
1.91225551615584521e+02
1.91225551615584521e+02
1.88131136124944902e+02
1.88131136124944902e+02
1.88131136124944902e+02
1.88131136124944902e+02
2.06541632149435543e+02
2.06541632149435543e+02
2.06541632149435543e+02
2.06541632149435543e+02
1.92726554567599379e+02
1.92726554567599379e+02
1.92726554567599379e+02
1.92726554567599379e+02
1.99549787502602499e+02
1.99549787502602499e+02
1.99549787502602499e+02
1.99549787502602499e+02
2.01854193658472241e+02
2.01854193658472241e+02
2.01854193658472241e+02
2.01854193658472241e+02
2.03285880492770389e+02
2.03285880492770389e+02
2.03285880492770389e+02
2.03285880492770389e+02
2.00021819604347627e+02
2.00021819604347627e+02
2.00021819604347627e+02
2.00021819604347627e+02
1.94373739864331014e+02
1.94373739864331014e+02
1.94373739864331014e+02
1.94373739864331014e+02
1.96382204247963841e+02
1.96382204247963841e+02
1.96382204247963841e+02
1.96382204247963841e+02
1.96035561612910527e+02
1.96035561612910527e+02
1.96035561612910527e+02
1.96035561612910527e+02
1.97089014849866146e+02
1.97089014849866146e+02
1.97089014849866146e+02
1.97089014849866146e+02
1.95169976311778072e+02
1.95169976311778072e+02
1.95169976311778072e+02
1.95169976311778072e+02
1.92742721488841539e+02
1.92742721488841539e+02
1.92742721488841539e+02
1.92742721488841539e+02
1.93176273950896984e+02
1.93176273950896984e+02
1.93176273950896984e+02
1.93176273950896984e+02
1.94250853965946504e+02
1.94250853965946504e+02
1.94250853965946504e+02
1.94250853965946504e+02
1.96002981729344611e+02
1.96002981729344611e+02
1.96002981729344611e+02
1.96002981729344611e+02
1.99799121107771214e+02
1.99799121107771214e+02
1.99799121107771214e+02
1.99799121107771214e+02
1.98212390491806616e+02
1.98212390491806616e+02
1.98212390491806616e+02
1.98212390491806616e+02
1.96322344705582196e+02
1.96322344705582196e+02
1.96322344705582196e+02
1.96322344705582196e+02
1.94291476615657814e+02
1.94291476615657814e+02
1.94291476615657814e+02
1.94291476615657814e+02
1.91641617297762053e+02
1.91641617297762053e+02
1.91641617297762053e+02
1.91641617297762053e+02
1.90807931164224669e+02
1.90807931164224669e+02
1.90807931164224669e+02
1.90807931164224669e+02
1.98535398563490133e+02
1.98535398563490133e+02
1.98535398563490133e+02
1.98535398563490133e+02
1.97148656449599599e+02
1.97148656449599599e+02
1.97148656449599599e+02
1.97148656449599599e+02
1.95282435743286214e+02
1.95282435743286214e+02
1.95282435743286214e+02
1.95282435743286214e+02
1.96616178194445467e+02
1.96616178194445467e+02
1.96616178194445467e+02
1.96616178194445467e+02
2.03445006571449738e+02
2.03445006571449738e+02
2.03445006571449738e+02
2.03445006571449738e+02
1.97582233104242960e+02
1.97582233104242960e+02
1.97582233104242960e+02
1.97582233104242960e+02
1.98544007742621176e+02
1.98544007742621176e+02
1.98544007742621176e+02
1.98544007742621176e+02
2.00933184523575733e+02
2.00933184523575733e+02
2.00933184523575733e+02
2.00933184523575733e+02
1.99335970536675688e+02
1.99335970536675688e+02
1.99335970536675688e+02
1.99335970536675688e+02
1.93247422012453768e+02
1.93247422012453768e+02
1.93247422012453768e+02
1.93247422012453768e+02
1.92472227378058165e+02
1.92472227378058165e+02
1.92472227378058165e+02
1.92472227378058165e+02
1.91134942068001294e+02
1.91134942068001294e+02
1.91134942068001294e+02
1.91134942068001294e+02
1.95407094257471527e+02
1.95407094257471527e+02
1.95407094257471527e+02
1.95407094257471527e+02
2.00257626526665575e+02
2.00257626526665575e+02
2.00257626526665575e+02
2.00257626526665575e+02
2.01258955752238506e+02
2.01258955752238506e+02
2.01258955752238506e+02
2.01258955752238506e+02
1.99587408579866377e+02
1.99587408579866377e+02
1.99587408579866377e+02
1.99587408579866377e+02
1.97795490015781240e+02
1.97795490015781240e+02
1.97795490015781240e+02
1.97795490015781240e+02
1.99617567295436572e+02
1.99617567295436572e+02
1.99617567295436572e+02
1.99617567295436572e+02
2.00907885004476213e+02
2.00907885004476213e+02
2.00907885004476213e+02
2.00907885004476213e+02
1.97442608019702419e+02
1.97442608019702419e+02
1.97442608019702419e+02
1.97442608019702419e+02
1.94052268541749385e+02
1.94052268541749385e+02
1.94052268541749385e+02
1.94052268541749385e+02
1.96191291995810815e+02
1.96191291995810815e+02
1.96191291995810815e+02
1.96191291995810815e+02
2.00748715389785588e+02
2.00748715389785588e+02
2.00748715389785588e+02
2.00748715389785588e+02
1.96055014773528939e+02
1.96055014773528939e+02
1.96055014773528939e+02
1.96055014773528939e+02
1.92074202242595362e+02
1.92074202242595362e+02
1.92074202242595362e+02
1.92074202242595362e+02
2.01834820910716701e+02
2.01834820910716701e+02
2.01834820910716701e+02
2.01834820910716701e+02
1.99653064206324700e+02
1.99653064206324700e+02
1.99653064206324700e+02
1.99653064206324700e+02
2.02733513395587494e+02
2.02733513395587494e+02
2.02733513395587494e+02
2.02733513395587494e+02
1.99581190494250336e+02
1.99581190494250336e+02
1.99581190494250336e+02
1.99581190494250336e+02
2.07897371522543978e+02
2.07897371522543978e+02
2.07897371522543978e+02
2.07897371522543978e+02
1.89302449092296513e+02
1.89302449092296513e+02
1.89302449092296513e+02
1.89302449092296513e+02
1.90989364266807343e+02
1.90989364266807343e+02
1.90989364266807343e+02
1.90989364266807343e+02
1.94568207562961533e+02
1.94568207562961533e+02
1.94568207562961533e+02
1.94568207562961533e+02
1.96872256454344239e+02
1.96872256454344239e+02
1.96872256454344239e+02
1.96872256454344239e+02
1.92643562867280764e+02
1.92643562867280764e+02
1.92643562867280764e+02
1.92643562867280764e+02
1.99952403605240590e+02
1.99952403605240590e+02
1.99952403605240590e+02
1.99952403605240590e+02
1.97348713627707781e+02
1.97348713627707781e+02
1.97348713627707781e+02
1.97348713627707781e+02
1.95078121244316975e+02
1.95078121244316975e+02
1.95078121244316975e+02
1.95078121244316975e+02
1.89314468149732193e+02
1.89314468149732193e+02
1.89314468149732193e+02
1.89314468149732193e+02
1.90248715303965639e+02
1.90248715303965639e+02
1.90248715303965639e+02
1.90248715303965639e+02
1.98357231385723878e+02
1.98357231385723878e+02
1.98357231385723878e+02
1.98357231385723878e+02
2.05315868443008668e+02
2.05315868443008668e+02
2.05315868443008668e+02
2.05315868443008668e+02
2.00628791207791522e+02
2.00628791207791522e+02
2.00628791207791522e+02
2.00628791207791522e+02
1.91069918122701836e+02
1.91069918122701836e+02
1.91069918122701836e+02
1.91069918122701836e+02
1.94888966830610002e+02
1.94888966830610002e+02
1.94888966830610002e+02
1.94888966830610002e+02
1.97942006705326691e+02
1.97942006705326691e+02
1.97942006705326691e+02
1.97942006705326691e+02
1.99566413143618064e+02
1.99566413143618064e+02
1.99566413143618064e+02
1.99566413143618064e+02
2.00541113494991265e+02
2.00541113494991265e+02
2.00541113494991265e+02
2.00541113494991265e+02
1.92360961747953610e+02
1.92360961747953610e+02
1.92360961747953610e+02
1.92360961747953610e+02
1.94422199246735119e+02
1.94422199246735119e+02
1.94422199246735119e+02
1.94422199246735119e+02
2.07137865159675300e+02
2.07137865159675300e+02
2.07137865159675300e+02
2.07137865159675300e+02
1.99090366171198269e+02
1.99090366171198269e+02
1.99090366171198269e+02
1.99090366171198269e+02
1.99199170849863378e+02
1.99199170849863378e+02
1.99199170849863378e+02
1.99199170849863378e+02
2.06405961616532181e+02
2.06405961616532181e+02
2.06405961616532181e+02
2.06405961616532181e+02
2.03592266578201617e+02
2.03592266578201617e+02
2.03592266578201617e+02
2.03592266578201617e+02
1.98915105314217072e+02
1.98915105314217072e+02
1.98915105314217072e+02
1.98915105314217072e+02
1.99777899750356369e+02
1.99777899750356369e+02
1.99777899750356369e+02
1.99777899750356369e+02
2.04072061260009292e+02
2.04072061260009292e+02
2.04072061260009292e+02
2.04072061260009292e+02
2.02977530698968707e+02
2.02977530698968707e+02
2.02977530698968707e+02
2.02977530698968707e+02
2.01888806762736522e+02
2.01888806762736522e+02
2.01888806762736522e+02
2.01888806762736522e+02
1.99817493955526885e+02
1.99817493955526885e+02
1.99817493955526885e+02
1.99817493955526885e+02
1.96793593114032859e+02
1.96793593114032859e+02
1.96793593114032859e+02
1.96793593114032859e+02
2.00533342802412676e+02
2.00533342802412676e+02
2.00533342802412676e+02
2.00533342802412676e+02
1.95924121347819465e+02
1.95924121347819465e+02
1.95924121347819465e+02
1.95924121347819465e+02
1.98136972689897306e+02
1.98136972689897306e+02
1.98136972689897306e+02
1.98136972689897306e+02
2.03399913095704818e+02
2.03399913095704818e+02
2.03399913095704818e+02
2.03399913095704818e+02
2.15716026493541136e+02
2.15716026493541136e+02
2.15716026493541136e+02
2.15716026493541136e+02
2.02746945987493035e+02
2.02746945987493035e+02
2.02746945987493035e+02
2.02746945987493035e+02
1.99916396337016749e+02
1.99916396337016749e+02
1.99916396337016749e+02
1.99916396337016749e+02
2.05364702944835415e+02
2.05364702944835415e+02
2.05364702944835415e+02
2.05364702944835415e+02
2.05567983932549197e+02
2.05567983932549197e+02
2.05567983932549197e+02
2.05567983932549197e+02
2.07590494172242501e+02
2.07590494172242501e+02
2.07590494172242501e+02
2.07590494172242501e+02
2.12406244114052157e+02
2.12406244114052157e+02
2.12406244114052157e+02
2.12406244114052157e+02
2.01132510500176494e+02
2.01132510500176494e+02
2.01132510500176494e+02
2.01132510500176494e+02
2.03075090601933539e+02
2.03075090601933539e+02
2.03075090601933539e+02
2.03075090601933539e+02
2.03449829595478462e+02
2.03449829595478462e+02
2.03449829595478462e+02
2.03449829595478462e+02
1.97231739565206027e+02
1.97231739565206027e+02
1.97231739565206027e+02
1.97231739565206027e+02
2.05417478868590678e+02
2.05417478868590678e+02
2.05417478868590678e+02
2.05417478868590678e+02
2.02287305891019287e+02
2.02287305891019287e+02
2.02287305891019287e+02
2.02287305891019287e+02
1.97329852659942105e+02
1.97329852659942105e+02
1.97329852659942105e+02
1.97329852659942105e+02
2.05647099131393105e+02
2.05647099131393105e+02
2.05647099131393105e+02
2.05647099131393105e+02
2.05542132600954346e+02
2.05542132600954346e+02
2.05542132600954346e+02
2.05542132600954346e+02
2.01243694842628173e+02
2.01243694842628173e+02
2.01243694842628173e+02
2.01243694842628173e+02
2.02446124950459108e+02
2.02446124950459108e+02
2.02446124950459108e+02
2.02446124950459108e+02
2.01863757693908155e+02
2.01863757693908155e+02
2.01863757693908155e+02
2.01863757693908155e+02
2.05790788572800125e+02
2.05790788572800125e+02
2.05790788572800125e+02
2.05790788572800125e+02
2.03594395868127862e+02
2.03594395868127862e+02
2.03594395868127862e+02
2.03594395868127862e+02
2.03629403547269447e+02
2.03629403547269447e+02
2.03629403547269447e+02
2.03629403547269447e+02
1.97247005842624446e+02
1.97247005842624446e+02
1.97247005842624446e+02
1.97247005842624446e+02
2.02102188287640558e+02
2.02102188287640558e+02
2.02102188287640558e+02
2.02102188287640558e+02
1.96911338086614478e+02
1.96911338086614478e+02
1.96911338086614478e+02
1.96911338086614478e+02
1.99019508264855318e+02
1.99019508264855318e+02
1.99019508264855318e+02
1.99019508264855318e+02
2.00223586933345700e+02
2.00223586933345700e+02
2.00223586933345700e+02
2.00223586933345700e+02
1.90560704077475322e+02
1.90560704077475322e+02
1.90560704077475322e+02
1.90560704077475322e+02
1.91595809650100961e+02
1.91595809650100961e+02
1.91595809650100961e+02
1.91595809650100961e+02
1.96512541180841879e+02
1.96512541180841879e+02
1.96512541180841879e+02
1.96512541180841879e+02
1.97612602232632184e+02
1.97612602232632184e+02
1.97612602232632184e+02
1.97612602232632184e+02
1.93925343953245971e+02
1.93925343953245971e+02
1.93925343953245971e+02
1.93925343953245971e+02
1.97530250402117986e+02
1.97530250402117986e+02
1.97530250402117986e+02
1.97530250402117986e+02
2.03287986831743268e+02
2.03287986831743268e+02
2.03287986831743268e+02
2.03287986831743268e+02
2.01827947993670392e+02
2.01827947993670392e+02
2.01827947993670392e+02
2.01827947993670392e+02
2.01706123901895978e+02
2.01706123901895978e+02
2.01706123901895978e+02
2.01706123901895978e+02
1.99580498827423668e+02
1.99580498827423668e+02
1.99580498827423668e+02
1.99580498827423668e+02
1.98877845031123115e+02
1.98877845031123115e+02
1.98877845031123115e+02
1.98877845031123115e+02
1.96434994160829035e+02
1.96434994160829035e+02
1.96434994160829035e+02
1.96434994160829035e+02
2.00553045773019903e+02
2.00553045773019903e+02
2.00553045773019903e+02
2.00553045773019903e+02
1.92105331563039556e+02
1.92105331563039556e+02
1.92105331563039556e+02
1.92105331563039556e+02
1.90784361423159908e+02
1.90784361423159908e+02
1.90784361423159908e+02
1.90784361423159908e+02
1.98596546517978368e+02
1.98596546517978368e+02
1.98596546517978368e+02
1.98596546517978368e+02
2.02772746369301586e+02
2.02772746369301586e+02
2.02772746369301586e+02
2.02772746369301586e+02
1.96041527567420530e+02
1.96041527567420530e+02
1.96041527567420530e+02
1.96041527567420530e+02
1.97678195640195668e+02
1.97678195640195668e+02
1.97678195640195668e+02
1.97678195640195668e+02
1.99912512399256741e+02
1.99912512399256741e+02
1.99912512399256741e+02
1.99912512399256741e+02
2.02015828087684810e+02
2.02015828087684810e+02
2.02015828087684810e+02
2.02015828087684810e+02
1.96039279280911757e+02
1.96039279280911757e+02
1.96039279280911757e+02
1.96039279280911757e+02
1.98554342862697808e+02
1.98554342862697808e+02
1.98554342862697808e+02
1.98554342862697808e+02
2.00077057886826310e+02
2.00077057886826310e+02
2.00077057886826310e+02
2.00077057886826310e+02
1.92207915146540131e+02
1.92207915146540131e+02
1.92207915146540131e+02
1.92207915146540131e+02
1.96347839260526740e+02
1.96347839260526740e+02
1.96347839260526740e+02
1.96347839260526740e+02
1.94593265390456025e+02
1.94593265390456025e+02
1.94593265390456025e+02
1.94593265390456025e+02
1.96185244591570239e+02
1.96185244591570239e+02
1.96185244591570239e+02
1.96185244591570239e+02
2.00119020725711096e+02
2.00119020725711096e+02
2.00119020725711096e+02
2.00119020725711096e+02
2.01476126759289599e+02
2.01476126759289599e+02
2.01476126759289599e+02
2.01476126759289599e+02
2.02953535927398832e+02
2.02953535927398832e+02
2.02953535927398832e+02
2.02953535927398832e+02
2.01463827625498482e+02
2.01463827625498482e+02
2.01463827625498482e+02
2.01463827625498482e+02
2.01718361379744039e+02
2.01718361379744039e+02
2.01718361379744039e+02
2.01718361379744039e+02
1.99279826277016355e+02
1.99279826277016355e+02
1.99279826277016355e+02
1.99279826277016355e+02
1.92248060014631761e+02
1.92248060014631761e+02
1.92248060014631761e+02
1.92248060014631761e+02
1.97385574721525956e+02
1.97385574721525956e+02
1.97385574721525956e+02
1.97385574721525956e+02
1.92275024511883601e+02
1.92275024511883601e+02
1.92275024511883601e+02
1.92275024511883601e+02
1.98159920063361312e+02
1.98159920063361312e+02
1.98159920063361312e+02
1.98159920063361312e+02
1.97813594458109804e+02
1.97813594458109804e+02
1.97813594458109804e+02
1.97813594458109804e+02
2.02752946882248466e+02
2.02752946882248466e+02
2.02752946882248466e+02
2.02752946882248466e+02
2.08274066059442134e+02
2.08274066059442134e+02
2.08274066059442134e+02
2.08274066059442134e+02
1.98104313067081080e+02
1.98104313067081080e+02
1.98104313067081080e+02
1.98104313067081080e+02
2.04890830809521873e+02
2.04890830809521873e+02
2.04890830809521873e+02
2.04890830809521873e+02
1.99596025895351403e+02
1.99596025895351403e+02
1.99596025895351403e+02
1.99596025895351403e+02
1.90131678322845033e+02
1.90131678322845033e+02
1.90131678322845033e+02
1.90131678322845033e+02
1.96773598105098785e+02
1.96773598105098785e+02
1.96773598105098785e+02
1.96773598105098785e+02
1.92571762930050596e+02
1.92571762930050596e+02
1.92571762930050596e+02
1.92571762930050596e+02
2.01209615798884698e+02
2.01209615798884698e+02
2.01209615798884698e+02
2.01209615798884698e+02
2.02489713893796932e+02
2.02489713893796932e+02
2.02489713893796932e+02
2.02489713893796932e+02
2.04491933955288971e+02
2.04491933955288971e+02
2.04491933955288971e+02
2.04491933955288971e+02
2.04550623455548447e+02
2.04550623455548447e+02
2.04550623455548447e+02
2.04550623455548447e+02
1.97981957000369533e+02
1.97981957000369533e+02
1.97981957000369533e+02
1.97981957000369533e+02
2.03560521107443748e+02
2.03560521107443748e+02
2.03560521107443748e+02
2.03560521107443748e+02
2.01615725591864560e+02
2.01615725591864560e+02
2.01615725591864560e+02
2.01615725591864560e+02
2.04155446338045067e+02
2.04155446338045067e+02
2.04155446338045067e+02
2.04155446338045067e+02
1.99639202952720183e+02
1.99639202952720183e+02
1.99639202952720183e+02
1.99639202952720183e+02
1.97775030260390963e+02
1.97775030260390963e+02
1.97775030260390963e+02
1.97775030260390963e+02
1.97114629220894471e+02
1.97114629220894471e+02
1.97114629220894471e+02
1.97114629220894471e+02
1.98058079916021882e+02
1.98058079916021882e+02
1.98058079916021882e+02
1.98058079916021882e+02
1.98518989139452799e+02
1.98518989139452799e+02
1.98518989139452799e+02
1.98518989139452799e+02
1.96832224297900467e+02
1.96832224297900467e+02
1.96832224297900467e+02
1.96832224297900467e+02
2.00140273440869095e+02
2.00140273440869095e+02
2.00140273440869095e+02
2.00140273440869095e+02
2.08471036951038798e+02
2.08471036951038798e+02
2.08471036951038798e+02
2.08471036951038798e+02
1.98561559154577907e+02
1.98561559154577907e+02
1.98561559154577907e+02
1.98561559154577907e+02
1.98025181100990750e+02
1.98025181100990750e+02
1.98025181100990750e+02
1.98025181100990750e+02
2.01772111266230269e+02
2.01772111266230269e+02
2.01772111266230269e+02
2.01772111266230269e+02
1.98786735530497651e+02
1.98786735530497651e+02
1.98786735530497651e+02
1.98786735530497651e+02
1.98657493051926480e+02
1.98657493051926480e+02
1.98657493051926480e+02
1.98657493051926480e+02
2.06715359775591764e+02
2.06715359775591764e+02
2.06715359775591764e+02
2.06715359775591764e+02
2.04041063900310121e+02
2.04041063900310121e+02
2.04041063900310121e+02
2.04041063900310121e+02
1.97708775792129387e+02
1.97708775792129387e+02
1.97708775792129387e+02
1.97708775792129387e+02
2.02069205907836960e+02
2.02069205907836960e+02
2.02069205907836960e+02
2.02069205907836960e+02
1.93280484373962139e+02
1.93280484373962139e+02
1.93280484373962139e+02
1.93280484373962139e+02
2.07209669164223754e+02
2.07209669164223754e+02
2.07209669164223754e+02
2.07209669164223754e+02
2.01996450535989169e+02
2.01996450535989169e+02
2.01996450535989169e+02
2.01996450535989169e+02
2.04135201949252490e+02
2.04135201949252490e+02
2.04135201949252490e+02
2.04135201949252490e+02
2.00429211139755722e+02
2.00429211139755722e+02
2.00429211139755722e+02
2.00429211139755722e+02
2.02627176353678408e+02
2.02627176353678408e+02
2.02627176353678408e+02
2.02627176353678408e+02
1.98019361438589499e+02
1.98019361438589499e+02
1.98019361438589499e+02
1.98019361438589499e+02
2.01892395064786655e+02
2.01892395064786655e+02
2.01892395064786655e+02
2.01892395064786655e+02
1.97006014739682456e+02
1.97006014739682456e+02
1.97006014739682456e+02
1.97006014739682456e+02
2.03600004037896383e+02
2.03600004037896383e+02
2.03600004037896383e+02
2.03600004037896383e+02
1.96003456540162460e+02
1.96003456540162460e+02
1.96003456540162460e+02
1.96003456540162460e+02
1.95808272907295020e+02
1.95808272907295020e+02
1.95808272907295020e+02
1.95808272907295020e+02
1.98936813244945682e+02
1.98936813244945682e+02
1.98936813244945682e+02
1.98936813244945682e+02
1.96926523856448568e+02
1.96926523856448568e+02
1.96926523856448568e+02
1.96926523856448568e+02
2.00516309833311681e+02
2.00516309833311681e+02
2.00516309833311681e+02
2.00516309833311681e+02
1.96549199398719963e+02
1.96549199398719963e+02
1.96549199398719963e+02
1.96549199398719963e+02
2.01506334277253472e+02
2.01506334277253472e+02
2.01506334277253472e+02
2.01506334277253472e+02
2.06377728024786364e+02
2.06377728024786364e+02
2.06377728024786364e+02
2.06377728024786364e+02
2.10592493096772614e+02
2.10592493096772614e+02
2.10592493096772614e+02
2.10592493096772614e+02
2.00762032715561389e+02
2.00762032715561389e+02
2.00762032715561389e+02
2.00762032715561389e+02
2.07286931096155428e+02
2.07286931096155428e+02
2.07286931096155428e+02
2.07286931096155428e+02
1.99345233633848494e+02
1.99345233633848494e+02
1.99345233633848494e+02
1.99345233633848494e+02
2.05956620706112489e+02
2.05956620706112489e+02
2.05956620706112489e+02
2.05956620706112489e+02
1.96920679751283416e+02
1.96920679751283416e+02
1.96920679751283416e+02
1.96920679751283416e+02
1.98059927173969243e+02
1.98059927173969243e+02
1.98059927173969243e+02
1.98059927173969243e+02
1.99215198167421107e+02
1.99215198167421107e+02
1.99215198167421107e+02
1.99215198167421107e+02
1.99767456494788206e+02
1.99767456494788206e+02
1.99767456494788206e+02
1.99767456494788206e+02
1.93705437999659694e+02
1.93705437999659694e+02
1.93705437999659694e+02
1.93705437999659694e+02
1.95240572258480540e+02
1.95240572258480540e+02
1.95240572258480540e+02
1.95240572258480540e+02
2.03346781559953143e+02
2.03346781559953143e+02
2.03346781559953143e+02
2.03346781559953143e+02
2.00745528902152955e+02
2.00745528902152955e+02
2.00745528902152955e+02
2.00745528902152955e+02
1.98084436693157613e+02
1.98084436693157613e+02
1.98084436693157613e+02
1.98084436693157613e+02
1.94565534829031037e+02
1.94565534829031037e+02
1.94565534829031037e+02
1.94565534829031037e+02
2.02050527636840087e+02
2.02050527636840087e+02
2.02050527636840087e+02
2.02050527636840087e+02
2.00055102608711820e+02
2.00055102608711820e+02
2.00055102608711820e+02
2.00055102608711820e+02
2.00481740200309758e+02
2.00481740200309758e+02
2.00481740200309758e+02
2.00481740200309758e+02
2.01747490021299853e+02
2.01747490021299853e+02
2.01747490021299853e+02
2.01747490021299853e+02
1.99059586558224908e+02
1.99059586558224908e+02
1.99059586558224908e+02
1.99059586558224908e+02
1.98834060430794693e+02
1.98834060430794693e+02
1.98834060430794693e+02
1.98834060430794693e+02
2.01348855118098868e+02
2.01348855118098868e+02
2.01348855118098868e+02
2.01348855118098868e+02
1.98886071713640348e+02
1.98886071713640348e+02
1.98886071713640348e+02
1.98886071713640348e+02
1.96965458468633614e+02
1.96965458468633614e+02
1.96965458468633614e+02
1.96965458468633614e+02
1.99121628249116156e+02
1.99121628249116156e+02
1.99121628249116156e+02
1.99121628249116156e+02
1.97461655075166334e+02
1.97461655075166334e+02
1.97461655075166334e+02
1.97461655075166334e+02
2.00387465380403256e+02
2.00387465380403256e+02
2.00387465380403256e+02
2.00387465380403256e+02
1.99664965189008370e+02
1.99664965189008370e+02
1.99664965189008370e+02
1.99664965189008370e+02
1.98168398686200248e+02
1.98168398686200248e+02
1.98168398686200248e+02
1.98168398686200248e+02
2.03223478812468670e+02
2.03223478812468670e+02
2.03223478812468670e+02
2.03223478812468670e+02
1.98242971800384055e+02
1.98242971800384055e+02
1.98242971800384055e+02
1.98242971800384055e+02
2.02362517770224514e+02
2.02362517770224514e+02
2.02362517770224514e+02
2.02362517770224514e+02
1.99980975018807214e+02
1.99980975018807214e+02
1.99980975018807214e+02
1.99980975018807214e+02
1.98692207842612902e+02
1.98692207842612902e+02
1.98692207842612902e+02
1.98692207842612902e+02
1.97516478034930259e+02
1.97516478034930259e+02
1.97516478034930259e+02
1.97516478034930259e+02
1.98076523410953314e+02
1.98076523410953314e+02
1.98076523410953314e+02
1.98076523410953314e+02
1.99581780266895493e+02
1.99581780266895493e+02
1.99581780266895493e+02
1.99581780266895493e+02
2.02079068339865074e+02
2.02079068339865074e+02
2.02079068339865074e+02
2.02079068339865074e+02
1.90403149082480098e+02
1.90403149082480098e+02
1.90403149082480098e+02
1.90403149082480098e+02
1.98434840903512054e+02
1.98434840903512054e+02
1.98434840903512054e+02
1.98434840903512054e+02
2.00315552140293249e+02
2.00315552140293249e+02
2.00315552140293249e+02
2.00315552140293249e+02
1.95326662409885301e+02
1.95326662409885301e+02
1.95326662409885301e+02
1.95326662409885301e+02
2.04435363325512185e+02
2.04435363325512185e+02
2.04435363325512185e+02
2.04435363325512185e+02
2.04416864232888599e+02
2.04416864232888599e+02
2.04416864232888599e+02
2.04416864232888599e+02
2.00498066243574755e+02
2.00498066243574755e+02
2.00498066243574755e+02
2.00498066243574755e+02
1.97533446388502909e+02
1.97533446388502909e+02
1.97533446388502909e+02
1.97533446388502909e+02
1.99785713514933377e+02
1.99785713514933377e+02
1.99785713514933377e+02
1.99785713514933377e+02
1.99345361961050230e+02
1.99345361961050230e+02
1.99345361961050230e+02
1.99345361961050230e+02
1.96387310890244635e+02
1.96387310890244635e+02
1.96387310890244635e+02
1.96387310890244635e+02
1.98459978457506423e+02
1.98459978457506423e+02
1.98459978457506423e+02
1.98459978457506423e+02
1.98250384358570813e+02
1.98250384358570813e+02
1.98250384358570813e+02
1.98250384358570813e+02
1.95303062993536344e+02
1.95303062993536344e+02
1.95303062993536344e+02
1.95303062993536344e+02
2.00395813377127041e+02
2.00395813377127041e+02
2.00395813377127041e+02
2.00395813377127041e+02
1.99831181363150193e+02
1.99831181363150193e+02
1.99831181363150193e+02
1.99831181363150193e+02
2.01210733401793419e+02
2.01210733401793419e+02
2.01210733401793419e+02
2.01210733401793419e+02
1.98202685865466322e+02
1.98202685865466322e+02
1.98202685865466322e+02
1.98202685865466322e+02
2.04430585447034446e+02
2.04430585447034446e+02
2.04430585447034446e+02
2.04430585447034446e+02
1.96793912337519629e+02
1.96793912337519629e+02
1.96793912337519629e+02
1.96793912337519629e+02
1.96041120786514142e+02
1.96041120786514142e+02
1.96041120786514142e+02
1.96041120786514142e+02
1.97997054955910301e+02
1.97997054955910301e+02
1.97997054955910301e+02
1.97997054955910301e+02
1.93270505243508296e+02
1.93270505243508296e+02
1.93270505243508296e+02
1.93270505243508296e+02
1.96301675946191125e+02
1.96301675946191125e+02
1.96301675946191125e+02
1.96301675946191125e+02
2.02474474119315090e+02
2.02474474119315090e+02
2.02474474119315090e+02
2.02474474119315090e+02
2.04022506148476936e+02
2.04022506148476936e+02
2.04022506148476936e+02
2.04022506148476936e+02
2.05844104195197787e+02
2.05844104195197787e+02
2.05844104195197787e+02
2.05844104195197787e+02
1.96516213259546078e+02
1.96516213259546078e+02
1.96516213259546078e+02
1.96516213259546078e+02
1.99862962374001739e+02
1.99862962374001739e+02
1.99862962374001739e+02
1.99862962374001739e+02
1.97933865753194283e+02
1.97933865753194283e+02
1.97933865753194283e+02
1.97933865753194283e+02
1.96523811420380355e+02
1.96523811420380355e+02
1.96523811420380355e+02
1.96523811420380355e+02
1.97695544176431042e+02
1.97695544176431042e+02
1.97695544176431042e+02
1.97695544176431042e+02
1.95083894465438675e+02
1.95083894465438675e+02
1.95083894465438675e+02
1.95083894465438675e+02
1.97258339310486662e+02
1.97258339310486662e+02
1.97258339310486662e+02
1.97258339310486662e+02
1.97857221929222931e+02
1.97857221929222931e+02
1.97857221929222931e+02
1.97857221929222931e+02
2.01340320010808739e+02
2.01340320010808739e+02
2.01340320010808739e+02
2.01340320010808739e+02
2.03510873690353293e+02
2.03510873690353293e+02
2.03510873690353293e+02
2.03510873690353293e+02
1.97996463441588247e+02
1.97996463441588247e+02
1.97996463441588247e+02
1.97996463441588247e+02
2.05274416082005587e+02
2.05274416082005587e+02
2.05274416082005587e+02
2.05274416082005587e+02
2.03493759275974782e+02
2.03493759275974782e+02
2.03493759275974782e+02
2.03493759275974782e+02
2.02486332564324528e+02
2.02486332564324528e+02
2.02486332564324528e+02
2.02486332564324528e+02
2.04566970229450362e+02
2.04566970229450362e+02
2.04566970229450362e+02
2.04566970229450362e+02
2.01273955688518384e+02
2.01273955688518384e+02
2.01273955688518384e+02
2.01273955688518384e+02
1.99099602859130670e+02
1.99099602859130670e+02
1.99099602859130670e+02
1.99099602859130670e+02
2.04715468335440988e+02
2.04715468335440988e+02
2.04715468335440988e+02
2.04715468335440988e+02
2.02226282140720940e+02
2.02226282140720940e+02
2.02226282140720940e+02
2.02226282140720940e+02
1.98595149022954871e+02
1.98595149022954871e+02
1.98595149022954871e+02
1.98595149022954871e+02
1.98540198210612402e+02
1.98540198210612402e+02
1.98540198210612402e+02
1.98540198210612402e+02
2.03087453914701968e+02
2.03087453914701968e+02
2.03087453914701968e+02
2.03087453914701968e+02
2.07099811694248899e+02
2.07099811694248899e+02
2.07099811694248899e+02
2.07099811694248899e+02
1.96036988867696152e+02
1.96036988867696152e+02
1.96036988867696152e+02
1.96036988867696152e+02
2.03163550907642673e+02
2.03163550907642673e+02
2.03163550907642673e+02
2.03163550907642673e+02
2.00833766943558715e+02
2.00833766943558715e+02
2.00833766943558715e+02
2.00833766943558715e+02
2.04445388601493477e+02
2.04445388601493477e+02
2.04445388601493477e+02
2.04445388601493477e+02
1.94266106583240145e+02
1.94266106583240145e+02
1.94266106583240145e+02
1.94266106583240145e+02
2.03366151678341112e+02
2.03366151678341112e+02
2.03366151678341112e+02
2.03366151678341112e+02
2.03041435951014762e+02
2.03041435951014762e+02
2.03041435951014762e+02
2.03041435951014762e+02
1.99449715678118480e+02
1.99449715678118480e+02
1.99449715678118480e+02
1.99449715678118480e+02
2.06506501717859123e+02
2.06506501717859123e+02
2.06506501717859123e+02
2.06506501717859123e+02
2.07157110316086573e+02
2.07157110316086573e+02
2.07157110316086573e+02
2.07157110316086573e+02
2.05791514765098981e+02
2.05791514765098981e+02
2.05791514765098981e+02
2.05791514765098981e+02
2.06927091499790947e+02
2.06927091499790947e+02
2.06927091499790947e+02
2.06927091499790947e+02
2.01650308083735467e+02
2.01650308083735467e+02
2.01650308083735467e+02
2.01650308083735467e+02
2.01419855080675688e+02
2.01419855080675688e+02
2.01419855080675688e+02
2.01419855080675688e+02
2.01729908802924683e+02
2.01729908802924683e+02
2.01729908802924683e+02
2.01729908802924683e+02
1.96464365170202512e+02
1.96464365170202512e+02
1.96464365170202512e+02
1.96464365170202512e+02
1.97140314818896400e+02
1.97140314818896400e+02
1.97140314818896400e+02
1.97140314818896400e+02
1.97668098428405756e+02
1.97668098428405756e+02
1.97668098428405756e+02
1.97668098428405756e+02
1.99011163389306034e+02
1.99011163389306034e+02
1.99011163389306034e+02
1.99011163389306034e+02
1.98951232323259205e+02
1.98951232323259205e+02
1.98951232323259205e+02
1.98951232323259205e+02
1.94721778161133443e+02
1.94721778161133443e+02
1.94721778161133443e+02
1.94721778161133443e+02
1.95882091486599563e+02
1.95882091486599563e+02
1.95882091486599563e+02
1.95882091486599563e+02
1.99117187904713262e+02
1.99117187904713262e+02
1.99117187904713262e+02
1.99117187904713262e+02
2.05234972822497383e+02
2.05234972822497383e+02
2.05234972822497383e+02
2.05234972822497383e+02
2.03763948692784311e+02
2.03763948692784311e+02
2.03763948692784311e+02
2.03763948692784311e+02
2.03162013877699650e+02
2.03162013877699650e+02
2.03162013877699650e+02
2.03162013877699650e+02
1.98690025543122204e+02
1.98690025543122204e+02
1.98690025543122204e+02
1.98690025543122204e+02
2.05952312598845765e+02
2.05952312598845765e+02
2.05952312598845765e+02
2.05952312598845765e+02
2.03511667212217048e+02
2.03511667212217048e+02
2.03511667212217048e+02
2.03511667212217048e+02
2.03795468748106231e+02
2.03795468748106231e+02
2.03795468748106231e+02
2.03795468748106231e+02
1.96316806387172591e+02
1.96316806387172591e+02
1.96316806387172591e+02
1.96316806387172591e+02
1.91173226727514617e+02
1.91173226727514617e+02
1.91173226727514617e+02
1.91173226727514617e+02
1.97352744162581956e+02
1.97352744162581956e+02
1.97352744162581956e+02
1.97352744162581956e+02
1.98547581698660963e+02
1.98547581698660963e+02
1.98547581698660963e+02
1.98547581698660963e+02
1.98359581708316995e+02
1.98359581708316995e+02
1.98359581708316995e+02
1.98359581708316995e+02
1.91271499156173348e+02
1.91271499156173348e+02
1.91271499156173348e+02
1.91271499156173348e+02
1.96423678719484144e+02
1.96423678719484144e+02
1.96423678719484144e+02
1.96423678719484144e+02
2.05992957897851284e+02
2.05992957897851284e+02
2.05992957897851284e+02
2.05992957897851284e+02
2.02559732983131312e+02
2.02559732983131312e+02
2.02559732983131312e+02
2.02559732983131312e+02
2.05704416525145547e+02
2.05704416525145547e+02
2.05704416525145547e+02
2.05704416525145547e+02
1.99088226346369396e+02
1.99088226346369396e+02
1.99088226346369396e+02
1.99088226346369396e+02
1.99497466969514505e+02
1.99497466969514505e+02
1.99497466969514505e+02
1.99497466969514505e+02
1.96978113119622378e+02
1.96978113119622378e+02
1.96978113119622378e+02
1.96978113119622378e+02
2.00796725850333843e+02
2.00796725850333843e+02
2.00796725850333843e+02
2.00796725850333843e+02
1.98624485561928168e+02
1.98624485561928168e+02
1.98624485561928168e+02
1.98624485561928168e+02
1.94332264706456272e+02
1.94332264706456272e+02
1.94332264706456272e+02
1.94332264706456272e+02
1.91272638692780902e+02
1.91272638692780902e+02
1.91272638692780902e+02
1.91272638692780902e+02
1.93947515690552251e+02
1.93947515690552251e+02
1.93947515690552251e+02
1.93947515690552251e+02
1.90532540469451590e+02
1.90532540469451590e+02
1.90532540469451590e+02
1.90532540469451590e+02
1.99073164986454771e+02
1.99073164986454771e+02
1.99073164986454771e+02
1.99073164986454771e+02
1.97534986597280380e+02
1.97534986597280380e+02
1.97534986597280380e+02
1.97534986597280380e+02
2.02116568263273024e+02
2.02116568263273024e+02
2.02116568263273024e+02
2.02116568263273024e+02
2.07129917955265114e+02
2.07129917955265114e+02
2.07129917955265114e+02
2.07129917955265114e+02
2.01656245845044452e+02
2.01656245845044452e+02
2.01656245845044452e+02
2.01656245845044452e+02
1.95893224606211419e+02
1.95893224606211419e+02
1.95893224606211419e+02
1.95893224606211419e+02
2.01792778021371106e+02
2.01792778021371106e+02
2.01792778021371106e+02
2.01792778021371106e+02
1.93472285114887057e+02
1.93472285114887057e+02
1.93472285114887057e+02
1.93472285114887057e+02
1.97980182125958208e+02
1.97980182125958208e+02
1.97980182125958208e+02
1.97980182125958208e+02
1.97556776691830237e+02
1.97556776691830237e+02
1.97556776691830237e+02
1.97556776691830237e+02
2.00618383966971010e+02
2.00618383966971010e+02
2.00618383966971010e+02
2.00618383966971010e+02
2.03430162230463168e+02
2.03430162230463168e+02
2.03430162230463168e+02
2.03430162230463168e+02
2.03261283066545928e+02
2.03261283066545928e+02
2.03261283066545928e+02
2.03261283066545928e+02
1.99862310720302077e+02
1.99862310720302077e+02
1.99862310720302077e+02
1.99862310720302077e+02
1.99398727393202677e+02
1.99398727393202677e+02
1.99398727393202677e+02
1.99398727393202677e+02
1.97477507442376378e+02
1.97477507442376378e+02
1.97477507442376378e+02
1.97477507442376378e+02
1.96687028613484642e+02
1.96687028613484642e+02
1.96687028613484642e+02
1.96687028613484642e+02
2.01335273973112180e+02
2.01335273973112180e+02
2.01335273973112180e+02
2.01335273973112180e+02
2.00176143594456988e+02
2.00176143594456988e+02
2.00176143594456988e+02
2.00176143594456988e+02
1.98377223596982191e+02
1.98377223596982191e+02
1.98377223596982191e+02
1.98377223596982191e+02
1.99107109547598498e+02
1.99107109547598498e+02
1.99107109547598498e+02
1.99107109547598498e+02
2.01168044082304704e+02
2.01168044082304704e+02
2.01168044082304704e+02
2.01168044082304704e+02
1.99764268622851517e+02
1.99764268622851517e+02
1.99764268622851517e+02
1.99764268622851517e+02
2.00813619299963761e+02
2.00813619299963761e+02
2.00813619299963761e+02
2.00813619299963761e+02
2.01005224075364140e+02
2.01005224075364140e+02
2.01005224075364140e+02
2.01005224075364140e+02
1.99843046244772040e+02
1.99843046244772040e+02
1.99843046244772040e+02
1.99843046244772040e+02
2.00733582615056633e+02
2.00733582615056633e+02
2.00733582615056633e+02
2.00733582615056633e+02
2.00374397550852876e+02
2.00374397550852876e+02
2.00374397550852876e+02
2.00374397550852876e+02
1.97458827077373257e+02
1.97458827077373257e+02
1.97458827077373257e+02
1.97458827077373257e+02
2.00578868232933274e+02
2.00578868232933274e+02
2.00578868232933274e+02
2.00578868232933274e+02
2.07947926169857709e+02
2.07947926169857709e+02
2.07947926169857709e+02
2.07947926169857709e+02
2.01692289381969744e+02
2.01692289381969744e+02
2.01692289381969744e+02
2.01692289381969744e+02
2.05650899266279339e+02
2.05650899266279339e+02
2.05650899266279339e+02
2.05650899266279339e+02
2.06406778917956643e+02
2.06406778917956643e+02
2.06406778917956643e+02
2.06406778917956643e+02
2.02902915147293584e+02
2.02902915147293584e+02
2.02902915147293584e+02
2.02902915147293584e+02
2.02414064720063465e+02
2.02414064720063465e+02
2.02414064720063465e+02
2.02414064720063465e+02
2.00656312703370304e+02
2.00656312703370304e+02
2.00656312703370304e+02
2.00656312703370304e+02
1.96892282154168441e+02
1.96892282154168441e+02
1.96892282154168441e+02
1.96892282154168441e+02
1.97304867958068826e+02
1.97304867958068826e+02
1.97304867958068826e+02
1.97304867958068826e+02
1.99406254540459827e+02
1.99406254540459827e+02
1.99406254540459827e+02
1.99406254540459827e+02
1.96443969448014798e+02
1.96443969448014798e+02
1.96443969448014798e+02
1.96443969448014798e+02
1.99702756519195418e+02
1.99702756519195418e+02
1.99702756519195418e+02
1.99702756519195418e+02
2.01736207463433260e+02
2.01736207463433260e+02
2.01736207463433260e+02
2.01736207463433260e+02
2.04387777678593665e+02
2.04387777678593665e+02
2.04387777678593665e+02
2.04387777678593665e+02
2.04976501597666783e+02
2.04976501597666783e+02
2.04976501597666783e+02
2.04976501597666783e+02
1.97354288541192517e+02
1.97354288541192517e+02
1.97354288541192517e+02
1.97354288541192517e+02
1.99940707634326856e+02
1.99940707634326856e+02
1.99940707634326856e+02
1.99940707634326856e+02
2.03214288748438264e+02
2.03214288748438264e+02
2.03214288748438264e+02
2.03214288748438264e+02
2.06324141907604911e+02
2.06324141907604911e+02
2.06324141907604911e+02
2.06324141907604911e+02
1.99761397427661137e+02
1.99761397427661137e+02
1.99761397427661137e+02
1.99761397427661137e+02
2.04489424338295947e+02
2.04489424338295947e+02
2.04489424338295947e+02
2.04489424338295947e+02
2.07527806158425136e+02
2.07527806158425136e+02
2.07527806158425136e+02
2.07527806158425136e+02
2.05262537289725600e+02
2.05262537289725600e+02
2.05262537289725600e+02
2.05262537289725600e+02
2.06936106078818710e+02
2.06936106078818710e+02
2.06936106078818710e+02
2.06936106078818710e+02
2.06619142680907316e+02
2.06619142680907316e+02
2.06619142680907316e+02
2.06619142680907316e+02
2.06213507825274888e+02
2.06213507825274888e+02
2.06213507825274888e+02
2.06213507825274888e+02
2.01122480627234381e+02
2.01122480627234381e+02
2.01122480627234381e+02
2.01122480627234381e+02
2.07031195290340719e+02
2.07031195290340719e+02
2.07031195290340719e+02
2.07031195290340719e+02
2.00676930725290021e+02
2.00676930725290021e+02
2.00676930725290021e+02
2.00676930725290021e+02
2.01446587239061017e+02
2.01446587239061017e+02
2.01446587239061017e+02
2.01446587239061017e+02
1.96891731696236690e+02
1.96891731696236690e+02
1.96891731696236690e+02
1.96891731696236690e+02
2.06292223458672566e+02
2.06292223458672566e+02
2.06292223458672566e+02
2.06292223458672566e+02
1.96777782733405246e+02
1.96777782733405246e+02
1.96777782733405246e+02
1.96777782733405246e+02
1.98177058346617855e+02
1.98177058346617855e+02
1.98177058346617855e+02
1.98177058346617855e+02
2.03494760063245764e+02
2.03494760063245764e+02
2.03494760063245764e+02
2.03494760063245764e+02
2.06275026150023990e+02
2.06275026150023990e+02
2.06275026150023990e+02
2.06275026150023990e+02
1.93937617254903415e+02
1.93937617254903415e+02
1.93937617254903415e+02
1.93937617254903415e+02
2.00075664522847774e+02
2.00075664522847774e+02
2.00075664522847774e+02
2.00075664522847774e+02
1.99814958056720570e+02
1.99814958056720570e+02
1.99814958056720570e+02
1.99814958056720570e+02
2.04079939464777226e+02
2.04079939464777226e+02
2.04079939464777226e+02
2.04079939464777226e+02
1.99507364224137092e+02
1.99507364224137092e+02
1.99507364224137092e+02
1.99507364224137092e+02
1.98845464182657111e+02
1.98845464182657111e+02
1.98845464182657111e+02
1.98845464182657111e+02
2.04698051898439104e+02
2.04698051898439104e+02
2.04698051898439104e+02
2.04698051898439104e+02
1.88745452581542565e+02
1.88745452581542565e+02
1.88745452581542565e+02
1.88745452581542565e+02
1.98787138391908286e+02
1.98787138391908286e+02
1.98787138391908286e+02
1.98787138391908286e+02
1.91572123241072262e+02
1.91572123241072262e+02
1.91572123241072262e+02
1.91572123241072262e+02
2.02844097425444090e+02
2.02844097425444090e+02
2.02844097425444090e+02
2.02844097425444090e+02
2.04910957898951949e+02
2.04910957898951949e+02
2.04910957898951949e+02
2.04910957898951949e+02
2.02631155454349340e+02
2.02631155454349340e+02
2.02631155454349340e+02
2.02631155454349340e+02
2.04004366070234909e+02
2.04004366070234909e+02
2.04004366070234909e+02
2.04004366070234909e+02
2.01497990220739183e+02
2.01497990220739183e+02
2.01497990220739183e+02
2.01497990220739183e+02
2.00937088900407645e+02
2.00937088900407645e+02
2.00937088900407645e+02
2.00937088900407645e+02
2.00718899127266866e+02
2.00718899127266866e+02
2.00718899127266866e+02
2.00718899127266866e+02
2.01608964342480249e+02
2.01608964342480249e+02
2.01608964342480249e+02
2.01608964342480249e+02
1.99325522163568735e+02
1.99325522163568735e+02
1.99325522163568735e+02
1.99325522163568735e+02
2.05918730889980480e+02
2.05918730889980480e+02
2.05918730889980480e+02
2.05918730889980480e+02
2.04972586112920936e+02
2.04972586112920936e+02
2.04972586112920936e+02
2.04972586112920936e+02
2.00810978809565597e+02
2.00810978809565597e+02
2.00810978809565597e+02
2.00810978809565597e+02
1.98226548613105251e+02
1.98226548613105251e+02
1.98226548613105251e+02
1.98226548613105251e+02
2.08712573948117381e+02
2.08712573948117381e+02
2.08712573948117381e+02
2.08712573948117381e+02
1.98505153731103491e+02
1.98505153731103491e+02
1.98505153731103491e+02
1.98505153731103491e+02
1.96488617549410179e+02
1.96488617549410179e+02
1.96488617549410179e+02
1.96488617549410179e+02
2.01439287182439614e+02
2.01439287182439614e+02
2.01439287182439614e+02
2.01439287182439614e+02
2.07854377312644090e+02
2.07854377312644090e+02
2.07854377312644090e+02
2.07854377312644090e+02
2.07915652078714260e+02
2.07915652078714260e+02
2.07915652078714260e+02
2.07915652078714260e+02
1.98258212725718636e+02
1.98258212725718636e+02
1.98258212725718636e+02
1.98258212725718636e+02
2.04389716141980585e+02
2.04389716141980585e+02
2.04389716141980585e+02
2.04389716141980585e+02
1.99952510654135381e+02
1.99952510654135381e+02
1.99952510654135381e+02
1.99952510654135381e+02
1.99978778051643530e+02
1.99978778051643530e+02
1.99978778051643530e+02
1.99978778051643530e+02
2.03774260821896746e+02
2.03774260821896746e+02
2.03774260821896746e+02
2.03774260821896746e+02
1.95947469611474304e+02
1.95947469611474304e+02
1.95947469611474304e+02
1.95947469611474304e+02
2.00874735168887526e+02
2.00874735168887526e+02
2.00874735168887526e+02
2.00874735168887526e+02
1.94429049079539652e+02
1.94429049079539652e+02
1.94429049079539652e+02
1.94429049079539652e+02
2.10106333145296588e+02
2.10106333145296588e+02
2.10106333145296588e+02
2.10106333145296588e+02
2.07708786505146605e+02
2.07708786505146605e+02
2.07708786505146605e+02
2.07708786505146605e+02
2.02169329336547207e+02
2.02169329336547207e+02
2.02169329336547207e+02
2.02169329336547207e+02
2.05992684784163714e+02
2.05992684784163714e+02
2.05992684784163714e+02
2.05992684784163714e+02
1.99093120710956839e+02
1.99093120710956839e+02
1.99093120710956839e+02
1.99093120710956839e+02
2.02816373292918826e+02
2.02816373292918826e+02
2.02816373292918826e+02
2.02816373292918826e+02
2.07671905679669067e+02
2.07671905679669067e+02
2.07671905679669067e+02
2.07671905679669067e+02
2.04774264064855885e+02
2.04774264064855885e+02
2.04774264064855885e+02
2.04774264064855885e+02
2.07050389341844351e+02
2.07050389341844351e+02
2.07050389341844351e+02
2.07050389341844351e+02
1.93978403007591680e+02
1.93978403007591680e+02
1.93978403007591680e+02
1.93978403007591680e+02
2.00790211706105538e+02
2.00790211706105538e+02
2.00790211706105538e+02
2.00790211706105538e+02
2.01078871581650219e+02
2.01078871581650219e+02
2.01078871581650219e+02
2.01078871581650219e+02
1.99612584702614896e+02
1.99612584702614896e+02
1.99612584702614896e+02
1.99612584702614896e+02
2.05458102550183980e+02
2.05458102550183980e+02
2.05458102550183980e+02
2.05458102550183980e+02
1.97395570026071852e+02
1.97395570026071852e+02
1.97395570026071852e+02
1.97395570026071852e+02
1.98851412232881131e+02
1.98851412232881131e+02
1.98851412232881131e+02
1.98851412232881131e+02
1.99935502432705647e+02
1.99935502432705647e+02
1.99935502432705647e+02
1.99935502432705647e+02
1.93540519858058616e+02
1.93540519858058616e+02
1.93540519858058616e+02
1.93540519858058616e+02
1.97458788855599778e+02
1.97458788855599778e+02
1.97458788855599778e+02
1.97458788855599778e+02
1.99966414643992209e+02
1.99966414643992209e+02
1.99966414643992209e+02
1.99966414643992209e+02
2.08360638548389943e+02
2.08360638548389943e+02
2.08360638548389943e+02
2.08360638548389943e+02
2.00950435752813576e+02
2.00950435752813576e+02
2.00950435752813576e+02
2.00950435752813576e+02
2.07503319331879510e+02
2.07503319331879510e+02
2.07503319331879510e+02
2.07503319331879510e+02
1.99785512283958980e+02
1.99785512283958980e+02
1.99785512283958980e+02
1.99785512283958980e+02
2.02846424250657293e+02
2.02846424250657293e+02
2.02846424250657293e+02
2.02846424250657293e+02
1.98972618685873726e+02
1.98972618685873726e+02
1.98972618685873726e+02
1.98972618685873726e+02
2.04256285296714140e+02
2.04256285296714140e+02
2.04256285296714140e+02
2.04256285296714140e+02
1.99201048342252847e+02
1.99201048342252847e+02
1.99201048342252847e+02
1.99201048342252847e+02
2.06115849321783884e+02
2.06115849321783884e+02
2.06115849321783884e+02
2.06115849321783884e+02
2.01626108569007130e+02
2.01626108569007130e+02
2.01626108569007130e+02
2.01626108569007130e+02
2.08107503581570029e+02
2.08107503581570029e+02
2.08107503581570029e+02
2.08107503581570029e+02
2.08792173392760475e+02
2.08792173392760475e+02
2.08792173392760475e+02
2.08792173392760475e+02
1.95158011759327962e+02
1.95158011759327962e+02
1.95158011759327962e+02
1.95158011759327962e+02
2.01799099094252313e+02
2.01799099094252313e+02
2.01799099094252313e+02
2.01799099094252313e+02
1.97676526947369780e+02
1.97676526947369780e+02
1.97676526947369780e+02
1.97676526947369780e+02
1.99373950095009832e+02
1.99373950095009832e+02
1.99373950095009832e+02
1.99373950095009832e+02
2.01711520607711947e+02
2.01711520607711947e+02
2.01711520607711947e+02
2.01711520607711947e+02
1.92436616656366539e+02
1.92436616656366539e+02
1.92436616656366539e+02
1.92436616656366539e+02
2.01490050349223907e+02
2.01490050349223907e+02
2.01490050349223907e+02
2.01490050349223907e+02
1.99998813697330235e+02
1.99998813697330235e+02
1.99998813697330235e+02
1.99998813697330235e+02
1.98367150876393566e+02
1.98367150876393566e+02
1.98367150876393566e+02
1.98367150876393566e+02
2.01303411967013091e+02
2.01303411967013091e+02
2.01303411967013091e+02
2.01303411967013091e+02
1.97817958168767035e+02
1.97817958168767035e+02
1.97817958168767035e+02
1.97817958168767035e+02
2.02987043438763749e+02
2.02987043438763749e+02
2.02987043438763749e+02
2.02987043438763749e+02
2.04902375120891378e+02
2.04902375120891378e+02
2.04902375120891378e+02
2.04902375120891378e+02
1.99576980929109567e+02
1.99576980929109567e+02
1.99576980929109567e+02
1.99576980929109567e+02
2.01136931067045737e+02
2.01136931067045737e+02
2.01136931067045737e+02
2.01136931067045737e+02
1.94464269017399602e+02
1.94464269017399602e+02
1.94464269017399602e+02
1.94464269017399602e+02
1.99289004845059850e+02
1.99289004845059850e+02
1.99289004845059850e+02
1.99289004845059850e+02
1.98208175782853885e+02
1.98208175782853885e+02
1.98208175782853885e+02
1.98208175782853885e+02
1.93443895544402864e+02
1.93443895544402864e+02
1.93443895544402864e+02
1.93443895544402864e+02
1.94718394696242996e+02
1.94718394696242996e+02
1.94718394696242996e+02
1.94718394696242996e+02
2.00790493899079848e+02
2.00790493899079848e+02
2.00790493899079848e+02
2.00790493899079848e+02
1.99466366002067275e+02
1.99466366002067275e+02
1.99466366002067275e+02
1.99466366002067275e+02
1.95828188448384736e+02
1.95828188448384736e+02
1.95828188448384736e+02
1.95828188448384736e+02
1.95617686995901266e+02
1.95617686995901266e+02
1.95617686995901266e+02
1.95617686995901266e+02
1.94956373799001597e+02
1.94956373799001597e+02
1.94956373799001597e+02
1.94956373799001597e+02
1.94866990949800851e+02
1.94866990949800851e+02
1.94866990949800851e+02
1.94866990949800851e+02
1.92913608841772515e+02
1.92913608841772515e+02
1.92913608841772515e+02
1.92913608841772515e+02
1.99431800325429094e+02
1.99431800325429094e+02
1.99431800325429094e+02
1.99431800325429094e+02
1.98432259199703736e+02
1.98432259199703736e+02
1.98432259199703736e+02
1.98432259199703736e+02
1.98791331388653106e+02
1.98791331388653106e+02
1.98791331388653106e+02
1.98791331388653106e+02
1.99704197621461816e+02
1.99704197621461816e+02
1.99704197621461816e+02
1.99704197621461816e+02
2.00574600257394053e+02
2.00574600257394053e+02
2.00574600257394053e+02
2.00574600257394053e+02
1.96597202421719970e+02
1.96597202421719970e+02
1.96597202421719970e+02
1.96597202421719970e+02
2.01484786840044592e+02
2.01484786840044592e+02
2.01484786840044592e+02
2.01484786840044592e+02
1.99859134492293521e+02
1.99859134492293521e+02
1.99859134492293521e+02
1.99859134492293521e+02
2.00373594352983957e+02
2.00373594352983957e+02
2.00373594352983957e+02
2.00373594352983957e+02
2.00172921473529414e+02
2.00172921473529414e+02
2.00172921473529414e+02
2.00172921473529414e+02
1.98713653469891170e+02
1.98713653469891170e+02
1.98713653469891170e+02
1.98713653469891170e+02
2.02690191740934722e+02
2.02690191740934722e+02
2.02690191740934722e+02
2.02690191740934722e+02
1.98751696790338769e+02
1.98751696790338769e+02
1.98751696790338769e+02
1.98751696790338769e+02
2.00552835544012879e+02
2.00552835544012879e+02
2.00552835544012879e+02
2.00552835544012879e+02
1.99943496159403452e+02
1.99943496159403452e+02
1.99943496159403452e+02
1.99943496159403452e+02
2.03605668780416352e+02
2.03605668780416352e+02
2.03605668780416352e+02
2.03605668780416352e+02
2.00394388952955524e+02
2.00394388952955524e+02
2.00394388952955524e+02
2.00394388952955524e+02
1.99959386685247068e+02
1.99959386685247068e+02
1.99959386685247068e+02
1.99959386685247068e+02
2.01202158834475341e+02
2.01202158834475341e+02
2.01202158834475341e+02
2.01202158834475341e+02
1.98299656070275802e+02
1.98299656070275802e+02
1.98299656070275802e+02
1.98299656070275802e+02
1.95841769847667365e+02
1.95841769847667365e+02
1.95841769847667365e+02
1.95841769847667365e+02
2.00150075403679722e+02
2.00150075403679722e+02
2.00150075403679722e+02
2.00150075403679722e+02
1.97804861113387176e+02
1.97804861113387176e+02
1.97804861113387176e+02
1.97804861113387176e+02
1.94358538526412616e+02
1.94358538526412616e+02
1.94358538526412616e+02
1.94358538526412616e+02
1.95068328259049338e+02
1.95068328259049338e+02
1.95068328259049338e+02
1.95068328259049338e+02
1.98263862566229761e+02
1.98263862566229761e+02
1.98263862566229761e+02
1.98263862566229761e+02
2.03000696469136159e+02
2.03000696469136159e+02
2.03000696469136159e+02
2.03000696469136159e+02
2.02897790231415769e+02
2.02897790231415769e+02
2.02897790231415769e+02
2.02897790231415769e+02
2.00530322407260229e+02
2.00530322407260229e+02
2.00530322407260229e+02
2.00530322407260229e+02
1.96878000760948964e+02
1.96878000760948964e+02
1.96878000760948964e+02
1.96878000760948964e+02
1.99193248292694562e+02
1.99193248292694562e+02
1.99193248292694562e+02
1.99193248292694562e+02
2.02318612615618122e+02
2.02318612615618122e+02
2.02318612615618122e+02
2.02318612615618122e+02
2.04058035090474277e+02
2.04058035090474277e+02
2.04058035090474277e+02
2.04058035090474277e+02
2.05374585672145741e+02
2.05374585672145741e+02
2.05374585672145741e+02
2.05374585672145741e+02
1.96117597623333722e+02
1.96117597623333722e+02
1.96117597623333722e+02
1.96117597623333722e+02
1.93861436969462488e+02
1.93861436969462488e+02
1.93861436969462488e+02
1.93861436969462488e+02
1.95886593496710759e+02
1.95886593496710759e+02
1.95886593496710759e+02
1.95886593496710759e+02
1.98313180739528320e+02
1.98313180739528320e+02
1.98313180739528320e+02
1.98313180739528320e+02
2.02218588798542925e+02
2.02218588798542925e+02
2.02218588798542925e+02
2.02218588798542925e+02
2.00021470630434635e+02
2.00021470630434635e+02
2.00021470630434635e+02
2.00021470630434635e+02
2.00152739134901822e+02
2.00152739134901822e+02
2.00152739134901822e+02
2.00152739134901822e+02
1.97053715245629576e+02
1.97053715245629576e+02
1.97053715245629576e+02
1.97053715245629576e+02
1.94644017057914994e+02
1.94644017057914994e+02
1.94644017057914994e+02
1.94644017057914994e+02
1.95555290014109801e+02
1.95555290014109801e+02
1.95555290014109801e+02
1.95555290014109801e+02
1.95638380599029574e+02
1.95638380599029574e+02
1.95638380599029574e+02
1.95638380599029574e+02


        </DataArray>

        <DataArray type="Float64" Name="Lambda" format="ascii">

1.14509821251584583e+02
1.14509821251584583e+02
1.14509821251584583e+02
1.14509821251584583e+02
1.15302886011805228e+02
1.15302886011805228e+02
1.15302886011805228e+02
1.15302886011805228e+02
1.17846582708117637e+02
1.17846582708117637e+02
1.17846582708117637e+02
1.17846582708117637e+02
1.14710711209879264e+02
1.14710711209879264e+02
1.14710711209879264e+02
1.14710711209879264e+02
1.13807583080938343e+02
1.13807583080938343e+02
1.13807583080938343e+02
1.13807583080938343e+02
1.14793645030958288e+02
1.14793645030958288e+02
1.14793645030958288e+02
1.14793645030958288e+02
1.14667786987308673e+02
1.14667786987308673e+02
1.14667786987308673e+02
1.14667786987308673e+02
1.14459119173608812e+02
1.14459119173608812e+02
1.14459119173608812e+02
1.14459119173608812e+02
1.14399692576861668e+02
1.14399692576861668e+02
1.14399692576861668e+02
1.14399692576861668e+02
1.14514005981239364e+02
1.14514005981239364e+02
1.14514005981239364e+02
1.14514005981239364e+02
1.15507542488356790e+02
1.15507542488356790e+02
1.15507542488356790e+02
1.15507542488356790e+02
1.18314992550789640e+02
1.18314992550789640e+02
1.18314992550789640e+02
1.18314992550789640e+02
1.16722219165679533e+02
1.16722219165679533e+02
1.16722219165679533e+02
1.16722219165679533e+02
1.16528344089750092e+02
1.16528344089750092e+02
1.16528344089750092e+02
1.16528344089750092e+02
1.15961685481570470e+02
1.15961685481570470e+02
1.15961685481570470e+02
1.15961685481570470e+02
1.16252288417642347e+02
1.16252288417642347e+02
1.16252288417642347e+02
1.16252288417642347e+02
1.14788292603138586e+02
1.14788292603138586e+02
1.14788292603138586e+02
1.14788292603138586e+02
1.14316390366434462e+02
1.14316390366434462e+02
1.14316390366434462e+02
1.14316390366434462e+02
1.14669822828196345e+02
1.14669822828196345e+02
1.14669822828196345e+02
1.14669822828196345e+02
1.14284267649291351e+02
1.14284267649291351e+02
1.14284267649291351e+02
1.14284267649291351e+02
1.13825460288991891e+02
1.13825460288991891e+02
1.13825460288991891e+02
1.13825460288991891e+02
1.14151453917825009e+02
1.14151453917825009e+02
1.14151453917825009e+02
1.14151453917825009e+02
1.16930804237929109e+02
1.16930804237929109e+02
1.16930804237929109e+02
1.16930804237929109e+02
1.12997201108910375e+02
1.12997201108910375e+02
1.12997201108910375e+02
1.12997201108910375e+02
1.14996288848266587e+02
1.14996288848266587e+02
1.14996288848266587e+02
1.14996288848266587e+02
1.15235308403738031e+02
1.15235308403738031e+02
1.15235308403738031e+02
1.15235308403738031e+02
1.13911318639069677e+02
1.13911318639069677e+02
1.13911318639069677e+02
1.13911318639069677e+02
1.16854608070460884e+02
1.16854608070460884e+02
1.16854608070460884e+02
1.16854608070460884e+02
1.15033860223535427e+02
1.15033860223535427e+02
1.15033860223535427e+02
1.15033860223535427e+02
1.17020803106408437e+02
1.17020803106408437e+02
1.17020803106408437e+02
1.17020803106408437e+02
1.15871053787581516e+02
1.15871053787581516e+02
1.15871053787581516e+02
1.15871053787581516e+02
1.17836402652385956e+02
1.17836402652385956e+02
1.17836402652385956e+02
1.17836402652385956e+02
1.17410829459290895e+02
1.17410829459290895e+02
1.17410829459290895e+02
1.17410829459290895e+02
1.18324904030071608e+02
1.18324904030071608e+02
1.18324904030071608e+02
1.18324904030071608e+02
1.17672522584963602e+02
1.17672522584963602e+02
1.17672522584963602e+02
1.17672522584963602e+02
1.15339574308121527e+02
1.15339574308121527e+02
1.15339574308121527e+02
1.15339574308121527e+02
1.14572774829290296e+02
1.14572774829290296e+02
1.14572774829290296e+02
1.14572774829290296e+02
1.16003550106897066e+02
1.16003550106897066e+02
1.16003550106897066e+02
1.16003550106897066e+02
1.14457916161794003e+02
1.14457916161794003e+02
1.14457916161794003e+02
1.14457916161794003e+02
1.17632434475136279e+02
1.17632434475136279e+02
1.17632434475136279e+02
1.17632434475136279e+02
1.18225581924427871e+02
1.18225581924427871e+02
1.18225581924427871e+02
1.18225581924427871e+02
1.18277979244133334e+02
1.18277979244133334e+02
1.18277979244133334e+02
1.18277979244133334e+02
1.16799371778267769e+02
1.16799371778267769e+02
1.16799371778267769e+02
1.16799371778267769e+02
1.17977152562016983e+02
1.17977152562016983e+02
1.17977152562016983e+02
1.17977152562016983e+02
1.17610512635095660e+02
1.17610512635095660e+02
1.17610512635095660e+02
1.17610512635095660e+02
1.16373819185473920e+02
1.16373819185473920e+02
1.16373819185473920e+02
1.16373819185473920e+02
1.15174799623314257e+02
1.15174799623314257e+02
1.15174799623314257e+02
1.15174799623314257e+02
1.19492137679844973e+02
1.19492137679844973e+02
1.19492137679844973e+02
1.19492137679844973e+02
1.18891429884224848e+02
1.18891429884224848e+02
1.18891429884224848e+02
1.18891429884224848e+02
1.17860189579075097e+02
1.17860189579075097e+02
1.17860189579075097e+02
1.17860189579075097e+02
1.14660422851427469e+02
1.14660422851427469e+02
1.14660422851427469e+02
1.14660422851427469e+02
1.15244798692969255e+02
1.15244798692969255e+02
1.15244798692969255e+02
1.15244798692969255e+02
1.15557778162310584e+02
1.15557778162310584e+02
1.15557778162310584e+02
1.15557778162310584e+02
1.19840934991831574e+02
1.19840934991831574e+02
1.19840934991831574e+02
1.19840934991831574e+02
1.18752215272306458e+02
1.18752215272306458e+02
1.18752215272306458e+02
1.18752215272306458e+02
1.14113371017045424e+02
1.14113371017045424e+02
1.14113371017045424e+02
1.14113371017045424e+02
1.12976587853769232e+02
1.12976587853769232e+02
1.12976587853769232e+02
1.12976587853769232e+02
1.18278749332030046e+02
1.18278749332030046e+02
1.18278749332030046e+02
1.18278749332030046e+02
1.18720044662832507e+02
1.18720044662832507e+02
1.18720044662832507e+02
1.18720044662832507e+02
1.19558622901809173e+02
1.19558622901809173e+02
1.19558622901809173e+02
1.19558622901809173e+02
1.18305308236384661e+02
1.18305308236384661e+02
1.18305308236384661e+02
1.18305308236384661e+02
1.16173616345002728e+02
1.16173616345002728e+02
1.16173616345002728e+02
1.16173616345002728e+02
1.18108246826287143e+02
1.18108246826287143e+02
1.18108246826287143e+02
1.18108246826287143e+02
1.16863631720776553e+02
1.16863631720776553e+02
1.16863631720776553e+02
1.16863631720776553e+02
1.18250008266729978e+02
1.18250008266729978e+02
1.18250008266729978e+02
1.18250008266729978e+02
1.18960576159174295e+02
1.18960576159174295e+02
1.18960576159174295e+02
1.18960576159174295e+02
1.19377277459552161e+02
1.19377277459552161e+02
1.19377277459552161e+02
1.19377277459552161e+02
1.13980808488465200e+02
1.13980808488465200e+02
1.13980808488465200e+02
1.13980808488465200e+02
1.13841710412546604e+02
1.13841710412546604e+02
1.13841710412546604e+02
1.13841710412546604e+02
1.16149017091883337e+02
1.16149017091883337e+02
1.16149017091883337e+02
1.16149017091883337e+02
1.17681661453315797e+02
1.17681661453315797e+02
1.17681661453315797e+02
1.17681661453315797e+02
1.13521675573668119e+02
1.13521675573668119e+02
1.13521675573668119e+02
1.13521675573668119e+02
1.17227527468334429e+02
1.17227527468334429e+02
1.17227527468334429e+02
1.17227527468334429e+02
1.15135486584199441e+02
1.15135486584199441e+02
1.15135486584199441e+02
1.15135486584199441e+02
1.14485864642350492e+02
1.14485864642350492e+02
1.14485864642350492e+02
1.14485864642350492e+02
1.13771081528073125e+02
1.13771081528073125e+02
1.13771081528073125e+02
1.13771081528073125e+02
1.16931314360364155e+02
1.16931314360364155e+02
1.16931314360364155e+02
1.16931314360364155e+02
1.13801435484926060e+02
1.13801435484926060e+02
1.13801435484926060e+02
1.13801435484926060e+02
1.18349146720711886e+02
1.18349146720711886e+02
1.18349146720711886e+02
1.18349146720711886e+02
1.14466232876854747e+02
1.14466232876854747e+02
1.14466232876854747e+02
1.14466232876854747e+02
1.18067321183755723e+02
1.18067321183755723e+02
1.18067321183755723e+02
1.18067321183755723e+02
1.14954174118042999e+02
1.14954174118042999e+02
1.14954174118042999e+02
1.14954174118042999e+02
1.16997390145507495e+02
1.16997390145507495e+02
1.16997390145507495e+02
1.16997390145507495e+02
1.14826737881142975e+02
1.14826737881142975e+02
1.14826737881142975e+02
1.14826737881142975e+02
1.17406105777274178e+02
1.17406105777274178e+02
1.17406105777274178e+02
1.17406105777274178e+02
1.13085609879048178e+02
1.13085609879048178e+02
1.13085609879048178e+02
1.13085609879048178e+02
1.14693160308971017e+02
1.14693160308971017e+02
1.14693160308971017e+02
1.14693160308971017e+02
1.15375606075943821e+02
1.15375606075943821e+02
1.15375606075943821e+02
1.15375606075943821e+02
1.19285494044458744e+02
1.19285494044458744e+02
1.19285494044458744e+02
1.19285494044458744e+02
1.15402819651921476e+02
1.15402819651921476e+02
1.15402819651921476e+02
1.15402819651921476e+02
1.17895044625299676e+02
1.17895044625299676e+02
1.17895044625299676e+02
1.17895044625299676e+02
1.15826980780859103e+02
1.15826980780859103e+02
1.15826980780859103e+02
1.15826980780859103e+02
1.19549238643498313e+02
1.19549238643498313e+02
1.19549238643498313e+02
1.19549238643498313e+02
1.18278264887134327e+02
1.18278264887134327e+02
1.18278264887134327e+02
1.18278264887134327e+02
1.18288961726557744e+02
1.18288961726557744e+02
1.18288961726557744e+02
1.18288961726557744e+02
1.16966321778808904e+02
1.16966321778808904e+02
1.16966321778808904e+02
1.16966321778808904e+02
1.19819687841114174e+02
1.19819687841114174e+02
1.19819687841114174e+02
1.19819687841114174e+02
1.14056955750357631e+02
1.14056955750357631e+02
1.14056955750357631e+02
1.14056955750357631e+02
1.14830115759127949e+02
1.14830115759127949e+02
1.14830115759127949e+02
1.14830115759127949e+02
1.12114882762060475e+02
1.12114882762060475e+02
1.12114882762060475e+02
1.12114882762060475e+02
1.12238614240232650e+02
1.12238614240232650e+02
1.12238614240232650e+02
1.12238614240232650e+02
1.15430752413589190e+02
1.15430752413589190e+02
1.15430752413589190e+02
1.15430752413589190e+02
1.12994444356744566e+02
1.12994444356744566e+02
1.12994444356744566e+02
1.12994444356744566e+02
1.15422852837974261e+02
1.15422852837974261e+02
1.15422852837974261e+02
1.15422852837974261e+02
1.14043802362408670e+02
1.14043802362408670e+02
1.14043802362408670e+02
1.14043802362408670e+02
1.16654821933328890e+02
1.16654821933328890e+02
1.16654821933328890e+02
1.16654821933328890e+02
1.14911963074114041e+02
1.14911963074114041e+02
1.14911963074114041e+02
1.14911963074114041e+02
1.15182824709307354e+02
1.15182824709307354e+02
1.15182824709307354e+02
1.15182824709307354e+02
1.15893455065153915e+02
1.15893455065153915e+02
1.15893455065153915e+02
1.15893455065153915e+02
1.13967882733189668e+02
1.13967882733189668e+02
1.13967882733189668e+02
1.13967882733189668e+02
1.15211214830928256e+02
1.15211214830928256e+02
1.15211214830928256e+02
1.15211214830928256e+02
1.14433450055680083e+02
1.14433450055680083e+02
1.14433450055680083e+02
1.14433450055680083e+02
1.14401888754898877e+02
1.14401888754898877e+02
1.14401888754898877e+02
1.14401888754898877e+02
1.14675882878402007e+02
1.14675882878402007e+02
1.14675882878402007e+02
1.14675882878402007e+02
1.13414450426589525e+02
1.13414450426589525e+02
1.13414450426589525e+02
1.13414450426589525e+02
1.13961310393519241e+02
1.13961310393519241e+02
1.13961310393519241e+02
1.13961310393519241e+02
1.17776927304348860e+02
1.17776927304348860e+02
1.17776927304348860e+02
1.17776927304348860e+02
1.12222705622441467e+02
1.12222705622441467e+02
1.12222705622441467e+02
1.12222705622441467e+02
1.13221925640065848e+02
1.13221925640065848e+02
1.13221925640065848e+02
1.13221925640065848e+02
1.12962016945523487e+02
1.12962016945523487e+02
1.12962016945523487e+02
1.12962016945523487e+02
1.13654145779105519e+02
1.13654145779105519e+02
1.13654145779105519e+02
1.13654145779105519e+02
1.16138605423112722e+02
1.16138605423112722e+02
1.16138605423112722e+02
1.16138605423112722e+02
1.17998528019666352e+02
1.17998528019666352e+02
1.17998528019666352e+02
1.17998528019666352e+02
1.16131227282124442e+02
1.16131227282124442e+02
1.16131227282124442e+02
1.16131227282124442e+02
1.13217223868858298e+02
1.13217223868858298e+02
1.13217223868858298e+02
1.13217223868858298e+02
1.12264554199395690e+02
1.12264554199395690e+02
1.12264554199395690e+02
1.12264554199395690e+02
1.13653044736677074e+02
1.13653044736677074e+02
1.13653044736677074e+02
1.13653044736677074e+02
1.12966895768307111e+02
1.12966895768307111e+02
1.12966895768307111e+02
1.12966895768307111e+02
1.12718718537656699e+02
1.12718718537656699e+02
1.12718718537656699e+02
1.12718718537656699e+02
1.18677422049982169e+02
1.18677422049982169e+02
1.18677422049982169e+02
1.18677422049982169e+02
1.16550758980878669e+02
1.16550758980878669e+02
1.16550758980878669e+02
1.16550758980878669e+02
1.16619335429429384e+02
1.16619335429429384e+02
1.16619335429429384e+02
1.16619335429429384e+02
1.13855139454804714e+02
1.13855139454804714e+02
1.13855139454804714e+02
1.13855139454804714e+02
1.11552825873050026e+02
1.11552825873050026e+02
1.11552825873050026e+02
1.11552825873050026e+02
1.13897344768590287e+02
1.13897344768590287e+02
1.13897344768590287e+02
1.13897344768590287e+02
1.12938277304785956e+02
1.12938277304785956e+02
1.12938277304785956e+02
1.12938277304785956e+02
1.15263802951857244e+02
1.15263802951857244e+02
1.15263802951857244e+02
1.15263802951857244e+02
1.14715257336977643e+02
1.14715257336977643e+02
1.14715257336977643e+02
1.14715257336977643e+02
1.12487403277222526e+02
1.12487403277222526e+02
1.12487403277222526e+02
1.12487403277222526e+02
1.13578585148110420e+02
1.13578585148110420e+02
1.13578585148110420e+02
1.13578585148110420e+02
1.11918575137193585e+02
1.11918575137193585e+02
1.11918575137193585e+02
1.11918575137193585e+02
1.16115959129013888e+02
1.16115959129013888e+02
1.16115959129013888e+02
1.16115959129013888e+02
1.18131381309910495e+02
1.18131381309910495e+02
1.18131381309910495e+02
1.18131381309910495e+02
1.16532605469934424e+02
1.16532605469934424e+02
1.16532605469934424e+02
1.16532605469934424e+02
1.14897858760476495e+02
1.14897858760476495e+02
1.14897858760476495e+02
1.14897858760476495e+02
1.15785301742832075e+02
1.15785301742832075e+02
1.15785301742832075e+02
1.15785301742832075e+02
1.16454838609341436e+02
1.16454838609341436e+02
1.16454838609341436e+02
1.16454838609341436e+02
1.18294885693255694e+02
1.18294885693255694e+02
1.18294885693255694e+02
1.18294885693255694e+02
1.14498493274926332e+02
1.14498493274926332e+02
1.14498493274926332e+02
1.14498493274926332e+02
1.12998134131322331e+02
1.12998134131322331e+02
1.12998134131322331e+02
1.12998134131322331e+02
1.12203063338140410e+02
1.12203063338140410e+02
1.12203063338140410e+02
1.12203063338140410e+02
1.13475910509834691e+02
1.13475910509834691e+02
1.13475910509834691e+02
1.13475910509834691e+02
1.13428796824302026e+02
1.13428796824302026e+02
1.13428796824302026e+02
1.13428796824302026e+02
1.16889470170616690e+02
1.16889470170616690e+02
1.16889470170616690e+02
1.16889470170616690e+02
1.14521953266424759e+02
1.14521953266424759e+02
1.14521953266424759e+02
1.14521953266424759e+02
1.14408006713479708e+02
1.14408006713479708e+02
1.14408006713479708e+02
1.14408006713479708e+02
1.15224146098257336e+02
1.15224146098257336e+02
1.15224146098257336e+02
1.15224146098257336e+02
1.13406725853924684e+02
1.13406725853924684e+02
1.13406725853924684e+02
1.13406725853924684e+02
1.19129420794027780e+02
1.19129420794027780e+02
1.19129420794027780e+02
1.19129420794027780e+02
1.15950758732815686e+02
1.15950758732815686e+02
1.15950758732815686e+02
1.15950758732815686e+02
1.16125235862798817e+02
1.16125235862798817e+02
1.16125235862798817e+02
1.16125235862798817e+02
1.17872741839276173e+02
1.17872741839276173e+02
1.17872741839276173e+02
1.17872741839276173e+02
1.17370769966410734e+02
1.17370769966410734e+02
1.17370769966410734e+02
1.17370769966410734e+02
1.15415666337747453e+02
1.15415666337747453e+02
1.15415666337747453e+02
1.15415666337747453e+02
1.17462102449148333e+02
1.17462102449148333e+02
1.17462102449148333e+02
1.17462102449148333e+02
1.14253072105857456e+02
1.14253072105857456e+02
1.14253072105857456e+02
1.14253072105857456e+02
1.18993818674956060e+02
1.18993818674956060e+02
1.18993818674956060e+02
1.18993818674956060e+02
1.18285604413486112e+02
1.18285604413486112e+02
1.18285604413486112e+02
1.18285604413486112e+02
1.17057911436714647e+02
1.17057911436714647e+02
1.17057911436714647e+02
1.17057911436714647e+02
1.15498735679481499e+02
1.15498735679481499e+02
1.15498735679481499e+02
1.15498735679481499e+02
1.12873018548892034e+02
1.12873018548892034e+02
1.12873018548892034e+02
1.12873018548892034e+02
1.11151238772159118e+02
1.11151238772159118e+02
1.11151238772159118e+02
1.11151238772159118e+02
1.14403936081223975e+02
1.14403936081223975e+02
1.14403936081223975e+02
1.14403936081223975e+02
1.08670614798026477e+02
1.08670614798026477e+02
1.08670614798026477e+02
1.08670614798026477e+02
1.06720679338538631e+02
1.06720679338538631e+02
1.06720679338538631e+02
1.06720679338538631e+02
1.11810185697620042e+02
1.11810185697620042e+02
1.11810185697620042e+02
1.11810185697620042e+02
1.18031289085056883e+02
1.18031289085056883e+02
1.18031289085056883e+02
1.18031289085056883e+02
1.14512608235962205e+02
1.14512608235962205e+02
1.14512608235962205e+02
1.14512608235962205e+02
1.15156589529291864e+02
1.15156589529291864e+02
1.15156589529291864e+02
1.15156589529291864e+02
1.14411883484445198e+02
1.14411883484445198e+02
1.14411883484445198e+02
1.14411883484445198e+02
1.13270048923992178e+02
1.13270048923992178e+02
1.13270048923992178e+02
1.13270048923992178e+02
1.15468776563723011e+02
1.15468776563723011e+02
1.15468776563723011e+02
1.15468776563723011e+02
1.11476237731144579e+02
1.11476237731144579e+02
1.11476237731144579e+02
1.11476237731144579e+02
1.13383072025786575e+02
1.13383072025786575e+02
1.13383072025786575e+02
1.13383072025786575e+02
1.14047352392030234e+02
1.14047352392030234e+02
1.14047352392030234e+02
1.14047352392030234e+02
1.13176895663660559e+02
1.13176895663660559e+02
1.13176895663660559e+02
1.13176895663660559e+02
1.13811826044046029e+02
1.13811826044046029e+02
1.13811826044046029e+02
1.13811826044046029e+02
1.13670452986877933e+02
1.13670452986877933e+02
1.13670452986877933e+02
1.13670452986877933e+02
1.11388759941727230e+02
1.11388759941727230e+02
1.11388759941727230e+02
1.11388759941727230e+02
1.14108443521849054e+02
1.14108443521849054e+02
1.14108443521849054e+02
1.14108443521849054e+02
1.14437327023094241e+02
1.14437327023094241e+02
1.14437327023094241e+02
1.14437327023094241e+02
1.14015725097995343e+02
1.14015725097995343e+02
1.14015725097995343e+02
1.14015725097995343e+02
1.13310439935995191e+02
1.13310439935995191e+02
1.13310439935995191e+02
1.13310439935995191e+02
1.16706171907262373e+02
1.16706171907262373e+02
1.16706171907262373e+02
1.16706171907262373e+02
1.17831621358242472e+02
1.17831621358242472e+02
1.17831621358242472e+02
1.17831621358242472e+02
1.16055584051932613e+02
1.16055584051932613e+02
1.16055584051932613e+02
1.16055584051932613e+02
1.17469190610696060e+02
1.17469190610696060e+02
1.17469190610696060e+02
1.17469190610696060e+02
1.15038665468086393e+02
1.15038665468086393e+02
1.15038665468086393e+02
1.15038665468086393e+02
1.15798751155784856e+02
1.15798751155784856e+02
1.15798751155784856e+02
1.15798751155784856e+02
1.13052075045641601e+02
1.13052075045641601e+02
1.13052075045641601e+02
1.13052075045641601e+02
1.13994669979367117e+02
1.13994669979367117e+02
1.13994669979367117e+02
1.13994669979367117e+02
1.14498172161296040e+02
1.14498172161296040e+02
1.14498172161296040e+02
1.14498172161296040e+02
1.16591353463726051e+02
1.16591353463726051e+02
1.16591353463726051e+02
1.16591353463726051e+02
1.17891211505608624e+02
1.17891211505608624e+02
1.17891211505608624e+02
1.17891211505608624e+02
1.18372499905184398e+02
1.18372499905184398e+02
1.18372499905184398e+02
1.18372499905184398e+02
1.19429873883248192e+02
1.19429873883248192e+02
1.19429873883248192e+02
1.19429873883248192e+02
1.16172088121537598e+02
1.16172088121537598e+02
1.16172088121537598e+02
1.16172088121537598e+02
1.12235864300555122e+02
1.12235864300555122e+02
1.12235864300555122e+02
1.12235864300555122e+02
1.15022428653442773e+02
1.15022428653442773e+02
1.15022428653442773e+02
1.15022428653442773e+02
1.21696109717539073e+02
1.21696109717539073e+02
1.21696109717539073e+02
1.21696109717539073e+02
1.11522209203900218e+02
1.11522209203900218e+02
1.11522209203900218e+02
1.11522209203900218e+02
1.17353662831720101e+02
1.17353662831720101e+02
1.17353662831720101e+02
1.17353662831720101e+02
1.18588446166063150e+02
1.18588446166063150e+02
1.18588446166063150e+02
1.18588446166063150e+02
1.18233327723058764e+02
1.18233327723058764e+02
1.18233327723058764e+02
1.18233327723058764e+02
1.17698910500108184e+02
1.17698910500108184e+02
1.17698910500108184e+02
1.17698910500108184e+02
1.17265224499635806e+02
1.17265224499635806e+02
1.17265224499635806e+02
1.17265224499635806e+02
1.18632446949958947e+02
1.18632446949958947e+02
1.18632446949958947e+02
1.18632446949958947e+02
1.14716445115103483e+02
1.14716445115103483e+02
1.14716445115103483e+02
1.14716445115103483e+02
1.14917002505483310e+02
1.14917002505483310e+02
1.14917002505483310e+02
1.14917002505483310e+02
1.09497767569955769e+02
1.09497767569955769e+02
1.09497767569955769e+02
1.09497767569955769e+02
1.13661698174405387e+02
1.13661698174405387e+02
1.13661698174405387e+02
1.13661698174405387e+02
1.13756227584495065e+02
1.13756227584495065e+02
1.13756227584495065e+02
1.13756227584495065e+02
1.14281988239045063e+02
1.14281988239045063e+02
1.14281988239045063e+02
1.14281988239045063e+02
1.17734080326912931e+02
1.17734080326912931e+02
1.17734080326912931e+02
1.17734080326912931e+02
1.15045887869960154e+02
1.15045887869960154e+02
1.15045887869960154e+02
1.15045887869960154e+02
1.14178921028433450e+02
1.14178921028433450e+02
1.14178921028433450e+02
1.14178921028433450e+02
1.17480935399666720e+02
1.17480935399666720e+02
1.17480935399666720e+02
1.17480935399666720e+02
1.11441498086747984e+02
1.11441498086747984e+02
1.11441498086747984e+02
1.11441498086747984e+02
1.13869515320232722e+02
1.13869515320232722e+02
1.13869515320232722e+02
1.13869515320232722e+02
1.09663786745257042e+02
1.09663786745257042e+02
1.09663786745257042e+02
1.09663786745257042e+02
1.10711862868176496e+02
1.10711862868176496e+02
1.10711862868176496e+02
1.10711862868176496e+02
1.12402055181310018e+02
1.12402055181310018e+02
1.12402055181310018e+02
1.12402055181310018e+02
1.13907767226111091e+02
1.13907767226111091e+02
1.13907767226111091e+02
1.13907767226111091e+02
1.13197229334653869e+02
1.13197229334653869e+02
1.13197229334653869e+02
1.13197229334653869e+02
1.16724527001959615e+02
1.16724527001959615e+02
1.16724527001959615e+02
1.16724527001959615e+02
1.14907478010278837e+02
1.14907478010278837e+02
1.14907478010278837e+02
1.14907478010278837e+02
1.18977228123484537e+02
1.18977228123484537e+02
1.18977228123484537e+02
1.18977228123484537e+02
1.13311396080620639e+02
1.13311396080620639e+02
1.13311396080620639e+02
1.13311396080620639e+02
1.17220518625022990e+02
1.17220518625022990e+02
1.17220518625022990e+02
1.17220518625022990e+02
1.17471401593710638e+02
1.17471401593710638e+02
1.17471401593710638e+02
1.17471401593710638e+02
1.15171381357468320e+02
1.15171381357468320e+02
1.15171381357468320e+02
1.15171381357468320e+02
1.13634835844469634e+02
1.13634835844469634e+02
1.13634835844469634e+02
1.13634835844469634e+02
1.16863007354273137e+02
1.16863007354273137e+02
1.16863007354273137e+02
1.16863007354273137e+02
1.16555018572241380e+02
1.16555018572241380e+02
1.16555018572241380e+02
1.16555018572241380e+02
1.18187437060075311e+02
1.18187437060075311e+02
1.18187437060075311e+02
1.18187437060075311e+02
1.16071360436561449e+02
1.16071360436561449e+02
1.16071360436561449e+02
1.16071360436561449e+02
1.13554837332807651e+02
1.13554837332807651e+02
1.13554837332807651e+02
1.13554837332807651e+02
1.16039447991662200e+02
1.16039447991662200e+02
1.16039447991662200e+02
1.16039447991662200e+02
1.15429444208303082e+02
1.15429444208303082e+02
1.15429444208303082e+02
1.15429444208303082e+02
1.11538817605269145e+02
1.11538817605269145e+02
1.11538817605269145e+02
1.11538817605269145e+02
1.17494321415207281e+02
1.17494321415207281e+02
1.17494321415207281e+02
1.17494321415207281e+02
1.17638347368957909e+02
1.17638347368957909e+02
1.17638347368957909e+02
1.17638347368957909e+02
1.17450528655093009e+02
1.17450528655093009e+02
1.17450528655093009e+02
1.17450528655093009e+02
1.13053169009277113e+02
1.13053169009277113e+02
1.13053169009277113e+02
1.13053169009277113e+02
1.16333031307252753e+02
1.16333031307252753e+02
1.16333031307252753e+02
1.16333031307252753e+02
1.11382484026939551e+02
1.11382484026939551e+02
1.11382484026939551e+02
1.11382484026939551e+02
1.16703297322921017e+02
1.16703297322921017e+02
1.16703297322921017e+02
1.16703297322921017e+02
1.17436892079020510e+02
1.17436892079020510e+02
1.17436892079020510e+02
1.17436892079020510e+02
1.14694359703497440e+02
1.14694359703497440e+02
1.14694359703497440e+02
1.14694359703497440e+02
1.15982239095969618e+02
1.15982239095969618e+02
1.15982239095969618e+02
1.15982239095969618e+02
1.14749213336453820e+02
1.14749213336453820e+02
1.14749213336453820e+02
1.14749213336453820e+02
1.15951580713665834e+02
1.15951580713665834e+02
1.15951580713665834e+02
1.15951580713665834e+02
1.15324947939498642e+02
1.15324947939498642e+02
1.15324947939498642e+02
1.15324947939498642e+02
1.15635420247664769e+02
1.15635420247664769e+02
1.15635420247664769e+02
1.15635420247664769e+02
1.13932783416857291e+02
1.13932783416857291e+02
1.13932783416857291e+02
1.13932783416857291e+02
1.16723477426033952e+02
1.16723477426033952e+02
1.16723477426033952e+02
1.16723477426033952e+02
1.15312530052306244e+02
1.15312530052306244e+02
1.15312530052306244e+02
1.15312530052306244e+02
1.20352604570727067e+02
1.20352604570727067e+02
1.20352604570727067e+02
1.20352604570727067e+02
1.15939531418171711e+02
1.15939531418171711e+02
1.15939531418171711e+02
1.15939531418171711e+02
1.17817215010161021e+02
1.17817215010161021e+02
1.17817215010161021e+02
1.17817215010161021e+02
1.22261404124449570e+02
1.22261404124449570e+02
1.22261404124449570e+02
1.22261404124449570e+02
1.13845670144730846e+02
1.13845670144730846e+02
1.13845670144730846e+02
1.13845670144730846e+02
1.15210218813668874e+02
1.15210218813668874e+02
1.15210218813668874e+02
1.15210218813668874e+02
1.14449489401018468e+02
1.14449489401018468e+02
1.14449489401018468e+02
1.14449489401018468e+02
1.15072943355247460e+02
1.15072943355247460e+02
1.15072943355247460e+02
1.15072943355247460e+02
1.17479970655010362e+02
1.17479970655010362e+02
1.17479970655010362e+02
1.17479970655010362e+02
1.12566827609724982e+02
1.12566827609724982e+02
1.12566827609724982e+02
1.12566827609724982e+02
1.15785070957463986e+02
1.15785070957463986e+02
1.15785070957463986e+02
1.15785070957463986e+02
1.17500172557947806e+02
1.17500172557947806e+02
1.17500172557947806e+02
1.17500172557947806e+02
1.12977852061140993e+02
1.12977852061140993e+02
1.12977852061140993e+02
1.12977852061140993e+02
1.13226918130497396e+02
1.13226918130497396e+02
1.13226918130497396e+02
1.13226918130497396e+02
1.11560476220499979e+02
1.11560476220499979e+02
1.11560476220499979e+02
1.11560476220499979e+02
1.15061034398380841e+02
1.15061034398380841e+02
1.15061034398380841e+02
1.15061034398380841e+02
1.16397741104952701e+02
1.16397741104952701e+02
1.16397741104952701e+02
1.16397741104952701e+02
1.10283013408681114e+02
1.10283013408681114e+02
1.10283013408681114e+02
1.10283013408681114e+02
1.15413787714653779e+02
1.15413787714653779e+02
1.15413787714653779e+02
1.15413787714653779e+02
1.15665331028008112e+02
1.15665331028008112e+02
1.15665331028008112e+02
1.15665331028008112e+02
1.12149220424607662e+02
1.12149220424607662e+02
1.12149220424607662e+02
1.12149220424607662e+02
1.15650696402007739e+02
1.15650696402007739e+02
1.15650696402007739e+02
1.15650696402007739e+02
1.17998547003093876e+02
1.17998547003093876e+02
1.17998547003093876e+02
1.17998547003093876e+02
1.15519097571576253e+02
1.15519097571576253e+02
1.15519097571576253e+02
1.15519097571576253e+02
1.15161020424929092e+02
1.15161020424929092e+02
1.15161020424929092e+02
1.15161020424929092e+02
1.14990490008591422e+02
1.14990490008591422e+02
1.14990490008591422e+02
1.14990490008591422e+02
1.14221558727535040e+02
1.14221558727535040e+02
1.14221558727535040e+02
1.14221558727535040e+02
1.12489863999400598e+02
1.12489863999400598e+02
1.12489863999400598e+02
1.12489863999400598e+02
1.12770295412338655e+02
1.12770295412338655e+02
1.12770295412338655e+02
1.12770295412338655e+02
1.16604889402340930e+02
1.16604889402340930e+02
1.16604889402340930e+02
1.16604889402340930e+02
1.17175950748258728e+02
1.17175950748258728e+02
1.17175950748258728e+02
1.17175950748258728e+02
1.12077770468325269e+02
1.12077770468325269e+02
1.12077770468325269e+02
1.12077770468325269e+02
1.15999947781534232e+02
1.15999947781534232e+02
1.15999947781534232e+02
1.15999947781534232e+02
1.13859059852871127e+02
1.13859059852871127e+02
1.13859059852871127e+02
1.13859059852871127e+02
1.12880340763850640e+02
1.12880340763850640e+02
1.12880340763850640e+02
1.12880340763850640e+02
1.15000658486138292e+02
1.15000658486138292e+02
1.15000658486138292e+02
1.15000658486138292e+02
1.15931629482201799e+02
1.15931629482201799e+02
1.15931629482201799e+02
1.15931629482201799e+02
1.16850601824617783e+02
1.16850601824617783e+02
1.16850601824617783e+02
1.16850601824617783e+02
1.16358153406906638e+02
1.16358153406906638e+02
1.16358153406906638e+02
1.16358153406906638e+02
1.18105021110625842e+02
1.18105021110625842e+02
1.18105021110625842e+02
1.18105021110625842e+02
1.18179519775993072e+02
1.18179519775993072e+02
1.18179519775993072e+02
1.18179519775993072e+02
1.15058024713263833e+02
1.15058024713263833e+02
1.15058024713263833e+02
1.15058024713263833e+02
1.17489724537240718e+02
1.17489724537240718e+02
1.17489724537240718e+02
1.17489724537240718e+02
1.15608973315769717e+02
1.15608973315769717e+02
1.15608973315769717e+02
1.15608973315769717e+02
1.15375408066717895e+02
1.15375408066717895e+02
1.15375408066717895e+02
1.15375408066717895e+02
1.15754264812724685e+02
1.15754264812724685e+02
1.15754264812724685e+02
1.15754264812724685e+02
1.17848177590705262e+02
1.17848177590705262e+02
1.17848177590705262e+02
1.17848177590705262e+02
1.13310595839275393e+02
1.13310595839275393e+02
1.13310595839275393e+02
1.13310595839275393e+02
1.16618437049868248e+02
1.16618437049868248e+02
1.16618437049868248e+02
1.16618437049868248e+02
1.16074911850346325e+02
1.16074911850346325e+02
1.16074911850346325e+02
1.16074911850346325e+02
1.12424339978842951e+02
1.12424339978842951e+02
1.12424339978842951e+02
1.12424339978842951e+02
1.20578776751295464e+02
1.20578776751295464e+02
1.20578776751295464e+02
1.20578776751295464e+02
1.12358919744638399e+02
1.12358919744638399e+02
1.12358919744638399e+02
1.12358919744638399e+02
1.16116485950040300e+02
1.16116485950040300e+02
1.16116485950040300e+02
1.16116485950040300e+02
1.17770718527506801e+02
1.17770718527506801e+02
1.17770718527506801e+02
1.17770718527506801e+02
1.14276582702275107e+02
1.14276582702275107e+02
1.14276582702275107e+02
1.14276582702275107e+02
1.20958505380976021e+02
1.20958505380976021e+02
1.20958505380976021e+02
1.20958505380976021e+02
1.18713678947870108e+02
1.18713678947870108e+02
1.18713678947870108e+02
1.18713678947870108e+02
1.15841037965296977e+02
1.15841037965296977e+02
1.15841037965296977e+02
1.15841037965296977e+02
1.16009951720986521e+02
1.16009951720986521e+02
1.16009951720986521e+02
1.16009951720986521e+02
1.17737757720388615e+02
1.17737757720388615e+02
1.17737757720388615e+02
1.17737757720388615e+02
1.21386490617264087e+02
1.21386490617264087e+02
1.21386490617264087e+02
1.21386490617264087e+02
1.17785897636866565e+02
1.17785897636866565e+02
1.17785897636866565e+02
1.17785897636866565e+02
1.16945174297650311e+02
1.16945174297650311e+02
1.16945174297650311e+02
1.16945174297650311e+02
1.13472015300444028e+02
1.13472015300444028e+02
1.13472015300444028e+02
1.13472015300444028e+02
1.11864392951664556e+02
1.11864392951664556e+02
1.11864392951664556e+02
1.11864392951664556e+02
1.10467101657479091e+02
1.10467101657479091e+02
1.10467101657479091e+02
1.10467101657479091e+02
1.14295236770211758e+02
1.14295236770211758e+02
1.14295236770211758e+02
1.14295236770211758e+02
1.16417716239647987e+02
1.16417716239647987e+02
1.16417716239647987e+02
1.16417716239647987e+02
1.16483391353986846e+02
1.16483391353986846e+02
1.16483391353986846e+02
1.16483391353986846e+02
1.14955771633546021e+02
1.14955771633546021e+02
1.14955771633546021e+02
1.14955771633546021e+02
1.11109640347739244e+02
1.11109640347739244e+02
1.11109640347739244e+02
1.11109640347739244e+02
1.17388022485666994e+02
1.17388022485666994e+02
1.17388022485666994e+02
1.17388022485666994e+02
1.12166572273317385e+02
1.12166572273317385e+02
1.12166572273317385e+02
1.12166572273317385e+02
1.16050331247486341e+02
1.16050331247486341e+02
1.16050331247486341e+02
1.16050331247486341e+02
1.13157728797563493e+02
1.13157728797563493e+02
1.13157728797563493e+02
1.13157728797563493e+02
1.15234164768445794e+02
1.15234164768445794e+02
1.15234164768445794e+02
1.15234164768445794e+02
1.16605029124900170e+02
1.16605029124900170e+02
1.16605029124900170e+02
1.16605029124900170e+02
1.15454651155204544e+02
1.15454651155204544e+02
1.15454651155204544e+02
1.15454651155204544e+02
1.15212315164812480e+02
1.15212315164812480e+02
1.15212315164812480e+02
1.15212315164812480e+02
1.10320340157135007e+02
1.10320340157135007e+02
1.10320340157135007e+02
1.10320340157135007e+02
1.11370228265912715e+02
1.11370228265912715e+02
1.11370228265912715e+02
1.11370228265912715e+02
1.21562315471082343e+02
1.21562315471082343e+02
1.21562315471082343e+02
1.21562315471082343e+02
1.20052602899728541e+02
1.20052602899728541e+02
1.20052602899728541e+02
1.20052602899728541e+02
1.17412403042810212e+02
1.17412403042810212e+02
1.17412403042810212e+02
1.17412403042810212e+02
1.12659295177238050e+02
1.12659295177238050e+02
1.12659295177238050e+02
1.12659295177238050e+02
1.19156302041596675e+02
1.19156302041596675e+02
1.19156302041596675e+02
1.19156302041596675e+02
1.13302612817056698e+02
1.13302612817056698e+02
1.13302612817056698e+02
1.13302612817056698e+02
1.16269703746352235e+02
1.16269703746352235e+02
1.16269703746352235e+02
1.16269703746352235e+02
1.16308002614239626e+02
1.16308002614239626e+02
1.16308002614239626e+02
1.16308002614239626e+02
1.16376918132506574e+02
1.16376918132506574e+02
1.16376918132506574e+02
1.16376918132506574e+02
1.15866210903055261e+02
1.15866210903055261e+02
1.15866210903055261e+02
1.15866210903055261e+02
1.17184829180850315e+02
1.17184829180850315e+02
1.17184829180850315e+02
1.17184829180850315e+02
1.10363630484818046e+02
1.10363630484818046e+02
1.10363630484818046e+02
1.10363630484818046e+02
1.16292424880565676e+02
1.16292424880565676e+02
1.16292424880565676e+02
1.16292424880565676e+02
1.13799901206063382e+02
1.13799901206063382e+02
1.13799901206063382e+02
1.13799901206063382e+02
1.13837269830003066e+02
1.13837269830003066e+02
1.13837269830003066e+02
1.13837269830003066e+02
1.12602428638974587e+02
1.12602428638974587e+02
1.12602428638974587e+02
1.12602428638974587e+02
1.18973515392790986e+02
1.18973515392790986e+02
1.18973515392790986e+02
1.18973515392790986e+02
1.15248425577685893e+02
1.15248425577685893e+02
1.15248425577685893e+02
1.15248425577685893e+02
1.12282106209009456e+02
1.12282106209009456e+02
1.12282106209009456e+02
1.12282106209009456e+02
1.17968903898888215e+02
1.17968903898888215e+02
1.17968903898888215e+02
1.17968903898888215e+02
1.18937469579371154e+02
1.18937469579371154e+02
1.18937469579371154e+02
1.18937469579371154e+02
1.14011340412129073e+02
1.14011340412129073e+02
1.14011340412129073e+02
1.14011340412129073e+02
1.14770760198172866e+02
1.14770760198172866e+02
1.14770760198172866e+02
1.14770760198172866e+02
1.13723629051878945e+02
1.13723629051878945e+02
1.13723629051878945e+02
1.13723629051878945e+02
1.14697146896923783e+02
1.14697146896923783e+02
1.14697146896923783e+02
1.14697146896923783e+02
1.13821083498748209e+02
1.13821083498748209e+02
1.13821083498748209e+02
1.13821083498748209e+02
1.14421640634084682e+02
1.14421640634084682e+02
1.14421640634084682e+02
1.14421640634084682e+02
1.12105249311223233e+02
1.12105249311223233e+02
1.12105249311223233e+02
1.12105249311223233e+02
1.12917691327577785e+02
1.12917691327577785e+02
1.12917691327577785e+02
1.12917691327577785e+02
1.18187982329941548e+02
1.18187982329941548e+02
1.18187982329941548e+02
1.18187982329941548e+02
1.15608610790140460e+02
1.15608610790140460e+02
1.15608610790140460e+02
1.15608610790140460e+02
1.15410509744928731e+02
1.15410509744928731e+02
1.15410509744928731e+02
1.15410509744928731e+02
1.16980894267049820e+02
1.16980894267049820e+02
1.16980894267049820e+02
1.16980894267049820e+02
1.10448769731356478e+02
1.10448769731356478e+02
1.10448769731356478e+02
1.10448769731356478e+02
1.11876695153438206e+02
1.11876695153438206e+02
1.11876695153438206e+02
1.11876695153438206e+02
1.15248579898161353e+02
1.15248579898161353e+02
1.15248579898161353e+02
1.15248579898161353e+02
1.14960135432930159e+02
1.14960135432930159e+02
1.14960135432930159e+02
1.14960135432930159e+02
1.11321538430531675e+02
1.11321538430531675e+02
1.11321538430531675e+02
1.11321538430531675e+02
1.19462636734446065e+02
1.19462636734446065e+02
1.19462636734446065e+02
1.19462636734446065e+02
1.19117518968206014e+02
1.19117518968206014e+02
1.19117518968206014e+02
1.19117518968206014e+02
1.20373517525451916e+02
1.20373517525451916e+02
1.20373517525451916e+02
1.20373517525451916e+02
1.17813929904414664e+02
1.17813929904414664e+02
1.17813929904414664e+02
1.17813929904414664e+02
1.13341859368963128e+02
1.13341859368963128e+02
1.13341859368963128e+02
1.13341859368963128e+02
1.12914027959188772e+02
1.12914027959188772e+02
1.12914027959188772e+02
1.12914027959188772e+02
1.21740456113850669e+02
1.21740456113850669e+02
1.21740456113850669e+02
1.21740456113850669e+02
1.20938013445604795e+02
1.20938013445604795e+02
1.20938013445604795e+02
1.20938013445604795e+02
1.17946254465204618e+02
1.17946254465204618e+02
1.17946254465204618e+02
1.17946254465204618e+02
1.18246601318793040e+02
1.18246601318793040e+02
1.18246601318793040e+02
1.18246601318793040e+02
1.14861831271111470e+02
1.14861831271111470e+02
1.14861831271111470e+02
1.14861831271111470e+02
1.13209701769483431e+02
1.13209701769483431e+02
1.13209701769483431e+02
1.13209701769483431e+02
1.11687067223022439e+02
1.11687067223022439e+02
1.11687067223022439e+02
1.11687067223022439e+02
1.13701976393927765e+02
1.13701976393927765e+02
1.13701976393927765e+02
1.13701976393927765e+02
1.12566782079246934e+02
1.12566782079246934e+02
1.12566782079246934e+02
1.12566782079246934e+02
1.17732715480294345e+02
1.17732715480294345e+02
1.17732715480294345e+02
1.17732715480294345e+02
1.11957164654787150e+02
1.11957164654787150e+02
1.11957164654787150e+02
1.11957164654787150e+02
1.13968886748323186e+02
1.13968886748323186e+02
1.13968886748323186e+02
1.13968886748323186e+02
1.13836789492727021e+02
1.13836789492727021e+02
1.13836789492727021e+02
1.13836789492727021e+02
1.12833931638345476e+02
1.12833931638345476e+02
1.12833931638345476e+02
1.12833931638345476e+02
1.12654507235089355e+02
1.12654507235089355e+02
1.12654507235089355e+02
1.12654507235089355e+02
1.12333196951087473e+02
1.12333196951087473e+02
1.12333196951087473e+02
1.12333196951087473e+02
1.18996726543578717e+02
1.18996726543578717e+02
1.18996726543578717e+02
1.18996726543578717e+02
1.17638121904289989e+02
1.17638121904289989e+02
1.17638121904289989e+02
1.17638121904289989e+02
1.10877776048326950e+02
1.10877776048326950e+02
1.10877776048326950e+02
1.10877776048326950e+02
1.16412634889199040e+02
1.16412634889199040e+02
1.16412634889199040e+02
1.16412634889199040e+02
1.15562198518582221e+02
1.15562198518582221e+02
1.15562198518582221e+02
1.15562198518582221e+02
1.17575677307794138e+02
1.17575677307794138e+02
1.17575677307794138e+02
1.17575677307794138e+02
1.16405335265487196e+02
1.16405335265487196e+02
1.16405335265487196e+02
1.16405335265487196e+02
1.17995162327446465e+02
1.17995162327446465e+02
1.17995162327446465e+02
1.17995162327446465e+02
1.13984337101318957e+02
1.13984337101318957e+02
1.13984337101318957e+02
1.13984337101318957e+02
1.15187453546382443e+02
1.15187453546382443e+02
1.15187453546382443e+02
1.15187453546382443e+02
1.13072102736929594e+02
1.13072102736929594e+02
1.13072102736929594e+02
1.13072102736929594e+02
1.10584334859066701e+02
1.10584334859066701e+02
1.10584334859066701e+02
1.10584334859066701e+02
1.14137016965978717e+02
1.14137016965978717e+02
1.14137016965978717e+02
1.14137016965978717e+02
1.14032693475650746e+02
1.14032693475650746e+02
1.14032693475650746e+02
1.14032693475650746e+02
1.14162063642733727e+02
1.14162063642733727e+02
1.14162063642733727e+02
1.14162063642733727e+02
1.15934717597885438e+02
1.15934717597885438e+02
1.15934717597885438e+02
1.15934717597885438e+02
1.15273720799634603e+02
1.15273720799634603e+02
1.15273720799634603e+02
1.15273720799634603e+02
1.16453351141498175e+02
1.16453351141498175e+02
1.16453351141498175e+02
1.16453351141498175e+02
1.14670436697756728e+02
1.14670436697756728e+02
1.14670436697756728e+02
1.14670436697756728e+02
1.16246867961759577e+02
1.16246867961759577e+02
1.16246867961759577e+02
1.16246867961759577e+02
1.17623713673169931e+02
1.17623713673169931e+02
1.17623713673169931e+02
1.17623713673169931e+02
1.16281697164686904e+02
1.16281697164686904e+02
1.16281697164686904e+02
1.16281697164686904e+02
1.15901744580446646e+02
1.15901744580446646e+02
1.15901744580446646e+02
1.15901744580446646e+02
1.17631497787670895e+02
1.17631497787670895e+02
1.17631497787670895e+02
1.17631497787670895e+02
1.15164274196201504e+02
1.15164274196201504e+02
1.15164274196201504e+02
1.15164274196201504e+02
1.16631007898923414e+02
1.16631007898923414e+02
1.16631007898923414e+02
1.16631007898923414e+02
1.13450776501227182e+02
1.13450776501227182e+02
1.13450776501227182e+02
1.13450776501227182e+02
1.12794212155080487e+02
1.12794212155080487e+02
1.12794212155080487e+02
1.12794212155080487e+02
1.15691643275826166e+02
1.15691643275826166e+02
1.15691643275826166e+02
1.15691643275826166e+02
1.13943099006822521e+02
1.13943099006822521e+02
1.13943099006822521e+02
1.13943099006822521e+02
1.15693803337918027e+02
1.15693803337918027e+02
1.15693803337918027e+02
1.15693803337918027e+02
1.12026985282433287e+02
1.12026985282433287e+02
1.12026985282433287e+02
1.12026985282433287e+02
1.13287911682143147e+02
1.13287911682143147e+02
1.13287911682143147e+02
1.13287911682143147e+02
1.13077051350521245e+02
1.13077051350521245e+02
1.13077051350521245e+02
1.13077051350521245e+02
1.13089129260145796e+02
1.13089129260145796e+02
1.13089129260145796e+02
1.13089129260145796e+02
1.09808859670573483e+02
1.09808859670573483e+02
1.09808859670573483e+02
1.09808859670573483e+02
1.09191868410026999e+02
1.09191868410026999e+02
1.09191868410026999e+02
1.09191868410026999e+02
1.14030005534397446e+02
1.14030005534397446e+02
1.14030005534397446e+02
1.14030005534397446e+02
1.15045954061115069e+02
1.15045954061115069e+02
1.15045954061115069e+02
1.15045954061115069e+02
1.11156758604640601e+02
1.11156758604640601e+02
1.11156758604640601e+02
1.11156758604640601e+02
1.10291339344819022e+02
1.10291339344819022e+02
1.10291339344819022e+02
1.10291339344819022e+02
1.12503506379682321e+02
1.12503506379682321e+02
1.12503506379682321e+02
1.12503506379682321e+02
1.13306607927009537e+02
1.13306607927009537e+02
1.13306607927009537e+02
1.13306607927009537e+02
1.14488029333050733e+02
1.14488029333050733e+02
1.14488029333050733e+02
1.14488029333050733e+02
1.14033060712622074e+02
1.14033060712622074e+02
1.14033060712622074e+02
1.14033060712622074e+02
1.10561300608678536e+02
1.10561300608678536e+02
1.10561300608678536e+02
1.10561300608678536e+02
1.09656403902216226e+02
1.09656403902216226e+02
1.09656403902216226e+02
1.09656403902216226e+02
1.14260936255168261e+02
1.14260936255168261e+02
1.14260936255168261e+02
1.14260936255168261e+02
1.15357404939500739e+02
1.15357404939500739e+02
1.15357404939500739e+02
1.15357404939500739e+02
1.14188070078650512e+02
1.14188070078650512e+02
1.14188070078650512e+02
1.14188070078650512e+02
1.11789405348541905e+02
1.11789405348541905e+02
1.11789405348541905e+02
1.11789405348541905e+02
1.11037705343317668e+02
1.11037705343317668e+02
1.11037705343317668e+02
1.11037705343317668e+02
1.14014486785897347e+02
1.14014486785897347e+02
1.14014486785897347e+02
1.14014486785897347e+02
1.13404487819538062e+02
1.13404487819538062e+02
1.13404487819538062e+02
1.13404487819538062e+02
1.13363867208943276e+02
1.13363867208943276e+02
1.13363867208943276e+02
1.13363867208943276e+02
1.15718147908519967e+02
1.15718147908519967e+02
1.15718147908519967e+02
1.15718147908519967e+02
1.17178670608205010e+02
1.17178670608205010e+02
1.17178670608205010e+02
1.17178670608205010e+02
1.15680790387325246e+02
1.15680790387325246e+02
1.15680790387325246e+02
1.15680790387325246e+02
1.15501936238789924e+02
1.15501936238789924e+02
1.15501936238789924e+02
1.15501936238789924e+02
1.17555145973374024e+02
1.17555145973374024e+02
1.17555145973374024e+02
1.17555145973374024e+02
1.16868914792771847e+02
1.16868914792771847e+02
1.16868914792771847e+02
1.16868914792771847e+02
1.14189642456865357e+02
1.14189642456865357e+02
1.14189642456865357e+02
1.14189642456865357e+02
1.17743927443439645e+02
1.17743927443439645e+02
1.17743927443439645e+02
1.17743927443439645e+02
1.14338106159130817e+02
1.14338106159130817e+02
1.14338106159130817e+02
1.14338106159130817e+02
1.15349753653732279e+02
1.15349753653732279e+02
1.15349753653732279e+02
1.15349753653732279e+02
1.13838955687397998e+02
1.13838955687397998e+02
1.13838955687397998e+02
1.13838955687397998e+02
1.14023530251085219e+02
1.14023530251085219e+02
1.14023530251085219e+02
1.14023530251085219e+02
1.16763183397974515e+02
1.16763183397974515e+02
1.16763183397974515e+02
1.16763183397974515e+02
1.16281441055063667e+02
1.16281441055063667e+02
1.16281441055063667e+02
1.16281441055063667e+02
1.16744331473117143e+02
1.16744331473117143e+02
1.16744331473117143e+02
1.16744331473117143e+02
1.14420959707415491e+02
1.14420959707415491e+02
1.14420959707415491e+02
1.14420959707415491e+02
1.16264775350285959e+02
1.16264775350285959e+02
1.16264775350285959e+02
1.16264775350285959e+02
1.16524576245090344e+02
1.16524576245090344e+02
1.16524576245090344e+02
1.16524576245090344e+02
1.13310115227477041e+02
1.13310115227477041e+02
1.13310115227477041e+02
1.13310115227477041e+02
1.15157937460441019e+02
1.15157937460441019e+02
1.15157937460441019e+02
1.15157937460441019e+02
1.14149829887183827e+02
1.14149829887183827e+02
1.14149829887183827e+02
1.14149829887183827e+02
1.15339930039269049e+02
1.15339930039269049e+02
1.15339930039269049e+02
1.15339930039269049e+02
1.13434674154841773e+02
1.13434674154841773e+02
1.13434674154841773e+02
1.13434674154841773e+02
1.15514840871810520e+02
1.15514840871810520e+02
1.15514840871810520e+02
1.15514840871810520e+02
1.15569330063523040e+02
1.15569330063523040e+02
1.15569330063523040e+02
1.15569330063523040e+02
1.12580813689683396e+02
1.12580813689683396e+02
1.12580813689683396e+02
1.12580813689683396e+02
1.16226792684032603e+02
1.16226792684032603e+02
1.16226792684032603e+02
1.16226792684032603e+02
1.13706002759973870e+02
1.13706002759973870e+02
1.13706002759973870e+02
1.13706002759973870e+02
1.15132880135423676e+02
1.15132880135423676e+02
1.15132880135423676e+02
1.15132880135423676e+02
1.17296688183532552e+02
1.17296688183532552e+02
1.17296688183532552e+02
1.17296688183532552e+02
1.14926188479076004e+02
1.14926188479076004e+02
1.14926188479076004e+02
1.14926188479076004e+02
1.15671228144791243e+02
1.15671228144791243e+02
1.15671228144791243e+02
1.15671228144791243e+02
1.15812781476047604e+02
1.15812781476047604e+02
1.15812781476047604e+02
1.15812781476047604e+02
1.17325646174978559e+02
1.17325646174978559e+02
1.17325646174978559e+02
1.17325646174978559e+02
1.13908197930734360e+02
1.13908197930734360e+02
1.13908197930734360e+02
1.13908197930734360e+02
1.13940643065386425e+02
1.13940643065386425e+02
1.13940643065386425e+02
1.13940643065386425e+02
1.16176558943956337e+02
1.16176558943956337e+02
1.16176558943956337e+02
1.16176558943956337e+02
1.15246069858241313e+02
1.15246069858241313e+02
1.15246069858241313e+02
1.15246069858241313e+02
1.13837454452665270e+02
1.13837454452665270e+02
1.13837454452665270e+02
1.13837454452665270e+02
1.14425471221264985e+02
1.14425471221264985e+02
1.14425471221264985e+02
1.14425471221264985e+02
1.17547045725126225e+02
1.17547045725126225e+02
1.17547045725126225e+02
1.17547045725126225e+02
1.19046704576330711e+02
1.19046704576330711e+02
1.19046704576330711e+02
1.19046704576330711e+02
1.17347801604798363e+02
1.17347801604798363e+02
1.17347801604798363e+02
1.17347801604798363e+02
1.17766743468636236e+02
1.17766743468636236e+02
1.17766743468636236e+02
1.17766743468636236e+02
1.17762925555303795e+02
1.17762925555303795e+02
1.17762925555303795e+02
1.17762925555303795e+02
1.16545818495339020e+02
1.16545818495339020e+02
1.16545818495339020e+02
1.16545818495339020e+02
1.17775200548447188e+02
1.17775200548447188e+02
1.17775200548447188e+02
1.17775200548447188e+02
1.16560702481985018e+02
1.16560702481985018e+02
1.16560702481985018e+02
1.16560702481985018e+02
1.13985911764109602e+02
1.13985911764109602e+02
1.13985911764109602e+02
1.13985911764109602e+02
1.15752946350839551e+02
1.15752946350839551e+02
1.15752946350839551e+02
1.15752946350839551e+02
1.14378802687489241e+02
1.14378802687489241e+02
1.14378802687489241e+02
1.14378802687489241e+02
1.15056101254709446e+02
1.15056101254709446e+02
1.15056101254709446e+02
1.15056101254709446e+02
1.11690866299054861e+02
1.11690866299054861e+02
1.11690866299054861e+02
1.11690866299054861e+02
1.17255536023351539e+02
1.17255536023351539e+02
1.17255536023351539e+02
1.17255536023351539e+02
1.18128632784434913e+02
1.18128632784434913e+02
1.18128632784434913e+02
1.18128632784434913e+02
1.15287386186545660e+02
1.15287386186545660e+02
1.15287386186545660e+02
1.15287386186545660e+02
1.14676089374523940e+02
1.14676089374523940e+02
1.14676089374523940e+02
1.14676089374523940e+02
1.16677756217242816e+02
1.16677756217242816e+02
1.16677756217242816e+02
1.16677756217242816e+02
1.12521240656324466e+02
1.12521240656324466e+02
1.12521240656324466e+02
1.12521240656324466e+02
1.13400264066952374e+02
1.13400264066952374e+02
1.13400264066952374e+02
1.13400264066952374e+02
1.10324400266779719e+02
1.10324400266779719e+02
1.10324400266779719e+02
1.10324400266779719e+02
1.11529550994910508e+02
1.11529550994910508e+02
1.11529550994910508e+02
1.11529550994910508e+02
1.10262745527771827e+02
1.10262745527771827e+02
1.10262745527771827e+02
1.10262745527771827e+02
1.11904954208752415e+02
1.11904954208752415e+02
1.11904954208752415e+02
1.11904954208752415e+02
1.19705113250336098e+02
1.19705113250336098e+02
1.19705113250336098e+02
1.19705113250336098e+02
1.16554539970134897e+02
1.16554539970134897e+02
1.16554539970134897e+02
1.16554539970134897e+02
1.16296484887736810e+02
1.16296484887736810e+02
1.16296484887736810e+02
1.16296484887736810e+02
1.15686471745700487e+02
1.15686471745700487e+02
1.15686471745700487e+02
1.15686471745700487e+02
1.16509180049873081e+02
1.16509180049873081e+02
1.16509180049873081e+02
1.16509180049873081e+02
1.16845032942236458e+02
1.16845032942236458e+02
1.16845032942236458e+02
1.16845032942236458e+02
1.15931314612409395e+02
1.15931314612409395e+02
1.15931314612409395e+02
1.15931314612409395e+02
1.17829239993938501e+02
1.17829239993938501e+02
1.17829239993938501e+02
1.17829239993938501e+02
1.08363992922135552e+02
1.08363992922135552e+02
1.08363992922135552e+02
1.08363992922135552e+02
1.12959985738922413e+02
1.12959985738922413e+02
1.12959985738922413e+02
1.12959985738922413e+02
1.20839226368455385e+02
1.20839226368455385e+02
1.20839226368455385e+02
1.20839226368455385e+02
1.16063222059513564e+02
1.16063222059513564e+02
1.16063222059513564e+02
1.16063222059513564e+02
1.14604055406356480e+02
1.14604055406356480e+02
1.14604055406356480e+02
1.14604055406356480e+02
1.15594929754191938e+02
1.15594929754191938e+02
1.15594929754191938e+02
1.15594929754191938e+02
1.19027605990218234e+02
1.19027605990218234e+02
1.19027605990218234e+02
1.19027605990218234e+02
1.14026629229618621e+02
1.14026629229618621e+02
1.14026629229618621e+02
1.14026629229618621e+02
1.16855072479908060e+02
1.16855072479908060e+02
1.16855072479908060e+02
1.16855072479908060e+02
1.19007500670190922e+02
1.19007500670190922e+02
1.19007500670190922e+02
1.19007500670190922e+02
1.18579129163959223e+02
1.18579129163959223e+02
1.18579129163959223e+02
1.18579129163959223e+02
1.17792332817064732e+02
1.17792332817064732e+02
1.17792332817064732e+02
1.17792332817064732e+02
1.18379437370759774e+02
1.18379437370759774e+02
1.18379437370759774e+02
1.18379437370759774e+02
1.15859047775727433e+02
1.15859047775727433e+02
1.15859047775727433e+02
1.15859047775727433e+02
1.18021620240174570e+02
1.18021620240174570e+02
1.18021620240174570e+02
1.18021620240174570e+02
1.15095375684786717e+02
1.15095375684786717e+02
1.15095375684786717e+02
1.15095375684786717e+02
1.17142910277714051e+02
1.17142910277714051e+02
1.17142910277714051e+02
1.17142910277714051e+02
1.17269075353378796e+02
1.17269075353378796e+02
1.17269075353378796e+02
1.17269075353378796e+02
1.13670409949303391e+02
1.13670409949303391e+02
1.13670409949303391e+02
1.13670409949303391e+02
1.17070788745669020e+02
1.17070788745669020e+02
1.17070788745669020e+02
1.17070788745669020e+02
1.21660510217413844e+02
1.21660510217413844e+02
1.21660510217413844e+02
1.21660510217413844e+02
1.19328378813950181e+02
1.19328378813950181e+02
1.19328378813950181e+02
1.19328378813950181e+02
1.12891019996176070e+02
1.12891019996176070e+02
1.12891019996176070e+02
1.12891019996176070e+02
1.15652321149027131e+02
1.15652321149027131e+02
1.15652321149027131e+02
1.15652321149027131e+02
1.11658357178517747e+02
1.11658357178517747e+02
1.11658357178517747e+02
1.11658357178517747e+02
1.15726304666910210e+02
1.15726304666910210e+02
1.15726304666910210e+02
1.15726304666910210e+02
1.15110821256013026e+02
1.15110821256013026e+02
1.15110821256013026e+02
1.15110821256013026e+02
1.13002556611525563e+02
1.13002556611525563e+02
1.13002556611525563e+02
1.13002556611525563e+02
1.13298365764000650e+02
1.13298365764000650e+02
1.13298365764000650e+02
1.13298365764000650e+02
1.13814191353250663e+02
1.13814191353250663e+02
1.13814191353250663e+02
1.13814191353250663e+02
1.15400408374698031e+02
1.15400408374698031e+02
1.15400408374698031e+02
1.15400408374698031e+02
1.14355614926546195e+02
1.14355614926546195e+02
1.14355614926546195e+02
1.14355614926546195e+02
1.13748825186469332e+02
1.13748825186469332e+02
1.13748825186469332e+02
1.13748825186469332e+02
1.16451106016411373e+02
1.16451106016411373e+02
1.16451106016411373e+02
1.16451106016411373e+02
1.15971839369531196e+02
1.15971839369531196e+02
1.15971839369531196e+02
1.15971839369531196e+02
1.13505481645847510e+02
1.13505481645847510e+02
1.13505481645847510e+02
1.13505481645847510e+02
1.13183530732529860e+02
1.13183530732529860e+02
1.13183530732529860e+02
1.13183530732529860e+02
1.16557896930824384e+02
1.16557896930824384e+02
1.16557896930824384e+02
1.16557896930824384e+02
1.12855873420667791e+02
1.12855873420667791e+02
1.12855873420667791e+02
1.12855873420667791e+02
1.14969032629863349e+02
1.14969032629863349e+02
1.14969032629863349e+02
1.14969032629863349e+02
1.11672520502177122e+02
1.11672520502177122e+02
1.11672520502177122e+02
1.11672520502177122e+02
1.13483931898542792e+02
1.13483931898542792e+02
1.13483931898542792e+02
1.13483931898542792e+02
1.16903660657177241e+02
1.16903660657177241e+02
1.16903660657177241e+02
1.16903660657177241e+02
1.16065544366682943e+02
1.16065544366682943e+02
1.16065544366682943e+02
1.16065544366682943e+02
1.14734403374293635e+02
1.14734403374293635e+02
1.14734403374293635e+02
1.14734403374293635e+02
1.12456636272528939e+02
1.12456636272528939e+02
1.12456636272528939e+02
1.12456636272528939e+02
1.13642146233968660e+02
1.13642146233968660e+02
1.13642146233968660e+02
1.13642146233968660e+02
1.14842629924890659e+02
1.14842629924890659e+02
1.14842629924890659e+02
1.14842629924890659e+02
1.17391413013465211e+02
1.17391413013465211e+02
1.17391413013465211e+02
1.17391413013465211e+02
1.15213397115372629e+02
1.15213397115372629e+02
1.15213397115372629e+02
1.15213397115372629e+02
1.15261325424556233e+02
1.15261325424556233e+02
1.15261325424556233e+02
1.15261325424556233e+02
1.13573249572030178e+02
1.13573249572030178e+02
1.13573249572030178e+02
1.13573249572030178e+02
1.12032116192165248e+02
1.12032116192165248e+02
1.12032116192165248e+02
1.12032116192165248e+02
1.15941297542378436e+02
1.15941297542378436e+02
1.15941297542378436e+02
1.15941297542378436e+02
1.14075834616589276e+02
1.14075834616589276e+02
1.14075834616589276e+02
1.14075834616589276e+02
1.15168564472429765e+02
1.15168564472429765e+02
1.15168564472429765e+02
1.15168564472429765e+02
1.18290804776815747e+02
1.18290804776815747e+02
1.18290804776815747e+02
1.18290804776815747e+02
1.13927091852990898e+02
1.13927091852990898e+02
1.13927091852990898e+02
1.13927091852990898e+02
1.14184168054722051e+02
1.14184168054722051e+02
1.14184168054722051e+02
1.14184168054722051e+02
1.18023046490186559e+02
1.18023046490186559e+02
1.18023046490186559e+02
1.18023046490186559e+02
1.14250159874360207e+02
1.14250159874360207e+02
1.14250159874360207e+02
1.14250159874360207e+02
1.11866862831136274e+02
1.11866862831136274e+02
1.11866862831136274e+02
1.11866862831136274e+02
1.17711156000878944e+02
1.17711156000878944e+02
1.17711156000878944e+02
1.17711156000878944e+02
1.12523764936570601e+02
1.12523764936570601e+02
1.12523764936570601e+02
1.12523764936570601e+02
1.15625233739888728e+02
1.15625233739888728e+02
1.15625233739888728e+02
1.15625233739888728e+02
1.13568541844468143e+02
1.13568541844468143e+02
1.13568541844468143e+02
1.13568541844468143e+02
1.19731060186361503e+02
1.19731060186361503e+02
1.19731060186361503e+02
1.19731060186361503e+02
1.14665931050715756e+02
1.14665931050715756e+02
1.14665931050715756e+02
1.14665931050715756e+02
1.14656162753873105e+02
1.14656162753873105e+02
1.14656162753873105e+02
1.14656162753873105e+02
1.17158894653228344e+02
1.17158894653228344e+02
1.17158894653228344e+02
1.17158894653228344e+02
1.11976932112267576e+02
1.11976932112267576e+02
1.11976932112267576e+02
1.11976932112267576e+02
1.19853170416179609e+02
1.19853170416179609e+02
1.19853170416179609e+02
1.19853170416179609e+02
1.18719250786707306e+02
1.18719250786707306e+02
1.18719250786707306e+02
1.18719250786707306e+02
1.14968291943915133e+02
1.14968291943915133e+02
1.14968291943915133e+02
1.14968291943915133e+02
1.13146385254258846e+02
1.13146385254258846e+02
1.13146385254258846e+02
1.13146385254258846e+02
1.15707033443741850e+02
1.15707033443741850e+02
1.15707033443741850e+02
1.15707033443741850e+02
1.14125414139141199e+02
1.14125414139141199e+02
1.14125414139141199e+02
1.14125414139141199e+02
1.14251397032656101e+02
1.14251397032656101e+02
1.14251397032656101e+02
1.14251397032656101e+02
1.16590834473392519e+02
1.16590834473392519e+02
1.16590834473392519e+02
1.16590834473392519e+02
1.18841212682872651e+02
1.18841212682872651e+02
1.18841212682872651e+02
1.18841212682872651e+02
1.13209860795708451e+02
1.13209860795708451e+02
1.13209860795708451e+02
1.13209860795708451e+02
1.18440307176392821e+02
1.18440307176392821e+02
1.18440307176392821e+02
1.18440307176392821e+02
1.18658888078987999e+02
1.18658888078987999e+02
1.18658888078987999e+02
1.18658888078987999e+02
1.19264444244007080e+02
1.19264444244007080e+02
1.19264444244007080e+02
1.19264444244007080e+02
1.15892084138430590e+02
1.15892084138430590e+02
1.15892084138430590e+02
1.15892084138430590e+02
1.15137833823901786e+02
1.15137833823901786e+02
1.15137833823901786e+02
1.15137833823901786e+02
1.13999579194373311e+02
1.13999579194373311e+02
1.13999579194373311e+02
1.13999579194373311e+02
1.13610157591439588e+02
1.13610157591439588e+02
1.13610157591439588e+02
1.13610157591439588e+02
1.16969375516211102e+02
1.16969375516211102e+02
1.16969375516211102e+02
1.16969375516211102e+02
1.15419973889153326e+02
1.15419973889153326e+02
1.15419973889153326e+02
1.15419973889153326e+02
1.18459529769157399e+02
1.18459529769157399e+02
1.18459529769157399e+02
1.18459529769157399e+02
1.21053476979821482e+02
1.21053476979821482e+02
1.21053476979821482e+02
1.21053476979821482e+02
1.15025114218018572e+02
1.15025114218018572e+02
1.15025114218018572e+02
1.15025114218018572e+02
1.16467892249655534e+02
1.16467892249655534e+02
1.16467892249655534e+02
1.16467892249655534e+02
1.11110869881934761e+02
1.11110869881934761e+02
1.11110869881934761e+02
1.11110869881934761e+02
1.13937839343293675e+02
1.13937839343293675e+02
1.13937839343293675e+02
1.13937839343293675e+02
1.11368367430811901e+02
1.11368367430811901e+02
1.11368367430811901e+02
1.11368367430811901e+02
1.15288719719707871e+02
1.15288719719707871e+02
1.15288719719707871e+02
1.15288719719707871e+02
1.17360660615473577e+02
1.17360660615473577e+02
1.17360660615473577e+02
1.17360660615473577e+02
1.09967219418933169e+02
1.09967219418933169e+02
1.09967219418933169e+02
1.09967219418933169e+02
1.11388509784462727e+02
1.11388509784462727e+02
1.11388509784462727e+02
1.11388509784462727e+02
1.12308766058641027e+02
1.12308766058641027e+02
1.12308766058641027e+02
1.12308766058641027e+02
1.14292315613173329e+02
1.14292315613173329e+02
1.14292315613173329e+02
1.14292315613173329e+02
1.15764963643381364e+02
1.15764963643381364e+02
1.15764963643381364e+02
1.15764963643381364e+02
1.16280422830444294e+02
1.16280422830444294e+02
1.16280422830444294e+02
1.16280422830444294e+02
1.15714146758043185e+02
1.15714146758043185e+02
1.15714146758043185e+02
1.15714146758043185e+02
1.16467628350331665e+02
1.16467628350331665e+02
1.16467628350331665e+02
1.16467628350331665e+02
1.18118516847283274e+02
1.18118516847283274e+02
1.18118516847283274e+02
1.18118516847283274e+02
1.16042755004935799e+02
1.16042755004935799e+02
1.16042755004935799e+02
1.16042755004935799e+02
1.15426552510321130e+02
1.15426552510321130e+02
1.15426552510321130e+02
1.15426552510321130e+02
1.15629814392178119e+02
1.15629814392178119e+02
1.15629814392178119e+02
1.15629814392178119e+02
1.18114241942058200e+02
1.18114241942058200e+02
1.18114241942058200e+02
1.18114241942058200e+02
1.17263144641801887e+02
1.17263144641801887e+02
1.17263144641801887e+02
1.17263144641801887e+02
1.15068530714411509e+02
1.15068530714411509e+02
1.15068530714411509e+02
1.15068530714411509e+02
1.13731075855664471e+02
1.13731075855664471e+02
1.13731075855664471e+02
1.13731075855664471e+02
1.15773563151527213e+02
1.15773563151527213e+02
1.15773563151527213e+02
1.15773563151527213e+02
1.13901522969477867e+02
1.13901522969477867e+02
1.13901522969477867e+02
1.13901522969477867e+02
1.17578267399012262e+02
1.17578267399012262e+02
1.17578267399012262e+02
1.17578267399012262e+02
1.13912035151222753e+02
1.13912035151222753e+02
1.13912035151222753e+02
1.13912035151222753e+02
1.19293743261839680e+02
1.19293743261839680e+02
1.19293743261839680e+02
1.19293743261839680e+02
1.17066151669120572e+02
1.17066151669120572e+02
1.17066151669120572e+02
1.17066151669120572e+02
1.14993917083816214e+02
1.14993917083816214e+02
1.14993917083816214e+02
1.14993917083816214e+02
1.15570223011596795e+02
1.15570223011596795e+02
1.15570223011596795e+02
1.15570223011596795e+02
1.15229017614848928e+02
1.15229017614848928e+02
1.15229017614848928e+02
1.15229017614848928e+02
1.14652410766535994e+02
1.14652410766535994e+02
1.14652410766535994e+02
1.14652410766535994e+02
1.18330928784093302e+02
1.18330928784093302e+02
1.18330928784093302e+02
1.18330928784093302e+02
1.16960582301788577e+02
1.16960582301788577e+02
1.16960582301788577e+02
1.16960582301788577e+02
1.17031433705019936e+02
1.17031433705019936e+02
1.17031433705019936e+02
1.17031433705019936e+02
1.14200134761112665e+02
1.14200134761112665e+02
1.14200134761112665e+02
1.14200134761112665e+02
1.14642789990573704e+02
1.14642789990573704e+02
1.14642789990573704e+02
1.14642789990573704e+02
1.22353388585667204e+02
1.22353388585667204e+02
1.22353388585667204e+02
1.22353388585667204e+02
1.23390434857714069e+02
1.23390434857714069e+02
1.23390434857714069e+02
1.23390434857714069e+02
1.13879357408431019e+02
1.13879357408431019e+02
1.13879357408431019e+02
1.13879357408431019e+02
1.17803918286630989e+02
1.17803918286630989e+02
1.17803918286630989e+02
1.17803918286630989e+02
1.16769060290821670e+02
1.16769060290821670e+02
1.16769060290821670e+02
1.16769060290821670e+02
1.14784181590649098e+02
1.14784181590649098e+02
1.14784181590649098e+02
1.14784181590649098e+02
1.18718791820452751e+02
1.18718791820452751e+02
1.18718791820452751e+02
1.18718791820452751e+02
1.13818721241538924e+02
1.13818721241538924e+02
1.13818721241538924e+02
1.13818721241538924e+02
1.14849216042637266e+02
1.14849216042637266e+02
1.14849216042637266e+02
1.14849216042637266e+02
1.11821063782595942e+02
1.11821063782595942e+02
1.11821063782595942e+02
1.11821063782595942e+02
1.16197039688962278e+02
1.16197039688962278e+02
1.16197039688962278e+02
1.16197039688962278e+02
1.17558043355140839e+02
1.17558043355140839e+02
1.17558043355140839e+02
1.17558043355140839e+02
1.15605436438839305e+02
1.15605436438839305e+02
1.15605436438839305e+02
1.15605436438839305e+02
1.16616408221945377e+02
1.16616408221945377e+02
1.16616408221945377e+02
1.16616408221945377e+02
1.16552243204385022e+02
1.16552243204385022e+02
1.16552243204385022e+02
1.16552243204385022e+02
1.15189053280471811e+02
1.15189053280471811e+02
1.15189053280471811e+02
1.15189053280471811e+02
1.20357687279009127e+02
1.20357687279009127e+02
1.20357687279009127e+02
1.20357687279009127e+02
1.15104560159768255e+02
1.15104560159768255e+02
1.15104560159768255e+02
1.15104560159768255e+02
1.17667067464470534e+02
1.17667067464470534e+02
1.17667067464470534e+02
1.17667067464470534e+02
1.12996754821259344e+02
1.12996754821259344e+02
1.12996754821259344e+02
1.12996754821259344e+02
1.18552468186473234e+02
1.18552468186473234e+02
1.18552468186473234e+02
1.18552468186473234e+02
1.17842488835251146e+02
1.17842488835251146e+02
1.17842488835251146e+02
1.17842488835251146e+02
1.13337230112193026e+02
1.13337230112193026e+02
1.13337230112193026e+02
1.13337230112193026e+02
1.12786580752835221e+02
1.12786580752835221e+02
1.12786580752835221e+02
1.12786580752835221e+02
1.13351745979274085e+02
1.13351745979274085e+02
1.13351745979274085e+02
1.13351745979274085e+02
1.17084445288568062e+02
1.17084445288568062e+02
1.17084445288568062e+02
1.17084445288568062e+02
1.14873632111889904e+02
1.14873632111889904e+02
1.14873632111889904e+02
1.14873632111889904e+02
1.14932543874000970e+02
1.14932543874000970e+02
1.14932543874000970e+02
1.14932543874000970e+02
1.16219079119689965e+02
1.16219079119689965e+02
1.16219079119689965e+02
1.16219079119689965e+02
1.18961168277452657e+02
1.18961168277452657e+02
1.18961168277452657e+02
1.18961168277452657e+02
1.20056557024161620e+02
1.20056557024161620e+02
1.20056557024161620e+02
1.20056557024161620e+02
1.15108174908698544e+02
1.15108174908698544e+02
1.15108174908698544e+02
1.15108174908698544e+02
1.15086235810506579e+02
1.15086235810506579e+02
1.15086235810506579e+02
1.15086235810506579e+02
1.15226971992068599e+02
1.15226971992068599e+02
1.15226971992068599e+02
1.15226971992068599e+02
1.14113504643488753e+02
1.14113504643488753e+02
1.14113504643488753e+02
1.14113504643488753e+02
1.15142720643607390e+02
1.15142720643607390e+02
1.15142720643607390e+02
1.15142720643607390e+02
1.16311192406417234e+02
1.16311192406417234e+02
1.16311192406417234e+02
1.16311192406417234e+02
1.13403176784205996e+02
1.13403176784205996e+02
1.13403176784205996e+02
1.13403176784205996e+02
1.14862031882422684e+02
1.14862031882422684e+02
1.14862031882422684e+02
1.14862031882422684e+02
1.17569559660700861e+02
1.17569559660700861e+02
1.17569559660700861e+02
1.17569559660700861e+02
1.16866091596193584e+02
1.16866091596193584e+02
1.16866091596193584e+02
1.16866091596193584e+02
1.15254748536565970e+02
1.15254748536565970e+02
1.15254748536565970e+02
1.15254748536565970e+02
1.14992090499187057e+02
1.14992090499187057e+02
1.14992090499187057e+02
1.14992090499187057e+02
1.14747354983591080e+02
1.14747354983591080e+02
1.14747354983591080e+02
1.14747354983591080e+02
1.13381344149667925e+02
1.13381344149667925e+02
1.13381344149667925e+02
1.13381344149667925e+02
1.13099672009621770e+02
1.13099672009621770e+02
1.13099672009621770e+02
1.13099672009621770e+02
1.16733718146177353e+02
1.16733718146177353e+02
1.16733718146177353e+02
1.16733718146177353e+02
1.13942049336123404e+02
1.13942049336123404e+02
1.13942049336123404e+02
1.13942049336123404e+02
1.17834954271290130e+02
1.17834954271290130e+02
1.17834954271290130e+02
1.17834954271290130e+02
1.15672266323073586e+02
1.15672266323073586e+02
1.15672266323073586e+02
1.15672266323073586e+02
1.19137978810819504e+02
1.19137978810819504e+02
1.19137978810819504e+02
1.19137978810819504e+02
1.12104640182727906e+02
1.12104640182727906e+02
1.12104640182727906e+02
1.12104640182727906e+02
1.17952353001349124e+02
1.17952353001349124e+02
1.17952353001349124e+02
1.17952353001349124e+02
1.14089122074415698e+02
1.14089122074415698e+02
1.14089122074415698e+02
1.14089122074415698e+02
1.10356178335596496e+02
1.10356178335596496e+02
1.10356178335596496e+02
1.10356178335596496e+02
1.19100553481224580e+02
1.19100553481224580e+02
1.19100553481224580e+02
1.19100553481224580e+02
1.15116035460846177e+02
1.15116035460846177e+02
1.15116035460846177e+02
1.15116035460846177e+02
1.21097576577599568e+02
1.21097576577599568e+02
1.21097576577599568e+02
1.21097576577599568e+02
1.17792531351848595e+02
1.17792531351848595e+02
1.17792531351848595e+02
1.17792531351848595e+02
1.19214890505598774e+02
1.19214890505598774e+02
1.19214890505598774e+02
1.19214890505598774e+02
1.16762205903444467e+02
1.16762205903444467e+02
1.16762205903444467e+02
1.16762205903444467e+02
1.16707200417287368e+02
1.16707200417287368e+02
1.16707200417287368e+02
1.16707200417287368e+02
1.18828286676140763e+02
1.18828286676140763e+02
1.18828286676140763e+02
1.18828286676140763e+02
1.15161112264355566e+02
1.15161112264355566e+02
1.15161112264355566e+02
1.15161112264355566e+02
1.15989514714621038e+02
1.15989514714621038e+02
1.15989514714621038e+02
1.15989514714621038e+02
1.13554963146890273e+02
1.13554963146890273e+02
1.13554963146890273e+02
1.13554963146890273e+02
1.12751499150062486e+02
1.12751499150062486e+02
1.12751499150062486e+02
1.12751499150062486e+02
1.15348847833497743e+02
1.15348847833497743e+02
1.15348847833497743e+02
1.15348847833497743e+02
1.17755272419630984e+02
1.17755272419630984e+02
1.17755272419630984e+02
1.17755272419630984e+02
1.15849062675620530e+02
1.15849062675620530e+02
1.15849062675620530e+02
1.15849062675620530e+02
1.16521380167685663e+02
1.16521380167685663e+02
1.16521380167685663e+02
1.16521380167685663e+02
1.10264994279601410e+02
1.10264994279601410e+02
1.10264994279601410e+02
1.10264994279601410e+02
1.19598723786074117e+02
1.19598723786074117e+02
1.19598723786074117e+02
1.19598723786074117e+02
1.15663044115749301e+02
1.15663044115749301e+02
1.15663044115749301e+02
1.15663044115749301e+02
1.13612101472827987e+02
1.13612101472827987e+02
1.13612101472827987e+02
1.13612101472827987e+02
1.16028727455758059e+02
1.16028727455758059e+02
1.16028727455758059e+02
1.16028727455758059e+02
1.15545572422903362e+02
1.15545572422903362e+02
1.15545572422903362e+02
1.15545572422903362e+02
1.13357350815514621e+02
1.13357350815514621e+02
1.13357350815514621e+02
1.13357350815514621e+02
1.13510546736898661e+02
1.13510546736898661e+02
1.13510546736898661e+02
1.13510546736898661e+02
1.14312000476482069e+02
1.14312000476482069e+02
1.14312000476482069e+02
1.14312000476482069e+02
1.14657092495010318e+02
1.14657092495010318e+02
1.14657092495010318e+02
1.14657092495010318e+02
1.15127670611478820e+02
1.15127670611478820e+02
1.15127670611478820e+02
1.15127670611478820e+02
1.16850618381920484e+02
1.16850618381920484e+02
1.16850618381920484e+02
1.16850618381920484e+02
1.16426871623465843e+02
1.16426871623465843e+02
1.16426871623465843e+02
1.16426871623465843e+02
1.18515731829219476e+02
1.18515731829219476e+02
1.18515731829219476e+02
1.18515731829219476e+02
1.14480637055077878e+02
1.14480637055077878e+02
1.14480637055077878e+02
1.14480637055077878e+02
1.11001273673444089e+02
1.11001273673444089e+02
1.11001273673444089e+02
1.11001273673444089e+02
1.15317656947835033e+02
1.15317656947835033e+02
1.15317656947835033e+02
1.15317656947835033e+02
1.14904901868565858e+02
1.14904901868565858e+02
1.14904901868565858e+02
1.14904901868565858e+02
1.15048748972611321e+02
1.15048748972611321e+02
1.15048748972611321e+02
1.15048748972611321e+02
1.15090778496756514e+02
1.15090778496756514e+02
1.15090778496756514e+02
1.15090778496756514e+02
1.20138097433740953e+02
1.20138097433740953e+02
1.20138097433740953e+02
1.20138097433740953e+02
1.16821319113026163e+02
1.16821319113026163e+02
1.16821319113026163e+02
1.16821319113026163e+02
1.14107379891581758e+02
1.14107379891581758e+02
1.14107379891581758e+02
1.14107379891581758e+02
1.20443338690414862e+02
1.20443338690414862e+02
1.20443338690414862e+02
1.20443338690414862e+02
1.14823091917687336e+02
1.14823091917687336e+02
1.14823091917687336e+02
1.14823091917687336e+02
1.16139153743388718e+02
1.16139153743388718e+02
1.16139153743388718e+02
1.16139153743388718e+02
1.15615547368231702e+02
1.15615547368231702e+02
1.15615547368231702e+02
1.15615547368231702e+02
1.16760583837422459e+02
1.16760583837422459e+02
1.16760583837422459e+02
1.16760583837422459e+02
1.15726346839652848e+02
1.15726346839652848e+02
1.15726346839652848e+02
1.15726346839652848e+02
1.18559902620836155e+02
1.18559902620836155e+02
1.18559902620836155e+02
1.18559902620836155e+02
1.16120693779852388e+02
1.16120693779852388e+02
1.16120693779852388e+02
1.16120693779852388e+02
1.17462348183810349e+02
1.17462348183810349e+02
1.17462348183810349e+02
1.17462348183810349e+02
1.14518651411562573e+02
1.14518651411562573e+02
1.14518651411562573e+02
1.14518651411562573e+02
1.14711797556179150e+02
1.14711797556179150e+02
1.14711797556179150e+02
1.14711797556179150e+02
1.15098171842343064e+02
1.15098171842343064e+02
1.15098171842343064e+02
1.15098171842343064e+02
1.15488291721516561e+02
1.15488291721516561e+02
1.15488291721516561e+02
1.15488291721516561e+02
1.13848008998892027e+02
1.13848008998892027e+02
1.13848008998892027e+02
1.13848008998892027e+02
1.12876495808158538e+02
1.12876495808158538e+02
1.12876495808158538e+02
1.12876495808158538e+02
1.14587313445470713e+02
1.14587313445470713e+02
1.14587313445470713e+02
1.14587313445470713e+02
1.12001344349217291e+02
1.12001344349217291e+02
1.12001344349217291e+02
1.12001344349217291e+02
1.11261262270878021e+02
1.11261262270878021e+02
1.11261262270878021e+02
1.11261262270878021e+02
1.14905889496015959e+02
1.14905889496015959e+02
1.14905889496015959e+02
1.14905889496015959e+02
1.17857580332357458e+02
1.17857580332357458e+02
1.17857580332357458e+02
1.17857580332357458e+02
1.14233737685496479e+02
1.14233737685496479e+02
1.14233737685496479e+02
1.14233737685496479e+02
1.14219096954090631e+02
1.14219096954090631e+02
1.14219096954090631e+02
1.14219096954090631e+02
1.10322433624375677e+02
1.10322433624375677e+02
1.10322433624375677e+02
1.10322433624375677e+02
1.08537193918237435e+02
1.08537193918237435e+02
1.08537193918237435e+02
1.08537193918237435e+02
1.19158633932366655e+02
1.19158633932366655e+02
1.19158633932366655e+02
1.19158633932366655e+02
1.11188396865922712e+02
1.11188396865922712e+02
1.11188396865922712e+02
1.11188396865922712e+02
1.15124877405347576e+02
1.15124877405347576e+02
1.15124877405347576e+02
1.15124877405347576e+02
1.16454342495272442e+02
1.16454342495272442e+02
1.16454342495272442e+02
1.16454342495272442e+02
1.17280315668905985e+02
1.17280315668905985e+02
1.17280315668905985e+02
1.17280315668905985e+02
1.15397203617892856e+02
1.15397203617892856e+02
1.15397203617892856e+02
1.15397203617892856e+02
1.12138696075575581e+02
1.12138696075575581e+02
1.12138696075575581e+02
1.12138696075575581e+02
1.13297425527671436e+02
1.13297425527671436e+02
1.13297425527671436e+02
1.13297425527671436e+02
1.13097439392063762e+02
1.13097439392063762e+02
1.13097439392063762e+02
1.13097439392063762e+02
1.13705200874922767e+02
1.13705200874922767e+02
1.13705200874922767e+02
1.13705200874922767e+02
1.12598063256795029e+02
1.12598063256795029e+02
1.12598063256795029e+02
1.12598063256795029e+02
1.11197723935870115e+02
1.11197723935870115e+02
1.11197723935870115e+02
1.11197723935870115e+02
1.11447850356286708e+02
1.11447850356286708e+02
1.11447850356286708e+02
1.11447850356286708e+02
1.12067800364969116e+02
1.12067800364969116e+02
1.12067800364969116e+02
1.12067800364969116e+02
1.13078643305391111e+02
1.13078643305391111e+02
1.13078643305391111e+02
1.13078643305391111e+02
1.15268723716021853e+02
1.15268723716021853e+02
1.15268723716021853e+02
1.15268723716021853e+02
1.14353302206811506e+02
1.14353302206811506e+02
1.14353302206811506e+02
1.14353302206811506e+02
1.13262891176297416e+02
1.13262891176297416e+02
1.13262891176297416e+02
1.13262891176297416e+02
1.12091236509033351e+02
1.12091236509033351e+02
1.12091236509033351e+02
1.12091236509033351e+02
1.10562471517939628e+02
1.10562471517939628e+02
1.10562471517939628e+02
1.10562471517939628e+02
1.10081498748591159e+02
1.10081498748591159e+02
1.10081498748591159e+02
1.10081498748591159e+02
1.14539653017398138e+02
1.14539653017398138e+02
1.14539653017398138e+02
1.14539653017398138e+02
1.13739609490153612e+02
1.13739609490153612e+02
1.13739609490153612e+02
1.13739609490153612e+02
1.12662943698049730e+02
1.12662943698049730e+02
1.12662943698049730e+02
1.12662943698049730e+02
1.13432410496795455e+02
1.13432410496795455e+02
1.13432410496795455e+02
1.13432410496795455e+02
1.17372119175836374e+02
1.17372119175836374e+02
1.17372119175836374e+02
1.17372119175836374e+02
1.13989749867832458e+02
1.13989749867832458e+02
1.13989749867832458e+02
1.13989749867832458e+02
1.14544619851512209e+02
1.14544619851512209e+02
1.14544619851512209e+02
1.14544619851512209e+02
1.15922991071293680e+02
1.15922991071293680e+02
1.15922991071293680e+02
1.15922991071293680e+02
1.15001521463466744e+02
1.15001521463466744e+02
1.15001521463466744e+02
1.15001521463466744e+02
1.11488897314877164e+02
1.11488897314877164e+02
1.11488897314877164e+02
1.11488897314877164e+02
1.11041669641187397e+02
1.11041669641187397e+02
1.11041669641187397e+02
1.11041669641187397e+02
1.10270158885385356e+02
1.10270158885385356e+02
1.10270158885385356e+02
1.10270158885385356e+02
1.12734862071618181e+02
1.12734862071618181e+02
1.12734862071618181e+02
1.12734862071618181e+02
1.15533246073076285e+02
1.15533246073076285e+02
1.15533246073076285e+02
1.15533246073076285e+02
1.16110936010906826e+02
1.16110936010906826e+02
1.16110936010906826e+02
1.16110936010906826e+02
1.15146581872999818e+02
1.15146581872999818e+02
1.15146581872999818e+02
1.15146581872999818e+02
1.14112782701412243e+02
1.14112782701412243e+02
1.14112782701412243e+02
1.14112782701412243e+02
1.15163981131982624e+02
1.15163981131982624e+02
1.15163981131982624e+02
1.15163981131982624e+02
1.15908395194890119e+02
1.15908395194890119e+02
1.15908395194890119e+02
1.15908395194890119e+02
1.13909196934443699e+02
1.13909196934443699e+02
1.13909196934443699e+02
1.13909196934443699e+02
1.11953231851009249e+02
1.11953231851009249e+02
1.11953231851009249e+02
1.11953231851009249e+02
1.13187283843737006e+02
1.13187283843737006e+02
1.13187283843737006e+02
1.13187283843737006e+02
1.15816566571030137e+02
1.15816566571030137e+02
1.15816566571030137e+02
1.15816566571030137e+02
1.13108662369343605e+02
1.13108662369343605e+02
1.13108662369343605e+02
1.13108662369343605e+02
1.10812039755343477e+02
1.10812039755343477e+02
1.10812039755343477e+02
1.10812039755343477e+02
1.16443165910028853e+02
1.16443165910028853e+02
1.16443165910028853e+02
1.16443165910028853e+02
1.15184460119033460e+02
1.15184460119033460e+02
1.15184460119033460e+02
1.15184460119033460e+02
1.16961642343608162e+02
1.16961642343608162e+02
1.16961642343608162e+02
1.16961642343608162e+02
1.15142994515913642e+02
1.15142994515913642e+02
1.15142994515913642e+02
1.15142994515913642e+02
1.19940791263006133e+02
1.19940791263006133e+02
1.19940791263006133e+02
1.19940791263006133e+02
1.09212951399401817e+02
1.09212951399401817e+02
1.09212951399401817e+02
1.09212951399401817e+02
1.10186171692388854e+02
1.10186171692388854e+02
1.10186171692388854e+02
1.10186171692388854e+02
1.12250888978631650e+02
1.12250888978631650e+02
1.12250888978631650e+02
1.12250888978631650e+02
1.13580147954429364e+02
1.13580147954429364e+02
1.13580147954429364e+02
1.13580147954429364e+02
1.11140517038815815e+02
1.11140517038815815e+02
1.11140517038815815e+02
1.11140517038815815e+02
1.15357155926100333e+02
1.15357155926100333e+02
1.15357155926100333e+02
1.15357155926100333e+02
1.13855027092908330e+02
1.13855027092908330e+02
1.13855027092908330e+02
1.13855027092908330e+02
1.12545069948644397e+02
1.12545069948644397e+02
1.12545069948644397e+02
1.12545069948644397e+02
1.09219885470999330e+02
1.09219885470999330e+02
1.09219885470999330e+02
1.09219885470999330e+02
1.09758874213826331e+02
1.09758874213826331e+02
1.09758874213826331e+02
1.09758874213826331e+02
1.14436864260994525e+02
1.14436864260994525e+02
1.14436864260994525e+02
1.14436864260994525e+02
1.18451462563274220e+02
1.18451462563274220e+02
1.18451462563274220e+02
1.18451462563274220e+02
1.15747379542956637e+02
1.15747379542956637e+02
1.15747379542956637e+02
1.15747379542956637e+02
1.10232645070789516e+02
1.10232645070789516e+02
1.10232645070789516e+02
1.10232645070789516e+02
1.12435942402275003e+02
1.12435942402275003e+02
1.12435942402275003e+02
1.12435942402275003e+02
1.14197311560765385e+02
1.14197311560765385e+02
1.14197311560765385e+02
1.14197311560765385e+02
1.15134469121318105e+02
1.15134469121318105e+02
1.15134469121318105e+02
1.15134469121318105e+02
1.15696796247110342e+02
1.15696796247110342e+02
1.15696796247110342e+02
1.15696796247110342e+02
1.10977477931511686e+02
1.10977477931511686e+02
1.10977477931511686e+02
1.10977477931511686e+02
1.12166653411577940e+02
1.12166653411577940e+02
1.12166653411577940e+02
1.12166653411577940e+02
1.19502614515197280e+02
1.19502614515197280e+02
1.19502614515197280e+02
1.19502614515197280e+02
1.14859826637229759e+02
1.14859826637229759e+02
1.14859826637229759e+02
1.14859826637229759e+02
1.14922598567228874e+02
1.14922598567228874e+02
1.14922598567228874e+02
1.14922598567228874e+02
1.19080362471076242e+02
1.19080362471076242e+02
1.19080362471076242e+02
1.19080362471076242e+02
1.17457076872039394e+02
1.17457076872039394e+02
1.17457076872039394e+02
1.17457076872039394e+02
1.14758714604355987e+02
1.14758714604355987e+02
1.14758714604355987e+02
1.14758714604355987e+02
1.15256480625205597e+02
1.15256480625205597e+02
1.15256480625205597e+02
1.15256480625205597e+02
1.17733881496159199e+02
1.17733881496159199e+02
1.17733881496159199e+02
1.17733881496159199e+02
1.17102421557097330e+02
1.17102421557097330e+02
1.17102421557097330e+02
1.17102421557097330e+02
1.16474311593886441e+02
1.16474311593886441e+02
1.16474311593886441e+02
1.16474311593886441e+02
1.15279323435880883e+02
1.15279323435880883e+02
1.15279323435880883e+02
1.15279323435880883e+02
1.13534765258095860e+02
1.13534765258095860e+02
1.13534765258095860e+02
1.13534765258095860e+02
1.15692313155238068e+02
1.15692313155238068e+02
1.15692313155238068e+02
1.15692313155238068e+02
1.13033146931434288e+02
1.13033146931434288e+02
1.13033146931434288e+02
1.13033146931434288e+02
1.14309791936479215e+02
1.14309791936479215e+02
1.14309791936479215e+02
1.14309791936479215e+02
1.17346103709060472e+02
1.17346103709060472e+02
1.17346103709060472e+02
1.17346103709060472e+02
1.24451553746273731e+02
1.24451553746273731e+02
1.24451553746273731e+02
1.24451553746273731e+02
1.16969391915861351e+02
1.16969391915861351e+02
1.16969391915861351e+02
1.16969391915861351e+02
1.15336382502125034e+02
1.15336382502125034e+02
1.15336382502125034e+02
1.15336382502125034e+02
1.18479636314328118e+02
1.18479636314328118e+02
1.18479636314328118e+02
1.18479636314328118e+02
1.18596913807239901e+02
1.18596913807239901e+02
1.18596913807239901e+02
1.18596913807239901e+02
1.19763746637832199e+02
1.19763746637832199e+02
1.19763746637832199e+02
1.19763746637832199e+02
1.22542063911953150e+02
1.22542063911953150e+02
1.22542063911953150e+02
1.22542063911953150e+02
1.16037986827024881e+02
1.16037986827024881e+02
1.16037986827024881e+02
1.16037986827024881e+02
1.17158706116500113e+02
1.17158706116500113e+02
1.17158706116500113e+02
1.17158706116500113e+02
1.17374901689699101e+02
1.17374901689699101e+02
1.17374901689699101e+02
1.17374901689699101e+02
1.13787542056849617e+02
1.13787542056849617e+02
1.13787542056849617e+02
1.13787542056849617e+02
1.18510083962648451e+02
1.18510083962648451e+02
1.18510083962648451e+02
1.18510083962648451e+02
1.16704214937126508e+02
1.16704214937126508e+02
1.16704214937126508e+02
1.16704214937126508e+02
1.13844145765351200e+02
1.13844145765351200e+02
1.13844145765351200e+02
1.13844145765351200e+02
1.18642557191188331e+02
1.18642557191188331e+02
1.18642557191188331e+02
1.18642557191188331e+02
1.18581999577473653e+02
1.18581999577473653e+02
1.18581999577473653e+02
1.18581999577473653e+02
1.16102131639977785e+02
1.16102131639977785e+02
1.16102131639977785e+02
1.16102131639977785e+02
1.16795841317572552e+02
1.16795841317572552e+02
1.16795841317572552e+02
1.16795841317572552e+02
1.16459860208023926e+02
1.16459860208023926e+02
1.16459860208023926e+02
1.16459860208023926e+02
1.18725454945846224e+02
1.18725454945846224e+02
1.18725454945846224e+02
1.18725454945846224e+02
1.17458305308535301e+02
1.17458305308535301e+02
1.17458305308535301e+02
1.17458305308535301e+02
1.17478502046501603e+02
1.17478502046501603e+02
1.17478502046501603e+02
1.17478502046501603e+02
1.13796349524591008e+02
1.13796349524591008e+02
1.13796349524591008e+02
1.13796349524591008e+02
1.16597416319792629e+02
1.16597416319792629e+02
1.16597416319792629e+02
1.16597416319792629e+02
1.13602695049969881e+02
1.13602695049969881e+02
1.13602695049969881e+02
1.13602695049969881e+02
1.14818947075878057e+02
1.14818947075878057e+02
1.14818947075878057e+02
1.14818947075878057e+02
1.15513607846160980e+02
1.15513607846160980e+02
1.15513607846160980e+02
1.15513607846160980e+02
1.09938867737004983e+02
1.09938867737004983e+02
1.09938867737004983e+02
1.09938867737004983e+02
1.10536044028904399e+02
1.10536044028904399e+02
1.10536044028904399e+02
1.10536044028904399e+02
1.13372619912024149e+02
1.13372619912024149e+02
1.13372619912024149e+02
1.13372619912024149e+02
1.14007270518826246e+02
1.14007270518826246e+02
1.14007270518826246e+02
1.14007270518826246e+02
1.11880006126872658e+02
1.11880006126872658e+02
1.11880006126872658e+02
1.11880006126872658e+02
1.13959759847375750e+02
1.13959759847375750e+02
1.13959759847375750e+02
1.13959759847375750e+02
1.17281530864467271e+02
1.17281530864467271e+02
1.17281530864467271e+02
1.17281530864467271e+02
1.16439200765579059e+02
1.16439200765579059e+02
1.16439200765579059e+02
1.16439200765579059e+02
1.16368917635709209e+02
1.16368917635709209e+02
1.16368917635709209e+02
1.16368917635709209e+02
1.15142595477359791e+02
1.15142595477359791e+02
1.15142595477359791e+02
1.15142595477359791e+02
1.14737218287186394e+02
1.14737218287186394e+02
1.14737218287186394e+02
1.14737218287186394e+02
1.13327881246632131e+02
1.13327881246632131e+02
1.13327881246632131e+02
1.13327881246632131e+02
1.15703680253665311e+02
1.15703680253665311e+02
1.15703680253665311e+02
1.15703680253665311e+02
1.10829998978676656e+02
1.10829998978676656e+02
1.10829998978676656e+02
1.10829998978676656e+02
1.10067900821053797e+02
1.10067900821053797e+02
1.10067900821053797e+02
1.10067900821053797e+02
1.14574930683449040e+02
1.14574930683449040e+02
1.14574930683449040e+02
1.14574930683449040e+02
1.16984276751520142e+02
1.16984276751520142e+02
1.16984276751520142e+02
1.16984276751520142e+02
1.13100881288896460e+02
1.13100881288896460e+02
1.13100881288896460e+02
1.13100881288896460e+02
1.14045112869343640e+02
1.14045112869343640e+02
1.14045112869343640e+02
1.14045112869343640e+02
1.15334141768801956e+02
1.15334141768801956e+02
1.15334141768801956e+02
1.15334141768801956e+02
1.16547593127510467e+02
1.16547593127510467e+02
1.16547593127510467e+02
1.16547593127510467e+02
1.13099584200525996e+02
1.13099584200525996e+02
1.13099584200525996e+02
1.13099584200525996e+02
1.14550582420787180e+02
1.14550582420787180e+02
1.14550582420787180e+02
1.14550582420787180e+02
1.15429071857784407e+02
1.15429071857784407e+02
1.15429071857784407e+02
1.15429071857784407e+02
1.10889181815311602e+02
1.10889181815311602e+02
1.10889181815311602e+02
1.10889181815311602e+02
1.13277599573380797e+02
1.13277599573380797e+02
1.13277599573380797e+02
1.13277599573380797e+02
1.12265345417570771e+02
1.12265345417570771e+02
1.12265345417570771e+02
1.12265345417570771e+02
1.13183794956675129e+02
1.13183794956675129e+02
1.13183794956675129e+02
1.13183794956675129e+02
1.15453281187910235e+02
1.15453281187910235e+02
1.15453281187910235e+02
1.15453281187910235e+02
1.16236226976513223e+02
1.16236226976513223e+02
1.16236226976513223e+02
1.16236226976513223e+02
1.17088578419653160e+02
1.17088578419653160e+02
1.17088578419653160e+02
1.17088578419653160e+02
1.16229131322402964e+02
1.16229131322402964e+02
1.16229131322402964e+02
1.16229131322402964e+02
1.16375977719083082e+02
1.16375977719083082e+02
1.16375977719083082e+02
1.16375977719083082e+02
1.14969130544432502e+02
1.14969130544432502e+02
1.14969130544432502e+02
1.14969130544432502e+02
1.10912342316133689e+02
1.10912342316133689e+02
1.10912342316133689e+02
1.10912342316133689e+02
1.13876293108572654e+02
1.13876293108572654e+02
1.13876293108572654e+02
1.13876293108572654e+02
1.10927898756855910e+02
1.10927898756855910e+02
1.10927898756855910e+02
1.10927898756855910e+02
1.14323030805785365e+02
1.14323030805785365e+02
1.14323030805785365e+02
1.14323030805785365e+02
1.14123227571986419e+02
1.14123227571986419e+02
1.14123227571986419e+02
1.14123227571986419e+02
1.16972853970527950e+02
1.16972853970527950e+02
1.16972853970527950e+02
1.16972853970527950e+02
1.20158115034293530e+02
1.20158115034293530e+02
1.20158115034293530e+02
1.20158115034293530e+02
1.14290949846392920e+02
1.14290949846392920e+02
1.14290949846392920e+02
1.14290949846392920e+02
1.18206248543954914e+02
1.18206248543954914e+02
1.18206248543954914e+02
1.18206248543954914e+02
1.15151553401164264e+02
1.15151553401164264e+02
1.15151553401164264e+02
1.15151553401164264e+02
1.09691352878564430e+02
1.09691352878564430e+02
1.09691352878564430e+02
1.09691352878564430e+02
1.13523229676018516e+02
1.13523229676018516e+02
1.13523229676018516e+02
1.13523229676018516e+02
1.11099093998106113e+02
1.11099093998106113e+02
1.11099093998106113e+02
1.11099093998106113e+02
1.16082470653202691e+02
1.16082470653202691e+02
1.16082470653202691e+02
1.16082470653202691e+02
1.16820988784882843e+02
1.16820988784882843e+02
1.16820988784882843e+02
1.16820988784882843e+02
1.17976115743435940e+02
1.17976115743435940e+02
1.17976115743435940e+02
1.17976115743435940e+02
1.18009975070508702e+02
1.18009975070508702e+02
1.18009975070508702e+02
1.18009975070508702e+02
1.14220359807905481e+02
1.14220359807905481e+02
1.14220359807905481e+02
1.14220359807905481e+02
1.17438762177371387e+02
1.17438762177371387e+02
1.17438762177371387e+02
1.17438762177371387e+02
1.16316764764537240e+02
1.16316764764537240e+02
1.16316764764537240e+02
1.16316764764537240e+02
1.17781988271949061e+02
1.17781988271949061e+02
1.17781988271949061e+02
1.17781988271949061e+02
1.15176463241953954e+02
1.15176463241953954e+02
1.15176463241953954e+02
1.15176463241953954e+02
1.14100978996379382e+02
1.14100978996379382e+02
1.14100978996379382e+02
1.14100978996379382e+02
1.13719978396669873e+02
1.13719978396669873e+02
1.13719978396669873e+02
1.13719978396669873e+02
1.14264276874627996e+02
1.14264276874627996e+02
1.14264276874627996e+02
1.14264276874627996e+02
1.14530186041991996e+02
1.14530186041991996e+02
1.14530186041991996e+02
1.14530186041991996e+02
1.13557052479557953e+02
1.13557052479557953e+02
1.13557052479557953e+02
1.13557052479557953e+02
1.15465542369732148e+02
1.15465542369732148e+02
1.15465542369732148e+02
1.15465542369732148e+02
1.20271752087137756e+02
1.20271752087137756e+02
1.20271752087137756e+02
1.20271752087137756e+02
1.14554745666102633e+02
1.14554745666102633e+02
1.14554745666102633e+02
1.14554745666102633e+02
1.14245296789033119e+02
1.14245296789033119e+02
1.14245296789033119e+02
1.14245296789033119e+02
1.16406987268978995e+02
1.16406987268978995e+02
1.16406987268978995e+02
1.16406987268978995e+02
1.14684655113748647e+02
1.14684655113748647e+02
1.14684655113748647e+02
1.14684655113748647e+02
1.14610092145342179e+02
1.14610092145342179e+02
1.14610092145342179e+02
1.14610092145342179e+02
1.19258861408995244e+02
1.19258861408995244e+02
1.19258861408995244e+02
1.19258861408995244e+02
1.17715998404025058e+02
1.17715998404025058e+02
1.17715998404025058e+02
1.17715998404025058e+02
1.14062755264690026e+02
1.14062755264690026e+02
1.14062755264690026e+02
1.14062755264690026e+02
1.16578388023752083e+02
1.16578388023752083e+02
1.16578388023752083e+02
1.16578388023752083e+02
1.11507971754208910e+02
1.11507971754208910e+02
1.11507971754208910e+02
1.11507971754208910e+02
1.19544039902436765e+02
1.19544039902436765e+02
1.19544039902436765e+02
1.19544039902436765e+02
1.16536413770762977e+02
1.16536413770762977e+02
1.16536413770762977e+02
1.16536413770762977e+02
1.17770308816876422e+02
1.17770308816876422e+02
1.17770308816876422e+02
1.17770308816876422e+02
1.15632237196012909e+02
1.15632237196012909e+02
1.15632237196012909e+02
1.15632237196012909e+02
1.16900294050199065e+02
1.16900294050199065e+02
1.16900294050199065e+02
1.16900294050199065e+02
1.14241939291493921e+02
1.14241939291493921e+02
1.14241939291493921e+02
1.14241939291493921e+02
1.16476381768146140e+02
1.16476381768146140e+02
1.16476381768146140e+02
1.16476381768146140e+02
1.13657316195970637e+02
1.13657316195970637e+02
1.13657316195970637e+02
1.13657316195970637e+02
1.17461540791094052e+02
1.17461540791094052e+02
1.17461540791094052e+02
1.17461540791094052e+02
1.13078917234709095e+02
1.13078917234709095e+02
1.13078917234709095e+02
1.13078917234709095e+02
1.12966311292670198e+02
1.12966311292670198e+02
1.12966311292670198e+02
1.12966311292670198e+02
1.14771238410545578e+02
1.14771238410545578e+02
1.14771238410545578e+02
1.14771238410545578e+02
1.13611456071028002e+02
1.13611456071028002e+02
1.13611456071028002e+02
1.13611456071028002e+02
1.15682486442295200e+02
1.15682486442295200e+02
1.15682486442295200e+02
1.15682486442295200e+02
1.13393768883876888e+02
1.13393768883876888e+02
1.13393768883876888e+02
1.13393768883876888e+02
1.16253654390723142e+02
1.16253654390723142e+02
1.16253654390723142e+02
1.16253654390723142e+02
1.19064073860453661e+02
1.19064073860453661e+02
1.19064073860453661e+02
1.19064073860453661e+02
1.21495669094291884e+02
1.21495669094291884e+02
1.21495669094291884e+02
1.21495669094291884e+02
1.15824249643593106e+02
1.15824249643593106e+02
1.15824249643593106e+02
1.15824249643593106e+02
1.19588614093935817e+02
1.19588614093935817e+02
1.19588614093935817e+02
1.19588614093935817e+02
1.15006865557989499e+02
1.15006865557989499e+02
1.15006865557989499e+02
1.15006865557989499e+02
1.18821127330449499e+02
1.18821127330449499e+02
1.18821127330449499e+02
1.18821127330449499e+02
1.13608084471894273e+02
1.13608084471894273e+02
1.13608084471894273e+02
1.13608084471894273e+02
1.14265342600366864e+02
1.14265342600366864e+02
1.14265342600366864e+02
1.14265342600366864e+02
1.14931845096589086e+02
1.14931845096589086e+02
1.14931845096589086e+02
1.14931845096589086e+02
1.15250455670070110e+02
1.15250455670070110e+02
1.15250455670070110e+02
1.15250455670070110e+02
1.11753137307495962e+02
1.11753137307495962e+02
1.11753137307495962e+02
1.11753137307495962e+02
1.12638791687584927e+02
1.12638791687584927e+02
1.12638791687584927e+02
1.12638791687584927e+02
1.17315450899972959e+02
1.17315450899972959e+02
1.17315450899972959e+02
1.17315450899972959e+02
1.15814728212780537e+02
1.15814728212780537e+02
1.15814728212780537e+02
1.15814728212780537e+02
1.14279482707590915e+02
1.14279482707590915e+02
1.14279482707590915e+02
1.14279482707590915e+02
1.12249347016748672e+02
1.12249347016748672e+02
1.12249347016748672e+02
1.12249347016748672e+02
1.16567612098176966e+02
1.16567612098176966e+02
1.16567612098176966e+02
1.16567612098176966e+02
1.15416405351179890e+02
1.15416405351179890e+02
1.15416405351179890e+02
1.15416405351179890e+02
1.15662542423255616e+02
1.15662542423255616e+02
1.15662542423255616e+02
1.15662542423255616e+02
1.16392782704596058e+02
1.16392782704596058e+02
1.16392782704596058e+02
1.16392782704596058e+02
1.14842069168206677e+02
1.14842069168206677e+02
1.14842069168206677e+02
1.14842069168206677e+02
1.14711957940843078e+02
1.14711957940843078e+02
1.14711957940843078e+02
1.14711957940843078e+02
1.16162801029672423e+02
1.16162801029672423e+02
1.16162801029672423e+02
1.16162801029672423e+02
1.14741964450177107e+02
1.14741964450177107e+02
1.14741964450177107e+02
1.14741964450177107e+02
1.13633918347288613e+02
1.13633918347288613e+02
1.13633918347288613e+02
1.13633918347288613e+02
1.14877862451413151e+02
1.14877862451413151e+02
1.14877862451413151e+02
1.14877862451413151e+02
1.13920185620288251e+02
1.13920185620288251e+02
1.13920185620288251e+02
1.13920185620288251e+02
1.15608153104078781e+02
1.15608153104078781e+02
1.15608153104078781e+02
1.15608153104078781e+02
1.15191326070581738e+02
1.15191326070581738e+02
1.15191326070581738e+02
1.15191326070581738e+02
1.14327922318961669e+02
1.14327922318961669e+02
1.14327922318961669e+02
1.14327922318961669e+02
1.17244314699501146e+02
1.17244314699501146e+02
1.17244314699501146e+02
1.17244314699501146e+02
1.14370945269452335e+02
1.14370945269452335e+02
1.14370945269452335e+02
1.14370945269452335e+02
1.16747606405898750e+02
1.16747606405898750e+02
1.16747606405898750e+02
1.16747606405898750e+02
1.15373639433927238e+02
1.15373639433927238e+02
1.15373639433927238e+02
1.15373639433927238e+02
1.14630119909199749e+02
1.14630119909199749e+02
1.14630119909199749e+02
1.14630119909199749e+02
1.13951814250921288e+02
1.13951814250921288e+02
1.13951814250921288e+02
1.13951814250921288e+02
1.14274917352473054e+02
1.14274917352473054e+02
1.14274917352473054e+02
1.14274917352473054e+02
1.15143334769362767e+02
1.15143334769362767e+02
1.15143334769362767e+02
1.15143334769362767e+02
1.16584077888383689e+02
1.16584077888383689e+02
1.16584077888383689e+02
1.16584077888383689e+02
1.09847970624507738e+02
1.09847970624507738e+02
1.09847970624507738e+02
1.09847970624507738e+02
1.14481638982795403e+02
1.14481638982795403e+02
1.14481638982795403e+02
1.14481638982795403e+02
1.15566664696323031e+02
1.15566664696323031e+02
1.15566664696323031e+02
1.15566664696323031e+02
1.12688459082626125e+02
1.12688459082626125e+02
1.12688459082626125e+02
1.12688459082626125e+02
1.17943478841641635e+02
1.17943478841641635e+02
1.17943478841641635e+02
1.17943478841641635e+02
1.17932806288204958e+02
1.17932806288204958e+02
1.17932806288204958e+02
1.17932806288204958e+02
1.15671961294370050e+02
1.15671961294370050e+02
1.15671961294370050e+02
1.15671961294370050e+02
1.13961603685674746e+02
1.13961603685674746e+02
1.13961603685674746e+02
1.13961603685674746e+02
1.15260988566307702e+02
1.15260988566307702e+02
1.15260988566307702e+02
1.15260988566307702e+02
1.15006939592913582e+02
1.15006939592913582e+02
1.15006939592913582e+02
1.15006939592913582e+02
1.13300371667448815e+02
1.13300371667448815e+02
1.13300371667448815e+02
1.13300371667448815e+02
1.14496141417792145e+02
1.14496141417792145e+02
1.14496141417792145e+02
1.14496141417792145e+02
1.14375221745329313e+02
1.14375221745329313e+02
1.14375221745329313e+02
1.14375221745329313e+02
1.12674844034732487e+02
1.12674844034732487e+02
1.12674844034732487e+02
1.12674844034732487e+02
1.15612969256034830e+02
1.15612969256034830e+02
1.15612969256034830e+02
1.15612969256034830e+02
1.15287220017202031e+02
1.15287220017202031e+02
1.15287220017202031e+02
1.15287220017202031e+02
1.16083115424111583e+02
1.16083115424111583e+02
1.16083115424111583e+02
1.16083115424111583e+02
1.14347703383922877e+02
1.14347703383922877e+02
1.14347703383922877e+02
1.14347703383922877e+02
1.17940722373289091e+02
1.17940722373289091e+02
1.17940722373289091e+02
1.17940722373289091e+02
1.13534949425492087e+02
1.13534949425492087e+02
1.13534949425492087e+02
1.13534949425492087e+02
1.13100646607604304e+02
1.13100646607604304e+02
1.13100646607604304e+02
1.13100646607604304e+02
1.14229070166871324e+02
1.14229070166871324e+02
1.14229070166871324e+02
1.14229070166871324e+02
1.11502214563562475e+02
1.11502214563562475e+02
1.11502214563562475e+02
1.11502214563562475e+02
1.13250966892033333e+02
1.13250966892033333e+02
1.13250966892033333e+02
1.13250966892033333e+02
1.16812196607297153e+02
1.16812196607297153e+02
1.16812196607297153e+02
1.16812196607297153e+02
1.17705292008736677e+02
1.17705292008736677e+02
1.17705292008736677e+02
1.17705292008736677e+02
1.18756213958767944e+02
1.18756213958767944e+02
1.18756213958767944e+02
1.18756213958767944e+02
1.13374738418968889e+02
1.13374738418968889e+02
1.13374738418968889e+02
1.13374738418968889e+02
1.15305555215770227e+02
1.15305555215770227e+02
1.15305555215770227e+02
1.15305555215770227e+02
1.14192614857612071e+02
1.14192614857612071e+02
1.14192614857612071e+02
1.14192614857612071e+02
1.13379121973296350e+02
1.13379121973296350e+02
1.13379121973296350e+02
1.13379121973296350e+02
1.14055121640248657e+02
1.14055121640248657e+02
1.14055121640248657e+02
1.14055121640248657e+02
1.12548400653137691e+02
1.12548400653137691e+02
1.12548400653137691e+02
1.12548400653137691e+02
1.13802888063742287e+02
1.13802888063742287e+02
1.13802888063742287e+02
1.13802888063742287e+02
1.14148397266859376e+02
1.14148397266859376e+02
1.14148397266859376e+02
1.14148397266859376e+02
1.16157876929312721e+02
1.16157876929312721e+02
1.16157876929312721e+02
1.16157876929312721e+02
1.17410119436742278e+02
1.17410119436742278e+02
1.17410119436742278e+02
1.17410119436742278e+02
1.14228728908608588e+02
1.14228728908608588e+02
1.14228728908608588e+02
1.14228728908608588e+02
1.18427547739618589e+02
1.18427547739618589e+02
1.18427547739618589e+02
1.18427547739618589e+02
1.17400245736139297e+02
1.17400245736139297e+02
1.17400245736139297e+02
1.17400245736139297e+02
1.16819038017879521e+02
1.16819038017879521e+02
1.16819038017879521e+02
1.16819038017879521e+02
1.18019405901605978e+02
1.18019405901605978e+02
1.18019405901605978e+02
1.18019405901605978e+02
1.16119589820299069e+02
1.16119589820299069e+02
1.16119589820299069e+02
1.16119589820299069e+02
1.14865155495652303e+02
1.14865155495652303e+02
1.14865155495652303e+02
1.14865155495652303e+02
1.18105077885831335e+02
1.18105077885831335e+02
1.18105077885831335e+02
1.18105077885831335e+02
1.16669008927338993e+02
1.16669008927338993e+02
1.16669008927338993e+02
1.16669008927338993e+02
1.14574124436320119e+02
1.14574124436320119e+02
1.14574124436320119e+02
1.14574124436320119e+02
1.14542422044584058e+02
1.14542422044584058e+02
1.14542422044584058e+02
1.14542422044584058e+02
1.17165838796943433e+02
1.17165838796943433e+02
1.17165838796943433e+02
1.17165838796943433e+02
1.19480660592835889e+02
1.19480660592835889e+02
1.19480660592835889e+02
1.19480660592835889e+02
1.13098262808286236e+02
1.13098262808286236e+02
1.13098262808286236e+02
1.13098262808286236e+02
1.17209740908255384e+02
1.17209740908255384e+02
1.17209740908255384e+02
1.17209740908255384e+02
1.15865634775130019e+02
1.15865634775130019e+02
1.15865634775130019e+02
1.15865634775130019e+02
1.17949262654707766e+02
1.17949262654707766e+02
1.17949262654707766e+02
1.17949262654707766e+02
1.12076599951869298e+02
1.12076599951869298e+02
1.12076599951869298e+02
1.12076599951869298e+02
1.17326625968273717e+02
1.17326625968273717e+02
1.17326625968273717e+02
1.17326625968273717e+02
1.17139289971739274e+02
1.17139289971739274e+02
1.17139289971739274e+02
1.17139289971739274e+02
1.15067143660452970e+02
1.15067143660452970e+02
1.15067143660452970e+02
1.15067143660452970e+02
1.19138366375687951e+02
1.19138366375687951e+02
1.19138366375687951e+02
1.19138366375687951e+02
1.19513717490049928e+02
1.19513717490049928e+02
1.19513717490049928e+02
1.19513717490049928e+02
1.18725873902941714e+02
1.18725873902941714e+02
1.18725873902941714e+02
1.18725873902941714e+02
1.19381014326802472e+02
1.19381014326802472e+02
1.19381014326802472e+02
1.19381014326802472e+02
1.16336716202155074e+02
1.16336716202155074e+02
1.16336716202155074e+02
1.16336716202155074e+02
1.16203762546543658e+02
1.16203762546543658e+02
1.16203762546543658e+02
1.16203762546543658e+02
1.16382639693995003e+02
1.16382639693995003e+02
1.16382639693995003e+02
1.16382639693995003e+02
1.13344826059732213e+02
1.13344826059732213e+02
1.13344826059732213e+02
1.13344826059732213e+02
1.13734797010901758e+02
1.13734797010901758e+02
1.13734797010901758e+02
1.13734797010901758e+02
1.14039287554849466e+02
1.14039287554849466e+02
1.14039287554849466e+02
1.14039287554849466e+02
1.14814132724599617e+02
1.14814132724599617e+02
1.14814132724599617e+02
1.14814132724599617e+02
1.14779557109572607e+02
1.14779557109572607e+02
1.14779557109572607e+02
1.14779557109572607e+02
1.12339487400653908e+02
1.12339487400653908e+02
1.12339487400653908e+02
1.12339487400653908e+02
1.13008898934576663e+02
1.13008898934576663e+02
1.13008898934576663e+02
1.13008898934576663e+02
1.14875300714257648e+02
1.14875300714257648e+02
1.14875300714257648e+02
1.14875300714257648e+02
1.18404792012979257e+02
1.18404792012979257e+02
1.18404792012979257e+02
1.18404792012979257e+02
1.17556124245837097e+02
1.17556124245837097e+02
1.17556124245837097e+02
1.17556124245837097e+02
1.17208854160211331e+02
1.17208854160211331e+02
1.17208854160211331e+02
1.17208854160211331e+02
1.14628860890262800e+02
1.14628860890262800e+02
1.14628860890262800e+02
1.14628860890262800e+02
1.18818641883949468e+02
1.18818641883949468e+02
1.18818641883949468e+02
1.18818641883949468e+02
1.17410577237817520e+02
1.17410577237817520e+02
1.17410577237817520e+02
1.17410577237817520e+02
1.17574308893138195e+02
1.17574308893138195e+02
1.17574308893138195e+02
1.17574308893138195e+02
1.13259695992599561e+02
1.13259695992599561e+02
1.13259695992599561e+02
1.13259695992599561e+02
1.10292246188950728e+02
1.10292246188950728e+02
1.10292246188950728e+02
1.10292246188950728e+02
1.13857352401489578e+02
1.13857352401489578e+02
1.13857352401489578e+02
1.13857352401489578e+02
1.14546681749227460e+02
1.14546681749227460e+02
1.14546681749227460e+02
1.14546681749227460e+02
1.14438220216336717e+02
1.14438220216336717e+02
1.14438220216336717e+02
1.14438220216336717e+02
1.10348941820869243e+02
1.10348941820869243e+02
1.10348941820869243e+02
1.10348941820869243e+02
1.13321353107394685e+02
1.13321353107394685e+02
1.13321353107394685e+02
1.13321353107394685e+02
1.18842091094914181e+02
1.18842091094914181e+02
1.18842091094914181e+02
1.18842091094914181e+02
1.16861384413344979e+02
1.16861384413344979e+02
1.16861384413344979e+02
1.16861384413344979e+02
1.18675624918353193e+02
1.18675624918353193e+02
1.18675624918353193e+02
1.18675624918353193e+02
1.14858592122905407e+02
1.14858592122905407e+02
1.14858592122905407e+02
1.14858592122905407e+02
1.15094692482412214e+02
1.15094692482412214e+02
1.15094692482412214e+02
1.15094692482412214e+02
1.13641219107474427e+02
1.13641219107474427e+02
1.13641219107474427e+02
1.13641219107474427e+02
1.15844264913654129e+02
1.15844264913654129e+02
1.15844264913654129e+02
1.15844264913654129e+02
1.14591049362650864e+02
1.14591049362650864e+02
1.14591049362650864e+02
1.14591049362650864e+02
1.12114768099878603e+02
1.12114768099878603e+02
1.12114768099878603e+02
1.12114768099878603e+02
1.10349599245835122e+02
1.10349599245835122e+02
1.10349599245835122e+02
1.10349599245835122e+02
1.11892797513780138e+02
1.11892797513780138e+02
1.11892797513780138e+02
1.11892797513780138e+02
1.09922619501606675e+02
1.09922619501606675e+02
1.09922619501606675e+02
1.09922619501606675e+02
1.14849902876800826e+02
1.14849902876800826e+02
1.14849902876800826e+02
1.14849902876800826e+02
1.13962492267661759e+02
1.13962492267661759e+02
1.13962492267661759e+02
1.13962492267661759e+02
1.16605712459580587e+02
1.16605712459580587e+02
1.16605712459580587e+02
1.16605712459580587e+02
1.19498029589576021e+02
1.19498029589576021e+02
1.19498029589576021e+02
1.19498029589576021e+02
1.16340141833679482e+02
1.16340141833679482e+02
1.16340141833679482e+02
1.16340141833679482e+02
1.13015321888198883e+02
1.13015321888198883e+02
1.13015321888198883e+02
1.13015321888198883e+02
1.16418910396944867e+02
1.16418910396944867e+02
1.16418910396944867e+02
1.16418910396944867e+02
1.11618626027819445e+02
1.11618626027819445e+02
1.11618626027819445e+02
1.11618626027819445e+02
1.14219335841898967e+02
1.14219335841898967e+02
1.14219335841898967e+02
1.14219335841898967e+02
1.13975063476055894e+02
1.13975063476055894e+02
1.13975063476055894e+02
1.13975063476055894e+02
1.15741375365560188e+02
1.15741375365560188e+02
1.15741375365560188e+02
1.15741375365560188e+02
1.17363555132959505e+02
1.17363555132959505e+02
1.17363555132959505e+02
1.17363555132959505e+02
1.17266124846084168e+02
1.17266124846084168e+02
1.17266124846084168e+02
1.17266124846084168e+02
1.15305179261712738e+02
1.15305179261712738e+02
1.15305179261712738e+02
1.15305179261712738e+02
1.15037727342232301e+02
1.15037727342232301e+02
1.15037727342232301e+02
1.15037727342232301e+02
1.13929331216755600e+02
1.13929331216755600e+02
1.13929331216755600e+02
1.13929331216755600e+02
1.13473285738548824e+02
1.13473285738548824e+02
1.13473285738548824e+02
1.13473285738548824e+02
1.16154965753718557e+02
1.16154965753718557e+02
1.16154965753718557e+02
1.16154965753718557e+02
1.15486236689109788e+02
1.15486236689109788e+02
1.15486236689109788e+02
1.15486236689109788e+02
1.14448398229028186e+02
1.14448398229028186e+02
1.14448398229028186e+02
1.14448398229028186e+02
1.14869486277460666e+02
1.14869486277460666e+02
1.14869486277460666e+02
1.14869486277460666e+02
1.16058486970560395e+02
1.16058486970560395e+02
1.16058486970560395e+02
1.16058486970560395e+02
1.15248616513183563e+02
1.15248616513183563e+02
1.15248616513183563e+02
1.15248616513183563e+02
1.15854011134594472e+02
1.15854011134594472e+02
1.15854011134594472e+02
1.15854011134594472e+02
1.15964552351171605e+02
1.15964552351171605e+02
1.15964552351171605e+02
1.15964552351171605e+02
1.15294065141214631e+02
1.15294065141214631e+02
1.15294065141214631e+02
1.15294065141214631e+02
1.15807836124071130e+02
1.15807836124071130e+02
1.15807836124071130e+02
1.15807836124071130e+02
1.15600613971645885e+02
1.15600613971645885e+02
1.15600613971645885e+02
1.15600613971645885e+02
1.13918554083099949e+02
1.13918554083099949e+02
1.13918554083099949e+02
1.13918554083099949e+02
1.15718577826692254e+02
1.15718577826692254e+02
1.15718577826692254e+02
1.15718577826692254e+02
1.19969957405687126e+02
1.19969957405687126e+02
1.19969957405687126e+02
1.19969957405687126e+02
1.16360936181905615e+02
1.16360936181905615e+02
1.16360936181905615e+02
1.16360936181905615e+02
1.18644749576699610e+02
1.18644749576699610e+02
1.18644749576699610e+02
1.18644749576699610e+02
1.19080833991128827e+02
1.19080833991128827e+02
1.19080833991128827e+02
1.19080833991128827e+02
1.17059374123438587e+02
1.17059374123438587e+02
1.17059374123438587e+02
1.17059374123438587e+02
1.16777345030805847e+02
1.16777345030805847e+02
1.16777345030805847e+02
1.16777345030805847e+02
1.15763257328867468e+02
1.15763257328867468e+02
1.15763257328867468e+02
1.15763257328867468e+02
1.13591701242789469e+02
1.13591701242789469e+02
1.13591701242789469e+02
1.13591701242789469e+02
1.13829731514270478e+02
1.13829731514270478e+02
1.13829731514270478e+02
1.13829731514270478e+02
1.15042069927188351e+02
1.15042069927188351e+02
1.15042069927188351e+02
1.15042069927188351e+02
1.13333059296931609e+02
1.13333059296931609e+02
1.13333059296931609e+02
1.13333059296931609e+02
1.15213128761074273e+02
1.15213128761074273e+02
1.15213128761074273e+02
1.15213128761074273e+02
1.16386273536596093e+02
1.16386273536596093e+02
1.16386273536596093e+02
1.16386273536596093e+02
1.17916025583804029e+02
1.17916025583804029e+02
1.17916025583804029e+02
1.17916025583804029e+02
1.18255673998653904e+02
1.18255673998653904e+02
1.18255673998653904e+02
1.18255673998653904e+02
1.13858243389149521e+02
1.13858243389149521e+02
1.13858243389149521e+02
1.13858243389149521e+02
1.15350408250573167e+02
1.15350408250573167e+02
1.15350408250573167e+02
1.15350408250573167e+02
1.17239012739483599e+02
1.17239012739483599e+02
1.17239012739483599e+02
1.17239012739483599e+02
1.19033158792848980e+02
1.19033158792848980e+02
1.19033158792848980e+02
1.19033158792848980e+02
1.15246960054419873e+02
1.15246960054419873e+02
1.15246960054419873e+02
1.15246960054419873e+02
1.17974667887478418e+02
1.17974667887478418e+02
1.17974667887478418e+02
1.17974667887478418e+02
1.19727580476014495e+02
1.19727580476014495e+02
1.19727580476014495e+02
1.19727580476014495e+02
1.18420694590226290e+02
1.18420694590226290e+02
1.18420694590226290e+02
1.18420694590226290e+02
1.19386215045472326e+02
1.19386215045472326e+02
1.19386215045472326e+02
1.19386215045472326e+02
1.19203351546677283e+02
1.19203351546677283e+02
1.19203351546677283e+02
1.19203351546677283e+02
1.18969331437658582e+02
1.18969331437658582e+02
1.18969331437658582e+02
1.18969331437658582e+02
1.16032200361865989e+02
1.16032200361865989e+02
1.16032200361865989e+02
1.16032200361865989e+02
1.19441074205965791e+02
1.19441074205965791e+02
1.19441074205965791e+02
1.19441074205965791e+02
1.15775152341513461e+02
1.15775152341513461e+02
1.15775152341513461e+02
1.15775152341513461e+02
1.16219184945612113e+02
1.16219184945612113e+02
1.16219184945612113e+02
1.16219184945612113e+02
1.13591383670905770e+02
1.13591383670905770e+02
1.13591383670905770e+02
1.13591383670905770e+02
1.19014744303080320e+02
1.19014744303080320e+02
1.19014744303080320e+02
1.19014744303080320e+02
1.13525643884656873e+02
1.13525643884656873e+02
1.13525643884656873e+02
1.13525643884656873e+02
1.14332918276894901e+02
1.14332918276894901e+02
1.14332918276894901e+02
1.14332918276894901e+02
1.17400823113411008e+02
1.17400823113411008e+02
1.17400823113411008e+02
1.17400823113411008e+02
1.19004822778859989e+02
1.19004822778859989e+02
1.19004822778859989e+02
1.19004822778859989e+02
1.11887086877828878e+02
1.11887086877828878e+02
1.11887086877828878e+02
1.11887086877828878e+02
1.15428267993950641e+02
1.15428267993950641e+02
1.15428267993950641e+02
1.15428267993950641e+02
1.15277860417338786e+02
1.15277860417338786e+02
1.15277860417338786e+02
1.15277860417338786e+02
1.17738426614294539e+02
1.17738426614294539e+02
1.17738426614294539e+02
1.17738426614294539e+02
1.15100402437002160e+02
1.15100402437002160e+02
1.15100402437002160e+02
1.15100402437002160e+02
1.14718537028456012e+02
1.14718537028456012e+02
1.14718537028456012e+02
1.14718537028456012e+02
1.18095029941407176e+02
1.18095029941407176e+02
1.18095029941407176e+02
1.18095029941407176e+02
1.08891607258582241e+02
1.08891607258582241e+02
1.08891607258582241e+02
1.08891607258582241e+02
1.14684887533793230e+02
1.14684887533793230e+02
1.14684887533793230e+02
1.14684887533793230e+02
1.10522378792926290e+02
1.10522378792926290e+02
1.10522378792926290e+02
1.10522378792926290e+02
1.17025440822371579e+02
1.17025440822371579e+02
1.17025440822371579e+02
1.17025440822371579e+02
1.18217860326318416e+02
1.18217860326318416e+02
1.18217860326318416e+02
1.18217860326318416e+02
1.16902589685201534e+02
1.16902589685201534e+02
1.16902589685201534e+02
1.16902589685201534e+02
1.17694826578981662e+02
1.17694826578981662e+02
1.17694826578981662e+02
1.17694826578981662e+02
1.16248840511964900e+02
1.16248840511964900e+02
1.16248840511964900e+02
1.16248840511964900e+02
1.15925243596389009e+02
1.15925243596389009e+02
1.15925243596389009e+02
1.15925243596389009e+02
1.15799364881115480e+02
1.15799364881115480e+02
1.15799364881115480e+02
1.15799364881115480e+02
1.16312864043738600e+02
1.16312864043738600e+02
1.16312864043738600e+02
1.16312864043738600e+02
1.14995493555905028e+02
1.14995493555905028e+02
1.14995493555905028e+02
1.14995493555905028e+02
1.18799267821142578e+02
1.18799267821142578e+02
1.18799267821142578e+02
1.18799267821142578e+02
1.18253415065146683e+02
1.18253415065146683e+02
1.18253415065146683e+02
1.18253415065146683e+02
1.15852487774749363e+02
1.15852487774749363e+02
1.15852487774749363e+02
1.15852487774749363e+02
1.14361470353714566e+02
1.14361470353714566e+02
1.14361470353714566e+02
1.14361470353714566e+02
1.20411100354683100e+02
1.20411100354683100e+02
1.20411100354683100e+02
1.20411100354683100e+02
1.14522204075636623e+02
1.14522204075636623e+02
1.14522204075636623e+02
1.14522204075636623e+02
1.13358817816967402e+02
1.13358817816967402e+02
1.13358817816967402e+02
1.13358817816967402e+02
1.16214973374484387e+02
1.16214973374484387e+02
1.16214973374484387e+02
1.16214973374484387e+02
1.19915986911140820e+02
1.19915986911140820e+02
1.19915986911140820e+02
1.19915986911140820e+02
1.19951337737719754e+02
1.19951337737719754e+02
1.19951337737719754e+02
1.19951337737719754e+02
1.14379738110991511e+02
1.14379738110991511e+02
1.14379738110991511e+02
1.14379738110991511e+02
1.17917143928065713e+02
1.17917143928065713e+02
1.17917143928065713e+02
1.17917143928065713e+02
1.15357217685078083e+02
1.15357217685078083e+02
1.15357217685078083e+02
1.15357217685078083e+02
1.15372371952871262e+02
1.15372371952871262e+02
1.15372371952871262e+02
1.15372371952871262e+02
1.17562073551094272e+02
1.17562073551094272e+02
1.17562073551094272e+02
1.17562073551094272e+02
1.13046617083542856e+02
1.13046617083542856e+02
1.13046617083542856e+02
1.13046617083542856e+02
1.15889270289742797e+02
1.15889270289742797e+02
1.15889270289742797e+02
1.15889270289742797e+02
1.12170605238195947e+02
1.12170605238195947e+02
1.12170605238195947e+02
1.12170605238195947e+02
1.21215192199209568e+02
1.21215192199209568e+02
1.21215192199209568e+02
1.21215192199209568e+02
1.19831992214507650e+02
1.19831992214507650e+02
1.19831992214507650e+02
1.19831992214507650e+02
1.16636151540315694e+02
1.16636151540315694e+02
1.16636151540315694e+02
1.16636151540315694e+02
1.18841933529325203e+02
1.18841933529325203e+02
1.18841933529325203e+02
1.18841933529325203e+02
1.14861415794782786e+02
1.14861415794782786e+02
1.14861415794782786e+02
1.14861415794782786e+02
1.17009446130530094e+02
1.17009446130530094e+02
1.17009446130530094e+02
1.17009446130530094e+02
1.19810714815193691e+02
1.19810714815193691e+02
1.19810714815193691e+02
1.19810714815193691e+02
1.18138998498955303e+02
1.18138998498955303e+02
1.18138998498955303e+02
1.18138998498955303e+02
1.19452147697217882e+02
1.19452147697217882e+02
1.19452147697217882e+02
1.19452147697217882e+02
1.11910617119764410e+02
1.11910617119764410e+02
1.11910617119764410e+02
1.11910617119764410e+02
1.15840506753522419e+02
1.15840506753522419e+02
1.15840506753522419e+02
1.15840506753522419e+02
1.16007041297105886e+02
1.16007041297105886e+02
1.16007041297105886e+02
1.16007041297105886e+02
1.15161106559200888e+02
1.15161106559200888e+02
1.15161106559200888e+02
1.15161106559200888e+02
1.18533520702029207e+02
1.18533520702029207e+02
1.18533520702029207e+02
1.18533520702029207e+02
1.13882059630426070e+02
1.13882059630426070e+02
1.13882059630426070e+02
1.13882059630426070e+02
1.14721968595892946e+02
1.14721968595892946e+02
1.14721968595892946e+02
1.14721968595892946e+02
1.15347405249637873e+02
1.15347405249637873e+02
1.15347405249637873e+02
1.15347405249637873e+02
1.11657992225803042e+02
1.11657992225803042e+02
1.11657992225803042e+02
1.11657992225803042e+02
1.13918532032076783e+02
1.13918532032076783e+02
1.13918532032076783e+02
1.13918532032076783e+02
1.15365239217687801e+02
1.15365239217687801e+02
1.15365239217687801e+02
1.15365239217687801e+02
1.20208060700994182e+02
1.20208060700994182e+02
1.20208060700994182e+02
1.20208060700994182e+02
1.15932943703546286e+02
1.15932943703546286e+02
1.15932943703546286e+02
1.15932943703546286e+02
1.19713453460699711e+02
1.19713453460699711e+02
1.19713453460699711e+02
1.19713453460699711e+02
1.15260872471514787e+02
1.15260872471514787e+02
1.15260872471514787e+02
1.15260872471514787e+02
1.17026783221533051e+02
1.17026783221533051e+02
1.17026783221533051e+02
1.17026783221533051e+02
1.14791895395696372e+02
1.14791895395696372e+02
1.14791895395696372e+02
1.14791895395696372e+02
1.17840164594258155e+02
1.17840164594258155e+02
1.17840164594258155e+02
1.17840164594258155e+02
1.14923681735915096e+02
1.14923681735915096e+02
1.14923681735915096e+02
1.14923681735915096e+02
1.18912989993336851e+02
1.18912989993336851e+02
1.18912989993336851e+02
1.18912989993336851e+02
1.16322754943657955e+02
1.16322754943657955e+02
1.16322754943657955e+02
1.16322754943657955e+02
1.20062021297059616e+02
1.20062021297059616e+02
1.20062021297059616e+02
1.20062021297059616e+02
1.20457023111207960e+02
1.20457023111207960e+02
1.20457023111207960e+02
1.20457023111207960e+02
1.12591160630381509e+02
1.12591160630381509e+02
1.12591160630381509e+02
1.12591160630381509e+02
1.16422557169760935e+02
1.16422557169760935e+02
1.16422557169760935e+02
1.16422557169760935e+02
1.14044150161944088e+02
1.14044150161944088e+02
1.14044150161944088e+02
1.14044150161944088e+02
1.15023432747121049e+02
1.15023432747121049e+02
1.15023432747121049e+02
1.15023432747121049e+02
1.16372031119833807e+02
1.16372031119833807e+02
1.16372031119833807e+02
1.16372031119833807e+02
1.11021124994057615e+02
1.11021124994057615e+02
1.11021124994057615e+02
1.11021124994057615e+02
1.16244259816859937e+02
1.16244259816859937e+02
1.16244259816859937e+02
1.16244259816859937e+02
1.15383930979228978e+02
1.15383930979228978e+02
1.15383930979228978e+02
1.15383930979228978e+02
1.14442587044073193e+02
1.14442587044073193e+02
1.14442587044073193e+02
1.14442587044073193e+02
1.16136583827122934e+02
1.16136583827122934e+02
1.16136583827122934e+02
1.16136583827122934e+02
1.14125745097365581e+02
1.14125745097365581e+02
1.14125745097365581e+02
1.14125745097365581e+02
1.17107909676209843e+02
1.17107909676209843e+02
1.17107909676209843e+02
1.17107909676209843e+02
1.18212908723591170e+02
1.18212908723591170e+02
1.18212908723591170e+02
1.18212908723591170e+02
1.15140565920640114e+02
1.15140565920640114e+02
1.15140565920640114e+02
1.15140565920640114e+02
1.16040537154064850e+02
1.16040537154064850e+02
1.16040537154064850e+02
1.16040537154064850e+02
1.12190924433115143e+02
1.12190924433115143e+02
1.12190924433115143e+02
1.12190924433115143e+02
1.14974425872149894e+02
1.14974425872149894e+02
1.14974425872149894e+02
1.14974425872149894e+02
1.14350870643954153e+02
1.14350870643954153e+02
1.14350870643954153e+02
1.14350870643954153e+02
1.11602247429463191e+02
1.11602247429463191e+02
1.11602247429463191e+02
1.11602247429463191e+02
1.12337535401678650e+02
1.12337535401678650e+02
1.12337535401678650e+02
1.12337535401678650e+02
1.15840669557161448e+02
1.15840669557161448e+02
1.15840669557161448e+02
1.15840669557161448e+02
1.15076749616577260e+02
1.15076749616577260e+02
1.15076749616577260e+02
1.15076749616577260e+02
1.12977801027914268e+02
1.12977801027914268e+02
1.12977801027914268e+02
1.12977801027914268e+02
1.12856357882250720e+02
1.12856357882250720e+02
1.12856357882250720e+02
1.12856357882250720e+02
1.12474831037885536e+02
1.12474831037885536e+02
1.12474831037885536e+02
1.12474831037885536e+02
1.12423264009500485e+02
1.12423264009500485e+02
1.12423264009500485e+02
1.12423264009500485e+02
1.11296312793330287e+02
1.11296312793330287e+02
1.11296312793330287e+02
1.11296312793330287e+02
1.15056807880055231e+02
1.15056807880055231e+02
1.15056807880055231e+02
1.15056807880055231e+02
1.14480149538290604e+02
1.14480149538290604e+02
1.14480149538290604e+02
1.14480149538290604e+02
1.14687306570376776e+02
1.14687306570376776e+02
1.14687306570376776e+02
1.14687306570376776e+02
1.15213960166227963e+02
1.15213960166227963e+02
1.15213960166227963e+02
1.15213960166227963e+02
1.15716115533111946e+02
1.15716115533111946e+02
1.15716115533111946e+02
1.15716115533111946e+02
1.13421462935607664e+02
1.13421462935607664e+02
1.13421462935607664e+02
1.13421462935607664e+02
1.16241223176948793e+02
1.16241223176948793e+02
1.16241223176948793e+02
1.16241223176948793e+02
1.15303346822477025e+02
1.15303346822477025e+02
1.15303346822477025e+02
1.15303346822477025e+02
1.15600150588259964e+02
1.15600150588259964e+02
1.15600150588259964e+02
1.15600150588259964e+02
1.15484377773190033e+02
1.15484377773190033e+02
1.15484377773190033e+02
1.15484377773190033e+02
1.14642492386475666e+02
1.14642492386475666e+02
1.14642492386475666e+02
1.14642492386475666e+02
1.16936649081308488e+02
1.16936649081308488e+02
1.16936649081308488e+02
1.16936649081308488e+02
1.14664440455964666e+02
1.14664440455964666e+02
1.14664440455964666e+02
1.14664440455964666e+02
1.15703558967699735e+02
1.15703558967699735e+02
1.15703558967699735e+02
1.15703558967699735e+02
1.15352017015040445e+02
1.15352017015040445e+02
1.15352017015040445e+02
1.15352017015040445e+02
1.17464808911778647e+02
1.17464808911778647e+02
1.17464808911778647e+02
1.17464808911778647e+02
1.15612147472858950e+02
1.15612147472858950e+02
1.15612147472858950e+02
1.15612147472858950e+02
1.15361184626104063e+02
1.15361184626104063e+02
1.15361184626104063e+02
1.15361184626104063e+02
1.16078168558351152e+02
1.16078168558351152e+02
1.16078168558351152e+02
1.16078168558351152e+02
1.14403647732851411e+02
1.14403647732851411e+02
1.14403647732851411e+02
1.14403647732851411e+02
1.12985636450577317e+02
1.12985636450577317e+02
1.12985636450577317e+02
1.12985636450577317e+02
1.15471197348276746e+02
1.15471197348276746e+02
1.15471197348276746e+02
1.15471197348276746e+02
1.14118189103877214e+02
1.14118189103877214e+02
1.14118189103877214e+02
1.14118189103877214e+02
1.12129926072930346e+02
1.12129926072930346e+02
1.12129926072930346e+02
1.12129926072930346e+02
1.12539420149451530e+02
1.12539420149451530e+02
1.12539420149451530e+02
1.12539420149451530e+02
1.14382997634363306e+02
1.14382997634363306e+02
1.14382997634363306e+02
1.14382997634363306e+02
1.17115786424501621e+02
1.17115786424501621e+02
1.17115786424501621e+02
1.17115786424501621e+02
1.17056417441201404e+02
1.17056417441201404e+02
1.17056417441201404e+02
1.17056417441201404e+02
1.15690570619573194e+02
1.15690570619573194e+02
1.15690570619573194e+02
1.15690570619573194e+02
1.13583461977470549e+02
1.13583461977470549e+02
1.13583461977470549e+02
1.13583461977470549e+02
1.14919181707323787e+02
1.14919181707323787e+02
1.14919181707323787e+02
1.14919181707323787e+02
1.16722276509010442e+02
1.16722276509010442e+02
1.16722276509010442e+02
1.16722276509010442e+02
1.17725789475273601e+02
1.17725789475273601e+02
1.17725789475273601e+02
1.17725789475273601e+02
1.18485337887776382e+02
1.18485337887776382e+02
1.18485337887776382e+02
1.18485337887776382e+02
1.13144767859615598e+02
1.13144767859615598e+02
1.13144767859615598e+02
1.13144767859615598e+02
1.11843136713151438e+02
1.11843136713151438e+02
1.11843136713151438e+02
1.11843136713151438e+02
1.13011496248102361e+02
1.13011496248102361e+02
1.13011496248102361e+02
1.13011496248102361e+02
1.14411450426650944e+02
1.14411450426650944e+02
1.14411450426650944e+02
1.14411450426650944e+02
1.16664570460697831e+02
1.16664570460697831e+02
1.16664570460697831e+02
1.16664570460697831e+02
1.15397002286789203e+02
1.15397002286789203e+02
1.15397002286789203e+02
1.15397002286789203e+02
1.15472734116289502e+02
1.15472734116289502e+02
1.15472734116289502e+02
1.15472734116289502e+02
1.13684835718632442e+02
1.13684835718632442e+02
1.13684835718632442e+02
1.13684835718632442e+02
1.12294625225720168e+02
1.12294625225720168e+02
1.12294625225720168e+02
1.12294625225720168e+02
1.12820359623524880e+02
1.12820359623524880e+02
1.12820359623524880e+02
1.12820359623524880e+02
1.12868296499440120e+02
1.12868296499440120e+02
1.12868296499440120e+02
1.12868296499440120e+02


        </DataArray>

      </PointData>

      <CellData/>

      <Points>

        <DataArray type="Float64" NumberOfComponents="3" format="ascii">

-3.8073146605539976e-17 0.16262327573691782 0.62178167014437125 -6.123233995736766e-17 0 1 0.36103477471300488 0.37448562990870227 0.92723271781785321 -5.2567781980428963e-17 0.51281494326876753 0.85849702978897602 3.1400858941451379e-17 0.85849702978897602 -0.51281494326876753 1.3413518815117725e-17 0.59024378908104191 -0.21905938633827698 2.8630754704277773e-17 0.46603966720346279 -0.46757570793818426 0.35362831664304045 0.9291245327790979 -0.36976695713384539 3.1400858941451379e-17 0.85849702978897602 -0.51281494326876753 0 1 0 1.3413518815117725e-17 0.59024378908104191 -0.21905938633827698 0.35362831664304045 0.9291245327790979 -0.36976695713384539 6.123233995736766e-17 0 -1 3.2319449359643499e-17 -0.14784628833551347 -0.52781666325581467 5.2567781980428963e-17 -0.51281494326876753 -0.85849702978897602 0.35362831664304045 -0.3697669571338455 -0.9291245327790979 2.5521763396912816e-17 -0.4793278454406017 -0.41680202675060346 3.2319449359643499e-17 -0.14784628833551347 -0.52781666325581467 0.35362831664304045 -0.3697669571338455 -0.9291245327790979 5.2567781980428963e-17 -0.51281494326876753 -0.85849702978897602 0.187696401294975 0.41459654070446694 0.45758364772578231 -3.1400973070753622e-17 0.85849591641940437 0.51281680714171962 -5.2567781980428963e-17 0.51281494326876753 0.85849702978897602 0.41250666331966274 0.70151066429403131 0.71265895622081887 0.187696401294975 0.41459654070446694 0.45758364772578231 -3.1400973070753622e-17 0.85849591641940437 0.51281680714171962 -2.9085613835324671e-17 0.41648634548626107 0.47500412127929803 -5.2567781980428963e-17 0.51281494326876753 0.85849702978897602 0.187696401294975 0.41459654070446694 0.45758364772578231 -3.8073146605539976e-17 0.16262327573691782 0.62178167014437125 0.36103477471300488 0.37448562990870227 0.92723271781785321 -5.2567781980428963e-17 0.51281494326876753 0.85849702978897602 0.187696401294975 0.41459654070446694 0.45758364772578231 -2.9085613835324671e-17 0.41648634548626107 0.47500412127929803 -3.8073146605539976e-17 0.16262327573691782 0.62178167014437125 -5.2567781980428963e-17 0.51281494326876753 0.85849702978897602 0.187696401294975 0.41459654070446694 0.45758364772578231 0.41250666331966274 0.70151066429403131 0.71265895622081887 -5.2567781980428963e-17 0.51281494326876753 0.85849702978897602 0.36103477471300488 0.37448562990870227 0.92723271781785321 0.187696401294975 0.41459654070446694 0.45758364772578231 -3.1400973070753622e-17 0.85849591641940437 0.51281680714171962 -8.6622314714443932e-18 0.5320227753653779 0.14146497549294024 -2.9085613835324671e-17 0.41648634548626107 0.47500412127929803 0 1 0 -3.1400973070753622e-17 0.85849591641940437 0.51281680714171962 -8.6622314714443932e-18 0.5320227753653779 0.14146497549294024 0.33845281234444963 0.93286666726405398 0.3602218498476415 0.187696401294975 0.41459654070446694 0.45758364772578231 -8.6622314714443932e-18 0.5320227753653779 0.14146497549294024 -3.1400973070753622e-17 0.85849591641940437 0.51281680714171962 0.33845281234444963 0.93286666726405398 0.3602218498476415 0.187696401294975 0.41459654070446694 0.45758364772578231 0.33845281234444963 0.93286666726405398 0.3602218498476415 -3.1400973070753622e-17 0.85849591641940437 0.51281680714171962 0.41250666331966274 0.70151066429403131 0.71265895622081887 0.26549541758169259 0.01183012252968711 0.57539850850091812 -3.8073146605539976e-17 0.16262327573691782 0.62178167014437125 -6.123233995736766e-17 0 1 0.36103477471300488 0.37448562990870227 0.92723271781785321 0.26549541758169259 0.01183012252968711 0.57539850850091812 -6.123233995736766e-17 0 1 -3.8073146605539976e-17 0.16262327573691782 0.62178167014437125 -3.8300810413423336e-17 -0.13597911897012704 0.62549970228297425 0.187696401294975 0.41459654070446694 0.45758364772578231 0.26549541758169259 0.01183012252968711 0.57539850850091812 0.36103477471300488 0.37448562990870227 0.92723271781785321 -3.8073146605539976e-17 0.16262327573691782 0.62178167014437125 0.187696401294975 0.41459654070446694 0.45758364772578231 -3.8073146605539976e-17 0.16262327573691782 0.62178167014437125 -2.9085613835324671e-17 0.41648634548626107 0.47500412127929803 -1.6181863106719155e-17 0.070823768725499003 0.26426987957647224 0.187696401294975 0.41459654070446694 0.45758364772578231 -8.6622314714443932e-18 0.5320227753653779 0.14146497549294024 -1.6181863106719155e-17 0.070823768725499003 0.26426987957647224 -2.9085613835324671e-17 0.41648634548626107 0.47500412127929803 0.26549541758169259 0.01183012252968711 0.57539850850091812 -3.8300810413423336e-17 -0.13597911897012704 0.62549970228297425 -3.8073146605539976e-17 0.16262327573691782 0.62178167014437125 -1.6181863106719155e-17 0.070823768725499003 0.26426987957647224 0.26549541758169259 0.01183012252968711 0.57539850850091812 -2.3883356125332464e-17 -0.3839956165005573 0.39004480544040931 -3.8300810413423336e-17 -0.13597911897012704 0.62549970228297425 -1.6181863106719155e-17 0.070823768725499003 0.26426987957647224 0.187696401294975 0.41459654070446694 0.45758364772578231 0.26549541758169259 0.01183012252968711 0.57539850850091812 -3.8073146605539976e-17 0.16262327573691782 0.62178167014437125 -1.6181863106719155e-17 0.070823768725499003 0.26426987957647224 0 -1 0 -8.4261114011751666e-18 -0.62483304636579717 0.13760884210928012 -3.1400858941451379e-17 -0.85849702978897602 0.51281494326876753 0.36103455206911494 -0.92723241527365396 0.3744863790123561 -3.1400858941451379e-17 -0.85849702978897602 0.51281494326876753 -8.4261114011751666e-18 -0.62483304636579717 0.13760884210928012 -2.3883356125332464e-17 -0.3839956165005573 0.39004480544040931 0.36103455206911494 -0.92723241527365396 0.3744863790123561 0.37430653746062581 0.12631355937365429 -0.53141073357059398 6.123233995736766e-17 0 -1 0.35362831664304045 -0.3697669571338455 -0.9291245327790979 3.2319449359643499e-17 -0.14784628833551347 -0.52781666325581467 3.6205007915547316e-17 0.2154604273219588 -0.59127265005313623 1.1664214329655561e-17 0.19144623431318852 -0.19049107608457605 3.2319449359643499e-17 -0.14784628833551347 -0.52781666325581467 0.37430653746062581 0.12631355937365429 -0.53141073357059398 6.123233995736766e-17 0 -1 3.6205007915547316e-17 0.2154604273219588 -0.59127265005313623 3.2319449359643499e-17 -0.14784628833551347 -0.52781666325581467 0.37430653746062581 0.12631355937365429 -0.53141073357059398 2.8630754704277773e-17 0.46603966720346279 -0.46757570793818426 1.1664214329655561e-17 0.19144623431318852 -0.19049107608457605 3.6205007915547316e-17 0.2154604273219588 -0.59127265005313623 0.37430653746062581 0.12631355937365429 -0.53141073357059398 3.2319449359643499e-17 -0.14784628833551347 -0.52781666325581467 3.9826089162490391e-18 -0.26636974005089253 -0.065040939461432939 0.37430653746062581 0.12631355937365429 -0.53141073357059398 1.1664214329655561e-17 0.19144623431318852 -0.19049107608457605 0.37851716650160794 0.59211021278181264 -0.27957168619278966 -8.6622314714443932e-18 0.5320227753653779 0.14146497549294024 1.3413518815117725e-17 0.59024378908104191 -0.21905938633827698 1.1664214329655561e-17 0.19144623431318852 -0.19049107608457605 1.3413518815117725e-17 0.59024378908104191 -0.21905938633827698 2.8630754704277773e-17 0.46603966720346279 -0.46757570793818426 0.35362831664304045 0.9291245327790979 -0.36976695713384539 0.37851716650160794 0.59211021278181264 -0.27957168619278966 0 1 0 1.3413518815117725e-17 0.59024378908104191 -0.21905938633827698 0.35362831664304045 0.9291245327790979 -0.36976695713384539 0.37851716650160794 0.59211021278181264 -0.27957168619278966 0.37851716650160794 0.59211021278181264 -0.27957168619278966 1.3413518815117725e-17 0.59024378908104191 -0.21905938633827698 2.8630754704277773e-17 0.46603966720346279 -0.46757570793818426 1.1664214329655561e-17 0.19144623431318852 -0.19049107608457605 0.37851716650160794 0.59211021278181264 -0.27957168619278966 -8.6622314714443932e-18 0.5320227753653779 0.14146497549294024 0 1 0 1.3413518815117725e-17 0.59024378908104191 -0.21905938633827698 0.37851716650160794 0.59211021278181264 -0.27957168619278966 1.1664214329655561e-17 0.19144623431318852 -0.19049107608457605 2.8630754704277773e-17 0.46603966720346279 -0.46757570793818426 0.37430653746062581 0.12631355937365429 -0.53141073357059398 5.2567713806204862e-17 0.51281680714171962 -0.85849591641940437 3.1400858941451379e-17 0.85849702978897602 -0.51281494326876753 2.8630754704277773e-17 0.46603966720346279 -0.46757570793818426 0.41389880913576266 0.71983834541847269 -0.69414174090397107 3.1400858941451379e-17 0.85849702978897602 -0.51281494326876753 2.8630754704277773e-17 0.46603966720346279 -0.46757570793818426 0.41389880913576266 0.71983834541847269 -0.69414174090397107 0.35362831664304045 0.9291245327790979 -0.36976695713384539 0.37851716650160794 0.59211021278181264 -0.27957168619278966 2.8630754704277773e-17 0.46603966720346279 -0.46757570793818426 0.41389880913576266 0.71983834541847269 -0.69414174090397107 0.37430653746062581 0.12631355937365429 -0.53141073357059398 2.8630754704277773e-17 0.46603966720346279 -0.46757570793818426 0.41389880913576266 0.71983834541847269 -0.69414174090397107 0.35362831664304045 0.9291245327790979 -0.36976695713384539 0.37851716650160794 0.59211021278181264 -0.27957168619278966 6.123233995736766e-17 0 -1 5.2567713806204862e-17 0.51281680714171962 -0.85849591641940437 3.6205007915547316e-17 0.2154604273219588 -0.59127265005313623 0.34520502280981469 0.36585002731108562 -0.93067381907759583 5.2567713806204862e-17 0.51281680714171962 -0.85849591641940437 2.8630754704277773e-17 0.46603966720346279 -0.46757570793818426 0.34520502280981469 0.36585002731108562 -0.93067381907759583 0.41389880913576266 0.71983834541847269 -0.69414174090397107 5.2567713806204862e-17 0.51281680714171962 -0.85849591641940437 2.8630754704277773e-17 0.46603966720346279 -0.46757570793818426 3.6205007915547316e-17 0.2154604273219588 -0.59127265005313623 0.34520502280981469 0.36585002731108562 -0.93067381907759583 6.123233995736766e-17 0 -1 0.34520502280981469 0.36585002731108562 -0.93067381907759583 3.6205007915547316e-17 0.2154604273219588 -0.59127265005313623 0.37430653746062581 0.12631355937365429 -0.53141073357059398 2.8630754704277773e-17 0.46603966720346279 -0.46757570793818426 0.34520502280981469 0.36585002731108562 -0.93067381907759583 0.41389880913576266 0.71983834541847269 -0.69414174090397107 0.37430653746062581 0.12631355937365429 -0.53141073357059398 2.8630754704277773e-17 0.46603966720346279 -0.46757570793818426 3.6205007915547316e-17 0.2154604273219588 -0.59127265005313623 0.34520502280981469 0.36585002731108562 -0.93067381907759583 0.37430653746062581 0.12631355937365429 -0.53141073357059398 2.5521763396912816e-17 -0.4793278454406017 -0.41680202675060346 0.41389880913576266 -0.69414174090397107 -0.71983834541847269 3.1400973070753622e-17 -0.85849591641940437 -0.51281680714171962 5.2567781980428963e-17 -0.51281494326876753 -0.85849702978897602 2.5521763396912816e-17 -0.4793278454406017 -0.41680202675060346 0.35362831664304045 -0.3697669571338455 -0.9291245327790979 0.41389880913576266 -0.69414174090397107 -0.71983834541847269 5.2567781980428963e-17 -0.51281494326876753 -0.85849702978897602 0.34520502280981469 -0.93067381907759583 -0.36585002731108562 9.5076123689367412e-18 -0.62445771666512506 -0.15527109327450661 3.1400973070753622e-17 -0.85849591641940437 -0.51281680714171962 0 -1 0 9.5076123689367412e-18 -0.62445771666512506 -0.15527109327450661 2.5521763396912816e-17 -0.4793278454406017 -0.41680202675060346 0.34520502280981469 -0.93067381907759583 -0.36585002731108562 3.1400973070753622e-17 -0.85849591641940437 -0.51281680714171962 2.5521763396912816e-17 -0.4793278454406017 -0.41680202675060346 0.41389880913576266 -0.69414174090397107 -0.71983834541847269 0.34520502280981469 -0.93067381907759583 -0.36585002731108562 3.1400973070753622e-17 -0.85849591641940437 -0.51281680714171962 0.187696401294975 0.41459654070446694 0.45758364772578231 0.41250666331966274 0.70151066429403131 0.71265895622081887 0.36103477471300488 0.37448562990870227 0.92723271781785321 0.55885754234639928 0.34843648050315706 0.57765644455759646 0.187696401294975 0.41459654070446694 0.45758364772578231 0.36103477471300488 0.37448562990870227 0.92723271781785321 0.26549541758169259 0.01183012252968711 0.57539850850091812 0.55885754234639928 0.34843648050315706 0.57765644455759646 0.187696401294975 0.41459654070446694 0.45758364772578231 0.33845281234444963 0.93286666726405398 0.3602218498476415 0.41250666331966274 0.70151066429403131 0.71265895622081887 0.55885754234639928 0.34843648050315706 0.57765644455759646 -3.8300810413423336e-17 -0.13597911897012704 0.62549970228297425 0.33845297549880637 -0.36022200121358766 0.93286660881482841 -6.123233995736766e-17 0 1 -5.2567713806204862e-17 -0.51281680714171962 0.85849591641940437 0.26549541758169259 0.01183012252968711 0.57539850850091812 -3.8300810413423336e-17 -0.13597911897012704 0.62549970228297425 0.33845297549880637 -0.36022200121358766 0.93286660881482841 -6.123233995736766e-17 0 1 -5.2567713806204862e-17 -0.51281680714171962 0.85849591641940437 -3.1400858941451379e-17 -0.85849702978897602 0.51281494326876753 -2.3883356125332464e-17 -0.3839956165005573 0.39004480544040931 0.41250498657788959 -0.71265870337145076 0.70151092116154712 -3.1400858941451379e-17 -0.85849702978897602 0.51281494326876753 -2.3883356125332464e-17 -0.3839956165005573 0.39004480544040931 0.41250498657788959 -0.71265870337145076 0.70151092116154712 0.36103455206911494 -0.92723241527365396 0.3744863790123561 0.26549541758169259 0.01183012252968711 0.57539850850091812 -6.123233995736766e-17 0 1 0.58175781112367542 0 1 0.36103477471300488 0.37448562990870227 0.92723271781785321 0.26549541758169259 0.01183012252968711 0.57539850850091812 0.36103477471300488 0.37448562990870227 0.92723271781785321 0.58175781112367542 0 1 0.55885754234639928 0.34843648050315706 0.57765644455759646 0.26549541758169259 0.01183012252968711 0.57539850850091812 0.58175781112367542 0 1 -6.123233995736766e-17 0 1 0.33845297549880637 -0.36022200121358766 0.93286660881482841 0.58175781112367542 0 1 0.36103477471300488 0.37448562990870227 0.92723271781785321 0.76951353406422263 0.42466532613817165 0.90535040772949338 0.55885754234639928 0.34843648050315706 0.57765644455759646 0.41250666331966274 0.70151066429403131 0.71265895622081887 0.76951353406422263 0.42466532613817165 0.90535040772949338 0.36103477471300488 0.37448562990870227 0.92723271781785321 0.55885754234639928 0.34843648050315706 0.57765644455759646 0.33845281234444963 0.93286666726405398 0.3602218498476415 -8.6622314714443932e-18 0.5320227753653779 0.14146497549294024 0 1 0 0.58175781112365721 1 3.5622392063577866e-17 0.37851716650160794 0.59211021278181264 -0.27957168619278966 0 1 0 0.58175781112365721 1 3.5622392063577866e-17 0.35362831664304045 0.9291245327790979 -0.36976695713384539 -8.6622314714443932e-18 0.5320227753653779 0.14146497549294024 0 1 0 0.58175781112365721 1 3.5622392063577866e-17 0.37851716650160794 0.59211021278181264 -0.27957168619278966 0.58175781112365732 0 -1 0.37430653746062581 0.12631355937365429 -0.53141073357059398 6.123233995736766e-17 0 -1 0.35362831664304045 -0.3697669571338455 -0.9291245327790979 6.123233995736766e-17 0 -1 0.58175781112365732 0 -1 0.34520502280981469 0.36585002731108562 -0.93067381907759583 0.37430653746062581 0.12631355937365429 -0.53141073357059398 0.37851716650160794 0.59211021278181264 -0.27957168619278966 0.41389880913576266 0.71983834541847269 -0.69414174090397107 0.35362831664304045 0.9291245327790979 -0.36976695713384539 0.79597954349435018 0.90940330923191859 -0.41591540144365385 0.37851716650160794 0.59211021278181264 -0.27957168619278966 0.58175781112365721 1 3.5622392063577866e-17 0.79597954349435018 0.90940330923191859 -0.41591540144365385 0.35362831664304045 0.9291245327790979 -0.36976695713384539 0.41250666331966274 0.70151066429403131 0.71265895622081887 0.87297233449344247 0.8710645920419845 0.49116848075862002 0.76951353406422263 0.42466532613817165 0.90535040772949338 0.55885754234639928 0.34843648050315706 0.57765644455759646 0.33845281234444963 0.93286666726405398 0.3602218498476415 0.87297233449344247 0.8710645920419845 0.49116848075862002 0.41250666331966274 0.70151066429403131 0.71265895622081887 0.55885754234639928 0.34843648050315706 0.57765644455759646 0.43188202004293852 -0.42285608262319008 -0.34832803102805709 2.5521763396912816e-17 -0.4793278454406017 -0.41680202675060346 3.2319449359643499e-17 -0.14784628833551347 -0.52781666325581467 0.35362831664304045 -0.3697669571338455 -0.9291245327790979 0.43188202004293852 -0.42285608262319008 -0.34832803102805709 2.5521763396912816e-17 -0.4793278454406017 -0.41680202675060346 0.41389880913576266 -0.69414174090397107 -0.71983834541847269 0.34520502280981469 -0.93067381907759583 -0.36585002731108562 0.43188202004293852 -0.42285608262319008 -0.34832803102805709 2.5521763396912816e-17 -0.4793278454406017 -0.41680202675060346 0.35362831664304045 -0.3697669571338455 -0.9291245327790979 0.41389880913576266 -0.69414174090397107 -0.71983834541847269 0.43188202004293852 -0.42285608262319008 -0.34832803102805709 3.2319449359643499e-17 -0.14784628833551347 -0.52781666325581467 2.5521763396912816e-17 -0.4793278454406017 -0.41680202675060346 3.9826089162490391e-18 -0.26636974005089253 -0.065040939461432939 0.43188202004293852 -0.42285608262319008 -0.34832803102805709 3.2319449359643499e-17 -0.14784628833551347 -0.52781666325581467 0.37430653746062581 0.12631355937365429 -0.53141073357059398 0.35362831664304045 -0.3697669571338455 -0.9291245327790979 0.43188202004293852 -0.42285608262319008 -0.34832803102805709 2.5521763396912816e-17 -0.4793278454406017 -0.41680202675060346 9.5076123689367412e-18 -0.62445771666512506 -0.15527109327450661 3.9826089162490391e-18 -0.26636974005089253 -0.065040939461432939 0.43188202004293852 -0.42285608262319008 -0.34832803102805709 3.2319449359643499e-17 -0.14784628833551347 -0.52781666325581467 3.9826089162490391e-18 -0.26636974005089253 -0.065040939461432939 0.37430653746062581 0.12631355937365429 -0.53141073357059398 0.43188202004293852 -0.42285608262319008 -0.34832803102805709 9.5076123689367412e-18 -0.62445771666512506 -0.15527109327450661 2.5521763396912816e-17 -0.4793278454406017 -0.41680202675060346 0.34520502280981469 -0.93067381907759583 -0.36585002731108562 0.43188202004293852 -0.42285608262319008 -0.34832803102805709 0.41389880913576266 -0.69414174090397107 -0.71983834541847269 0.35362831664304045 -0.3697669571338455 -0.9291245327790979 0.61989476446951464 -0.36347315065401176 -0.61673028792108275 0.58175781112365732 0 -1 0.37430653746062581 0.12631355937365429 -0.53141073357059398 0.35362831664304045 -0.3697669571338455 -0.9291245327790979 0.61989476446951464 -0.36347315065401176 -0.61673028792108275 0.43188202004293852 -0.42285608262319008 -0.34832803102805709 0.35362831664304045 -0.3697669571338455 -0.9291245327790979 0.37430653746062581 0.12631355937365429 -0.53141073357059398 0.61989476446951464 -0.36347315065401176 -0.61673028792108275 0.58175781112365732 0 -1 0.35362831664304045 -0.3697669571338455 -0.9291245327790979 0.79597954349435018 -0.41591540144365385 -0.90940330923191859 0.61989476446951464 -0.36347315065401176 -0.61673028792108275 0.41389880913576266 -0.69414174090397107 -0.71983834541847269 0.79597954349435018 -0.41591540144365385 -0.90940330923191859 0.35362831664304045 -0.3697669571338455 -0.9291245327790979 0.61989476446951464 -0.36347315065401176 -0.61673028792108275 -3.8300810413423336e-17 -0.13597911897012704 0.62549970228297425 0.51222868769674468 -0.31255420274866497 0.55341261531140429 0.33845297549880637 -0.36022200121358766 0.93286660881482841 -5.2567713806204862e-17 -0.51281680714171962 0.85849591641940437 -2.3883356125332464e-17 -0.3839956165005573 0.39004480544040931 0.41250498657788959 -0.71265870337145076 0.70151092116154712 0.36103455206911494 -0.92723241527365396 0.3744863790123561 0.51222868769674468 -0.31255420274866497 0.55341261531140429 -5.2567713806204862e-17 -0.51281680714171962 0.85849591641940437 0.41250498657788959 -0.71265870337145076 0.70151092116154712 -2.3883356125332464e-17 -0.3839956165005573 0.39004480544040931 0.51222868769674468 -0.31255420274866497 0.55341261531140429 0.26549541758169259 0.01183012252968711 0.57539850850091812 -3.8300810413423336e-17 -0.13597911897012704 0.62549970228297425 -2.3883356125332464e-17 -0.3839956165005573 0.39004480544040931 0.51222868769674468 -0.31255420274866497 0.55341261531140429 0.26549541758169259 0.01183012252968711 0.57539850850091812 0.58175781112367542 0 1 0.33845297549880637 -0.36022200121358766 0.93286660881482841 0.51222868769674468 -0.31255420274866497 0.55341261531140429 -3.8300810413423336e-17 -0.13597911897012704 0.62549970228297425 -2.3883356125332464e-17 -0.3839956165005573 0.39004480544040931 0.51222868769674468 -0.31255420274866497 0.55341261531140429 -5.2567713806204862e-17 -0.51281680714171962 0.85849591641940437 0.26549541758169259 0.01183012252968711 0.57539850850091812 -3.8300810413423336e-17 -0.13597911897012704 0.62549970228297425 0.51222868769674468 -0.31255420274866497 0.55341261531140429 0.33845297549880637 -0.36022200121358766 0.93286660881482841 -5.2567713806204862e-17 -0.51281680714171962 0.85849591641940437 0.33845297549880637 -0.36022200121358766 0.93286660881482841 0.41250498657788959 -0.71265870337145076 0.70151092116154712 0.51222868769674468 -0.31255420274866497 0.55341261531140429 0.26549541758169259 0.01183012252968711 0.57539850850091812 0.58175781112367542 0 1 0.51222868769674468 -0.31255420274866497 0.55341261531140429 0.55885754234639928 0.34843648050315706 0.57765644455759646 0 -1 0 0.58175781112365721 -1 3.5622392063577866e-17 -8.4261114011751666e-18 -0.62483304636579717 0.13760884210928012 0.36103455206911494 -0.92723241527365396 0.3744863790123561 0.34520502280981469 -0.93067381907759583 -0.36585002731108562 0.58175781112365721 -1 3.5622392063577866e-17 9.5076123689367412e-18 -0.62445771666512506 -0.15527109327450661 0 -1 0 0.43188202004293852 -0.42285608262319008 -0.34832803102805709 0.34520502280981469 -0.93067381907759583 -0.36585002731108562 0.58175781112365721 -1 3.5622392063577866e-17 9.5076123689367412e-18 -0.62445771666512506 -0.15527109327450661 0.58175781112365721 -1 3.5622392063577866e-17 -8.4261114011751666e-18 -0.62483304636579717 0.13760884210928012 9.5076123689367412e-18 -0.62445771666512506 -0.15527109327450661 0 -1 0 0.41250498657788959 -0.71265870337145076 0.70151092116154712 0.76951966436630825 -0.90534820405048866 0.42467002416294292 0.36103455206911494 -0.92723241527365396 0.3744863790123561 0.51222868769674468 -0.31255420274866497 0.55341261531140429 0.187696401294975 0.41459654070446694 0.45758364772578231 -8.6622314714443932e-18 0.5320227753653779 0.14146497549294024 0.33845281234444963 0.93286666726405398 0.3602218498476415 0.51699891885684801 0.25056444085304475 0.14306384268975719 -1.6181863106719155e-17 0.070823768725499003 0.26426987957647224 3.9826089162490391e-18 -0.26636974005089253 -0.065040939461432939 1.1664214329655561e-17 0.19144623431318852 -0.19049107608457605 0.51699891885684801 0.25056444085304475 0.14306384268975719 0.87297233449344247 0.8710645920419845 0.49116848075862002 0.51699891885684801 0.25056444085304475 0.14306384268975719 0.33845281234444963 0.93286666726405398 0.3602218498476415 0.58175781112365721 1 3.5622392063577866e-17 0.33845281234444963 0.93286666726405398 0.3602218498476415 0.51699891885684801 0.25056444085304475 0.14306384268975719 0.87297233449344247 0.8710645920419845 0.49116848075862002 0.55885754234639928 0.34843648050315706 0.57765644455759646 -1.6181863106719155e-17 0.070823768725499003 0.26426987957647224 -8.6622314714443932e-18 0.5320227753653779 0.14146497549294024 0.51699891885684801 0.25056444085304475 0.14306384268975719 1.1664214329655561e-17 0.19144623431318852 -0.19049107608457605 0.37851716650160794 0.59211021278181264 -0.27957168619278966 -8.6622314714443932e-18 0.5320227753653779 0.14146497549294024 1.1664214329655561e-17 0.19144623431318852 -0.19049107608457605 0.51699891885684801 0.25056444085304475 0.14306384268975719 0.187696401294975 0.41459654070446694 0.45758364772578231 -1.6181863106719155e-17 0.070823768725499003 0.26426987957647224 0.51699891885684801 0.25056444085304475 0.14306384268975719 0.26549541758169259 0.01183012252968711 0.57539850850091812 0.37851716650160794 0.59211021278181264 -0.27957168619278966 0.51699891885684801 0.25056444085304475 0.14306384268975719 1.1664214329655561e-17 0.19144623431318852 -0.19049107608457605 0.37430653746062581 0.12631355937365429 -0.53141073357059398 0.51699891885684801 0.25056444085304475 0.14306384268975719 -8.6622314714443932e-18 0.5320227753653779 0.14146497549294024 0.58175781112365721 1 3.5622392063577866e-17 0.37851716650160794 0.59211021278181264 -0.27957168619278966 0.43188202004293852 -0.42285608262319008 -0.34832803102805709 3.9826089162490391e-18 -0.26636974005089253 -0.065040939461432939 0.51699891885684801 0.25056444085304475 0.14306384268975719 0.37430653746062581 0.12631355937365429 -0.53141073357059398 0.26549541758169259 0.01183012252968711 0.57539850850091812 0.51222868769674468 -0.31255420274866497 0.55341261531140429 0.51699891885684801 0.25056444085304475 0.14306384268975719 0.55885754234639928 0.34843648050315706 0.57765644455759646 0.187696401294975 0.41459654070446694 0.45758364772578231 -1.6181863106719155e-17 0.070823768725499003 0.26426987957647224 -8.6622314714443932e-18 0.5320227753653779 0.14146497549294024 0.51699891885684801 0.25056444085304475 0.14306384268975719 0.33845281234444963 0.93286666726405398 0.3602218498476415 0.51699891885684801 0.25056444085304475 0.14306384268975719 -8.6622314714443932e-18 0.5320227753653779 0.14146497549294024 0.58175781112365721 1 3.5622392063577866e-17 0.187696401294975 0.41459654070446694 0.45758364772578231 0.51699891885684801 0.25056444085304475 0.14306384268975719 0.33845281234444963 0.93286666726405398 0.3602218498476415 0.55885754234639928 0.34843648050315706 0.57765644455759646 0.187696401294975 0.41459654070446694 0.45758364772578231 0.26549541758169259 0.01183012252968711 0.57539850850091812 0.51699891885684801 0.25056444085304475 0.14306384268975719 0.55885754234639928 0.34843648050315706 0.57765644455759646 3.9826089162490391e-18 -0.26636974005089253 -0.065040939461432939 0.51699891885684801 0.25056444085304475 0.14306384268975719 0.37430653746062581 0.12631355937365429 -0.53141073357059398 1.1664214329655561e-17 0.19144623431318852 -0.19049107608457605 0.26549541758169259 0.01183012252968711 0.57539850850091812 0.50193217957438585 -0.36364492707921942 0.15456984094319665 0.51699891885684801 0.25056444085304475 0.14306384268975719 0.51222868769674468 -0.31255420274866497 0.55341261531140429 0.26549541758169259 0.01183012252968711 0.57539850850091812 -2.3883356125332464e-17 -0.3839956165005573 0.39004480544040931 0.50193217957438585 -0.36364492707921942 0.15456984094319665 0.51222868769674468 -0.31255420274866497 0.55341261531140429 9.5076123689367412e-18 -0.62445771666512506 -0.15527109327450661 3.9826089162490391e-18 -0.26636974005089253 -0.065040939461432939 0.50193217957438585 -0.36364492707921942 0.15456984094319665 0.43188202004293852 -0.42285608262319008 -0.34832803102805709 -1.6181863106719155e-17 0.070823768725499003 0.26426987957647224 -2.3883356125332464e-17 -0.3839956165005573 0.39004480544040931 3.9826089162490391e-18 -0.26636974005089253 -0.065040939461432939 0.50193217957438585 -0.36364492707921942 0.15456984094319665 0.58175781112365721 -1 3.5622392063577866e-17 0.36103455206911494 -0.92723241527365396 0.3744863790123561 0.76951966436630825 -0.90534820405048866 0.42467002416294292 0.50193217957438585 -0.36364492707921942 0.15456984094319665 0.26549541758169259 0.01183012252968711 0.57539850850091812 -2.3883356125332464e-17 -0.3839956165005573 0.39004480544040931 -1.6181863106719155e-17 0.070823768725499003 0.26426987957647224 0.50193217957438585 -0.36364492707921942 0.15456984094319665 -2.3883356125332464e-17 -0.3839956165005573 0.39004480544040931 -8.4261114011751666e-18 -0.62483304636579717 0.13760884210928012 3.9826089162490391e-18 -0.26636974005089253 -0.065040939461432939 0.50193217957438585 -0.36364492707921942 0.15456984094319665 0.58175781112365721 -1 3.5622392063577866e-17 -8.4261114011751666e-18 -0.62483304636579717 0.13760884210928012 0.36103455206911494 -0.92723241527365396 0.3744863790123561 0.50193217957438585 -0.36364492707921942 0.15456984094319665 9.5076123689367412e-18 -0.62445771666512506 -0.15527109327450661 0.50193217957438585 -0.36364492707921942 0.15456984094319665 0.58175781112365721 -1 3.5622392063577866e-17 0.43188202004293852 -0.42285608262319008 -0.34832803102805709 3.9826089162490391e-18 -0.26636974005089253 -0.065040939461432939 0.51699891885684801 0.25056444085304475 0.14306384268975719 0.50193217957438585 -0.36364492707921942 0.15456984094319665 0.43188202004293852 -0.42285608262319008 -0.34832803102805709 -8.4261114011751666e-18 -0.62483304636579717 0.13760884210928012 -2.3883356125332464e-17 -0.3839956165005573 0.39004480544040931 0.36103455206911494 -0.92723241527365396 0.3744863790123561 0.50193217957438585 -0.36364492707921942 0.15456984094319665 -2.3883356125332464e-17 -0.3839956165005573 0.39004480544040931 0.36103455206911494 -0.92723241527365396 0.3744863790123561 0.50193217957438585 -0.36364492707921942 0.15456984094319665 0.51222868769674468 -0.31255420274866497 0.55341261531140429 0.76951966436630825 -0.90534820405048866 0.42467002416294292 0.50193217957438585 -0.36364492707921942 0.15456984094319665 0.36103455206911494 -0.92723241527365396 0.3744863790123561 0.51222868769674468 -0.31255420274866497 0.55341261531140429 0.26549541758169259 0.01183012252968711 0.57539850850091812 -1.6181863106719155e-17 0.070823768725499003 0.26426987957647224 0.51699891885684801 0.25056444085304475 0.14306384268975719 0.50193217957438585 -0.36364492707921942 0.15456984094319665 -1.6181863106719155e-17 0.070823768725499003 0.26426987957647224 3.9826089162490391e-18 -0.26636974005089253 -0.065040939461432939 0.51699891885684801 0.25056444085304475 0.14306384268975719 0.50193217957438585 -0.36364492707921942 0.15456984094319665 -8.4261114011751666e-18 -0.62483304636579717 0.13760884210928012 9.5076123689367412e-18 -0.62445771666512506 -0.15527109327450661 0.50193217957438585 -0.36364492707921942 0.15456984094319665 0.58175781112365721 -1 3.5622392063577866e-17 -8.4261114011751666e-18 -0.62483304636579717 0.13760884210928012 9.5076123689367412e-18 -0.62445771666512506 -0.15527109327450661 3.9826089162490391e-18 -0.26636974005089253 -0.065040939461432939 0.50193217957438585 -0.36364492707921942 0.15456984094319665 0.58175781112365732 0 -1 0.8867584067254014 -0.081513250324635397 -0.48592725153871685 0.37430653746062581 0.12631355937365429 -0.53141073357059398 0.61989476446951464 -0.36347315065401176 -0.61673028792108275 0.43188202004293852 -0.42285608262319008 -0.34832803102805709 0.37430653746062581 0.12631355937365429 -0.53141073357059398 0.8867584067254014 -0.081513250324635397 -0.48592725153871685 0.61989476446951464 -0.36347315065401176 -0.61673028792108275 0.43188202004293852 -0.42285608262319008 -0.34832803102805709 0.51699891885684801 0.25056444085304475 0.14306384268975719 0.8867584067254014 -0.081513250324635397 -0.48592725153871685 0.37430653746062581 0.12631355937365429 -0.53141073357059398 0.58175781112365732 0 -1 0.79597954349435018 -0.41591540144365385 -0.90940330923191859 0.8867584067254014 -0.081513250324635397 -0.48592725153871685 0.61989476446951464 -0.36347315065401176 -0.61673028792108275 0.43188202004293852 -0.42285608262319008 -0.34832803102805709 0.51699891885684801 0.25056444085304475 0.14306384268975719 0.50193217957438585 -0.36364492707921942 0.15456984094319665 0.8867584067254014 -0.081513250324635397 -0.48592725153871685 0.37851716650160794 0.59211021278181264 -0.27957168619278966 0.79597954349435018 0.90940330923191859 -0.41591540144365385 0.58175781112365721 1 3.5622392063577866e-17 0.9497831604774537 0.51709303632482018 -0.17349618723109278 0.51699891885684801 0.25056444085304475 0.14306384268975719 0.58175781112365721 1 3.5622392063577866e-17 0.9497831604774537 0.51709303632482018 -0.17349618723109278 0.37851716650160794 0.59211021278181264 -0.27957168619278966 0.51699891885684801 0.25056444085304475 0.14306384268975719 0.9497831604774537 0.51709303632482018 -0.17349618723109278 0.8867584067254014 -0.081513250324635397 -0.48592725153871685 0.37430653746062581 0.12631355937365429 -0.53141073357059398 0.37851716650160794 0.59211021278181264 -0.27957168619278966 0.9497831604774537 0.51709303632482018 -0.17349618723109278 0.51699891885684801 0.25056444085304475 0.14306384268975719 0.37430653746062581 0.12631355937365429 -0.53141073357059398 0.87297233449344247 0.8710645920419845 0.49116848075862002 0.51699891885684801 0.25056444085304475 0.14306384268975719 0.58175781112365721 1 3.5622392063577866e-17 0.9497831604774537 0.51709303632482018 -0.17349618723109278 0.37851716650160794 0.59211021278181264 -0.27957168619278966 0.88488674004459811 0.48075358694636589 -0.87685573992430643 0.41389880913576266 0.71983834541847269 -0.69414174090397107 0.79597954349435018 0.90940330923191859 -0.41591540144365385 0.58175781112365732 0 -1 0.88488674004459811 0.48075358694636589 -0.87685573992430643 0.34520502280981469 0.36585002731108562 -0.93067381907759583 0.37430653746062581 0.12631355937365429 -0.53141073357059398 0.37851716650160794 0.59211021278181264 -0.27957168619278966 0.41389880913576266 0.71983834541847269 -0.69414174090397107 0.88488674004459811 0.48075358694636589 -0.87685573992430643 0.37430653746062581 0.12631355937365429 -0.53141073357059398 0.37851716650160794 0.59211021278181264 -0.27957168619278966 0.79597954349435018 0.90940330923191859 -0.41591540144365385 0.9497831604774537 0.51709303632482018 -0.17349618723109278 0.88488674004459811 0.48075358694636589 -0.87685573992430643 0.58175781112365732 0 -1 0.8867584067254014 -0.081513250324635397 -0.48592725153871685 0.88488674004459811 0.48075358694636589 -0.87685573992430643 0.37430653746062581 0.12631355937365429 -0.53141073357059398 0.88488674004459811 0.48075358694636589 -0.87685573992430643 0.8867584067254014 -0.081513250324635397 -0.48592725153871685 0.9497831604774537 0.51709303632482018 -0.17349618723109278 0.37430653746062581 0.12631355937365429 -0.53141073357059398 0.88488674004459811 0.48075358694636589 -0.87685573992430643 0.41389880913576266 0.71983834541847269 -0.69414174090397107 0.34520502280981469 0.36585002731108562 -0.93067381907759583 0.37430653746062581 0.12631355937365429 -0.53141073357059398 0.37851716650160794 0.59211021278181264 -0.27957168619278966 0.88488674004459811 0.48075358694636589 -0.87685573992430643 0.9497831604774537 0.51709303632482018 -0.17349618723109278 0.37430653746062581 0.12631355937365429 -0.53141073357059398 0.88488674004459589 -0.87685573992430621 -0.4807535869463665 0.79597954349435018 -0.41591540144365385 -0.90940330923191859 0.41389880913576266 -0.69414174090397107 -0.71983834541847269 0.61989476446951464 -0.36347315065401176 -0.61673028792108275 0.43188202004293852 -0.42285608262319008 -0.34832803102805709 0.58175781112365721 -1 3.5622392063577866e-17 0.34520502280981469 -0.93067381907759583 -0.36585002731108562 0.88488674004459589 -0.87685573992430621 -0.4807535869463665 0.43188202004293852 -0.42285608262319008 -0.34832803102805709 0.88488674004459589 -0.87685573992430621 -0.4807535869463665 0.34520502280981469 -0.93067381907759583 -0.36585002731108562 0.41389880913576266 -0.69414174090397107 -0.71983834541847269 0.43188202004293852 -0.42285608262319008 -0.34832803102805709 0.88488674004459589 -0.87685573992430621 -0.4807535869463665 0.41389880913576266 -0.69414174090397107 -0.71983834541847269 0.61989476446951464 -0.36347315065401176 -0.61673028792108275 0.95210602637976371 0.32831498379315238 0.50661693898037896 0.58175781112367542 0 1 0.76951353406422263 0.42466532613817165 0.90535040772949338 0.55885754234639928 0.34843648050315706 0.57765644455759646 0.95210602637976371 0.32831498379315238 0.50661693898037896 0.87297233449344247 0.8710645920419845 0.49116848075862002 0.9497831604774537 0.51709303632482018 -0.17349618723109278 0.51699891885684801 0.25056444085304475 0.14306384268975719 0.95210602637976371 0.32831498379315238 0.50661693898037896 0.76951353406422263 0.42466532613817165 0.90535040772949338 0.87297233449344247 0.8710645920419845 0.49116848075862002 0.55885754234639928 0.34843648050315706 0.57765644455759646 0.95210602637976371 0.32831498379315238 0.50661693898037896 0.87297233449344247 0.8710645920419845 0.49116848075862002 0.51699891885684801 0.25056444085304475 0.14306384268975719 0.55885754234639928 0.34843648050315706 0.57765644455759646 0.50193217957438585 -0.36364492707921942 0.15456984094319665 0.86923470661376179 -0.030178354762993364 0.50546881499369423 0.51699891885684801 0.25056444085304475 0.14306384268975719 0.51222868769674468 -0.31255420274866497 0.55341261531140429 0.58175781112367542 0 1 0.86923470661376179 -0.030178354762993364 0.50546881499369423 0.51222868769674468 -0.31255420274866497 0.55341261531140429 0.55885754234639928 0.34843648050315706 0.57765644455759646 0.51699891885684801 0.25056444085304475 0.14306384268975719 0.51222868769674468 -0.31255420274866497 0.55341261531140429 0.86923470661376179 -0.030178354762993364 0.50546881499369423 0.55885754234639928 0.34843648050315706 0.57765644455759646 0.95210602637976371 0.32831498379315238 0.50661693898037896 0.51699891885684801 0.25056444085304475 0.14306384268975719 0.86923470661376179 -0.030178354762993364 0.50546881499369423 0.55885754234639928 0.34843648050315706 0.57765644455759646 0.95210602637976371 0.32831498379315238 0.50661693898037896 0.86923470661376179 -0.030178354762993364 0.50546881499369423 0.58175781112367542 0 1 0.55885754234639928 0.34843648050315706 0.57765644455759646 0.58175781112367542 0 1 0.87297179537978209 -0.4911628317458927 0.87106777733501062 0.33845297549880637 -0.36022200121358766 0.93286660881482841 0.51222868769674468 -0.31255420274866497 0.55341261531140429 0.33845297549880637 -0.36022200121358766 0.93286660881482841 0.87297179537978209 -0.4911628317458927 0.87106777733501062 0.41250498657788959 -0.71265870337145076 0.70151092116154712 0.51222868769674468 -0.31255420274866497 0.55341261531140429 0.58175781112367542 0 1 0.86923470661376179 -0.030178354762993364 0.50546881499369423 0.87297179537978209 -0.4911628317458927 0.87106777733501062 0.51222868769674468 -0.31255420274866497 0.55341261531140429 0.41250498657788959 -0.71265870337145076 0.70151092116154712 0.87297179537978209 -0.4911628317458927 0.87106777733501062 0.76951966436630825 -0.90534820405048866 0.42467002416294292 0.51222868769674468 -0.31255420274866497 0.55341261531140429 0.58175781112367542 0 1 1.1654975353955863 0 1.0000000000000002 0.87297179537978209 -0.4911628317458927 0.87106777733501062 0.86923470661376179 -0.030178354762993364 0.50546881499369423 0.95210602637976371 0.32831498379315238 0.50661693898037896 1.1654975353955863 0 1.0000000000000002 0.58175781112367542 0 1 0.86923470661376179 -0.030178354762993364 0.50546881499369423 0.95210602637976371 0.32831498379315238 0.50661693898037896 0.58175781112367542 0 1 1.1654975353955863 0 1.0000000000000002 0.76951353406422263 0.42466532613817165 0.90535040772949338 0.95210602637976371 0.32831498379315238 0.50661693898037896 0.76951353406422263 0.42466532613817165 0.90535040772949338 1.1654975353955863 0 1.0000000000000002 1.3386838512271786 0.50509086512406665 0.86306617241566264 0.95210602637976371 0.32831498379315238 0.50661693898037896 1.3386838512271786 0.50509086512406665 0.86306617241566264 0.87297233449344247 0.8710645920419845 0.49116848075862002 0.76951353406422263 0.42466532613817165 0.90535040772949338 0.58175781112365721 1 3.5622392063577866e-17 0.87297233449344247 0.8710645920419845 0.49116848075862002 0.9497831604774537 0.51709303632482018 -0.17349618723109278 1.1654975353955892 1 7.1366141306816875e-17 0.79597954349435018 0.90940330923191859 -0.41591540144365385 0.58175781112365721 1 3.5622392063577866e-17 0.9497831604774537 0.51709303632482018 -0.17349618723109278 1.1654975353955892 1 7.1366141306816875e-17 1.1654975353955894 0 -0.99999999999999978 0.58175781112365732 0 -1 0.79597954349435018 -0.41591540144365385 -0.90940330923191859 0.8867584067254014 -0.081513250324635397 -0.48592725153871685 1.1654975353955894 0 -0.99999999999999978 0.88488674004459811 0.48075358694636589 -0.87685573992430643 0.58175781112365732 0 -1 0.8867584067254014 -0.081513250324635397 -0.48592725153871685 0.79597954349435018 -0.41591540144365385 -0.90940330923191859 1.3428220829921205 -0.51312466181922345 -0.85831409252843283 1.1654975353955894 0 -0.99999999999999978 0.8867584067254014 -0.081513250324635397 -0.48592725153871685 0.79597954349435018 0.90940330923191859 -0.41591540144365385 1.1654975353955892 1 7.1366141306816875e-17 0.9497831604774537 0.51709303632482018 -0.17349618723109278 1.3428220829921218 0.8583140925284336 -0.51312466181922245 0.79597954349435018 0.90940330923191859 -0.41591540144365385 0.9497831604774537 0.51709303632482018 -0.17349618723109278 0.88488674004459811 0.48075358694636589 -0.87685573992430643 1.3428220829921218 0.8583140925284336 -0.51312466181922245 0.87297233449344247 0.8710645920419845 0.49116848075862002 0.9497831604774537 0.51709303632482018 -0.17349618723109278 1.1654975353955892 1 7.1366141306816875e-17 1.3594983644954151 0.62500128307897362 0.21650561015504971 0.95210602637976371 0.32831498379315238 0.50661693898037896 0.9497831604774537 0.51709303632482018 -0.17349618723109278 0.87297233449344247 0.8710645920419845 0.49116848075862002 1.3594983644954151 0.62500128307897362 0.21650561015504971 0.95210602637976371 0.32831498379315238 0.50661693898037896 0.87297233449344247 0.8710645920419845 0.49116848075862002 1.3386838512271786 0.50509086512406665 0.86306617241566264 1.3594983644954151 0.62500128307897362 0.21650561015504971 1.5534972990264755 0.86954851977944936 0.49384751872351101 0.87297233449344247 0.8710645920419845 0.49116848075862002 1.1654975353955892 1 7.1366141306816875e-17 1.3594983644954151 0.62500128307897362 0.21650561015504971 1.3386838512271786 0.50509086512406665 0.86306617241566264 0.87297233449344247 0.8710645920419845 0.49116848075862002 1.5534972990264755 0.86954851977944936 0.49384751872351101 1.3594983644954151 0.62500128307897362 0.21650561015504971 0.43188202004293852 -0.42285608262319008 -0.34832803102805709 0.8867584067254014 -0.081513250324635397 -0.48592725153871685 0.99544483516564419 -0.52891310218559962 -0.21978759473383472 0.61989476446951464 -0.36347315065401176 -0.61673028792108275 0.43188202004293852 -0.42285608262319008 -0.34832803102805709 0.99544483516564419 -0.52891310218559962 -0.21978759473383472 0.88488674004459589 -0.87685573992430621 -0.4807535869463665 0.61989476446951464 -0.36347315065401176 -0.61673028792108275 0.43188202004293852 -0.42285608262319008 -0.34832803102805709 0.58175781112365721 -1 3.5622392063577866e-17 0.88488674004459589 -0.87685573992430621 -0.4807535869463665 0.99544483516564419 -0.52891310218559962 -0.21978759473383472 0.43188202004293852 -0.42285608262319008 -0.34832803102805709 0.8867584067254014 -0.081513250324635397 -0.48592725153871685 0.50193217957438585 -0.36364492707921942 0.15456984094319665 0.99544483516564419 -0.52891310218559962 -0.21978759473383472 0.79597954349435018 -0.41591540144365385 -0.90940330923191859 0.99544483516564419 -0.52891310218559962 -0.21978759473383472 0.8867584067254014 -0.081513250324635397 -0.48592725153871685 0.61989476446951464 -0.36347315065401176 -0.61673028792108275 0.58175781112365721 -1 3.5622392063577866e-17 0.50193217957438585 -0.36364492707921942 0.15456984094319665 0.76951966436630825 -0.90534820405048866 0.42467002416294292 0.99544483516564419 -0.52891310218559962 -0.21978759473383472 0.88488674004459589 -0.87685573992430621 -0.4807535869463665 0.99544483516564419 -0.52891310218559962 -0.21978759473383472 0.79597954349435018 -0.41591540144365385 -0.90940330923191859 0.61989476446951464 -0.36347315065401176 -0.61673028792108275 0.88488674004459589 -0.87685573992430621 -0.4807535869463665 1.3428220829921205 -0.51312466181922345 -0.85831409252843283 0.79597954349435018 -0.41591540144365385 -0.90940330923191859 0.99544483516564419 -0.52891310218559962 -0.21978759473383472 1.3428220829921205 -0.51312466181922345 -0.85831409252843283 0.8867584067254014 -0.081513250324635397 -0.48592725153871685 0.79597954349435018 -0.41591540144365385 -0.90940330923191859 0.99544483516564419 -0.52891310218559962 -0.21978759473383472 0.43188202004293852 -0.42285608262319008 -0.34832803102805709 0.50193217957438585 -0.36364492707921942 0.15456984094319665 0.58175781112365721 -1 3.5622392063577866e-17 0.99544483516564419 -0.52891310218559962 -0.21978759473383472 0.87297179537978209 -0.4911628317458927 0.87106777733501062 0.86923470661376179 -0.030178354762993364 0.50546881499369423 1.1061596029050536 -0.43152760384953914 0.50255480022338794 0.51222868769674468 -0.31255420274866497 0.55341261531140429 0.50193217957438585 -0.36364492707921942 0.15456984094319665 1.1061596029050536 -0.43152760384953914 0.50255480022338794 0.86923470661376179 -0.030178354762993364 0.50546881499369423 0.51222868769674468 -0.31255420274866497 0.55341261531140429 0.76951966436630825 -0.90534820405048866 0.42467002416294292 1.1061596029050536 -0.43152760384953914 0.50255480022338794 0.50193217957438585 -0.36364492707921942 0.15456984094319665 0.51222868769674468 -0.31255420274866497 0.55341261531140429 0.87297179537978209 -0.4911628317458927 0.87106777733501062 0.86923470661376179 -0.030178354762993364 0.50546881499369423 1.1654975353955863 0 1.0000000000000002 1.1061596029050536 -0.43152760384953914 0.50255480022338794 0.50193217957438585 -0.36364492707921942 0.15456984094319665 0.76951966436630825 -0.90534820405048866 0.42467002416294292 0.99544483516564419 -0.52891310218559962 -0.21978759473383472 1.1061596029050536 -0.43152760384953914 0.50255480022338794 0.87297179537978209 -0.4911628317458927 0.87106777733501062 1.1061596029050536 -0.43152760384953914 0.50255480022338794 0.76951966436630825 -0.90534820405048866 0.42467002416294292 0.51222868769674468 -0.31255420274866497 0.55341261531140429 1.1654975353955892 -1 7.1366141306816875e-17 0.58175781112365721 -1 3.5622392063577866e-17 0.76951966436630825 -0.90534820405048866 0.42467002416294292 0.99544483516564419 -0.52891310218559962 -0.21978759473383472 1.1654975353955892 -1 7.1366141306816875e-17 0.99544483516564419 -0.52891310218559962 -0.21978759473383472 0.76951966436630825 -0.90534820405048866 0.42467002416294292 1.1061596029050536 -0.43152760384953914 0.50255480022338794 1.1654975353955892 -1 7.1366141306816875e-17 0.88488674004459589 -0.87685573992430621 -0.4807535869463665 0.58175781112365721 -1 3.5622392063577866e-17 0.99544483516564419 -0.52891310218559962 -0.21978759473383472 1.1654975353955892 -1 7.1366141306816875e-17 0.76951966436630825 -0.90534820405048866 0.42467002416294292 1.3386915325504765 -0.86305520769907818 0.50510960044677566 1.1061596029050536 -0.43152760384953914 0.50255480022338794 0.76951966436630825 -0.90534820405048866 0.42467002416294292 0.87297179537978209 -0.4911628317458927 0.87106777733501062 1.3386915325504765 -0.86305520769907818 0.50510960044677566 1.1061596029050536 -0.43152760384953914 0.50255480022338794 0.50193217957438585 -0.36364492707921942 0.15456984094319665 1.2363324296174016 0.024597242946176653 0.031063694050268764 0.86923470661376179 -0.030178354762993364 0.50546881499369423 1.1061596029050536 -0.43152760384953914 0.50255480022338794 0.50193217957438585 -0.36364492707921942 0.15456984094319665 0.8867584067254014 -0.081513250324635397 -0.48592725153871685 1.2363324296174016 0.024597242946176653 0.031063694050268764 0.99544483516564419 -0.52891310218559962 -0.21978759473383472 0.95210602637976371 0.32831498379315238 0.50661693898037896 0.51699891885684801 0.25056444085304475 0.14306384268975719 1.2363324296174016 0.024597242946176653 0.031063694050268764 0.86923470661376179 -0.030178354762993364 0.50546881499369423 0.51699891885684801 0.25056444085304475 0.14306384268975719 0.50193217957438585 -0.36364492707921942 0.15456984094319665 1.2363324296174016 0.024597242946176653 0.031063694050268764 0.86923470661376179 -0.030178354762993364 0.50546881499369423 1.2363324296174016 0.024597242946176653 0.031063694050268764 0.8867584067254014 -0.081513250324635397 -0.48592725153871685 0.51699891885684801 0.25056444085304475 0.14306384268975719 0.9497831604774537 0.51709303632482018 -0.17349618723109278 0.50193217957438585 -0.36364492707921942 0.15456984094319665 0.99544483516564419 -0.52891310218559962 -0.21978759473383472 1.2363324296174016 0.024597242946176653 0.031063694050268764 1.1061596029050536 -0.43152760384953914 0.50255480022338794 1.2363324296174016 0.024597242946176653 0.031063694050268764 0.50193217957438585 -0.36364492707921942 0.15456984094319665 0.51699891885684801 0.25056444085304475 0.14306384268975719 0.8867584067254014 -0.081513250324635397 -0.48592725153871685 0.95210602637976371 0.32831498379315238 0.50661693898037896 0.51699891885684801 0.25056444085304475 0.14306384268975719 0.9497831604774537 0.51709303632482018 -0.17349618723109278 1.2363324296174016 0.024597242946176653 0.031063694050268764 0.95210602637976371 0.32831498379315238 0.50661693898037896 1.2363324296174016 0.024597242946176653 0.031063694050268764 0.9497831604774537 0.51709303632482018 -0.17349618723109278 1.3594983644954151 0.62500128307897362 0.21650561015504971 1.1654975353955892 1 7.1366141306816875e-17 0.9497831604774537 0.51709303632482018 -0.17349618723109278 1.5299493519963452 0.43235063381582117 -0.16184406100038717 1.3594983644954151 0.62500128307897362 0.21650561015504971 1.3428220829921218 0.8583140925284336 -0.51312466181922245 1.5299493519963452 0.43235063381582117 -0.16184406100038717 1.1654975353955892 1 7.1366141306816875e-17 0.9497831604774537 0.51709303632482018 -0.17349618723109278 1.5299493519963452 0.43235063381582117 -0.16184406100038717 0.9497831604774537 0.51709303632482018 -0.17349618723109278 1.2363324296174016 0.024597242946176653 0.031063694050268764 1.3594983644954151 0.62500128307897362 0.21650561015504971 1.2363324296174016 0.024597242946176653 0.031063694050268764 0.8867584067254014 -0.081513250324635397 -0.48592725153871685 1.436694365589712 -0.19052579489996405 -0.47386402067085642 0.99544483516564419 -0.52891310218559962 -0.21978759473383472 1.436694365589712 -0.19052579489996405 -0.47386402067085642 0.8867584067254014 -0.081513250324635397 -0.48592725153871685 1.3428220829921205 -0.51312466181922345 -0.85831409252843283 0.99544483516564419 -0.52891310218559962 -0.21978759473383472 1.3428220829921205 -0.51312466181922345 -0.85831409252843283 1.436694365589712 -0.19052579489996405 -0.47386402067085642 1.1654975353955894 0 -0.99999999999999978 0.8867584067254014 -0.081513250324635397 -0.48592725153871685 0.88488674004459811 0.48075358694636589 -0.87685573992430643 0.8867584067254014 -0.081513250324635397 -0.48592725153871685 1.1654975353955894 0 -0.99999999999999978 1.3427504695683767 0.21967515207476851 -0.56111743127311686 1.1654975353955894 0 -0.99999999999999978 0.8867584067254014 -0.081513250324635397 -0.48592725153871685 1.436694365589712 -0.19052579489996405 -0.47386402067085642 1.3427504695683767 0.21967515207476851 -0.56111743127311686 1.5299493519963452 0.43235063381582117 -0.16184406100038717 0.9497831604774537 0.51709303632482018 -0.17349618723109278 1.3428220829921218 0.8583140925284336 -0.51312466181922245 1.3427504695683767 0.21967515207476851 -0.56111743127311686 1.2363324296174016 0.024597242946176653 0.031063694050268764 1.5299493519963452 0.43235063381582117 -0.16184406100038717 1.436694365589712 -0.19052579489996405 -0.47386402067085642 1.3427504695683767 0.21967515207476851 -0.56111743127311686 1.2363324296174016 0.024597242946176653 0.031063694050268764 1.436694365589712 -0.19052579489996405 -0.47386402067085642 0.8867584067254014 -0.081513250324635397 -0.48592725153871685 1.3427504695683767 0.21967515207476851 -0.56111743127311686 0.88488674004459811 0.48075358694636589 -0.87685573992430643 0.9497831604774537 0.51709303632482018 -0.17349618723109278 0.8867584067254014 -0.081513250324635397 -0.48592725153871685 1.3427504695683767 0.21967515207476851 -0.56111743127311686 1.5299493519963452 0.43235063381582117 -0.16184406100038717 1.2363324296174016 0.024597242946176653 0.031063694050268764 0.9497831604774537 0.51709303632482018 -0.17349618723109278 1.3427504695683767 0.21967515207476851 -0.56111743127311686 0.8867584067254014 -0.081513250324635397 -0.48592725153871685 0.9497831604774537 0.51709303632482018 -0.17349618723109278 1.2363324296174016 0.024597242946176653 0.031063694050268764 1.3427504695683767 0.21967515207476851 -0.56111743127311686 1.3428220829921218 0.8583140925284336 -0.51312466181922245 0.9497831604774537 0.51709303632482018 -0.17349618723109278 0.88488674004459811 0.48075358694636589 -0.87685573992430643 1.3427504695683767 0.21967515207476851 -0.56111743127311686 1.5566323732385188 0.48708117369223564 -0.87335670274784849 1.5299493519963452 0.43235063381582117 -0.16184406100038717 1.3428220829921218 0.8583140925284336 -0.51312466181922245 1.3427504695683767 0.21967515207476851 -0.56111743127311686 1.5566323732385188 0.48708117369223564 -0.87335670274784849 0.88488674004459811 0.48075358694636589 -0.87685573992430643 1.1654975353955894 0 -0.99999999999999978 1.3427504695683767 0.21967515207476851 -0.56111743127311686 1.5566323732385188 0.48708117369223564 -0.87335670274784849 1.3428220829921218 0.8583140925284336 -0.51312466181922245 0.88488674004459811 0.48075358694636589 -0.87685573992430643 1.3427504695683767 0.21967515207476851 -0.56111743127311686 1.5566323732385179 -0.87335670274784871 -0.48708117369223525 1.3428220829921205 -0.51312466181922345 -0.85831409252843283 0.88488674004459589 -0.87685573992430621 -0.4807535869463665 0.99544483516564419 -0.52891310218559962 -0.21978759473383472 1.5566323732385179 -0.87335670274784871 -0.48708117369223525 0.88488674004459589 -0.87685573992430621 -0.4807535869463665 1.1654975353955892 -1 7.1366141306816875e-17 0.99544483516564419 -0.52891310218559962 -0.21978759473383472 1.5566323732385179 -0.87335670274784871 -0.48708117369223525 1.436694365589712 -0.19052579489996405 -0.47386402067085642 1.3428220829921205 -0.51312466181922345 -0.85831409252843283 0.99544483516564419 -0.52891310218559962 -0.21978759473383472 1.5467421595523934 0.20141377117984857 0.47775958589519557 0.86923470661376179 -0.030178354762993364 0.50546881499369423 1.2363324296174016 0.024597242946176653 0.031063694050268764 1.1061596029050536 -0.43152760384953914 0.50255480022338794 1.5467421595523934 0.20141377117984857 0.47775958589519557 1.5299493519963452 0.43235063381582117 -0.16184406100038717 1.2363324296174016 0.024597242946176653 0.031063694050268764 1.3594983644954151 0.62500128307897362 0.21650561015504971 1.1654975353955863 0 1.0000000000000002 0.86923470661376179 -0.030178354762993364 0.50546881499369423 1.5467421595523934 0.20141377117984857 0.47775958589519557 1.1061596029050536 -0.43152760384953914 0.50255480022338794 1.3386838512271786 0.50509086512406665 0.86306617241566264 1.5534972990264755 0.86954851977944936 0.49384751872351101 1.5467421595523934 0.20141377117984857 0.47775958589519557 1.3594983644954151 0.62500128307897362 0.21650561015504971 0.95210602637976371 0.32831498379315238 0.50661693898037896 1.5467421595523934 0.20141377117984857 0.47775958589519557 1.1654975353955863 0 1.0000000000000002 0.86923470661376179 -0.030178354762993364 0.50546881499369423 0.95210602637976371 0.32831498379315238 0.50661693898037896 1.2363324296174016 0.024597242946176653 0.031063694050268764 1.5467421595523934 0.20141377117984857 0.47775958589519557 0.86923470661376179 -0.030178354762993364 0.50546881499369423 0.95210602637976371 0.32831498379315238 0.50661693898037896 1.3386838512271786 0.50509086512406665 0.86306617241566264 1.1654975353955863 0 1.0000000000000002 1.5467421595523934 0.20141377117984857 0.47775958589519557 0.95210602637976371 0.32831498379315238 0.50661693898037896 1.3386838512271786 0.50509086512406665 0.86306617241566264 1.5467421595523934 0.20141377117984857 0.47775958589519557 1.3594983644954151 0.62500128307897362 0.21650561015504971 0.95210602637976371 0.32831498379315238 0.50661693898037896 1.5467421595523934 0.20141377117984857 0.47775958589519557 1.2363324296174016 0.024597242946176653 0.031063694050268764 1.3594983644954151 0.62500128307897362 0.21650561015504971 1.5535035843319871 -0.4938353164646741 0.8695554497628285 0.87297179537978209 -0.4911628317458927 0.87106777733501062 1.1654975353955863 0 1.0000000000000002 1.1061596029050536 -0.43152760384953914 0.50255480022338794 1.1654975353955863 0 1.0000000000000002 1.5467421595523934 0.20141377117984857 0.47775958589519557 1.5535035843319871 -0.4938353164646741 0.8695554497628285 1.1061596029050536 -0.43152760384953914 0.50255480022338794 1.3386915325504765 -0.86305520769907818 0.50510960044677566 0.87297179537978209 -0.4911628317458927 0.87106777733501062 1.5535035843319871 -0.4938353164646741 0.8695554497628285 1.1061596029050536 -0.43152760384953914 0.50255480022338794 1.1654975353955863 0 1.0000000000000002 1.3386838512271786 0.50509086512406665 0.86306617241566264 1.7554185263143973 0 1.0000000000000002 1.5467421595523934 0.20141377117984857 0.47775958589519557 1.1654975353955863 0 1.0000000000000002 1.7554185263143973 0 1.0000000000000002 1.5535035843319871 -0.4938353164646741 0.8695554497628285 1.5467421595523934 0.20141377117984857 0.47775958589519557 1.3386838512271786 0.50509086512406665 0.86306617241566264 1.5534972990264755 0.86954851977944936 0.49384751872351101 1.9415008517948937 0.5000051323158945 0.86602244062019829 1.5467421595523934 0.20141377117984857 0.47775958589519557 1.3386838512271786 0.50509086512406665 0.86306617241566264 1.9415008517948937 0.5000051323158945 0.86602244062019829 1.7554185263143973 0 1.0000000000000002 1.5467421595523934 0.20141377117984857 0.47775958589519557 1.7554185263143989 1 1.0748838397074462e-16 1.5534972990264755 0.86954851977944936 0.49384751872351101 1.1654975353955892 1 7.1366141306816875e-17 1.3594983644954151 0.62500128307897362 0.21650561015504971 1.7554185263143989 1 1.0748838397074462e-16 1.1654975353955892 1 7.1366141306816875e-17 1.5299493519963452 0.43235063381582117 -0.16184406100038717 1.3594983644954151 0.62500128307897362 0.21650561015504971 1.7554185263143989 1 1.0748838397074462e-16 1.1654975353955892 1 7.1366141306816875e-17 1.3428220829921218 0.8583140925284336 -0.51312466181922245 1.5299493519963452 0.43235063381582117 -0.16184406100038717 1.1654975353955894 0 -0.99999999999999978 1.436694365589712 -0.19052579489996405 -0.47386402067085642 1.7554185263143989 0 -0.99999999999999978 1.3427504695683767 0.21967515207476851 -0.56111743127311686 1.1654975353955894 0 -0.99999999999999978 1.3428220829921205 -0.51312466181922345 -0.85831409252843283 1.7554185263143989 0 -0.99999999999999978 1.436694365589712 -0.19052579489996405 -0.47386402067085642 1.1654975353955894 0 -0.99999999999999978 1.7554185263143989 0 -0.99999999999999978 1.5566323732385188 0.48708117369223564 -0.87335670274784849 1.3427504695683767 0.21967515207476851 -0.56111743127311686 1.5566323732385179 -0.87335670274784871 -0.48708117369223525 1.9373840770451736 -0.51094100797354769 -0.85961577833993674 1.3428220829921205 -0.51312466181922345 -0.85831409252843283 1.436694365589712 -0.19052579489996405 -0.47386402067085642 1.3428220829921205 -0.51312466181922345 -0.85831409252843283 1.9373840770451736 -0.51094100797354769 -0.85961577833993674 1.7554185263143989 0 -0.99999999999999978 1.436694365589712 -0.19052579489996405 -0.47386402067085642 1.3428220829921218 0.8583140925284336 -0.51312466181922245 1.9373840770451722 0.85961577833993696 -0.51094100797354691 1.7554185263143989 1 1.0748838397074462e-16 1.5299493519963452 0.43235063381582117 -0.16184406100038717 1.5566323732385188 0.48708117369223564 -0.87335670274784849 1.9373840770451722 0.85961577833993696 -0.51094100797354691 1.3428220829921218 0.8583140925284336 -0.51312466181922245 1.5299493519963452 0.43235063381582117 -0.16184406100038717 1.5467421595523934 0.20141377117984857 0.47775958589519557 1.5534972990264755 0.86954851977944936 0.49384751872351101 1.953263317376468 0.53653794236260499 0.083398047680446757 1.3594983644954151 0.62500128307897362 0.21650561015504971 1.7554185263143989 1 1.0748838397074462e-16 1.953263317376468 0.53653794236260499 0.083398047680446757 1.5534972990264755 0.86954851977944936 0.49384751872351101 1.3594983644954151 0.62500128307897362 0.21650561015504971 1.7554185263143989 1 1.0748838397074462e-16 1.5299493519963452 0.43235063381582117 -0.16184406100038717 1.9373840770451722 0.85961577833993696 -0.51094100797354691 1.953263317376468 0.53653794236260499 0.083398047680446757 1.7554185263143989 1 1.0748838397074462e-16 1.5299493519963452 0.43235063381582117 -0.16184406100038717 1.953263317376468 0.53653794236260499 0.083398047680446757 1.3594983644954151 0.62500128307897362 0.21650561015504971 1.5467421595523934 0.20141377117984857 0.47775958589519557 1.953263317376468 0.53653794236260499 0.083398047680446757 1.5299493519963452 0.43235063381582117 -0.16184406100038717 1.3594983644954151 0.62500128307897362 0.21650561015504971 2.1453279974817834 0.87137400252651354 0.49061935114803995 1.5467421595523934 0.20141377117984857 0.47775958589519557 1.5534972990264755 0.86954851977944936 0.49384751872351101 1.953263317376468 0.53653794236260499 0.083398047680446757 2.1453279974817834 0.87137400252651354 0.49061935114803995 1.5534972990264755 0.86954851977944936 0.49384751872351101 1.7554185263143989 1 1.0748838397074462e-16 1.953263317376468 0.53653794236260499 0.083398047680446757 1.9415008517948937 0.5000051323158945 0.86602244062019829 1.5534972990264755 0.86954851977944936 0.49384751872351101 2.1453279974817834 0.87137400252651354 0.49061935114803995 1.5467421595523934 0.20141377117984857 0.47775958589519557 1.5535035843319871 -0.4938353164646741 0.8695554497628285 1.5467421595523934 0.20141377117984857 0.47775958589519557 1.5535613546128435 -0.4326228432882171 0.25067404226448903 1.1061596029050536 -0.43152760384953914 0.50255480022338794 1.3386915325504765 -0.86305520769907818 0.50510960044677566 1.5535035843319871 -0.4938353164646741 0.8695554497628285 1.5535613546128435 -0.4326228432882171 0.25067404226448903 1.1061596029050536 -0.43152760384953914 0.50255480022338794 1.1654975353955892 -1 7.1366141306816875e-17 1.7554185263143989 -1 1.0748838397074462e-16 1.5566323732385179 -0.87335670274784871 -0.48708117369223525 1.5535613546128435 -0.4326228432882171 0.25067404226448903 1.1654975353955892 -1 7.1366141306816875e-17 1.3386915325504765 -0.86305520769907818 0.50510960044677566 1.7554185263143989 -1 1.0748838397074462e-16 1.5535613546128435 -0.4326228432882171 0.25067404226448903 1.1654975353955892 -1 7.1366141306816875e-17 1.3386915325504765 -0.86305520769907818 0.50510960044677566 1.5535613546128435 -0.4326228432882171 0.25067404226448903 1.1061596029050536 -0.43152760384953914 0.50255480022338794 1.2363324296174016 0.024597242946176653 0.031063694050268764 1.436694365589712 -0.19052579489996405 -0.47386402067085642 1.5535613546128435 -0.4326228432882171 0.25067404226448903 0.99544483516564419 -0.52891310218559962 -0.21978759473383472 1.5535613546128435 -0.4326228432882171 0.25067404226448903 1.5467421595523934 0.20141377117984857 0.47775958589519557 1.2363324296174016 0.024597242946176653 0.031063694050268764 1.1061596029050536 -0.43152760384953914 0.50255480022338794 1.1654975353955892 -1 7.1366141306816875e-17 1.5535613546128435 -0.4326228432882171 0.25067404226448903 1.5566323732385179 -0.87335670274784871 -0.48708117369223525 0.99544483516564419 -0.52891310218559962 -0.21978759473383472 1.5535613546128435 -0.4326228432882171 0.25067404226448903 1.436694365589712 -0.19052579489996405 -0.47386402067085642 1.5566323732385179 -0.87335670274784871 -0.48708117369223525 0.99544483516564419 -0.52891310218559962 -0.21978759473383472 1.1654975353955892 -1 7.1366141306816875e-17 1.5535613546128435 -0.4326228432882171 0.25067404226448903 0.99544483516564419 -0.52891310218559962 -0.21978759473383472 1.1061596029050536 -0.43152760384953914 0.50255480022338794 1.5535613546128435 -0.4326228432882171 0.25067404226448903 1.2363324296174016 0.024597242946176653 0.031063694050268764 0.99544483516564419 -0.52891310218559962 -0.21978759473383472 1.1061596029050536 -0.43152760384953914 0.50255480022338794 1.7554185263143973 0 1.0000000000000002 1.5535035843319871 -0.4938353164646741 0.8695554497628285 1.5467421595523934 0.20141377117984857 0.47775958589519557 1.8955073296815543 -0.060839320788552781 0.3682314276289273 1.2363324296174016 0.024597242946176653 0.031063694050268764 1.5467421595523934 0.20141377117984857 0.47775958589519557 1.5535613546128435 -0.4326228432882171 0.25067404226448903 1.8955073296815543 -0.060839320788552781 0.3682314276289273 1.5535613546128435 -0.4326228432882171 0.25067404226448903 1.5467421595523934 0.20141377117984857 0.47775958589519557 1.5535035843319871 -0.4938353164646741 0.8695554497628285 1.8955073296815543 -0.060839320788552781 0.3682314276289273 1.2363324296174016 0.024597242946176653 0.031063694050268764 1.5299493519963452 0.43235063381582117 -0.16184406100038717 1.5467421595523934 0.20141377117984857 0.47775958589519557 1.8955073296815543 -0.060839320788552781 0.3682314276289273 1.5299493519963452 0.43235063381582117 -0.16184406100038717 1.953263317376468 0.53653794236260499 0.083398047680446757 1.5467421595523934 0.20141377117984857 0.47775958589519557 1.8955073296815543 -0.060839320788552781 0.3682314276289273 1.7554185263143989 -1 1.0748838397074462e-16 1.3386915325504765 -0.86305520769907818 0.50510960044677566 1.9416251738300987 -0.86524568657643419 0.50134808452897772 1.5535613546128435 -0.4326228432882171 0.25067404226448903 1.3386915325504765 -0.86305520769907818 0.50510960044677566 1.5535035843319871 -0.4938353164646741 0.8695554497628285 1.9416251738300987 -0.86524568657643419 0.50134808452897772 1.5535613546128435 -0.4326228432882171 0.25067404226448903 1.9377809444047234 -0.022460999297262779 -0.33441860125837414 1.5566323732385179 -0.87335670274784871 -0.48708117369223525 1.436694365589712 -0.19052579489996405 -0.47386402067085642 1.9373840770451736 -0.51094100797354769 -0.85961577833993674 1.9377809444047234 -0.022460999297262779 -0.33441860125837414 1.5566323732385188 0.48708117369223564 -0.87335670274784849 1.7554185263143989 0 -0.99999999999999978 1.3427504695683767 0.21967515207476851 -0.56111743127311686 1.9377809444047234 -0.022460999297262779 -0.33441860125837414 1.5566323732385188 0.48708117369223564 -0.87335670274784849 1.5299493519963452 0.43235063381582117 -0.16184406100038717 1.9373840770451722 0.85961577833993696 -0.51094100797354691 1.9377809444047234 -0.022460999297262779 -0.33441860125837414 1.953263317376468 0.53653794236260499 0.083398047680446757 1.5299493519963452 0.43235063381582117 -0.16184406100038717 1.8955073296815543 -0.060839320788552781 0.3682314276289273 1.9377809444047234 -0.022460999297262779 -0.33441860125837414 1.5299493519963452 0.43235063381582117 -0.16184406100038717 1.2363324296174016 0.024597242946176653 0.031063694050268764 1.8955073296815543 -0.060839320788552781 0.3682314276289273 1.9377809444047234 -0.022460999297262779 -0.33441860125837414 1.5535613546128435 -0.4326228432882171 0.25067404226448903 1.8955073296815543 -0.060839320788552781 0.3682314276289273 1.2363324296174016 0.024597242946176653 0.031063694050268764 1.9377809444047234 -0.022460999297262779 -0.33441860125837414 1.5535613546128435 -0.4326228432882171 0.25067404226448903 1.2363324296174016 0.024597242946176653 0.031063694050268764 1.436694365589712 -0.19052579489996405 -0.47386402067085642 1.9377809444047234 -0.022460999297262779 -0.33441860125837414 1.436694365589712 -0.19052579489996405 -0.47386402067085642 1.2363324296174016 0.024597242946176653 0.031063694050268764 1.5299493519963452 0.43235063381582117 -0.16184406100038717 1.9377809444047234 -0.022460999297262779 -0.33441860125837414 1.9373840770451722 0.85961577833993696 -0.51094100797354691 1.5299493519963452 0.43235063381582117 -0.16184406100038717 1.953263317376468 0.53653794236260499 0.083398047680446757 1.9377809444047234 -0.022460999297262779 -0.33441860125837414 1.5566323732385179 -0.87335670274784871 -0.48708117369223525 1.5535613546128435 -0.4326228432882171 0.25067404226448903 1.436694365589712 -0.19052579489996405 -0.47386402067085642 1.9377809444047234 -0.022460999297262779 -0.33441860125837414 1.7554185263143989 0 -0.99999999999999978 1.9373840770451736 -0.51094100797354769 -0.85961577833993674 1.436694365589712 -0.19052579489996405 -0.47386402067085642 1.9377809444047234 -0.022460999297262779 -0.33441860125837414 2.1384748459802747 0.4894305995291135 -0.87204225141020097 1.7554185263143989 0 -0.99999999999999978 1.5566323732385188 0.48708117369223564 -0.87335670274784849 1.9377809444047234 -0.022460999297262779 -0.33441860125837414 1.7554185263143989 0 -0.99999999999999978 1.436694365589712 -0.19052579489996405 -0.47386402067085642 1.3427504695683767 0.21967515207476851 -0.56111743127311686 1.9377809444047234 -0.022460999297262779 -0.33441860125837414 1.5566323732385188 0.48708117369223564 -0.87335670274784849 1.9373840770451722 0.85961577833993696 -0.51094100797354691 2.1384748459802747 0.4894305995291135 -0.87204225141020097 1.9377809444047234 -0.022460999297262779 -0.33441860125837414 1.5299493519963452 0.43235063381582117 -0.16184406100038717 1.5566323732385188 0.48708117369223564 -0.87335670274784849 1.3427504695683767 0.21967515207476851 -0.56111743127311686 1.9377809444047234 -0.022460999297262779 -0.33441860125837414 1.436694365589712 -0.19052579489996405 -0.47386402067085642 1.5299493519963452 0.43235063381582117 -0.16184406100038717 1.3427504695683767 0.21967515207476851 -0.56111743127311686 1.9377809444047234 -0.022460999297262779 -0.33441860125837414 2.1897211754880019 -0.55923951607146138 -0.28165499669919042 1.5535613546128435 -0.4326228432882171 0.25067404226448903 1.5566323732385179 -0.87335670274784871 -0.48708117369223525 2.1897211754880019 -0.55923951607146138 -0.28165499669919042 1.9416251738300987 -0.86524568657643419 0.50134808452897772 1.5535613546128435 -0.4326228432882171 0.25067404226448903 1.7554185263143989 -1 1.0748838397074462e-16 1.9377809444047234 -0.022460999297262779 -0.33441860125837414 2.1897211754880019 -0.55923951607146138 -0.28165499669919042 1.5566323732385179 -0.87335670274784871 -0.48708117369223525 1.9373840770451736 -0.51094100797354769 -0.85961577833993674 2.1897211754880019 -0.55923951607146138 -0.28165499669919042 2.1384748459802743 -0.87204225141020142 -0.48943059952911278 1.7554185263143989 -1 1.0748838397074462e-16 1.5566323732385179 -0.87335670274784871 -0.48708117369223525 2.1897211754880019 -0.55923951607146138 -0.28165499669919042 1.5566323732385179 -0.87335670274784871 -0.48708117369223525 1.9373840770451736 -0.51094100797354769 -0.85961577833993674 2.1384748459802743 -0.87204225141020142 -0.48943059952911278 2.1897211754880019 -0.55923951607146138 -0.28165499669919042 1.5566323732385179 -0.87335670274784871 -0.48708117369223525 1.7554185263143989 -1 1.0748838397074462e-16 1.5535613546128435 -0.4326228432882171 0.25067404226448903 2.1897211754880019 -0.55923951607146138 -0.28165499669919042 2.3453424306208719 -1 1.4361080502821621e-16 1.7554185263143989 -1 1.0748838397074462e-16 2.1384748459802743 -0.87204225141020142 -0.48943059952911278 2.1897211754880019 -0.55923951607146138 -0.28165499669919042 2.3453424306208719 -1 1.4361080502821621e-16 1.9416251738300987 -0.86524568657643419 0.50134808452897772 1.7554185263143989 -1 1.0748838397074462e-16 1.9415008517948937 0.5000051323158945 0.86602244062019829 1.5467421595523934 0.20141377117984857 0.47775958589519557 2.280706716345982 0.25795077960655705 0.44925314329929611 1.7554185263143973 0 1.0000000000000002 1.9415008517948937 0.5000051323158945 0.86602244062019829 2.1453279974817834 0.87137400252651354 0.49061935114803995 2.280706716345982 0.25795077960655705 0.44925314329929611 1.5467421595523934 0.20141377117984857 0.47775958589519557 1.5467421595523934 0.20141377117984857 0.47775958589519557 2.280706716345982 0.25795077960655705 0.44925314329929611 1.7554185263143973 0 1.0000000000000002 1.8955073296815543 -0.060839320788552781 0.3682314276289273 1.9377809444047234 -0.022460999297262779 -0.33441860125837414 2.280706716345982 0.25795077960655705 0.44925314329929611 1.953263317376468 0.53653794236260499 0.083398047680446757 1.8955073296815543 -0.060839320788552781 0.3682314276289273 2.1453279974817834 0.87137400252651354 0.49061935114803995 2.280706716345982 0.25795077960655705 0.44925314329929611 1.5467421595523934 0.20141377117984857 0.47775958589519557 1.953263317376468 0.53653794236260499 0.083398047680446757 1.5467421595523934 0.20141377117984857 0.47775958589519557 1.953263317376468 0.53653794236260499 0.083398047680446757 2.280706716345982 0.25795077960655705 0.44925314329929611 1.8955073296815543 -0.060839320788552781 0.3682314276289273 2.1463411881687966 -0.49044348784458724 0.87147299741921813 1.5535613546128435 -0.4326228432882171 0.25067404226448903 1.5535035843319871 -0.4938353164646741 0.8695554497628285 1.8955073296815543 -0.060839320788552781 0.3682314276289273 2.1463411881687966 -0.49044348784458724 0.87147299741921813 1.5535035843319871 -0.4938353164646741 0.8695554497628285 1.7554185263143973 0 1.0000000000000002 1.8955073296815543 -0.060839320788552781 0.3682314276289273 1.9416251738300987 -0.86524568657643419 0.50134808452897772 2.1463411881687966 -0.49044348784458724 0.87147299741921813 1.5535613546128435 -0.4326228432882171 0.25067404226448903 1.5535035843319871 -0.4938353164646741 0.8695554497628285 1.7554185263143973 0 1.0000000000000002 2.3453424306208719 0 1.0000000000000002 2.1463411881687966 -0.49044348784458724 0.87147299741921813 1.8955073296815543 -0.060839320788552781 0.3682314276289273 2.280706716345982 0.25795077960655705 0.44925314329929611 2.3453424306208719 0 1.0000000000000002 1.7554185263143973 0 1.0000000000000002 1.8955073296815543 -0.060839320788552781 0.3682314276289273 1.9415008517948937 0.5000051323158945 0.86602244062019829 2.280706716345982 0.25795077960655705 0.44925314329929611 2.3453424306208719 0 1.0000000000000002 1.7554185263143973 0 1.0000000000000002 1.9415008517948937 0.5000051323158945 0.86602244062019829 2.1453279974817834 0.87137400252651354 0.49061935114803995 2.5304245023630614 0.49664772053005873 0.86795221164088121 2.280706716345982 0.25795077960655705 0.44925314329929611 2.3453424306208719 0 1.0000000000000002 1.9415008517948937 0.5000051323158945 0.86602244062019829 2.5304245023630614 0.49664772053005873 0.86795221164088121 2.280706716345982 0.25795077960655705 0.44925314329929611 2.3453424306208719 1 1.4361080502821621e-16 1.7554185263143989 1 1.0748838397074462e-16 1.9373840770451722 0.85961577833993696 -0.51094100797354691 1.953263317376468 0.53653794236260499 0.083398047680446757 2.3453424306208719 1 1.4361080502821621e-16 2.1453279974817834 0.87137400252651354 0.49061935114803995 1.7554185263143989 1 1.0748838397074462e-16 1.953263317376468 0.53653794236260499 0.083398047680446757 1.9377809444047234 -0.022460999297262779 -0.33441860125837414 2.1897211754880019 -0.55923951607146138 -0.28165499669919042 1.9373840770451736 -0.51094100797354769 -0.85961577833993674 2.3453424306208719 0 -0.99999999999999978 1.9377809444047234 -0.022460999297262779 -0.33441860125837414 1.7554185263143989 0 -0.99999999999999978 2.1384748459802747 0.4894305995291135 -0.87204225141020097 2.3453424306208719 0 -0.99999999999999978 1.9377809444047234 -0.022460999297262779 -0.33441860125837414 1.7554185263143989 0 -0.99999999999999978 2.3453424306208719 0 -0.99999999999999978 1.9373840770451736 -0.51094100797354769 -0.85961577833993674 2.1897211754880019 -0.55923951607146138 -0.28165499669919042 2.1384748459802743 -0.87204225141020142 -0.48943059952911278 1.9373840770451736 -0.51094100797354769 -0.85961577833993674 2.529724504008807 -0.50913697644131872 -0.86068550540844579 2.1897211754880019 -0.55923951607146138 -0.28165499669919042 1.9373840770451736 -0.51094100797354769 -0.85961577833993674 2.3453424306208719 0 -0.99999999999999978 2.529724504008807 -0.50913697644131872 -0.86068550540844579 1.9377809444047234 -0.022460999297262779 -0.33441860125837414 2.1384748459802747 0.4894305995291135 -0.87204225141020097 1.9373840770451722 0.85961577833993696 -0.51094100797354691 2.4867235424320522 0.49185501160753181 -0.43240885215322095 1.9377809444047234 -0.022460999297262779 -0.33441860125837414 2.3453424306208719 0 -0.99999999999999978 2.1384748459802747 0.4894305995291135 -0.87204225141020097 2.4867235424320522 0.49185501160753181 -0.43240885215322095 1.9377809444047234 -0.022460999297262779 -0.33441860125837414 1.9373840770451722 0.85961577833993696 -0.51094100797354691 1.953263317376468 0.53653794236260499 0.083398047680446757 2.4867235424320522 0.49185501160753181 -0.43240885215322095 2.1384748459802747 0.4894305995291135 -0.87204225141020097 2.529724504008807 0.86068550540844679 -0.50913697644131717 1.9373840770451722 0.85961577833993696 -0.51094100797354691 2.4867235424320522 0.49185501160753181 -0.43240885215322095 1.9373840770451722 0.85961577833993696 -0.51094100797354691 2.529724504008807 0.86068550540844679 -0.50913697644131717 2.3453424306208719 1 1.4361080502821621e-16 2.4867235424320522 0.49185501160753181 -0.43240885215322095 1.9373840770451722 0.85961577833993696 -0.51094100797354691 2.3453424306208719 1 1.4361080502821621e-16 1.953263317376468 0.53653794236260499 0.083398047680446757 2.4867235424320522 0.49185501160753181 -0.43240885215322095 2.7321084202800381 0.48933848459838886 -0.87209394418889974 2.529724504008807 0.86068550540844679 -0.50913697644131717 2.1384748459802747 0.4894305995291135 -0.87204225141020097 2.4867235424320522 0.49185501160753181 -0.43240885215322095 2.7321084202800381 0.48933848459838886 -0.87209394418889974 2.1384748459802747 0.4894305995291135 -0.87204225141020097 2.3453424306208719 0 -0.99999999999999978 2.4867235424320522 0.49185501160753181 -0.43240885215322095 2.5304245023630614 0.49664772053005873 0.86795221164088121 2.1453279974817834 0.87137400252651354 0.49061935114803995 2.734858252287006 0.87191292178820468 0.4896609610932407 2.280706716345982 0.25795077960655705 0.44925314329929611 1.9377809444047234 -0.022460999297262779 -0.33441860125837414 2.280706716345982 0.25795077960655705 0.44925314329929611 2.674281263628564 0.4683975099154406 0.041048307536220074 1.953263317376468 0.53653794236260499 0.083398047680446757 2.1453279974817834 0.87137400252651354 0.49061935114803995 2.674281263628564 0.4683975099154406 0.041048307536220074 2.734858252287006 0.87191292178820468 0.4896609610932407 2.280706716345982 0.25795077960655705 0.44925314329929611 2.734858252287006 0.87191292178820468 0.4896609610932407 2.1453279974817834 0.87137400252651354 0.49061935114803995 2.3453424306208719 1 1.4361080502821621e-16 2.674281263628564 0.4683975099154406 0.041048307536220074 2.1453279974817834 0.87137400252651354 0.49061935114803995 2.674281263628564 0.4683975099154406 0.041048307536220074 2.280706716345982 0.25795077960655705 0.44925314329929611 1.953263317376468 0.53653794236260499 0.083398047680446757 2.1453279974817834 0.87137400252651354 0.49061935114803995 2.3453424306208719 1 1.4361080502821621e-16 2.674281263628564 0.4683975099154406 0.041048307536220074 1.953263317376468 0.53653794236260499 0.083398047680446757 2.674281263628564 0.4683975099154406 0.041048307536220074 1.953263317376468 0.53653794236260499 0.083398047680446757 2.3453424306208719 1 1.4361080502821621e-16 2.4867235424320522 0.49185501160753181 -0.43240885215322095 2.529724504008807 0.86068550540844679 -0.50913697644131717 2.674281263628564 0.4683975099154406 0.041048307536220074 2.3453424306208719 1 1.4361080502821621e-16 2.4867235424320522 0.49185501160753181 -0.43240885215322095 1.9377809444047234 -0.022460999297262779 -0.33441860125837414 1.953263317376468 0.53653794236260499 0.083398047680446757 2.674281263628564 0.4683975099154406 0.041048307536220074 2.4867235424320522 0.49185501160753181 -0.43240885215322095 1.9377809444047234 -0.022460999297262779 -0.33441860125837414 2.1897211754880019 -0.55923951607146138 -0.28165499669919042 2.3489583914878636 -0.33092834126821674 0.25146344707375906 1.5535613546128435 -0.4326228432882171 0.25067404226448903 2.3489583914878636 -0.33092834126821674 0.25146344707375906 1.9416251738300987 -0.86524568657643419 0.50134808452897772 2.1463411881687966 -0.49044348784458724 0.87147299741921813 1.5535613546128435 -0.4326228432882171 0.25067404226448903 2.3489583914878636 -0.33092834126821674 0.25146344707375906 1.5535613546128435 -0.4326228432882171 0.25067404226448903 2.1463411881687966 -0.49044348784458724 0.87147299741921813 1.8955073296815543 -0.060839320788552781 0.3682314276289273 2.3489583914878636 -0.33092834126821674 0.25146344707375906 1.9416251738300987 -0.86524568657643419 0.50134808452897772 2.3453424306208719 -1 1.4361080502821621e-16 2.5319608460560379 -0.86742390752243803 0.49756985907358298 1.9377809444047234 -0.022460999297262779 -0.33441860125837414 2.3489583914878636 -0.33092834126821674 0.25146344707375906 2.674281263628564 0.4683975099154406 0.041048307536220074 2.280706716345982 0.25795077960655705 0.44925314329929611 2.3489583914878636 -0.33092834126821674 0.25146344707375906 2.3453424306208719 0 1.0000000000000002 2.280706716345982 0.25795077960655705 0.44925314329929611 1.8955073296815543 -0.060839320788552781 0.3682314276289273 1.9377809444047234 -0.022460999297262779 -0.33441860125837414 2.3489583914878636 -0.33092834126821674 0.25146344707375906 1.8955073296815543 -0.060839320788552781 0.3682314276289273 1.5535613546128435 -0.4326228432882171 0.25067404226448903 2.3489583914878636 -0.33092834126821674 0.25146344707375906 1.9416251738300987 -0.86524568657643419 0.50134808452897772 2.5319608460560379 -0.86742390752243803 0.49756985907358298 2.1463411881687966 -0.49044348784458724 0.87147299741921813 1.9377809444047234 -0.022460999297262779 -0.33441860125837414 2.3489583914878636 -0.33092834126821674 0.25146344707375906 2.280706716345982 0.25795077960655705 0.44925314329929611 1.8955073296815543 -0.060839320788552781 0.3682314276289273 2.3489583914878636 -0.33092834126821674 0.25146344707375906 2.1463411881687966 -0.49044348784458724 0.87147299741921813 2.3453424306208719 0 1.0000000000000002 1.8955073296815543 -0.060839320788552781 0.3682314276289273 2.1897211754880019 -0.55923951607146138 -0.28165499669919042 2.3489583914878636 -0.33092834126821674 0.25146344707375906 1.5535613546128435 -0.4326228432882171 0.25067404226448903 1.9416251738300987 -0.86524568657643419 0.50134808452897772 2.1897211754880019 -0.55923951607146138 -0.28165499669919042 2.3489583914878636 -0.33092834126821674 0.25146344707375906 1.9416251738300987 -0.86524568657643419 0.50134808452897772 2.3453424306208719 -1 1.4361080502821621e-16 1.9377809444047234 -0.022460999297262779 -0.33441860125837414 2.7488599484516527 -0.074636553811703435 -0.45852529679908127 2.3453424306208719 0 -0.99999999999999978 2.4867235424320522 0.49185501160753181 -0.43240885215322095 1.9377809444047234 -0.022460999297262779 -0.33441860125837414 2.1897211754880019 -0.55923951607146138 -0.28165499669919042 2.7488599484516527 -0.074636553811703435 -0.45852529679908127 2.3489583914878636 -0.33092834126821674 0.25146344707375906 1.9377809444047234 -0.022460999297262779 -0.33441860125837414 2.674281263628564 0.4683975099154406 0.041048307536220074 2.3489583914878636 -0.33092834126821674 0.25146344707375906 2.7488599484516527 -0.074636553811703435 -0.45852529679908127 1.9377809444047234 -0.022460999297262779 -0.33441860125837414 2.1897211754880019 -0.55923951607146138 -0.28165499669919042 2.3453424306208719 0 -0.99999999999999978 2.7488599484516527 -0.074636553811703435 -0.45852529679908127 1.9377809444047234 -0.022460999297262779 -0.33441860125837414 2.674281263628564 0.4683975099154406 0.041048307536220074 2.7488599484516527 -0.074636553811703435 -0.45852529679908127 2.4867235424320522 0.49185501160753181 -0.43240885215322095 2.1897211754880019 -0.55923951607146138 -0.28165499669919042 2.529724504008807 -0.50913697644131872 -0.86068550540844579 2.3453424306208719 0 -0.99999999999999978 2.7488599484516527 -0.074636553811703435 -0.45852529679908127 2.7321084202800381 0.48933848459838886 -0.87209394418889974 2.3453424306208719 0 -0.99999999999999978 2.7488599484516527 -0.074636553811703435 -0.45852529679908127 2.4867235424320522 0.49185501160753181 -0.43240885215322095 2.1897211754880019 -0.55923951607146138 -0.28165499669919042 2.7321084202800385 -0.87209394418889985 -0.48933848459838875 2.3453424306208719 -1 1.4361080502821621e-16 2.1384748459802743 -0.87204225141020142 -0.48943059952911278 2.1897211754880019 -0.55923951607146138 -0.28165499669919042 2.7321084202800385 -0.87209394418889985 -0.48933848459838875 2.1384748459802743 -0.87204225141020142 -0.48943059952911278 2.529724504008807 -0.50913697644131872 -0.86068550540844579 2.1897211754880019 -0.55923951607146138 -0.28165499669919042 2.7321084202800385 -0.87209394418889985 -0.48933848459838875 2.529724504008807 -0.50913697644131872 -0.86068550540844579 2.7488599484516527 -0.074636553811703435 -0.45852529679908127 2.9352663349273449 -1 1.7973322608568777e-16 2.3453424306208719 -1 1.4361080502821621e-16 2.5319608460560379 -0.86742390752243803 0.49756985907358298 2.8387715614994691 -0.51540365539525723 0.059460217600810078 2.3489583914878636 -0.33092834126821674 0.25146344707375906 2.5319608460560379 -0.86742390752243803 0.49756985907358298 2.3453424306208719 -1 1.4361080502821621e-16 2.8387715614994691 -0.51540365539525723 0.059460217600810078 2.9352663349273449 -1 1.7973322608568777e-16 2.7321084202800385 -0.87209394418889985 -0.48933848459838875 2.3453424306208719 -1 1.4361080502821621e-16 2.8387715614994691 -0.51540365539525723 0.059460217600810078 2.1897211754880019 -0.55923951607146138 -0.28165499669919042 2.7321084202800385 -0.87209394418889985 -0.48933848459838875 2.8387715614994691 -0.51540365539525723 0.059460217600810078 2.3453424306208719 -1 1.4361080502821621e-16 2.1897211754880019 -0.55923951607146138 -0.28165499669919042 2.7321084202800385 -0.87209394418889985 -0.48933848459838875 2.7488599484516527 -0.074636553811703435 -0.45852529679908127 2.8387715614994691 -0.51540365539525723 0.059460217600810078 2.1897211754880019 -0.55923951607146138 -0.28165499669919042 2.3489583914878636 -0.33092834126821674 0.25146344707375906 2.3453424306208719 -1 1.4361080502821621e-16 2.8387715614994691 -0.51540365539525723 0.059460217600810078 2.1897211754880019 -0.55923951607146138 -0.28165499669919042 2.3489583914878636 -0.33092834126821674 0.25146344707375906 2.8387715614994691 -0.51540365539525723 0.059460217600810078 2.7488599484516527 -0.074636553811703435 -0.45852529679908127 2.3489583914878636 -0.33092834126821674 0.25146344707375906 2.8354616311084864 0.038463171635817812 0.53083775385398968 2.674281263628564 0.4683975099154406 0.041048307536220074 2.280706716345982 0.25795077960655705 0.44925314329929611 2.3453424306208719 0 1.0000000000000002 2.5304245023630614 0.49664772053005873 0.86795221164088121 2.8354616311084864 0.038463171635817812 0.53083775385398968 2.280706716345982 0.25795077960655705 0.44925314329929611 2.674281263628564 0.4683975099154406 0.041048307536220074 2.8354616311084864 0.038463171635817812 0.53083775385398968 2.734858252287006 0.87191292178820468 0.4896609610932407 2.280706716345982 0.25795077960655705 0.44925314329929611 2.5304245023630614 0.49664772053005873 0.86795221164088121 2.734858252287006 0.87191292178820468 0.4896609610932407 2.8354616311084864 0.038463171635817812 0.53083775385398968 2.280706716345982 0.25795077960655705 0.44925314329929611 2.3489583914878636 -0.33092834126821674 0.25146344707375906 2.280706716345982 0.25795077960655705 0.44925314329929611 2.3453424306208719 0 1.0000000000000002 2.8354616311084864 0.038463171635817812 0.53083775385398968 2.3489583914878636 -0.33092834126821674 0.25146344707375906 2.8354616311084864 0.038463171635817812 0.53083775385398968 2.7383373597863239 -0.48886226056913107 0.87236098616985347 2.8387715614994691 -0.51540365539525723 0.059460217600810078 2.3489583914878636 -0.33092834126821674 0.25146344707375906 2.5319608460560379 -0.86742390752243803 0.49756985907358298 2.7383373597863239 -0.48886226056913107 0.87236098616985347 2.1463411881687966 -0.49044348784458724 0.87147299741921813 2.3489583914878636 -0.33092834126821674 0.25146344707375906 2.7383373597863239 -0.48886226056913107 0.87236098616985347 2.3453424306208719 0 1.0000000000000002 2.1463411881687966 -0.49044348784458724 0.87147299741921813 2.3489583914878636 -0.33092834126821674 0.25146344707375906 2.3453424306208719 0 1.0000000000000002 2.7383373597863239 -0.48886226056913107 0.87236098616985347 2.8354616311084864 0.038463171635817812 0.53083775385398968 2.3489583914878636 -0.33092834126821674 0.25146344707375906 2.5319608460560379 -0.86742390752243803 0.49756985907358298 2.8387715614994691 -0.51540365539525723 0.059460217600810078 2.7383373597863239 -0.48886226056913107 0.87236098616985347 2.3453424306208719 0 1.0000000000000002 2.5304245023630614 0.49664772053005873 0.86795221164088121 2.9352663349273471 0 1.0000000000000004 2.8354616311084864 0.038463171635817812 0.53083775385398968 2.3453424306208719 0 1.0000000000000002 2.9352663349273471 0 1.0000000000000004 2.7383373597863239 -0.48886226056913107 0.87236098616985347 2.8354616311084864 0.038463171635817812 0.53083775385398968 2.9352663349273471 0 1.0000000000000004 2.5304245023630614 0.49664772053005873 0.86795221164088121 3.1240836490427908 0.48874623299279563 0.87242599670995125 2.8354616311084864 0.038463171635817812 0.53083775385398968 2.5304245023630614 0.49664772053005873 0.86795221164088121 2.734858252287006 0.87191292178820468 0.4896609610932407 3.1240836490427908 0.48874623299279563 0.87242599670995125 2.8354616311084864 0.038463171635817812 0.53083775385398968 2.9352663349273449 1 1.7973322608568777e-16 2.734858252287006 0.87191292178820468 0.4896609610932407 2.3453424306208719 1 1.4361080502821621e-16 2.674281263628564 0.4683975099154406 0.041048307536220074 2.9352663349273449 1 1.7973322608568777e-16 2.3453424306208719 1 1.4361080502821621e-16 2.529724504008807 0.86068550540844679 -0.50913697644131717 2.674281263628564 0.4683975099154406 0.041048307536220074 2.3453424306208719 0 -0.99999999999999978 2.9352663349273449 0 -0.99999999999999978 2.7321084202800381 0.48933848459838886 -0.87209394418889974 2.7488599484516527 -0.074636553811703435 -0.45852529679908127 2.3453424306208719 0 -0.99999999999999978 2.529724504008807 -0.50913697644131872 -0.86068550540844579 2.9352663349273449 0 -0.99999999999999978 2.7488599484516527 -0.074636553811703435 -0.45852529679908127 2.7321084202800385 -0.87209394418889985 -0.48933848459838875 3.1234735092251387 -0.50642095485086636 -0.86228638890332521 2.529724504008807 -0.50913697644131872 -0.86068550540844579 2.7488599484516527 -0.074636553811703435 -0.45852529679908127 2.529724504008807 -0.50913697644131872 -0.86068550540844579 3.1234735092251387 -0.50642095485086636 -0.86228638890332521 2.9352663349273449 0 -0.99999999999999978 2.7488599484516527 -0.074636553811703435 -0.45852529679908127 2.5319608460560379 -0.86742390752243803 0.49756985907358298 3.1193291438863504 -0.86761970226520735 0.49722837031009515 2.9352663349273449 -1 1.7973322608568777e-16 2.8387715614994691 -0.51540365539525723 0.059460217600810078 2.5319608460560379 -0.86742390752243803 0.49756985907358298 2.7383373597863239 -0.48886226056913107 0.87236098616985347 3.1193291438863504 -0.86761970226520735 0.49722837031009515 2.8387715614994691 -0.51540365539525723 0.059460217600810078 2.529724504008807 0.86068550540844679 -0.50913697644131717 3.1234735092251373 0.86228638890332587 -0.50642095485086513 2.9352663349273449 1 1.7973322608568777e-16 2.674281263628564 0.4683975099154406 0.041048307536220074 2.7321084202800381 0.48933848459838886 -0.87209394418889974 3.1234735092251373 0.86228638890332587 -0.50642095485086513 2.529724504008807 0.86068550540844679 -0.50913697644131717 2.4867235424320522 0.49185501160753181 -0.43240885215322095 3.1234735092251373 0.86228638890332587 -0.50642095485086513 2.674281263628564 0.4683975099154406 0.041048307536220074 2.529724504008807 0.86068550540844679 -0.50913697644131717 2.4867235424320522 0.49185501160753181 -0.43240885215322095 2.9352663349273449 0 -0.99999999999999978 3.3262359090750628 0.48889741087054983 -0.87234128736640237 2.7321084202800381 0.48933848459838886 -0.87209394418889974 2.7488599484516527 -0.074636553811703435 -0.45852529679908127 3.3243384906752658 0.87208285119873663 0.48935825388469989 2.734858252287006 0.87191292178820468 0.4896609610932407 2.9352663349273449 1 1.7973322608568777e-16 2.674281263628564 0.4683975099154406 0.041048307536220074 2.9352663349273449 1 1.7973322608568777e-16 2.674281263628564 0.4683975099154406 0.041048307536220074 3.1234735092251373 0.86228638890332587 -0.50642095485086513 3.3746468175420476 0.43306548334208911 -0.24977354813303279 2.7321084202800381 0.48933848459838886 -0.87209394418889974 2.4867235424320522 0.49185501160753181 -0.43240885215322095 3.3746468175420476 0.43306548334208911 -0.24977354813303279 3.1234735092251373 0.86228638890332587 -0.50642095485086513 3.3243384906752658 0.87208285119873663 0.48935825388469989 2.674281263628564 0.4683975099154406 0.041048307536220074 2.9352663349273449 1 1.7973322608568777e-16 3.3746468175420476 0.43306548334208911 -0.24977354813303279 2.4867235424320522 0.49185501160753181 -0.43240885215322095 3.3746468175420476 0.43306548334208911 -0.24977354813303279 3.1234735092251373 0.86228638890332587 -0.50642095485086513 2.674281263628564 0.4683975099154406 0.041048307536220074 2.7321084202800381 0.48933848459838886 -0.87209394418889974 2.4867235424320522 0.49185501160753181 -0.43240885215322095 2.7488599484516527 -0.074636553811703435 -0.45852529679908127 3.3746468175420476 0.43306548334208911 -0.24977354813303279 3.3262359090750628 0.48889741087054983 -0.87234128736640237 3.1234735092251373 0.86228638890332587 -0.50642095485086513 2.7321084202800381 0.48933848459838886 -0.87209394418889974 3.3746468175420476 0.43306548334208911 -0.24977354813303279 3.3262359090750628 0.48889741087054983 -0.87234128736640237 2.7321084202800381 0.48933848459838886 -0.87209394418889974 2.7488599484516527 -0.074636553811703435 -0.45852529679908127 3.3746468175420476 0.43306548334208911 -0.24977354813303279 2.4867235424320522 0.49185501160753181 -0.43240885215322095 2.7488599484516527 -0.074636553811703435 -0.45852529679908127 3.3746468175420476 0.43306548334208911 -0.24977354813303279 2.674281263628564 0.4683975099154406 0.041048307536220074 2.9352663349273471 0 1.0000000000000004 2.8354616311084864 0.038463171635817812 0.53083775385398968 3.1240836490427908 0.48874623299279563 0.87242599670995125 3.3733434810087672 0.2443648623445108 0.4360882679840824 2.674281263628564 0.4683975099154406 0.041048307536220074 3.3746468175420476 0.43306548334208911 -0.24977354813303279 3.3243384906752658 0.87208285119873663 0.48935825388469989 3.3733434810087672 0.2443648623445108 0.4360882679840824 2.734858252287006 0.87191292178820468 0.4896609610932407 3.1240836490427908 0.48874623299279563 0.87242599670995125 2.8354616311084864 0.038463171635817812 0.53083775385398968 3.3733434810087672 0.2443648623445108 0.4360882679840824 2.734858252287006 0.87191292178820468 0.4896609610932407 2.8354616311084864 0.038463171635817812 0.53083775385398968 2.674281263628564 0.4683975099154406 0.041048307536220074 3.3733434810087672 0.2443648623445108 0.4360882679840824 3.1240836490427908 0.48874623299279563 0.87242599670995125 2.734858252287006 0.87191292178820468 0.4896609610932407 3.3243384906752658 0.87208285119873663 0.48935825388469989 3.3733434810087672 0.2443648623445108 0.4360882679840824 2.734858252287006 0.87191292178820468 0.4896609610932407 2.674281263628564 0.4683975099154406 0.041048307536220074 3.3243384906752658 0.87208285119873663 0.48935825388469989 3.3733434810087672 0.2443648623445108 0.4360882679840824 2.3489583914878636 -0.33092834126821674 0.25146344707375906 2.7488599484516527 -0.074636553811703435 -0.45852529679908127 3.031969250925501 -0.00023046440958775227 -0.00012956482252261814 2.8387715614994691 -0.51540365539525723 0.059460217600810078 3.031969250925501 -0.00023046440958775227 -0.00012956482252261814 3.3746468175420476 0.43306548334208911 -0.24977354813303279 2.674281263628564 0.4683975099154406 0.041048307536220074 3.3733434810087672 0.2443648623445108 0.4360882679840824 3.031969250925501 -0.00023046440958775227 -0.00012956482252261814 2.7488599484516527 -0.074636553811703435 -0.45852529679908127 2.674281263628564 0.4683975099154406 0.041048307536220074 3.3746468175420476 0.43306548334208911 -0.24977354813303279 2.3489583914878636 -0.33092834126821674 0.25146344707375906 3.031969250925501 -0.00023046440958775227 -0.00012956482252261814 2.8354616311084864 0.038463171635817812 0.53083775385398968 2.8387715614994691 -0.51540365539525723 0.059460217600810078 2.674281263628564 0.4683975099154406 0.041048307536220074 2.8354616311084864 0.038463171635817812 0.53083775385398968 3.031969250925501 -0.00023046440958775227 -0.00012956482252261814 3.3733434810087672 0.2443648623445108 0.4360882679840824 2.3489583914878636 -0.33092834126821674 0.25146344707375906 3.031969250925501 -0.00023046440958775227 -0.00012956482252261814 2.674281263628564 0.4683975099154406 0.041048307536220074 2.8354616311084864 0.038463171635817812 0.53083775385398968 2.3489583914878636 -0.33092834126821674 0.25146344707375906 2.674281263628564 0.4683975099154406 0.041048307536220074 3.031969250925501 -0.00023046440958775227 -0.00012956482252261814 2.7488599484516527 -0.074636553811703435 -0.45852529679908127 2.7321084202800385 -0.87209394418889985 -0.48933848459838875 3.1234735092251387 -0.50642095485086636 -0.86228638890332521 2.7488599484516527 -0.074636553811703435 -0.45852529679908127 3.3746468175420476 -0.24982399792656496 -0.43324549795814427 2.7488599484516527 -0.074636553811703435 -0.45852529679908127 3.3746468175420476 0.43306548334208911 -0.24977354813303279 3.031969250925501 -0.00023046440958775227 -0.00012956482252261814 3.3746468175420476 -0.24982399792656496 -0.43324549795814427 3.031969250925501 -0.00023046440958775227 -0.00012956482252261814 2.8387715614994691 -0.51540365539525723 0.059460217600810078 2.7488599484516527 -0.074636553811703435 -0.45852529679908127 3.3746468175420476 -0.24982399792656496 -0.43324549795814427 2.9352663349273449 0 -0.99999999999999978 2.7488599484516527 -0.074636553811703435 -0.45852529679908127 3.1234735092251387 -0.50642095485086636 -0.86228638890332521 3.3746468175420476 -0.24982399792656496 -0.43324549795814427 2.9352663349273449 0 -0.99999999999999978 3.3262359090750628 0.48889741087054983 -0.87234128736640237 2.7488599484516527 -0.074636553811703435 -0.45852529679908127 3.3746468175420476 -0.24982399792656496 -0.43324549795814427 3.3262359090750628 -0.87234128736640271 -0.48889741087054966 3.1234735092251387 -0.50642095485086636 -0.86228638890332521 2.7321084202800385 -0.87209394418889985 -0.48933848459838875 3.3746468175420476 -0.24982399792656496 -0.43324549795814427 2.7321084202800385 -0.87209394418889985 -0.48933848459838875 2.7488599484516527 -0.074636553811703435 -0.45852529679908127 2.8387715614994691 -0.51540365539525723 0.059460217600810078 3.3746468175420476 -0.24982399792656496 -0.43324549795814427 3.3262359090750628 0.48889741087054983 -0.87234128736640237 3.3746468175420476 0.43306548334208911 -0.24977354813303279 2.7488599484516527 -0.074636553811703435 -0.45852529679908127 3.3746468175420476 -0.24982399792656496 -0.43324549795814427 3.4350225724958925 -0.64993367848108585 -0.13246563706359371 3.5251902392338179 -0.99999999999999989 2.1585564714315938e-16 3.1193291438863504 -0.86761970226520735 0.49722837031009515 2.9352663349273449 -1 1.7973322608568777e-16 3.4350225724958925 -0.64993367848108585 -0.13246563706359371 3.3262359090750628 -0.87234128736640271 -0.48889741087054966 2.7321084202800385 -0.87209394418889985 -0.48933848459838875 3.3746468175420476 -0.24982399792656496 -0.43324549795814427 3.4350225724958925 -0.64993367848108585 -0.13246563706359371 3.3262359090750628 -0.87234128736640271 -0.48889741087054966 2.9352663349273449 -1 1.7973322608568777e-16 2.7321084202800385 -0.87209394418889985 -0.48933848459838875 3.4350225724958925 -0.64993367848108585 -0.13246563706359371 3.5251902392338179 -0.99999999999999989 2.1585564714315938e-16 2.9352663349273449 -1 1.7973322608568777e-16 3.3262359090750628 -0.87234128736640271 -0.48889741087054966 3.4350225724958925 -0.64993367848108585 -0.13246563706359371 2.7321084202800385 -0.87209394418889985 -0.48933848459838875 2.8387715614994691 -0.51540365539525723 0.059460217600810078 3.3746468175420476 -0.24982399792656496 -0.43324549795814427 3.4350225724958925 -0.64993367848108585 -0.13246563706359371 2.7321084202800385 -0.87209394418889985 -0.48933848459838875 2.9352663349273449 -1 1.7973322608568777e-16 2.8387715614994691 -0.51540365539525723 0.059460217600810078 3.4350225724958925 -0.64993367848108585 -0.13246563706359371 2.9352663349273449 -1 1.7973322608568777e-16 3.1193291438863504 -0.86761970226520735 0.49722837031009515 2.8387715614994691 -0.51540365539525723 0.059460217600810078 3.3801895411174554 -0.38810680112482654 0.29724461326847906 2.8354616311084864 0.038463171635817812 0.53083775385398968 3.031969250925501 -0.00023046440958775227 -0.00012956482252261814 2.8387715614994691 -0.51540365539525723 0.059460217600810078 3.4350225724958925 -0.64993367848108585 -0.13246563706359371 2.8387715614994691 -0.51540365539525723 0.059460217600810078 3.3801895411174554 -0.38810680112482654 0.29724461326847906 3.3746468175420476 -0.24982399792656496 -0.43324549795814427 3.3801895411174554 -0.38810680112482654 0.29724461326847906 2.8387715614994691 -0.51540365539525723 0.059460217600810078 3.031969250925501 -0.00023046440958775227 -0.00012956482252261814 3.3746468175420476 -0.24982399792656496 -0.43324549795814427 3.031969250925501 -0.00023046440958775227 -0.00012956482252261814 2.8354616311084864 0.038463171635817812 0.53083775385398968 3.3801895411174554 -0.38810680112482654 0.29724461326847906 3.3733434810087672 0.2443648623445108 0.4360882679840824 2.7383373597863239 -0.48886226056913107 0.87236098616985347 3.3801895411174554 -0.38810680112482654 0.29724461326847906 3.1193291438863504 -0.86761970226520735 0.49722837031009515 2.8387715614994691 -0.51540365539525723 0.059460217600810078 2.7383373597863239 -0.48886226056913107 0.87236098616985347 2.8354616311084864 0.038463171635817812 0.53083775385398968 3.3801895411174554 -0.38810680112482654 0.29724461326847906 2.8387715614994691 -0.51540365539525723 0.059460217600810078 3.4350225724958925 -0.64993367848108585 -0.13246563706359371 3.1193291438863504 -0.86761970226520735 0.49722837031009515 3.3801895411174554 -0.38810680112482654 0.29724461326847906 2.8387715614994691 -0.51540365539525723 0.059460217600810078 3.3269427730870498 -0.48882875539753357 0.87237976128318018 2.7383373597863239 -0.48886226056913107 0.87236098616985347 2.9352663349273471 0 1.0000000000000004 2.8354616311084864 0.038463171635817812 0.53083775385398968 3.1193291438863504 -0.86761970226520735 0.49722837031009515 2.7383373597863239 -0.48886226056913107 0.87236098616985347 3.3269427730870498 -0.48882875539753357 0.87237976128318018 3.3801895411174554 -0.38810680112482654 0.29724461326847906 3.3269427730870498 -0.48882875539753357 0.87237976128318018 3.3801895411174554 -0.38810680112482654 0.29724461326847906 2.7383373597863239 -0.48886226056913107 0.87236098616985347 2.8354616311084864 0.038463171635817812 0.53083775385398968 3.3269427730870498 -0.48882875539753357 0.87237976128318018 3.3801895411174554 -0.38810680112482654 0.29724461326847906 2.8354616311084864 0.038463171635817812 0.53083775385398968 3.3733434810087672 0.2443648623445108 0.4360882679840824 3.3269427730870498 -0.48882875539753357 0.87237976128318018 2.8354616311084864 0.038463171635817812 0.53083775385398968 2.9352663349273471 0 1.0000000000000004 3.3733434810087672 0.2443648623445108 0.4360882679840824 2.9352663349273471 0 1.0000000000000004 3.1240836490427908 0.48874623299279563 0.87242599670995125 3.5251902392338215 0 1.0000000000000002 3.3733434810087672 0.2443648623445108 0.4360882679840824 2.9352663349273471 0 1.0000000000000004 3.5251902392338215 0 1.0000000000000002 3.3269427730870498 -0.48882875539753357 0.87237976128318018 3.3733434810087672 0.2443648623445108 0.4360882679840824 3.5251902392338215 0 1.0000000000000002 3.1240836490427908 0.48874623299279563 0.87242599670995125 3.7147177110920335 0.48896018909860933 0.87230610079068738 3.3733434810087672 0.2443648623445108 0.4360882679840824 3.1240836490427908 0.48874623299279563 0.87242599670995125 3.3243384906752658 0.87208285119873663 0.48935825388469989 3.7147177110920335 0.48896018909860933 0.87230610079068738 3.3733434810087672 0.2443648623445108 0.4360882679840824 3.5251902392338179 0.99999999999999989 2.1585564714315938e-16 2.9352663349273449 1 1.7973322608568777e-16 3.1234735092251373 0.86228638890332587 -0.50642095485086513 3.3746468175420476 0.43306548334208911 -0.24977354813303279 3.5251902392338179 0.99999999999999989 2.1585564714315938e-16 3.3243384906752658 0.87208285119873663 0.48935825388469989 2.9352663349273449 1 1.7973322608568777e-16 3.3746468175420476 0.43306548334208911 -0.24977354813303279 2.9352663349273449 0 -0.99999999999999978 3.5251902392338179 0 -0.99999999999999978 3.3262359090750628 0.48889741087054983 -0.87234128736640237 3.3746468175420476 -0.24982399792656496 -0.43324549795814427 2.9352663349273449 0 -0.99999999999999978 3.1234735092251387 -0.50642095485086636 -0.86228638890332521 3.5251902392338179 0 -0.99999999999999978 3.3746468175420476 -0.24982399792656496 -0.43324549795814427 3.1234735092251387 -0.50642095485086636 -0.86228638890332521 3.7173243841585939 -0.49941753144354212 -0.86636143109376595 3.5251902392338179 0 -0.99999999999999978 3.3746468175420476 -0.24982399792656496 -0.43324549795814427 3.3262359090750628 -0.87234128736640271 -0.48889741087054966 3.7173243841585939 -0.49941753144354212 -0.86636143109376595 3.1234735092251387 -0.50642095485086636 -0.86228638890332521 3.3746468175420476 -0.24982399792656496 -0.43324549795814427 3.4350225724958925 -0.64993367848108585 -0.13246563706359371 3.1193291438863504 -0.86761970226520735 0.49722837031009515 3.7216105669863651 -0.87228268559478628 0.4890019595170837 3.3801895411174554 -0.38810680112482654 0.29724461326847906 3.1193291438863504 -0.86761970226520735 0.49722837031009515 3.3269427730870498 -0.48882875539753357 0.87237976128318018 3.7216105669863651 -0.87228268559478628 0.4890019595170837 3.3801895411174554 -0.38810680112482654 0.29724461326847906 3.4350225724958925 -0.64993367848108585 -0.13246563706359371 3.1193291438863504 -0.86761970226520735 0.49722837031009515 3.5251902392338179 -0.99999999999999989 2.1585564714315938e-16 3.7216105669863651 -0.87228268559478628 0.4890019595170837 3.3243384906752658 0.87208285119873663 0.48935825388469989 3.3733434810087672 0.2443648623445108 0.4360882679840824 3.3746468175420476 0.43306548334208911 -0.24977354813303279 3.7233603620051428 0.50002275766928062 1.2748675223200568e-05 3.3243384906752658 0.87208285119873663 0.48935825388469989 3.3746468175420476 0.43306548334208911 -0.24977354813303279 3.5251902392338179 0.99999999999999989 2.1585564714315938e-16 3.7233603620051428 0.50002275766928062 1.2748675223200568e-05 3.9146020685588923 0.8717362257601361 0.48997546132176206 3.3243384906752658 0.87208285119873663 0.48935825388469989 3.5251902392338179 0.99999999999999989 2.1585564714315938e-16 3.7233603620051428 0.50002275766928062 1.2748675223200568e-05 3.5251902392338179 0 -0.99999999999999978 3.3262359090750628 0.48889741087054983 -0.87234128736640237 3.3746468175420476 -0.24982399792656496 -0.43324549795814427 3.8205603332433817 0.49439973675460147 -0.43619808519161529 3.3262359090750628 0.48889741087054983 -0.87234128736640237 3.3746468175420476 -0.24982399792656496 -0.43324549795814427 3.8205603332433817 0.49439973675460147 -0.43619808519161529 3.3746468175420476 0.43306548334208911 -0.24977354813303279 3.5251902392338179 0.99999999999999989 2.1585564714315938e-16 3.3746468175420476 0.43306548334208911 -0.24977354813303279 3.7173243841585939 0.86636143109376584 -0.49941753144354295 3.7233603620051428 0.50002275766928062 1.2748675223200568e-05 3.3262359090750628 0.48889741087054983 -0.87234128736640237 3.7173243841585939 0.86636143109376584 -0.49941753144354295 3.1234735092251373 0.86228638890332587 -0.50642095485086513 3.3746468175420476 0.43306548334208911 -0.24977354813303279 3.1234735092251373 0.86228638890332587 -0.50642095485086513 3.7173243841585939 0.86636143109376584 -0.49941753144354295 3.5251902392338179 0.99999999999999989 2.1585564714315938e-16 3.3746468175420476 0.43306548334208911 -0.24977354813303279 3.7173243841585939 0.86636143109376584 -0.49941753144354295 3.3746468175420476 0.43306548334208911 -0.24977354813303279 3.3262359090750628 0.48889741087054983 -0.87234128736640237 3.8205603332433817 0.49439973675460147 -0.43619808519161529 3.7173243841585939 0.86636143109376584 -0.49941753144354295 3.7233603620051428 0.50002275766928062 1.2748675223200568e-05 3.3746468175420476 0.43306548334208911 -0.24977354813303279 3.8205603332433817 0.49439973675460147 -0.43619808519161529 3.9177603044816216 0.48877671583992222 -0.87240891905845375 3.7173243841585939 0.86636143109376584 -0.49941753144354295 3.3262359090750628 0.48889741087054983 -0.87234128736640237 3.8205603332433817 0.49439973675460147 -0.43619808519161529 3.9177603044816216 0.48877671583992222 -0.87240891905845375 3.3262359090750628 0.48889741087054983 -0.87234128736640237 3.5251902392338179 0 -0.99999999999999978 3.8205603332433817 0.49439973675460147 -0.43619808519161529 3.4350225724958925 -0.64993367848108585 -0.13246563706359371 3.9177603044816216 -0.87240891905845386 -0.48877671583992194 3.3262359090750628 -0.87234128736640271 -0.48889741087054966 3.3746468175420476 -0.24982399792656496 -0.43324549795814427 3.9177603044816216 -0.87240891905845386 -0.48877671583992194 3.7173243841585939 -0.49941753144354212 -0.86636143109376595 3.3262359090750628 -0.87234128736640271 -0.48889741087054966 3.3746468175420476 -0.24982399792656496 -0.43324549795814427 3.4350225724958925 -0.64993367848108585 -0.13246563706359371 3.9177603044816216 -0.87240891905845386 -0.48877671583992194 3.5251902392338179 -0.99999999999999989 2.1585564714315938e-16 3.3262359090750628 -0.87234128736640271 -0.48889741087054966 3.9177603044816216 0.48877671583992222 -0.87240891905845375 3.5251902392338179 0 -0.99999999999999978 3.965957433997648 -0.12752457729073766 -0.65128854202004749 3.8205603332433817 0.49439973675460147 -0.43619808519161529 3.9177603044816216 -0.87240891905845386 -0.48877671583992194 3.7173243841585939 -0.49941753144354212 -0.86636143109376595 3.3746468175420476 -0.24982399792656496 -0.43324549795814427 3.965957433997648 -0.12752457729073766 -0.65128854202004749 3.5251902392338179 0 -0.99999999999999978 3.3746468175420476 -0.24982399792656496 -0.43324549795814427 3.7173243841585939 -0.49941753144354212 -0.86636143109376595 3.965957433997648 -0.12752457729073766 -0.65128854202004749 3.3746468175420476 -0.24982399792656496 -0.43324549795814427 3.965957433997648 -0.12752457729073766 -0.65128854202004749 3.5251902392338179 0 -0.99999999999999978 3.8205603332433817 0.49439973675460147 -0.43619808519161529 3.9146020685588923 0.8717362257601361 0.48997546132176206 3.3243384906752658 0.87208285119873663 0.48935825388469989 3.7233603620051428 0.50002275766928062 1.2748675223200568e-05 3.8189812152820179 0.43587949171470847 0.49499410499849267 3.7147177110920335 0.48896018909860933 0.87230610079068738 3.3243384906752658 0.87208285119873663 0.48935825388469989 3.9146020685588923 0.8717362257601361 0.48997546132176206 3.8189812152820179 0.43587949171470847 0.49499410499849267 3.7147177110920335 0.48896018909860933 0.87230610079068738 3.3733434810087672 0.2443648623445108 0.4360882679840824 3.3243384906752658 0.87208285119873663 0.48935825388469989 3.8189812152820179 0.43587949171470847 0.49499410499849267 3.3733434810087672 0.2443648623445108 0.4360882679840824 3.7233603620051428 0.50002275766928062 1.2748675223200568e-05 3.3243384906752658 0.87208285119873663 0.48935825388469989 3.8189812152820179 0.43587949171470847 0.49499410499849267 3.5251902392338215 0 1.0000000000000002 3.3269427730870498 -0.48882875539753357 0.87237976128318018 3.3733434810087672 0.2443648623445108 0.4360882679840824 3.7233603620051441 2.2757669280691617e-05 0.50001274867522327 3.5251902392338215 0 1.0000000000000002 3.3733434810087672 0.2443648623445108 0.4360882679840824 3.7147177110920335 0.48896018909860933 0.87230610079068738 3.7233603620051441 2.2757669280691617e-05 0.50001274867522327 3.3801895411174554 -0.38810680112482654 0.29724461326847906 3.3733434810087672 0.2443648623445108 0.4360882679840824 3.3269427730870498 -0.48882875539753357 0.87237976128318018 3.7233603620051441 2.2757669280691617e-05 0.50001274867522327 3.7147177110920335 0.48896018909860933 0.87230610079068738 3.7233603620051441 2.2757669280691617e-05 0.50001274867522327 3.3733434810087672 0.2443648623445108 0.4360882679840824 3.8189812152820179 0.43587949171470847 0.49499410499849267 3.031969250925501 -0.00023046440958775227 -0.00012956482252261814 3.3801895411174554 -0.38810680112482654 0.29724461326847906 3.8957550834858807 0.0072164058410754605 0.0020484401569926883 3.3733434810087672 0.2443648623445108 0.4360882679840824 3.8957550834858807 0.0072164058410754605 0.0020484401569926883 3.3746468175420476 0.43306548334208911 -0.24977354813303279 3.031969250925501 -0.00023046440958775227 -0.00012956482252261814 3.3733434810087672 0.2443648623445108 0.4360882679840824 3.8957550834858807 0.0072164058410754605 0.0020484401569926883 3.3801895411174554 -0.38810680112482654 0.29724461326847906 3.031969250925501 -0.00023046440958775227 -0.00012956482252261814 3.3746468175420476 -0.24982399792656496 -0.43324549795814427 3.8957550834858807 0.0072164058410754605 0.0020484401569926883 3.3733434810087672 0.2443648623445108 0.4360882679840824 3.3801895411174554 -0.38810680112482654 0.29724461326847906 3.7233603620051441 2.2757669280691617e-05 0.50001274867522327 3.031969250925501 -0.00023046440958775227 -0.00012956482252261814 3.3746468175420476 0.43306548334208911 -0.24977354813303279 3.8957550834858807 0.0072164058410754605 0.0020484401569926883 3.3746468175420476 -0.24982399792656496 -0.43324549795814427 3.3746468175420476 0.43306548334208911 -0.24977354813303279 3.3733434810087672 0.2443648623445108 0.4360882679840824 3.8957550834858807 0.0072164058410754605 0.0020484401569926883 3.7233603620051428 0.50002275766928062 1.2748675223200568e-05 3.7233603620051441 2.2757669280691617e-05 0.50001274867522327 3.8957550834858807 0.0072164058410754605 0.0020484401569926883 3.3733434810087672 0.2443648623445108 0.4360882679840824 3.8189812152820179 0.43587949171470847 0.49499410499849267 3.8957550834858807 0.0072164058410754605 0.0020484401569926883 3.3733434810087672 0.2443648623445108 0.4360882679840824 3.8189812152820179 0.43587949171470847 0.49499410499849267 3.7233603620051428 0.50002275766928062 1.2748675223200568e-05 3.4350225724958925 -0.64993367848108585 -0.13246563706359371 3.3801895411174554 -0.38810680112482654 0.29724461326847906 3.8957550834858807 0.0072164058410754605 0.0020484401569926883 3.3746468175420476 -0.24982399792656496 -0.43324549795814427 3.8957550834858807 0.0072164058410754605 0.0020484401569926883 3.3746468175420476 0.43306548334208911 -0.24977354813303279 3.7233603620051428 0.50002275766928062 1.2748675223200568e-05 3.8205603332433817 0.49439973675460147 -0.43619808519161529 3.8957550834858807 0.0072164058410754605 0.0020484401569926883 3.3746468175420476 -0.24982399792656496 -0.43324549795814427 3.3746468175420476 0.43306548334208911 -0.24977354813303279 3.8205603332433817 0.49439973675460147 -0.43619808519161529 3.8957550834858807 0.0072164058410754605 0.0020484401569926883 3.965957433997648 -0.12752457729073766 -0.65128854202004749 3.3746468175420476 -0.24982399792656496 -0.43324549795814427 3.8205603332433817 0.49439973675460147 -0.43619808519161529 3.4350225724958925 -0.64993367848108585 -0.13246563706359371 3.3746468175420476 -0.24982399792656496 -0.43324549795814427 3.8957550834858807 0.0072164058410754605 0.0020484401569926883 4.137257610401802 -0.46749470462803522 -0.26090198466789682 3.9177603044816216 -0.87240891905845386 -0.48877671583992194 3.3746468175420476 -0.24982399792656496 -0.43324549795814427 4.137257610401802 -0.46749470462803522 -0.26090198466789682 3.965957433997648 -0.12752457729073766 -0.65128854202004749 3.8957550834858807 0.0072164058410754605 0.0020484401569926883 4.137257610401802 -0.46749470462803522 -0.26090198466789682 3.3746468175420476 -0.24982399792656496 -0.43324549795814427 3.965957433997648 -0.12752457729073766 -0.65128854202004749 3.4350225724958925 -0.64993367848108585 -0.13246563706359371 3.9177603044816216 -0.87240891905845386 -0.48877671583992194 3.3746468175420476 -0.24982399792656496 -0.43324549795814427 4.137257610401802 -0.46749470462803522 -0.26090198466789682 3.4350225724958925 -0.64993367848108585 -0.13246563706359371 4.11511414354029 -1 2.5197806820063091e-16 3.9177603044816216 -0.87240891905845386 -0.48877671583992194 4.137257610401802 -0.46749470462803522 -0.26090198466789682 3.4350225724958925 -0.64993367848108585 -0.13246563706359371 4.11511414354029 -1 2.5197806820063091e-16 3.7216105669863651 -0.87228268559478628 0.4890019595170837 3.5251902392338179 -0.99999999999999989 2.1585564714315938e-16 3.4350225724958925 -0.64993367848108585 -0.13246563706359371 4.11511414354029 -1 2.5197806820063091e-16 3.5251902392338179 -0.99999999999999989 2.1585564714315938e-16 3.9177603044816216 -0.87240891905845386 -0.48877671583992194 3.4350225724958925 -0.64993367848108585 -0.13246563706359371 4.137257610401802 -0.46749470462803522 -0.26090198466789682 3.8957550834858807 0.0072164058410754605 0.0020484401569926883 4.0333593774480567 -0.4124203712102395 0.35851404637597539 3.4350225724958925 -0.64993367848108585 -0.13246563706359371 3.3801895411174554 -0.38810680112482654 0.29724461326847906 3.7216105669863651 -0.87228268559478628 0.4890019595170837 4.0333593774480567 -0.4124203712102395 0.35851404637597539 3.4350225724958925 -0.64993367848108585 -0.13246563706359371 3.8957550834858807 0.0072164058410754605 0.0020484401569926883 3.3801895411174554 -0.38810680112482654 0.29724461326847906 4.0333593774480567 -0.4124203712102395 0.35851404637597539 3.8957550834858807 0.0072164058410754605 0.0020484401569926883 3.7233603620051441 2.2757669280691617e-05 0.50001274867522327 3.3801895411174554 -0.38810680112482654 0.29724461326847906 4.0333593774480567 -0.4124203712102395 0.35851404637597539 3.4350225724958925 -0.64993367848108585 -0.13246563706359371 4.11511414354029 -1 2.5197806820063091e-16 4.137257610401802 -0.46749470462803522 -0.26090198466789682 4.0333593774480567 -0.4124203712102395 0.35851404637597539 3.4350225724958925 -0.64993367848108585 -0.13246563706359371 3.7216105669863651 -0.87228268559478628 0.4890019595170837 4.11511414354029 -1 2.5197806820063091e-16 4.0333593774480567 -0.4124203712102395 0.35851404637597539 3.7216105669863651 -0.87228268559478628 0.4890019595170837 3.3269427730870498 -0.48882875539753357 0.87237976128318018 3.9253006650713118 -0.48868568516279948 0.87245991375934606 3.3801895411174554 -0.38810680112482654 0.29724461326847906 3.9253006650713118 -0.48868568516279948 0.87245991375934606 3.3801895411174554 -0.38810680112482654 0.29724461326847906 3.3269427730870498 -0.48882875539753357 0.87237976128318018 3.7233603620051441 2.2757669280691617e-05 0.50001274867522327 3.3801895411174554 -0.38810680112482654 0.29724461326847906 3.7233603620051441 2.2757669280691617e-05 0.50001274867522327 3.9253006650713118 -0.48868568516279948 0.87245991375934606 4.0333593774480567 -0.4124203712102395 0.35851404637597539 3.7216105669863651 -0.87228268559478628 0.4890019595170837 3.3801895411174554 -0.38810680112482654 0.29724461326847906 3.9253006650713118 -0.48868568516279948 0.87245991375934606 4.0333593774480567 -0.4124203712102395 0.35851404637597539 3.9253006650713118 -0.48868568516279948 0.87245991375934606 3.3269427730870498 -0.48882875539753357 0.87237976128318018 3.5251902392338215 0 1.0000000000000002 3.7233603620051441 2.2757669280691617e-05 0.50001274867522327 3.5251902392338215 0 1.0000000000000002 4.1151141435402963 0 1.0000000000000002 3.9253006650713118 -0.48868568516279948 0.87245991375934606 3.7233603620051441 2.2757669280691617e-05 0.50001274867522327 3.9253006650713118 -0.48868568516279948 0.87245991375934606 3.7233603620051441 2.2757669280691617e-05 0.50001274867522327 4.1151141435402963 0 1.0000000000000002 4.0333593774480567 -0.4124203712102395 0.35851404637597539 3.5251902392338215 0 1.0000000000000002 3.7147177110920335 0.48896018909860933 0.87230610079068738 4.1151141435402963 0 1.0000000000000002 3.7233603620051441 2.2757669280691617e-05 0.50001274867522327 4.1151141435402963 0 1.0000000000000002 3.7233603620051441 2.2757669280691617e-05 0.50001274867522327 3.7147177110920335 0.48896018909860933 0.87230610079068738 3.8189812152820179 0.43587949171470847 0.49499410499849267 4.1151141435402963 0 1.0000000000000002 3.7147177110920335 0.48896018909860933 0.87230610079068738 4.3038057168477657 0.48883286663761205 0.87237745758063645 3.8189812152820179 0.43587949171470847 0.49499410499849267 3.7147177110920335 0.48896018909860933 0.87230610079068738 3.9146020685588923 0.8717362257601361 0.48997546132176206 4.3038057168477657 0.48883286663761205 0.87237745758063645 3.8189812152820179 0.43587949171470847 0.49499410499849267 4.11511414354029 1 2.5197806820063091e-16 3.9146020685588923 0.8717362257601361 0.48997546132176206 3.5251902392338179 0.99999999999999989 2.1585564714315938e-16 3.7233603620051428 0.50002275766928062 1.2748675223200568e-05 4.11511414354029 1 2.5197806820063091e-16 3.5251902392338179 0.99999999999999989 2.1585564714315938e-16 3.7173243841585939 0.86636143109376584 -0.49941753144354295 3.7233603620051428 0.50002275766928062 1.2748675223200568e-05 3.7173243841585939 0.86636143109376584 -0.49941753144354295 4.11511414354029 1 2.5197806820063091e-16 3.7233603620051428 0.50002275766928062 1.2748675223200568e-05 3.8205603332433817 0.49439973675460147 -0.43619808519161529 3.5251902392338179 0 -0.99999999999999978 4.11511414354029 0 -0.99999999999999978 3.9177603044816216 0.48877671583992222 -0.87240891905845375 3.965957433997648 -0.12752457729073766 -0.65128854202004749 3.5251902392338179 0 -0.99999999999999978 3.7173243841585939 -0.49941753144354212 -0.86636143109376595 4.11511414354029 0 -0.99999999999999978 3.965957433997648 -0.12752457729073766 -0.65128854202004749 3.9177603044816216 -0.87240891905845386 -0.48877671583992194 4.3012315459190358 -0.49631720068991336 -0.86814125365595196 3.7173243841585939 -0.49941753144354212 -0.86636143109376595 3.965957433997648 -0.12752457729073766 -0.65128854202004749 3.9177603044816216 -0.87240891905845386 -0.48877671583992194 4.137257610401802 -0.46749470462803522 -0.26090198466789682 4.3012315459190358 -0.49631720068991336 -0.86814125365595196 3.965957433997648 -0.12752457729073766 -0.65128854202004749 3.7173243841585939 -0.49941753144354212 -0.86636143109376595 4.3012315459190358 -0.49631720068991336 -0.86814125365595196 4.11511414354029 0 -0.99999999999999978 3.965957433997648 -0.12752457729073766 -0.65128854202004749 3.7216105669863651 -0.87228268559478628 0.4890019595170837 4.306900104199598 -0.87240640404091474 0.48878120482318099 4.11511414354029 -1 2.5197806820063091e-16 4.0333593774480567 -0.4124203712102395 0.35851404637597539 3.7216105669863651 -0.87228268559478628 0.4890019595170837 3.9253006650713118 -0.48868568516279948 0.87245991375934606 4.306900104199598 -0.87240640404091474 0.48878120482318099 4.0333593774480567 -0.4124203712102395 0.35851404637597539 3.9146020685588923 0.8717362257601361 0.48997546132176206 3.7233603620051428 0.50002275766928062 1.2748675223200568e-05 4.11511414354029 1 2.5197806820063091e-16 4.3346385714938425 0.62592735108598085 0.17708815554953466 3.7233603620051428 0.50002275766928062 1.2748675223200568e-05 4.3346385714938425 0.62592735108598085 0.17708815554953466 3.9146020685588923 0.8717362257601361 0.48997546132176206 3.8189812152820179 0.43587949171470847 0.49499410499849267 4.3038057168477657 0.48883286663761205 0.87237745758063645 3.9146020685588923 0.8717362257601361 0.48997546132176206 4.3346385714938425 0.62592735108598085 0.17708815554953466 3.8189812152820179 0.43587949171470847 0.49499410499849267 3.8205603332433817 0.49439973675460147 -0.43619808519161529 3.8957550834858807 0.0072164058410754605 0.0020484401569926883 4.3346385714938425 0.62592735108598085 0.17708815554953466 3.7233603620051428 0.50002275766928062 1.2748675223200568e-05 4.11511414354029 1 2.5197806820063091e-16 4.3346385714938425 0.62592735108598085 0.17708815554953466 3.7233603620051428 0.50002275766928062 1.2748675223200568e-05 3.8205603332433817 0.49439973675460147 -0.43619808519161529 3.8957550834858807 0.0072164058410754605 0.0020484401569926883 4.3346385714938425 0.62592735108598085 0.17708815554953466 3.7233603620051428 0.50002275766928062 1.2748675223200568e-05 3.8189812152820179 0.43587949171470847 0.49499410499849267 4.2145904838367025 0.24436837686206681 -0.4362156529463288 3.8205603332433817 0.49439973675460147 -0.43619808519161529 3.8957550834858807 0.0072164058410754605 0.0020484401569926883 4.3346385714938425 0.62592735108598085 0.17708815554953466 3.8957550834858807 0.0072164058410754605 0.0020484401569926883 4.2145904838367025 0.24436837686206681 -0.4362156529463288 4.137257610401802 -0.46749470462803522 -0.26090198466789682 3.965957433997648 -0.12752457729073766 -0.65128854202004749 4.11511414354029 0 -0.99999999999999978 4.2145904838367025 0.24436837686206681 -0.4362156529463288 3.9177603044816216 0.48877671583992222 -0.87240891905845375 3.965957433997648 -0.12752457729073766 -0.65128854202004749 3.9177603044816216 0.48877671583992222 -0.87240891905845375 3.965957433997648 -0.12752457729073766 -0.65128854202004749 4.2145904838367025 0.24436837686206681 -0.4362156529463288 3.8205603332433817 0.49439973675460147 -0.43619808519161529 3.8957550834858807 0.0072164058410754605 0.0020484401569926883 4.2145904838367025 0.24436837686206681 -0.4362156529463288 3.965957433997648 -0.12752457729073766 -0.65128854202004749 3.8205603332433817 0.49439973675460147 -0.43619808519161529 4.3038057168477657 0.48883286663761205 0.87237745758063645 3.9146020685588923 0.8717362257601361 0.48997546132176206 4.5038186689424275 0.87217998424555987 0.48918511330723785 4.3346385714938425 0.62592735108598085 0.17708815554953466 4.5038186689424275 0.87217998424555987 0.48918511330723785 3.9146020685588923 0.8717362257601361 0.48997546132176206 4.11511414354029 1 2.5197806820063091e-16 4.3346385714938425 0.62592735108598085 0.17708815554953466 3.7173243841585939 0.86636143109376584 -0.49941753144354295 4.3012315459190376 0.86814125365595196 -0.4963172006899132 4.11511414354029 1 2.5197806820063091e-16 3.8205603332433817 0.49439973675460147 -0.43619808519161529 3.9177603044816216 0.48877671583992222 -0.87240891905845375 4.2145904838367025 0.24436837686206681 -0.4362156529463288 4.3012315459190376 0.86814125365595196 -0.4963172006899132 3.8205603332433817 0.49439973675460147 -0.43619808519161529 4.3012315459190376 0.86814125365595196 -0.4963172006899132 4.2145904838367025 0.24436837686206681 -0.4362156529463288 4.3346385714938425 0.62592735108598085 0.17708815554953466 3.8205603332433817 0.49439973675460147 -0.43619808519161529 3.9177603044816216 0.48877671583992222 -0.87240891905845375 4.3012315459190376 0.86814125365595196 -0.4963172006899132 3.7173243841585939 0.86636143109376584 -0.49941753144354295 3.8205603332433817 0.49439973675460147 -0.43619808519161529 4.3012315459190376 0.86814125365595196 -0.4963172006899132 4.3346385714938425 0.62592735108598085 0.17708815554953466 4.11511414354029 1 2.5197806820063091e-16 3.8205603332433817 0.49439973675460147 -0.43619808519161529 4.5076504828969384 0.48869123838557221 -0.87245680324310382 3.9177603044816216 0.48877671583992222 -0.87240891905845375 4.11511414354029 0 -0.99999999999999978 4.2145904838367025 0.24436837686206681 -0.4362156529463288 4.5076504828969384 0.48869123838557221 -0.87245680324310382 4.3012315459190376 0.86814125365595196 -0.4963172006899132 3.9177603044816216 0.48877671583992222 -0.87240891905845375 4.2145904838367025 0.24436837686206681 -0.4362156529463288 4.11511414354029 -1 2.5197806820063091e-16 4.5076504828969366 -0.87245680324310393 -0.48869123838557144 3.9177603044816216 -0.87240891905845386 -0.48877671583992194 4.137257610401802 -0.46749470462803522 -0.26090198466789682 4.5076504828969366 -0.87245680324310393 -0.48869123838557144 4.3012315459190358 -0.49631720068991336 -0.86814125365595196 3.9177603044816216 -0.87240891905845386 -0.48877671583992194 4.137257610401802 -0.46749470462803522 -0.26090198466789682 4.5076504828969366 -0.87245680324310393 -0.48869123838557144 4.705038047846763 -1 2.881004892581024e-16 4.137257610401802 -0.46749470462803522 -0.26090198466789682 4.11511414354029 -1 2.5197806820063091e-16 4.137257610401802 -0.46749470462803522 -0.26090198466789682 4.2145904838367025 0.24436837686206681 -0.4362156529463288 4.6646337389353594 -0.27797457937651793 -0.36928319699631279 3.965957433997648 -0.12752457729073766 -0.65128854202004749 4.5076504828969366 -0.87245680324310393 -0.48869123838557144 4.6646337389353594 -0.27797457937651793 -0.36928319699631279 4.3012315459190358 -0.49631720068991336 -0.86814125365595196 4.137257610401802 -0.46749470462803522 -0.26090198466789682 4.5076504828969366 -0.87245680324310393 -0.48869123838557144 4.705038047846763 -1 2.881004892581024e-16 4.6646337389353594 -0.27797457937651793 -0.36928319699631279 4.137257610401802 -0.46749470462803522 -0.26090198466789682 4.3012315459190358 -0.49631720068991336 -0.86814125365595196 4.137257610401802 -0.46749470462803522 -0.26090198466789682 4.6646337389353594 -0.27797457937651793 -0.36928319699631279 3.965957433997648 -0.12752457729073766 -0.65128854202004749 4.11511414354029 0 -0.99999999999999978 4.3012315459190358 -0.49631720068991336 -0.86814125365595196 4.6646337389353594 -0.27797457937651793 -0.36928319699631279 3.965957433997648 -0.12752457729073766 -0.65128854202004749 4.11511414354029 0 -0.99999999999999978 4.6646337389353594 -0.27797457937651793 -0.36928319699631279 4.2145904838367025 0.24436837686206681 -0.4362156529463288 3.965957433997648 -0.12752457729073766 -0.65128854202004749 4.1151141435402963 0 1.0000000000000002 4.3038057168477657 0.48883286663761205 0.87237745758063645 4.5541629994473949 0.25185470217196176 0.35417631109906911 3.8189812152820179 0.43587949171470847 0.49499410499849267 4.1151141435402963 0 1.0000000000000002 3.7233603620051441 2.2757669280691617e-05 0.50001274867522327 4.5541629994473949 0.25185470217196176 0.35417631109906911 4.0333593774480567 -0.4124203712102395 0.35851404637597539 4.3038057168477657 0.48883286663761205 0.87237745758063645 4.3346385714938425 0.62592735108598085 0.17708815554953466 4.5541629994473949 0.25185470217196176 0.35417631109906911 3.8189812152820179 0.43587949171470847 0.49499410499849267 4.3038057168477657 0.48883286663761205 0.87237745758063645 4.5038186689424275 0.87217998424555987 0.48918511330723785 4.5541629994473949 0.25185470217196176 0.35417631109906911 4.3346385714938425 0.62592735108598085 0.17708815554953466 4.5541629994473949 0.25185470217196176 0.35417631109906911 3.7233603620051441 2.2757669280691617e-05 0.50001274867522327 3.8957550834858807 0.0072164058410754605 0.0020484401569926883 4.0333593774480567 -0.4124203712102395 0.35851404637597539 4.1151141435402963 0 1.0000000000000002 4.5541629994473949 0.25185470217196176 0.35417631109906911 3.7233603620051441 2.2757669280691617e-05 0.50001274867522327 3.8189812152820179 0.43587949171470847 0.49499410499849267 3.8957550834858807 0.0072164058410754605 0.0020484401569926883 4.5541629994473949 0.25185470217196176 0.35417631109906911 4.2145904838367025 0.24436837686206681 -0.4362156529463288 4.3346385714938425 0.62592735108598085 0.17708815554953466 3.8957550834858807 0.0072164058410754605 0.0020484401569926883 3.7233603620051441 2.2757669280691617e-05 0.50001274867522327 4.5541629994473949 0.25185470217196176 0.35417631109906911 3.8189812152820179 0.43587949171470847 0.49499410499849267 3.8957550834858807 0.0072164058410754605 0.0020484401569926883 4.5541629994473949 0.25185470217196176 0.35417631109906911 4.3346385714938425 0.62592735108598085 0.17708815554953466 3.8189812152820179 0.43587949171470847 0.49499410499849267 4.11511414354029 -1 2.5197806820063091e-16 4.306900104199598 -0.87240640404091474 0.48878120482318099 4.705038047846763 -1 2.881004892581024e-16 4.586844576291834 -0.39774184833539589 0.19092806398157097 4.6646337389353594 -0.27797457937651793 -0.36928319699631279 4.137257610401802 -0.46749470462803522 -0.26090198466789682 4.586844576291834 -0.39774184833539589 0.19092806398157097 4.2145904838367025 0.24436837686206681 -0.4362156529463288 4.586844576291834 -0.39774184833539589 0.19092806398157097 4.5541629994473949 0.25185470217196176 0.35417631109906911 3.8957550834858807 0.0072164058410754605 0.0020484401569926883 4.0333593774480567 -0.4124203712102395 0.35851404637597539 4.705038047846763 -1 2.881004892581024e-16 4.6646337389353594 -0.27797457937651793 -0.36928319699631279 4.137257610401802 -0.46749470462803522 -0.26090198466789682 4.586844576291834 -0.39774184833539589 0.19092806398157097 4.705038047846763 -1 2.881004892581024e-16 4.137257610401802 -0.46749470462803522 -0.26090198466789682 4.11511414354029 -1 2.5197806820063091e-16 4.586844576291834 -0.39774184833539589 0.19092806398157097 4.11511414354029 -1 2.5197806820063091e-16 4.306900104199598 -0.87240640404091474 0.48878120482318099 4.586844576291834 -0.39774184833539589 0.19092806398157097 4.0333593774480567 -0.4124203712102395 0.35851404637597539 3.8957550834858807 0.0072164058410754605 0.0020484401569926883 4.5541629994473949 0.25185470217196176 0.35417631109906911 4.586844576291834 -0.39774184833539589 0.19092806398157097 4.2145904838367025 0.24436837686206681 -0.4362156529463288 4.586844576291834 -0.39774184833539589 0.19092806398157097 4.137257610401802 -0.46749470462803522 -0.26090198466789682 3.8957550834858807 0.0072164058410754605 0.0020484401569926883 4.2145904838367025 0.24436837686206681 -0.4362156529463288 3.8957550834858807 0.0072164058410754605 0.0020484401569926883 4.137257610401802 -0.46749470462803522 -0.26090198466789682 4.586844576291834 -0.39774184833539589 0.19092806398157097 4.0333593774480567 -0.4124203712102395 0.35851404637597539 4.11511414354029 -1 2.5197806820063091e-16 4.586844576291834 -0.39774184833539589 0.19092806398157097 4.137257610401802 -0.46749470462803522 -0.26090198466789682 4.0333593774480567 -0.4124203712102395 0.35851404637597539 4.586844576291834 -0.39774184833539589 0.19092806398157097 4.5541629994473949 0.25185470217196176 0.35417631109906911 4.6646337389353594 -0.27797457937651793 -0.36928319699631279 4.2145904838367025 0.24436837686206681 -0.4362156529463288 4.5075618131772703 -0.48878585419683068 0.87240379913035404 3.9253006650713118 -0.48868568516279948 0.87245991375934606 4.1151141435402963 0 1.0000000000000002 4.0333593774480567 -0.4124203712102395 0.35851404637597539 4.1151141435402963 0 1.0000000000000002 4.5541629994473949 0.25185470217196176 0.35417631109906911 4.5075618131772703 -0.48878585419683068 0.87240379913035404 4.0333593774480567 -0.4124203712102395 0.35851404637597539 4.306900104199598 -0.87240640404091474 0.48878120482318099 3.9253006650713118 -0.48868568516279948 0.87245991375934606 4.5075618131772703 -0.48878585419683068 0.87240379913035404 4.0333593774480567 -0.4124203712102395 0.35851404637597539 4.5075618131772703 -0.48878585419683068 0.87240379913035404 4.5541629994473949 0.25185470217196176 0.35417631109906911 4.586844576291834 -0.39774184833539589 0.19092806398157097 4.0333593774480567 -0.4124203712102395 0.35851404637597539 4.306900104199598 -0.87240640404091474 0.48878120482318099 4.5075618131772703 -0.48878585419683068 0.87240379913035404 4.586844576291834 -0.39774184833539589 0.19092806398157097 4.0333593774480567 -0.4124203712102395 0.35851404637597539 4.1151141435402963 0 1.0000000000000002 4.3038057168477657 0.48883286663761205 0.87237745758063645 4.7050380478467702 0 1.0000000000000002 4.5541629994473949 0.25185470217196176 0.35417631109906911 4.1151141435402963 0 1.0000000000000002 4.7050380478467702 0 1.0000000000000002 4.5075618131772703 -0.48878585419683068 0.87240379913035404 4.5541629994473949 0.25185470217196176 0.35417631109906911 4.3038057168477657 0.48883286663761205 0.87237745758063645 4.5038186689424275 0.87217998424555987 0.48918511330723785 4.8940300912013512 0.48899110043840754 0.87228877310901798 4.5541629994473949 0.25185470217196176 0.35417631109906911 4.7050380478467702 0 1.0000000000000002 4.3038057168477657 0.48883286663761205 0.87237745758063645 4.8940300912013512 0.48899110043840754 0.87228877310901798 4.5541629994473949 0.25185470217196176 0.35417631109906911 4.705038047846763 1 2.881004892581024e-16 4.5038186689424275 0.87217998424555987 0.48918511330723785 4.11511414354029 1 2.5197806820063091e-16 4.3346385714938425 0.62592735108598085 0.17708815554953466 4.705038047846763 1 2.881004892581024e-16 4.11511414354029 1 2.5197806820063091e-16 4.3012315459190376 0.86814125365595196 -0.4963172006899132 4.3346385714938425 0.62592735108598085 0.17708815554953466 4.11511414354029 0 -0.99999999999999978 4.705038047846763 0 -0.99999999999999967 4.5076504828969384 0.48869123838557221 -0.87245680324310382 4.2145904838367025 0.24436837686206681 -0.4362156529463288 4.11511414354029 0 -0.99999999999999978 4.3012315459190358 -0.49631720068991336 -0.86814125365595196 4.705038047846763 0 -0.99999999999999967 4.6646337389353594 -0.27797457937651793 -0.36928319699631279 4.11511414354029 0 -0.99999999999999978 4.6646337389353594 -0.27797457937651793 -0.36928319699631279 4.705038047846763 0 -0.99999999999999967 4.2145904838367025 0.24436837686206681 -0.4362156529463288 4.3012315459190358 -0.49631720068991336 -0.86814125365595196 4.8955942287232546 -0.48956243409268363 -0.87196824662670291 4.705038047846763 0 -0.99999999999999967 4.6646337389353594 -0.27797457937651793 -0.36928319699631279 4.5076504828969366 -0.87245680324310393 -0.48869123838557144 4.8955942287232546 -0.48956243409268363 -0.87196824662670291 4.3012315459190358 -0.49631720068991336 -0.86814125365595196 4.6646337389353594 -0.27797457937651793 -0.36928319699631279 4.306900104199598 -0.87240640404091474 0.48878120482318099 4.5075618131772703 -0.48878585419683068 0.87240379913035404 4.9014243595973968 -0.87226897309896345 0.48902641909091166 4.586844576291834 -0.39774184833539589 0.19092806398157097 4.306900104199598 -0.87240640404091474 0.48878120482318099 4.9014243595973968 -0.87226897309896345 0.48902641909091166 4.705038047846763 -1 2.881004892581024e-16 4.586844576291834 -0.39774184833539589 0.19092806398157097 4.5076504828969384 0.48869123838557221 -0.87245680324310382 4.701452846727455 0.43407392156649061 -0.24815675486553415 4.3012315459190376 0.86814125365595196 -0.4963172006899132 4.2145904838367025 0.24436837686206681 -0.4362156529463288 4.705038047846763 1 2.881004892581024e-16 4.3012315459190376 0.86814125365595196 -0.4963172006899132 4.701452846727455 0.43407392156649061 -0.24815675486553415 4.3346385714938425 0.62592735108598085 0.17708815554953466 4.6646337389353594 -0.27797457937651793 -0.36928319699631279 4.5541629994473949 0.25185470217196176 0.35417631109906911 4.701452846727455 0.43407392156649061 -0.24815675486553415 4.2145904838367025 0.24436837686206681 -0.4362156529463288 4.701452846727455 0.43407392156649061 -0.24815675486553415 4.2145904838367025 0.24436837686206681 -0.4362156529463288 4.5541629994473949 0.25185470217196176 0.35417631109906911 4.3346385714938425 0.62592735108598085 0.17708815554953466 4.3012315459190376 0.86814125365595196 -0.4963172006899132 4.2145904838367025 0.24436837686206681 -0.4362156529463288 4.701452846727455 0.43407392156649061 -0.24815675486553415 4.3346385714938425 0.62592735108598085 0.17708815554953466 4.705038047846763 1 2.881004892581024e-16 4.701452846727455 0.43407392156649061 -0.24815675486553415 4.8978314899373121 0.65298402529980204 0.12076883398569528 4.3346385714938425 0.62592735108598085 0.17708815554953466 4.5038186689424275 0.87217998424555987 0.48918511330723785 4.8978314899373121 0.65298402529980204 0.12076883398569528 4.5541629994473949 0.25185470217196176 0.35417631109906911 4.3346385714938425 0.62592735108598085 0.17708815554953466 4.5038186689424275 0.87217998424555987 0.48918511330723785 4.705038047846763 1 2.881004892581024e-16 4.8978314899373121 0.65298402529980204 0.12076883398569528 4.3346385714938425 0.62592735108598085 0.17708815554953466 4.8940300912013512 0.48899110043840754 0.87228877310901798 4.5541629994473949 0.25185470217196176 0.35417631109906911 4.5038186689424275 0.87217998424555987 0.48918511330723785 4.8978314899373121 0.65298402529980204 0.12076883398569528 4.5541629994473949 0.25185470217196176 0.35417631109906911 4.8978314899373121 0.65298402529980204 0.12076883398569528 4.701452846727455 0.43407392156649061 -0.24815675486553415 4.3346385714938425 0.62592735108598085 0.17708815554953466 4.6646337389353594 -0.27797457937651793 -0.36928319699631279 4.2145904838367025 0.24436837686206681 -0.4362156529463288 4.701452846727455 0.43407392156649061 -0.24815675486553415 4.8998263340574697 0.12027024832479632 -0.65326151410235123 4.705038047846763 0 -0.99999999999999967 4.6646337389353594 -0.27797457937651793 -0.36928319699631279 4.8955942287232546 -0.48956243409268363 -0.87196824662670291 4.8998263340574697 0.12027024832479632 -0.65326151410235123 4.6646337389353594 -0.27797457937651793 -0.36928319699631279 4.705038047846763 0 -0.99999999999999967 4.2145904838367025 0.24436837686206681 -0.4362156529463288 4.8998263340574697 0.12027024832479632 -0.65326151410235123 4.5076504828969384 0.48869123838557221 -0.87245680324310382 4.701452846727455 0.43407392156649061 -0.24815675486553415 4.2145904838367025 0.24436837686206681 -0.4362156529463288 4.8998263340574697 0.12027024832479632 -0.65326151410235123 4.5076504828969384 0.48869123838557221 -0.87245680324310382 4.2145904838367025 0.24436837686206681 -0.4362156529463288 4.705038047846763 0 -0.99999999999999967 4.8998263340574697 0.12027024832479632 -0.65326151410235123 5.0942101331471683 0.87189412903311336 0.48969442283692471 4.5038186689424275 0.87217998424555987 0.48918511330723785 4.705038047846763 1 2.881004892581024e-16 4.8978314899373121 0.65298402529980204 0.12076883398569528 4.8940300912013512 0.48899110043840754 0.87228877310901798 4.5038186689424275 0.87217998424555987 0.48918511330723785 5.0942101331471683 0.87189412903311336 0.48969442283692471 4.8978314899373121 0.65298402529980204 0.12076883398569528 4.3012315459190376 0.86814125365595196 -0.4963172006899132 4.8955942287232528 0.87196824662670336 -0.48956243409268241 4.705038047846763 1 2.881004892581024e-16 4.701452846727455 0.43407392156649061 -0.24815675486553415 4.705038047846763 1 2.881004892581024e-16 4.701452846727455 0.43407392156649061 -0.24815675486553415 4.8955942287232528 0.87196824662670336 -0.48956243409268241 4.8978314899373121 0.65298402529980204 0.12076883398569528 4.5076504828969384 0.48869123838557221 -0.87245680324310382 4.8955942287232528 0.87196824662670336 -0.48956243409268241 4.3012315459190376 0.86814125365595196 -0.4963172006899132 4.701452846727455 0.43407392156649061 -0.24815675486553415 5.0981998213874853 0.48869580225603471 -0.87245424685614881 4.8955942287232528 0.87196824662670336 -0.48956243409268241 4.5076504828969384 0.48869123838557221 -0.87245680324310382 4.701452846727455 0.43407392156649061 -0.24815675486553415 5.0981998213874853 0.48869580225603471 -0.87245424685614881 4.701452846727455 0.43407392156649061 -0.24815675486553415 4.5076504828969384 0.48869123838557221 -0.87245680324310382 4.8998263340574697 0.12027024832479632 -0.65326151410235123 5.0981998213874853 0.48869580225603471 -0.87245424685614881 4.5076504828969384 0.48869123838557221 -0.87245680324310382 4.705038047846763 0 -0.99999999999999967 4.8998263340574697 0.12027024832479632 -0.65326151410235123 5.055036088696605 -0.6690561339859914 0.018230682949820304 4.6646337389353594 -0.27797457937651793 -0.36928319699631279 4.705038047846763 -1 2.881004892581024e-16 4.586844576291834 -0.39774184833539589 0.19092806398157097 5.055036088696605 -0.6690561339859914 0.018230682949820304 4.705038047846763 -1 2.881004892581024e-16 4.9014243595973968 -0.87226897309896345 0.48902641909091166 4.586844576291834 -0.39774184833539589 0.19092806398157097 5.0981998213874871 -0.87245424685615014 -0.48869580225603254 4.5076504828969366 -0.87245680324310393 -0.48869123838557144 4.705038047846763 -1 2.881004892581024e-16 4.6646337389353594 -0.27797457937651793 -0.36928319699631279 5.0981998213874871 -0.87245424685615014 -0.48869580225603254 4.8955942287232546 -0.48956243409268363 -0.87196824662670291 4.5076504828969366 -0.87245680324310393 -0.48869123838557144 4.6646337389353594 -0.27797457937651793 -0.36928319699631279 5.055036088696605 -0.6690561339859914 0.018230682949820304 5.0981998213874871 -0.87245424685615014 -0.48869580225603254 4.705038047846763 -1 2.881004892581024e-16 4.6646337389353594 -0.27797457937651793 -0.36928319699631279 5.055036088696605 -0.6690561339859914 0.018230682949820304 4.705038047846763 -1 2.881004892581024e-16 5.0981998213874871 -0.87245424685615014 -0.48869580225603254 5.294961952153237 -0.99999999999999989 3.2422291031557413e-16 5.055036088696605 -0.6690561339859914 0.018230682949820304 4.705038047846763 -1 2.881004892581024e-16 5.294961952153237 -0.99999999999999989 3.2422291031557413e-16 4.9014243595973968 -0.87226897309896345 0.48902641909091166 5.0981998213874871 -0.87245424685615014 -0.48869580225603254 4.8955942287232546 -0.48956243409268363 -0.87196824662670291 4.6646337389353594 -0.27797457937651793 -0.36928319699631279 5.2285110917381452 -0.34091347625346247 -0.4114014604920021 5.2285110917381452 -0.34091347625346247 -0.4114014604920021 5.0981998213874871 -0.87245424685615014 -0.48869580225603254 5.055036088696605 -0.6690561339859914 0.018230682949820304 4.6646337389353594 -0.27797457937651793 -0.36928319699631279 4.6646337389353594 -0.27797457937651793 -0.36928319699631279 5.2285110917381452 -0.34091347625346247 -0.4114014604920021 4.8955942287232546 -0.48956243409268363 -0.87196824662670291 4.8998263340574697 0.12027024832479632 -0.65326151410235123 4.586844576291834 -0.39774184833539589 0.19092806398157097 4.5541629994473949 0.25185470217196176 0.35417631109906911 5.1016741475358725 6.5894770291674565e-06 3.6909588449346442e-06 4.6646337389353594 -0.27797457937651793 -0.36928319699631279 4.5541629994473949 0.25185470217196176 0.35417631109906911 5.1016741475358725 6.5894770291674565e-06 3.6909588449346442e-06 4.6646337389353594 -0.27797457937651793 -0.36928319699631279 4.701452846727455 0.43407392156649061 -0.24815675486553415 4.6646337389353594 -0.27797457937651793 -0.36928319699631279 4.701452846727455 0.43407392156649061 -0.24815675486553415 5.1016741475358725 6.5894770291674565e-06 3.6909588449346442e-06 4.8998263340574697 0.12027024832479632 -0.65326151410235123 4.701452846727455 0.43407392156649061 -0.24815675486553415 4.5541629994473949 0.25185470217196176 0.35417631109906911 5.1016741475358725 6.5894770291674565e-06 3.6909588449346442e-06 4.8978314899373121 0.65298402529980204 0.12076883398569528 4.6646337389353594 -0.27797457937651793 -0.36928319699631279 5.1016741475358725 6.5894770291674565e-06 3.6909588449346442e-06 5.2285110917381452 -0.34091347625346247 -0.4114014604920021 4.8998263340574697 0.12027024832479632 -0.65326151410235123 5.1016741475358725 6.5894770291674565e-06 3.6909588449346442e-06 5.1885006511447749 -0.31822929861751387 0.16560178947726284 4.6646337389353594 -0.27797457937651793 -0.36928319699631279 5.2285110917381452 -0.34091347625346247 -0.4114014604920021 5.1016741475358725 6.5894770291674565e-06 3.6909588449346442e-06 4.586844576291834 -0.39774184833539589 0.19092806398157097 4.6646337389353594 -0.27797457937651793 -0.36928319699631279 5.1885006511447749 -0.31822929861751387 0.16560178947726284 5.1885006511447749 -0.31822929861751387 0.16560178947726284 5.2285110917381452 -0.34091347625346247 -0.4114014604920021 5.055036088696605 -0.6690561339859914 0.018230682949820304 4.6646337389353594 -0.27797457937651793 -0.36928319699631279 5.055036088696605 -0.6690561339859914 0.018230682949820304 4.6646337389353594 -0.27797457937651793 -0.36928319699631279 4.586844576291834 -0.39774184833539589 0.19092806398157097 5.1885006511447749 -0.31822929861751387 0.16560178947726284 5.055036088696605 -0.6690561339859914 0.018230682949820304 4.586844576291834 -0.39774184833539589 0.19092806398157097 4.9014243595973968 -0.87226897309896345 0.48902641909091166 5.1885006511447749 -0.31822929861751387 0.16560178947726284 5.1016741475358725 6.5894770291674565e-06 3.6909588449346442e-06 4.9033560976913213 3.2947385145837282e-06 0.50000184547942261 4.586844576291834 -0.39774184833539589 0.19092806398157097 5.1885006511447749 -0.31822929861751387 0.16560178947726284 5.1016741475358725 6.5894770291674565e-06 3.6909588449346442e-06 4.5541629994473949 0.25185470217196176 0.35417631109906911 4.9033560976913213 3.2947385145837282e-06 0.50000184547942261 4.8978314899373121 0.65298402529980204 0.12076883398569528 4.7050380478467702 0 1.0000000000000002 4.5075618131772703 -0.48878585419683068 0.87240379913035404 4.5541629994473949 0.25185470217196176 0.35417631109906911 4.9033560976913213 3.2947385145837282e-06 0.50000184547942261 5.1016741475358725 6.5894770291674565e-06 3.6909588449346442e-06 4.5541629994473949 0.25185470217196176 0.35417631109906911 4.586844576291834 -0.39774184833539589 0.19092806398157097 4.9033560976913213 3.2947385145837282e-06 0.50000184547942261 4.586844576291834 -0.39774184833539589 0.19092806398157097 4.5541629994473949 0.25185470217196176 0.35417631109906911 4.5075618131772703 -0.48878585419683068 0.87240379913035404 4.9033560976913213 3.2947385145837282e-06 0.50000184547942261 4.7050380478467702 0 1.0000000000000002 4.5541629994473949 0.25185470217196176 0.35417631109906911 4.8940300912013512 0.48899110043840754 0.87228877310901798 4.9033560976913213 3.2947385145837282e-06 0.50000184547942261 4.8940300912013512 0.48899110043840754 0.87228877310901798 4.9033560976913213 3.2947385145837282e-06 0.50000184547942261 4.5541629994473949 0.25185470217196176 0.35417631109906911 4.8978314899373121 0.65298402529980204 0.12076883398569528 4.9014243595973968 -0.87226897309896345 0.48902641909091166 4.586844576291834 -0.39774184833539589 0.19092806398157097 5.1051484736842614 -0.48868262330197637 0.87246162877383859 5.1885006511447749 -0.31822929861751387 0.16560178947726284 4.9014243595973968 -0.87226897309896345 0.48902641909091166 4.5075618131772703 -0.48878585419683068 0.87240379913035404 5.1051484736842614 -0.48868262330197637 0.87246162877383859 4.586844576291834 -0.39774184833539589 0.19092806398157097 5.1051484736842614 -0.48868262330197637 0.87246162877383859 4.5075618131772703 -0.48878585419683068 0.87240379913035404 4.7050380478467702 0 1.0000000000000002 4.9033560976913213 3.2947385145837282e-06 0.50000184547942261 5.1051484736842614 -0.48868262330197637 0.87246162877383859 4.586844576291834 -0.39774184833539589 0.19092806398157097 4.5075618131772703 -0.48878585419683068 0.87240379913035404 4.9033560976913213 3.2947385145837282e-06 0.50000184547942261 4.586844576291834 -0.39774184833539589 0.19092806398157097 4.9033560976913213 3.2947385145837282e-06 0.50000184547942261 5.1051484736842614 -0.48868262330197637 0.87246162877383859 5.1885006511447749 -0.31822929861751387 0.16560178947726284 4.7050380478467702 0 1.0000000000000002 5.2949619521532467 0 1.0000000000000002 5.1051484736842614 -0.48868262330197637 0.87246162877383859 4.9033560976913213 3.2947385145837282e-06 0.50000184547942261 4.7050380478467702 0 1.0000000000000002 4.8940300912013512 0.48899110043840754 0.87228877310901798 5.2949619521532467 0 1.0000000000000002 4.9033560976913213 3.2947385145837282e-06 0.50000184547942261 5.3932139177671523 0.43581006083050677 0.24509868884636532 4.9033560976913213 3.2947385145837282e-06 0.50000184547942261 5.1016741475358725 6.5894770291674565e-06 3.6909588449346442e-06 5.1885006511447749 -0.31822929861751387 0.16560178947726284 4.8940300912013512 0.48899110043840754 0.87228877310901798 5.0942101331471683 0.87189412903311336 0.48969442283692471 5.4874029590927487 0.48881976531635424 0.87238479871904284 5.3932139177671523 0.43581006083050677 0.24509868884636532 4.8940300912013512 0.48899110043840754 0.87228877310901798 5.0942101331471683 0.87189412903311336 0.48969442283692471 5.3932139177671523 0.43581006083050677 0.24509868884636532 4.8978314899373121 0.65298402529980204 0.12076883398569528 4.8940300912013512 0.48899110043840754 0.87228877310901798 5.3932139177671523 0.43581006083050677 0.24509868884636532 4.9033560976913213 3.2947385145837282e-06 0.50000184547942261 4.8978314899373121 0.65298402529980204 0.12076883398569528 5.4874029590927487 0.48881976531635424 0.87238479871904284 5.2949619521532467 0 1.0000000000000002 4.8940300912013512 0.48899110043840754 0.87228877310901798 5.3932139177671523 0.43581006083050677 0.24509868884636532 5.2949619521532467 0 1.0000000000000002 4.8940300912013512 0.48899110043840754 0.87228877310901798 5.3932139177671523 0.43581006083050677 0.24509868884636532 4.9033560976913213 3.2947385145837282e-06 0.50000184547942261 5.1016741475358725 6.5894770291674565e-06 3.6909588449346442e-06 4.9033560976913213 3.2947385145837282e-06 0.50000184547942261 5.3932139177671523 0.43581006083050677 0.24509868884636532 4.8978314899373121 0.65298402529980204 0.12076883398569528 5.294961952153237 0.99999999999999989 3.2422291031557413e-16 5.3932139177671523 0.43581006083050677 0.24509868884636532 5.0942101331471683 0.87189412903311336 0.48969442283692471 4.8978314899373121 0.65298402529980204 0.12076883398569528 5.294961952153237 0.99999999999999989 3.2422291031557413e-16 5.0942101331471683 0.87189412903311336 0.48969442283692471 4.705038047846763 1 2.881004892581024e-16 4.8978314899373121 0.65298402529980204 0.12076883398569528 5.294961952153237 0.99999999999999989 3.2422291031557413e-16 4.705038047846763 1 2.881004892581024e-16 4.8955942287232528 0.87196824662670336 -0.48956243409268241 4.8978314899373121 0.65298402529980204 0.12076883398569528 4.705038047846763 0 -0.99999999999999967 5.294961952153237 0 -0.99999999999999956 5.0981998213874853 0.48869580225603471 -0.87245424685614881 4.8998263340574697 0.12027024832479632 -0.65326151410235123 4.705038047846763 0 -0.99999999999999967 4.8955942287232546 -0.48956243409268363 -0.87196824662670291 5.294961952153237 0 -0.99999999999999956 4.8998263340574697 0.12027024832479632 -0.65326151410235123 4.8955942287232546 -0.48956243409268363 -0.87196824662670291 5.2285110917381452 -0.34091347625346247 -0.4114014604920021 5.294961952153237 0 -0.99999999999999956 4.8998263340574697 0.12027024832479632 -0.65326151410235123 5.0981998213874871 -0.87245424685615014 -0.48869580225603254 5.4845709180486288 -0.48935202938469158 -0.87208634396892359 4.8955942287232546 -0.48956243409268363 -0.87196824662670291 5.2285110917381452 -0.34091347625346247 -0.4114014604920021 4.8955942287232546 -0.48956243409268363 -0.87196824662670291 5.4845709180486288 -0.48935202938469158 -0.87208634396892359 5.294961952153237 0 -0.99999999999999956 5.2285110917381452 -0.34091347625346247 -0.4114014604920021 4.9014243595973968 -0.87226897309896345 0.48902641909091166 5.1051484736842614 -0.48868262330197637 0.87246162877383859 5.4851926864701737 -0.87245216674240245 0.48869951580341014 5.1885006511447749 -0.31822929861751387 0.16560178947726284 5.055036088696605 -0.6690561339859914 0.018230682949820304 4.9014243595973968 -0.87226897309896345 0.48902641909091166 5.294961952153237 -0.99999999999999989 3.2422291031557413e-16 5.4851926864701737 -0.87245216674240245 0.48869951580341014 5.055036088696605 -0.6690561339859914 0.018230682949820304 4.9014243595973968 -0.87226897309896345 0.48902641909091166 5.4851926864701737 -0.87245216674240245 0.48869951580341014 5.1885006511447749 -0.31822929861751387 0.16560178947726284 4.701452846727455 0.43407392156649061 -0.24815675486553415 5.3944239612071598 0.24437268644597626 -0.43621323953773389 5.1016741475358725 6.5894770291674565e-06 3.6909588449346442e-06 4.8998263340574697 0.12027024832479632 -0.65326151410235123 5.0981998213874853 0.48869580225603471 -0.87245424685614881 4.8955942287232528 0.87196824662670336 -0.48956243409268241 4.701452846727455 0.43407392156649061 -0.24815675486553415 5.3944239612071598 0.24437268644597626 -0.43621323953773389 5.294961952153237 0 -0.99999999999999956 5.3944239612071598 0.24437268644597626 -0.43621323953773389 5.0981998213874853 0.48869580225603471 -0.87245424685614881 4.8998263340574697 0.12027024832479632 -0.65326151410235123 5.3944239612071598 0.24437268644597626 -0.43621323953773389 5.3932139177671523 0.43581006083050677 0.24509868884636532 5.294961952153237 0.99999999999999989 3.2422291031557413e-16 4.8978314899373121 0.65298402529980204 0.12076883398569528 5.0981998213874853 0.48869580225603471 -0.87245424685614881 5.3944239612071598 0.24437268644597626 -0.43621323953773389 4.701452846727455 0.43407392156649061 -0.24815675486553415 4.8998263340574697 0.12027024832479632 -0.65326151410235123 5.1016741475358725 6.5894770291674565e-06 3.6909588449346442e-06 5.3944239612071598 0.24437268644597626 -0.43621323953773389 4.701452846727455 0.43407392156649061 -0.24815675486553415 4.8978314899373121 0.65298402529980204 0.12076883398569528 5.294961952153237 0 -0.99999999999999956 5.2285110917381452 -0.34091347625346247 -0.4114014604920021 5.3944239612071598 0.24437268644597626 -0.43621323953773389 4.8998263340574697 0.12027024832479632 -0.65326151410235123 5.3944239612071598 0.24437268644597626 -0.43621323953773389 5.2285110917381452 -0.34091347625346247 -0.4114014604920021 5.1016741475358725 6.5894770291674565e-06 3.6909588449346442e-06 4.8998263340574697 0.12027024832479632 -0.65326151410235123 5.1016741475358725 6.5894770291674565e-06 3.6909588449346442e-06 5.3932139177671523 0.43581006083050677 0.24509868884636532 5.3944239612071598 0.24437268644597626 -0.43621323953773389 4.8978314899373121 0.65298402529980204 0.12076883398569528 4.8955942287232528 0.87196824662670336 -0.48956243409268241 4.701452846727455 0.43407392156649061 -0.24815675486553415 5.3944239612071598 0.24437268644597626 -0.43621323953773389 4.8978314899373121 0.65298402529980204 0.12076883398569528 5.3944239612071598 0.24437268644597626 -0.43621323953773389 5.294961952153237 0.99999999999999989 3.2422291031557413e-16 4.8955942287232528 0.87196824662670336 -0.48956243409268241 4.8978314899373121 0.65298402529980204 0.12076883398569528 5.6847536879984322 0.8716135321839843 0.49019368673388564 5.0942101331471683 0.87189412903311336 0.48969442283692471 5.294961952153237 0.99999999999999989 3.2422291031557413e-16 5.3932139177671523 0.43581006083050677 0.24509868884636532 5.4874029590927487 0.48881976531635424 0.87238479871904284 5.0942101331471683 0.87189412903311336 0.48969442283692471 5.6847536879984322 0.8716135321839843 0.49019368673388564 5.3932139177671523 0.43581006083050677 0.24509868884636532 5.0981998213874853 0.48869580225603471 -0.87245424685614881 5.4845709180486155 0.87208634396892848 -0.48935202938468314 4.8955942287232528 0.87196824662670336 -0.48956243409268241 5.3944239612071598 0.24437268644597626 -0.43621323953773389 5.4845709180486155 0.87208634396892848 -0.48935202938468314 5.3944239612071598 0.24437268644597626 -0.43621323953773389 5.294961952153237 0.99999999999999989 3.2422291031557413e-16 4.8955942287232528 0.87196824662670336 -0.48956243409268241 5.6871737748784454 0.48873878341492333 -0.87243017003431278 5.4845709180486155 0.87208634396892848 -0.48935202938468314 5.0981998213874853 0.48869580225603471 -0.87245424685614881 5.3944239612071598 0.24437268644597626 -0.43621323953773389 5.294961952153237 0 -0.99999999999999956 5.6871737748784454 0.48873878341492333 -0.87243017003431278 5.0981998213874853 0.48869580225603471 -0.87245424685614881 5.3944239612071598 0.24437268644597626 -0.43621323953773389 5.055036088696605 -0.6690561339859914 0.018230682949820304 5.4851926864701737 -0.87245216674240245 0.48869951580341014 5.4479047070034383 -0.60947700020544415 -0.071570706520252575 5.1885006511447749 -0.31822929861751387 0.16560178947726284 5.055036088696605 -0.6690561339859914 0.018230682949820304 5.0981998213874871 -0.87245424685615014 -0.48869580225603254 5.4479047070034383 -0.60947700020544415 -0.071570706520252575 5.294961952153237 -0.99999999999999989 3.2422291031557413e-16 5.4479047070034383 -0.60947700020544415 -0.071570706520252575 5.1885006511447749 -0.31822929861751387 0.16560178947726284 5.2285110917381452 -0.34091347625346247 -0.4114014604920021 5.055036088696605 -0.6690561339859914 0.018230682949820304 5.4479047070034383 -0.60947700020544415 -0.071570706520252575 5.2285110917381452 -0.34091347625346247 -0.4114014604920021 5.0981998213874871 -0.87245424685615014 -0.48869580225603254 5.055036088696605 -0.6690561339859914 0.018230682949820304 5.055036088696605 -0.6690561339859914 0.018230682949820304 5.294961952153237 -0.99999999999999989 3.2422291031557413e-16 5.4479047070034383 -0.60947700020544415 -0.071570706520252575 5.4851926864701737 -0.87245216674240245 0.48869951580341014 5.4479047070034383 -0.60947700020544415 -0.071570706520252575 5.6871737748784561 -0.87243017003431955 -0.48873878341491178 5.294961952153237 -0.99999999999999989 3.2422291031557413e-16 5.0981998213874871 -0.87245424685615014 -0.48869580225603254 5.6871737748784561 -0.87243017003431955 -0.48873878341491178 5.4845709180486288 -0.48935202938469158 -0.87208634396892359 5.0981998213874871 -0.87245424685615014 -0.48869580225603254 5.2285110917381452 -0.34091347625346247 -0.4114014604920021 5.4479047070034383 -0.60947700020544415 -0.071570706520252575 5.6871737748784561 -0.87243017003431955 -0.48873878341491178 5.0981998213874871 -0.87245424685615014 -0.48869580225603254 5.2285110917381452 -0.34091347625346247 -0.4114014604920021 5.4479047070034383 -0.60947700020544415 -0.071570706520252575 5.88488585645971 -1 3.6034533137304572e-16 5.294961952153237 -0.99999999999999989 3.2422291031557413e-16 5.6871737748784561 -0.87243017003431955 -0.48873878341491178 5.4479047070034383 -0.60947700020544415 -0.071570706520252575 5.88488585645971 -1 3.6034533137304572e-16 5.4851926864701737 -0.87245216674240245 0.48869951580341014 5.294961952153237 -0.99999999999999989 3.2422291031557413e-16 5.7205161925867944 -0.18255045583756416 -0.29710684201233639 5.1885006511447749 -0.31822929861751387 0.16560178947726284 5.1016741475358725 6.5894770291674565e-06 3.6909588449346442e-06 5.2285110917381452 -0.34091347625346247 -0.4114014604920021 5.1016741475358725 6.5894770291674565e-06 3.6909588449346442e-06 5.3944239612071598 0.24437268644597626 -0.43621323953773389 5.7205161925867944 -0.18255045583756416 -0.29710684201233639 5.2285110917381452 -0.34091347625346247 -0.4114014604920021 5.4479047070034383 -0.60947700020544415 -0.071570706520252575 5.1885006511447749 -0.31822929861751387 0.16560178947726284 5.7205161925867944 -0.18255045583756416 -0.29710684201233639 5.2285110917381452 -0.34091347625346247 -0.4114014604920021 5.1016741475358725 6.5894770291674565e-06 3.6909588449346442e-06 5.1885006511447749 -0.31822929861751387 0.16560178947726284 5.7205161925867944 -0.18255045583756416 -0.29710684201233639 5.3932139177671523 0.43581006083050677 0.24509868884636532 5.6871737748784561 -0.87243017003431955 -0.48873878341491178 5.7205161925867944 -0.18255045583756416 -0.29710684201233639 5.4845709180486288 -0.48935202938469158 -0.87208634396892359 5.2285110917381452 -0.34091347625346247 -0.4114014604920021 5.294961952153237 0 -0.99999999999999956 5.4845709180486288 -0.48935202938469158 -0.87208634396892359 5.7205161925867944 -0.18255045583756416 -0.29710684201233639 5.2285110917381452 -0.34091347625346247 -0.4114014604920021 5.4479047070034383 -0.60947700020544415 -0.071570706520252575 5.6871737748784561 -0.87243017003431955 -0.48873878341491178 5.2285110917381452 -0.34091347625346247 -0.4114014604920021 5.7205161925867944 -0.18255045583756416 -0.29710684201233639 5.294961952153237 0 -0.99999999999999956 5.7205161925867944 -0.18255045583756416 -0.29710684201233639 5.3944239612071598 0.24437268644597626 -0.43621323953773389 5.2285110917381452 -0.34091347625346247 -0.4114014604920021 5.7205161925867944 -0.18255045583756416 -0.29710684201233639 5.3944239612071598 0.24437268644597626 -0.43621323953773389 5.1016741475358725 6.5894770291674565e-06 3.6909588449346442e-06 5.3932139177671523 0.43581006083050677 0.24509868884636532 5.4851926864701737 -0.87245216674240245 0.48869951580341014 5.1051484736842614 -0.48868262330197637 0.87246162877383859 5.6864489125290394 -0.48887813624746118 0.87235208941069742 5.6677977259830907 -0.31168313321474095 0.43169205740592387 5.4479047070034383 -0.60947700020544415 -0.071570706520252575 5.7205161925867944 -0.18255045583756416 -0.29710684201233639 5.1885006511447749 -0.31822929861751387 0.16560178947726284 5.6677977259830907 -0.31168313321474095 0.43169205740592387 5.3932139177671523 0.43581006083050677 0.24509868884636532 5.6677977259830907 -0.31168313321474095 0.43169205740592387 4.9033560976913213 3.2947385145837282e-06 0.50000184547942261 5.1885006511447749 -0.31822929861751387 0.16560178947726284 5.4479047070034383 -0.60947700020544415 -0.071570706520252575 5.88488585645971 -1 3.6034533137304572e-16 5.6677977259830907 -0.31168313321474095 0.43169205740592387 5.4851926864701737 -0.87245216674240245 0.48869951580341014 5.1885006511447749 -0.31822929861751387 0.16560178947726284 5.7205161925867944 -0.18255045583756416 -0.29710684201233639 5.3932139177671523 0.43581006083050677 0.24509868884636532 5.6677977259830907 -0.31168313321474095 0.43169205740592387 5.6864489125290394 -0.48887813624746118 0.87235208941069742 5.1051484736842614 -0.48868262330197637 0.87246162877383859 5.2949619521532467 0 1.0000000000000002 5.6677977259830907 -0.31168313321474095 0.43169205740592387 5.4479047070034383 -0.60947700020544415 -0.071570706520252575 5.4851926864701737 -0.87245216674240245 0.48869951580341014 5.6677977259830907 -0.31168313321474095 0.43169205740592387 5.1885006511447749 -0.31822929861751387 0.16560178947726284 5.2949619521532467 0 1.0000000000000002 5.3932139177671523 0.43581006083050677 0.24509868884636532 5.6677977259830907 -0.31168313321474095 0.43169205740592387 4.9033560976913213 3.2947385145837282e-06 0.50000184547942261 5.1051484736842614 -0.48868262330197637 0.87246162877383859 5.6677977259830907 -0.31168313321474095 0.43169205740592387 5.4851926864701737 -0.87245216674240245 0.48869951580341014 5.1885006511447749 -0.31822929861751387 0.16560178947726284 5.2949619521532467 0 1.0000000000000002 5.6677977259830907 -0.31168313321474095 0.43169205740592387 5.1051484736842614 -0.48868262330197637 0.87246162877383859 4.9033560976913213 3.2947385145837282e-06 0.50000184547942261 5.6677977259830907 -0.31168313321474095 0.43169205740592387 5.1051484736842614 -0.48868262330197637 0.87246162877383859 4.9033560976913213 3.2947385145837282e-06 0.50000184547942261 5.1885006511447749 -0.31822929861751387 0.16560178947726284 5.4845709180486155 0.87208634396892848 -0.48935202938468314 5.3944239612071598 0.24437268644597626 -0.43621323953773389 5.8805544419938887 0.43598163924394534 -0.24456625433490398 5.294961952153237 0.99999999999999989 3.2422291031557413e-16 5.6871737748784454 0.48873878341492333 -0.87243017003431278 5.8805544419938887 0.43598163924394534 -0.24456625433490398 5.4845709180486155 0.87208634396892848 -0.48935202938468314 5.3944239612071598 0.24437268644597626 -0.43621323953773389 5.3944239612071598 0.24437268644597626 -0.43621323953773389 5.8805544419938887 0.43598163924394534 -0.24456625433490398 5.294961952153237 0.99999999999999989 3.2422291031557413e-16 5.3932139177671523 0.43581006083050677 0.24509868884636532 5.8805544419938887 0.43598163924394534 -0.24456625433490398 5.3944239612071598 0.24437268644597626 -0.43621323953773389 5.7205161925867944 -0.18255045583756416 -0.29710684201233639 5.3932139177671523 0.43581006083050677 0.24509868884636532 5.2949619521532467 0 1.0000000000000002 5.8848858564597215 0 1.0000000000000004 5.6864489125290394 -0.48887813624746118 0.87235208941069742 5.6677977259830907 -0.31168313321474095 0.43169205740592387 5.7205161925867944 -0.18255045583756416 -0.29710684201233639 5.8819704625159552 0.24434834991765819 0.43630215971695896 5.8805544419938887 0.43598163924394534 -0.24456625433490398 5.3932139177671523 0.43581006083050677 0.24509868884636532 5.2949619521532467 0 1.0000000000000002 5.4874029590927487 0.48881976531635424 0.87238479871904284 5.8848858564597215 0 1.0000000000000004 5.8819704625159552 0.24434834991765819 0.43630215971695896 5.2949619521532467 0 1.0000000000000002 5.4874029590927487 0.48881976531635424 0.87238479871904284 5.8819704625159552 0.24434834991765819 0.43630215971695896 5.3932139177671523 0.43581006083050677 0.24509868884636532 5.4874029590927487 0.48881976531635424 0.87238479871904284 5.6847536879984322 0.8716135321839843 0.49019368673388564 5.8819704625159552 0.24434834991765819 0.43630215971695896 5.3932139177671523 0.43581006083050677 0.24509868884636532 5.2949619521532467 0 1.0000000000000002 5.8819704625159552 0.24434834991765819 0.43630215971695896 5.8848858564597215 0 1.0000000000000004 5.6677977259830907 -0.31168313321474095 0.43169205740592387 5.7205161925867944 -0.18255045583756416 -0.29710684201233639 5.6677977259830907 -0.31168313321474095 0.43169205740592387 5.8819704625159552 0.24434834991765819 0.43630215971695896 5.3932139177671523 0.43581006083050677 0.24509868884636532 5.2949619521532467 0 1.0000000000000002 5.8819704625159552 0.24434834991765819 0.43630215971695896 5.6677977259830907 -0.31168313321474095 0.43169205740592387 5.3932139177671523 0.43581006083050677 0.24509868884636532 5.4874029590927487 0.48881976531635424 0.87238479871904284 5.6847536879984322 0.8716135321839843 0.49019368673388564 6.0762676264481899 0.48877025261849694 0.87241254011806357 5.8819704625159552 0.24434834991765819 0.43630215971695896 5.8848858564597215 0 1.0000000000000004 5.4874029590927487 0.48881976531635424 0.87238479871904284 6.0762676264481899 0.48877025261849694 0.87241254011806357 5.8819704625159552 0.24434834991765819 0.43630215971695896 5.6847536879984322 0.8716135321839843 0.49019368673388564 5.8819704625159552 0.24434834991765819 0.43630215971695896 5.3932139177671523 0.43581006083050677 0.24509868884636532 6.0757701147919185 0.65406883932232396 0.12233077418367737 5.8805544419938887 0.43598163924394534 -0.24456625433490398 5.3932139177671523 0.43581006083050677 0.24509868884636532 5.8819704625159552 0.24434834991765819 0.43630215971695896 6.0757701147919185 0.65406883932232396 0.12233077418367737 5.88488585645971 1 3.6034533137304572e-16 5.294961952153237 0.99999999999999989 3.2422291031557413e-16 5.8805544419938887 0.43598163924394534 -0.24456625433490398 5.3932139177671523 0.43581006083050677 0.24509868884636532 5.88488585645971 1 3.6034533137304572e-16 5.294961952153237 0.99999999999999989 3.2422291031557413e-16 5.4845709180486155 0.87208634396892848 -0.48935202938468314 5.8805544419938887 0.43598163924394534 -0.24456625433490398 5.88488585645971 1 3.6034533137304572e-16 5.6847536879984322 0.8716135321839843 0.49019368673388564 5.294961952153237 0.99999999999999989 3.2422291031557413e-16 5.3932139177671523 0.43581006083050677 0.24509868884636532 5.88488585645971 1 3.6034533137304572e-16 5.6847536879984322 0.8716135321839843 0.49019368673388564 5.3932139177671523 0.43581006083050677 0.24509868884636532 6.0757701147919185 0.65406883932232396 0.12233077418367737 5.88488585645971 1 3.6034533137304572e-16 5.3932139177671523 0.43581006083050677 0.24509868884636532 5.8805544419938887 0.43598163924394534 -0.24456625433490398 6.0757701147919185 0.65406883932232396 0.12233077418367737 5.294961952153237 0 -0.99999999999999956 5.7205161925867944 -0.18255045583756416 -0.29710684201233639 5.88488585645971 0 -0.99999999999999956 5.3944239612071598 0.24437268644597626 -0.43621323953773389 5.294961952153237 0 -0.99999999999999956 5.4845709180486288 -0.48935202938469158 -0.87208634396892359 5.88488585645971 0 -0.99999999999999956 5.7205161925867944 -0.18255045583756416 -0.29710684201233639 5.294961952153237 0 -0.99999999999999956 5.88488585645971 0 -0.99999999999999956 5.6871737748784454 0.48873878341492333 -0.87243017003431278 5.3944239612071598 0.24437268644597626 -0.43621323953773389 5.4845709180486288 -0.48935202938469158 -0.87208634396892359 6.0790298239628635 -0.48922102162783609 -0.87215984314655026 5.88488585645971 0 -0.99999999999999956 5.7205161925867944 -0.18255045583756416 -0.29710684201233639 5.6871737748784561 -0.87243017003431955 -0.48873878341491178 6.0790298239628635 -0.48922102162783609 -0.87215984314655026 5.4845709180486288 -0.48935202938469158 -0.87208634396892359 5.7205161925867944 -0.18255045583756416 -0.29710684201233639 5.6864489125290394 -0.48887813624746118 0.87235208941069742 5.6677977259830907 -0.31168313321474095 0.43169205740592387 5.8848858564597215 0 1.0000000000000004 6.0795644161399309 -0.12234111165868919 0.6542844019176326 5.8848858564597215 0 1.0000000000000004 5.6677977259830907 -0.31168313321474095 0.43169205740592387 5.8819704625159552 0.24434834991765819 0.43630215971695896 6.0795644161399309 -0.12234111165868919 0.6542844019176326 5.8848858564597215 0 1.0000000000000004 5.8819704625159552 0.24434834991765819 0.43630215971695896 6.0762676264481899 0.48877025261849694 0.87241254011806357 6.0795644161399309 -0.12234111165868919 0.6542844019176326 5.4851926864701737 -0.87245216674240245 0.48869951580341014 6.0767924180217641 -0.87224398231943834 0.4890709920937118 5.88488585645971 -1 3.6034533137304572e-16 5.6677977259830907 -0.31168313321474095 0.43169205740592387 5.6677977259830907 -0.31168313321474095 0.43169205740592387 6.0767924180217641 -0.87224398231943834 0.4890709920937118 6.0795644161399309 -0.12234111165868919 0.6542844019176326 5.6864489125290394 -0.48887813624746118 0.87235208941069742 5.4851926864701737 -0.87245216674240245 0.48869951580341014 5.6864489125290394 -0.48887813624746118 0.87235208941069742 6.0767924180217641 -0.87224398231943834 0.4890709920937118 5.6677977259830907 -0.31168313321474095 0.43169205740592387 6.2771583697639075 -0.48903057323503651 0.87226664411830634 5.6864489125290394 -0.48887813624746118 0.87235208941069742 5.8848858564597215 0 1.0000000000000004 6.0795644161399309 -0.12234111165868919 0.6542844019176326 6.0767924180217641 -0.87224398231943834 0.4890709920937118 6.0795644161399309 -0.12234111165868919 0.6542844019176326 5.6864489125290394 -0.48887813624746118 0.87235208941069742 6.2771583697639075 -0.48903057323503651 0.87226664411830634 5.88488585645971 0 -0.99999999999999956 5.7205161925867944 -0.18255045583756416 -0.29710684201233639 6.0790298239628635 -0.48922102162783609 -0.87215984314655026 6.032977126362228 0.13528224793868721 -0.6195273446188283 5.88488585645971 0 -0.99999999999999956 5.6871737748784454 0.48873878341492333 -0.87243017003431278 5.3944239612071598 0.24437268644597626 -0.43621323953773389 6.032977126362228 0.13528224793868721 -0.6195273446188283 5.88488585645971 0 -0.99999999999999956 5.3944239612071598 0.24437268644597626 -0.43621323953773389 5.7205161925867944 -0.18255045583756416 -0.29710684201233639 6.032977126362228 0.13528224793868721 -0.6195273446188283 5.6871737748784454 0.48873878341492333 -0.87243017003431278 5.8805544419938887 0.43598163924394534 -0.24456625433490398 5.3944239612071598 0.24437268644597626 -0.43621323953773389 6.032977126362228 0.13528224793868721 -0.6195273446188283 5.7205161925867944 -0.18255045583756416 -0.29710684201233639 5.3944239612071598 0.24437268644597626 -0.43621323953773389 5.8805544419938887 0.43598163924394534 -0.24456625433490398 6.032977126362228 0.13528224793868721 -0.6195273446188283 6.0762676264481899 0.48877025261849694 0.87241254011806357 5.6847536879984322 0.8716135321839843 0.49019368673388564 6.2709857875899493 0.87215603940070274 0.48922780270225874 5.8819704625159552 0.24434834991765819 0.43630215971695896 6.2709857875899493 0.87215603940070274 0.48922780270225874 5.6847536879984322 0.8716135321839843 0.49019368673388564 5.88488585645971 1 3.6034533137304572e-16 6.0757701147919185 0.65406883932232396 0.12233077418367737 6.2709857875899493 0.87215603940070274 0.48922780270225874 5.8819704625159552 0.24434834991765819 0.43630215971695896 5.6847536879984322 0.8716135321839843 0.49019368673388564 6.0757701147919185 0.65406883932232396 0.12233077418367737 5.6871737748784454 0.48873878341492333 -0.87243017003431278 6.0790298239628093 0.87215984314656836 -0.4892210216278044 5.4845709180486155 0.87208634396892848 -0.48935202938468314 5.8805544419938887 0.43598163924394534 -0.24456625433490398 5.4845709180486155 0.87208634396892848 -0.48935202938468314 6.0790298239628093 0.87215984314656836 -0.4892210216278044 5.88488585645971 1 3.6034533137304572e-16 5.8805544419938887 0.43598163924394534 -0.24456625433490398 6.0790298239628093 0.87215984314656836 -0.4892210216278044 5.8805544419938887 0.43598163924394534 -0.24456625433490398 5.6871737748784454 0.48873878341492333 -0.87243017003431278 6.032977126362228 0.13528224793868721 -0.6195273446188283 5.88488585645971 1 3.6034533137304572e-16 5.8805544419938887 0.43598163924394534 -0.24456625433490398 6.0790298239628093 0.87215984314656836 -0.4892210216278044 6.0757701147919185 0.65406883932232396 0.12233077418367737 6.2820901442882837 0.48878876127256149 -0.87240217036274859 6.0790298239628093 0.87215984314656836 -0.4892210216278044 5.6871737748784454 0.48873878341492333 -0.87243017003431278 6.032977126362228 0.13528224793868721 -0.6195273446188283 6.2820901442882837 0.48878876127256149 -0.87240217036274859 5.6871737748784454 0.48873878341492333 -0.87243017003431278 5.88488585645971 0 -0.99999999999999956 6.032977126362228 0.13528224793868721 -0.6195273446188283 6.0767924180217641 -0.87224398231943834 0.4890709920937118 5.88488585645971 -1 3.6034533137304572e-16 5.6677977259830907 -0.31168313321474095 0.43169205740592387 6.1050991485992707 -0.52374498071681297 -0.0031825040025673878 5.4479047070034383 -0.60947700020544415 -0.071570706520252575 5.6871737748784561 -0.87243017003431955 -0.48873878341491178 5.7205161925867944 -0.18255045583756416 -0.29710684201233639 6.1050991485992707 -0.52374498071681297 -0.0031825040025673878 5.4479047070034383 -0.60947700020544415 -0.071570706520252575 5.7205161925867944 -0.18255045583756416 -0.29710684201233639 5.6677977259830907 -0.31168313321474095 0.43169205740592387 6.1050991485992707 -0.52374498071681297 -0.0031825040025673878 5.4479047070034383 -0.60947700020544415 -0.071570706520252575 5.88488585645971 -1 3.6034533137304572e-16 5.6871737748784561 -0.87243017003431955 -0.48873878341491178 6.1050991485992707 -0.52374498071681297 -0.0031825040025673878 6.0767924180217641 -0.87224398231943834 0.4890709920937118 6.1050991485992707 -0.52374498071681297 -0.0031825040025673878 5.6677977259830907 -0.31168313321474095 0.43169205740592387 6.0795644161399309 -0.12234111165868919 0.6542844019176326 5.4479047070034383 -0.60947700020544415 -0.071570706520252575 5.88488585645971 -1 3.6034533137304572e-16 6.1050991485992707 -0.52374498071681297 -0.0031825040025673878 5.6677977259830907 -0.31168313321474095 0.43169205740592387 5.88488585645971 -1 3.6034533137304572e-16 6.2820901442883743 -0.87240217036277845 -0.48878876127250848 5.6871737748784561 -0.87243017003431955 -0.48873878341491178 6.1050991485992707 -0.52374498071681297 -0.0031825040025673878 6.2820901442883743 -0.87240217036277845 -0.48878876127250848 5.7205161925867944 -0.18255045583756416 -0.29710684201233639 5.6871737748784561 -0.87243017003431955 -0.48873878341491178 6.1050991485992707 -0.52374498071681297 -0.0031825040025673878 6.2820901442883743 -0.87240217036277845 -0.48878876127250848 6.0790298239628635 -0.48922102162783609 -0.87215984314655026 5.6871737748784561 -0.87243017003431955 -0.48873878341491178 5.7205161925867944 -0.18255045583756416 -0.29710684201233639 6.4748097607661839 -1 3.964677524305173e-16 6.2820901442883743 -0.87240217036277845 -0.48878876127250848 5.88488585645971 -1 3.6034533137304572e-16 6.1050991485992707 -0.52374498071681297 -0.0031825040025673878 6.4748097607661839 -1 3.964677524305173e-16 5.88488585645971 -1 3.6034533137304572e-16 6.0767924180217641 -0.87224398231943834 0.4890709920937118 6.1050991485992707 -0.52374498071681297 -0.0031825040025673878 6.2820901442882837 0.48878876127256149 -0.87240217036274859 6.0790298239628093 0.87215984314656836 -0.4892210216278044 6.032977126362228 0.13528224793868721 -0.6195273446188283 6.4729793731289798 0.43599112786007288 -0.2445493436692571 6.0790298239628093 0.87215984314656836 -0.4892210216278044 6.032977126362228 0.13528224793868721 -0.6195273446188283 6.4729793731289798 0.43599112786007288 -0.2445493436692571 5.8805544419938887 0.43598163924394534 -0.24456625433490398 5.8805544419938887 0.43598163924394534 -0.24456625433490398 6.4729793731289798 0.43599112786007288 -0.2445493436692571 6.0790298239628093 0.87215984314656836 -0.4892210216278044 6.0757701147919185 0.65406883932232396 0.12233077418367737 6.2820901442883743 -0.87240217036277845 -0.48878876127250848 6.4729793731290828 -0.24472063676727471 -0.43594290024311977 5.7205161925867944 -0.18255045583756416 -0.29710684201233639 6.1050991485992707 -0.52374498071681297 -0.0031825040025673878 5.7205161925867944 -0.18255045583756416 -0.29710684201233639 6.4729793731290828 -0.24472063676727471 -0.43594290024311977 6.0790298239628635 -0.48922102162783609 -0.87215984314655026 6.032977126362228 0.13528224793868721 -0.6195273446188283 6.2820901442883743 -0.87240217036277845 -0.48878876127250848 6.0790298239628635 -0.48922102162783609 -0.87215984314655026 5.7205161925867944 -0.18255045583756416 -0.29710684201233639 6.4729793731290828 -0.24472063676727471 -0.43594290024311977 6.2765379659391618 -0.00012306548103788173 0.00021952071487511132 5.6677977259830907 -0.31168313321474095 0.43169205740592387 5.7205161925867944 -0.18255045583756416 -0.29710684201233639 6.1050991485992707 -0.52374498071681297 -0.0031825040025673878 6.2765379659391618 -0.00012306548103788173 0.00021952071487511132 5.7205161925867944 -0.18255045583756416 -0.29710684201233639 5.8805544419938887 0.43598163924394534 -0.24456625433490398 6.032977126362228 0.13528224793868721 -0.6195273446188283 6.2765379659391618 -0.00012306548103788173 0.00021952071487511132 6.4729793731290828 -0.24472063676727471 -0.43594290024311977 5.7205161925867944 -0.18255045583756416 -0.29710684201233639 6.032977126362228 0.13528224793868721 -0.6195273446188283 5.8805544419938887 0.43598163924394534 -0.24456625433490398 5.7205161925867944 -0.18255045583756416 -0.29710684201233639 6.2765379659391618 -0.00012306548103788173 0.00021952071487511132 5.8819704625159552 0.24434834991765819 0.43630215971695896 5.8819704625159552 0.24434834991765819 0.43630215971695896 5.6677977259830907 -0.31168313321474095 0.43169205740592387 6.2765379659391618 -0.00012306548103788173 0.00021952071487511132 6.0795644161399309 -0.12234111165868919 0.6542844019176326 6.2765379659391618 -0.00012306548103788173 0.00021952071487511132 5.8819704625159552 0.24434834991765819 0.43630215971695896 5.7205161925867944 -0.18255045583756416 -0.29710684201233639 5.6677977259830907 -0.31168313321474095 0.43169205740592387 5.8805544419938887 0.43598163924394534 -0.24456625433490398 5.8819704625159552 0.24434834991765819 0.43630215971695896 6.2765379659391618 -0.00012306548103788173 0.00021952071487511132 6.0757701147919185 0.65406883932232396 0.12233077418367737 6.2765379659391618 -0.00012306548103788173 0.00021952071487511132 5.6677977259830907 -0.31168313321474095 0.43169205740592387 6.1050991485992707 -0.52374498071681297 -0.0031825040025673878 6.0795644161399309 -0.12234111165868919 0.6542844019176326 5.8805544419938887 0.43598163924394534 -0.24456625433490398 6.2765379659391618 -0.00012306548103788173 0.00021952071487511132 6.4729793731289798 0.43599112786007288 -0.2445493436692571 6.0757701147919185 0.65406883932232396 0.12233077418367737 5.7205161925867944 -0.18255045583756416 -0.29710684201233639 6.4729793731290828 -0.24472063676727471 -0.43594290024311977 6.2765379659391618 -0.00012306548103788173 0.00021952071487511132 6.1050991485992707 -0.52374498071681297 -0.0031825040025673878 6.2765379659391618 -0.00012306548103788173 0.00021952071487511132 5.8805544419938887 0.43598163924394534 -0.24456625433490398 6.4729793731289798 0.43599112786007288 -0.2445493436692571 6.032977126362228 0.13528224793868721 -0.6195273446188283 6.2765379659391618 -0.00012306548103788173 0.00021952071487511132 6.4729793731289798 0.43599112786007288 -0.2445493436692571 6.4729793731290828 -0.24472063676727471 -0.43594290024311977 6.032977126362228 0.13528224793868721 -0.6195273446188283 5.8848858564597215 0 1.0000000000000004 6.4748097607661963 0 1.0000000000000004 6.2771583697639075 -0.48903057323503651 0.87226664411830634 6.0795644161399309 -0.12234111165868919 0.6542844019176326 5.8848858564597215 0 1.0000000000000004 6.0762676264481899 0.48877025261849694 0.87241254011806357 6.4748097607661963 0 1.0000000000000004 6.0795644161399309 -0.12234111165868919 0.6542844019176326 6.5692993409947329 0.43564532895944202 0.24538415907766931 6.4729793731289798 0.43599112786007288 -0.2445493436692571 6.2765379659391618 -0.00012306548103788173 0.00021952071487511132 6.0757701147919185 0.65406883932232396 0.12233077418367737 5.8819704625159552 0.24434834991765819 0.43630215971695896 6.5692993409947329 0.43564532895944202 0.24538415907766931 6.2765379659391618 -0.00012306548103788173 0.00021952071487511132 6.0757701147919185 0.65406883932232396 0.12233077418367737 6.0762676264481899 0.48877025261849694 0.87241254011806357 6.2709857875899493 0.87215603940070274 0.48922780270225874 6.661639677934442 0.48892148747108566 0.87232779337188493 6.5692993409947329 0.43564532895944202 0.24538415907766931 6.0762676264481899 0.48877025261849694 0.87241254011806357 5.8819704625159552 0.24434834991765819 0.43630215971695896 6.2709857875899493 0.87215603940070274 0.48922780270225874 6.5692993409947329 0.43564532895944202 0.24538415907766931 5.8819704625159552 0.24434834991765819 0.43630215971695896 6.2765379659391618 -0.00012306548103788173 0.00021952071487511132 6.5692993409947329 0.43564532895944202 0.24538415907766931 6.0795644161399309 -0.12234111165868919 0.6542844019176326 6.2709857875899493 0.87215603940070274 0.48922780270225874 6.5692993409947329 0.43564532895944202 0.24538415907766931 5.8819704625159552 0.24434834991765819 0.43630215971695896 6.0757701147919185 0.65406883932232396 0.12233077418367737 5.8819704625159552 0.24434834991765819 0.43630215971695896 6.5692993409947329 0.43564532895944202 0.24538415907766931 6.0762676264481899 0.48877025261849694 0.87241254011806357 6.0795644161399309 -0.12234111165868919 0.6542844019176326 6.0762676264481899 0.48877025261849694 0.87241254011806357 6.5692993409947329 0.43564532895944202 0.24538415907766931 6.4748097607661963 0 1.0000000000000004 6.0795644161399309 -0.12234111165868919 0.6542844019176326 6.661639677934442 0.48892148747108566 0.87232779337188493 6.0762676264481899 0.48877025261849694 0.87241254011806357 6.5692993409947329 0.43564532895944202 0.24538415907766931 6.4748097607661963 0 1.0000000000000004 5.88488585645971 1 3.6034533137304572e-16 6.4748097607661839 1 3.964677524305173e-16 6.2709857875899493 0.87215603940070274 0.48922780270225874 6.0757701147919185 0.65406883932232396 0.12233077418367737 6.4748097607661839 1 3.964677524305173e-16 6.5692993409947329 0.43564532895944202 0.24538415907766931 6.2709857875899493 0.87215603940070274 0.48922780270225874 6.0757701147919185 0.65406883932232396 0.12233077418367737 6.4748097607661839 1 3.964677524305173e-16 6.4729793731289798 0.43599112786007288 -0.2445493436692571 6.5692993409947329 0.43564532895944202 0.24538415907766931 6.0757701147919185 0.65406883932232396 0.12233077418367737 5.88488585645971 1 3.6034533137304572e-16 6.0790298239628093 0.87215984314656836 -0.4892210216278044 6.4748097607661839 1 3.964677524305173e-16 6.0757701147919185 0.65406883932232396 0.12233077418367737 6.0790298239628093 0.87215984314656836 -0.4892210216278044 6.4729793731289798 0.43599112786007288 -0.2445493436692571 6.4748097607661839 1 3.964677524305173e-16 6.0757701147919185 0.65406883932232396 0.12233077418367737 6.0790298239628635 -0.48922102162783609 -0.87215984314655026 6.4729793731290828 -0.24472063676727471 -0.43594290024311977 6.4748097607661839 0 -0.99999999999999944 6.032977126362228 0.13528224793868721 -0.6195273446188283 5.88488585645971 0 -0.99999999999999956 6.4748097607661839 0 -0.99999999999999944 6.2820901442882837 0.48878876127256149 -0.87240217036274859 6.032977126362228 0.13528224793868721 -0.6195273446188283 5.88488585645971 0 -0.99999999999999956 6.0790298239628635 -0.48922102162783609 -0.87215984314655026 6.4748097607661839 0 -0.99999999999999944 6.032977126362228 0.13528224793868721 -0.6195273446188283 6.0790298239628635 -0.48922102162783609 -0.87215984314655026 6.6694207803190038 -0.48931820805351151 -0.87210532120111461 6.4748097607661839 0 -0.99999999999999944 6.4729793731290828 -0.24472063676727471 -0.43594290024311977 6.2820901442883743 -0.87240217036277845 -0.48878876127250848 6.6694207803190038 -0.48931820805351151 -0.87210532120111461 6.0790298239628635 -0.48922102162783609 -0.87215984314655026 6.4729793731290828 -0.24472063676727471 -0.43594290024311977 6.6666215231853867 -0.872215785411661 0.48912127706604619 6.5711365820904133 -0.24459275416824544 0.43623414828714796 6.4748097607661839 -1 3.964677524305173e-16 6.0767924180217641 -0.87224398231943834 0.4890709920937118 6.4748097607661963 0 1.0000000000000004 6.5711365820904133 -0.24459275416824544 0.43623414828714796 6.2771583697639075 -0.48903057323503651 0.87226664411830634 6.0795644161399309 -0.12234111165868919 0.6542844019176326 6.0767924180217641 -0.87224398231943834 0.4890709920937118 6.5711365820904133 -0.24459275416824544 0.43623414828714796 6.1050991485992707 -0.52374498071681297 -0.0031825040025673878 6.0795644161399309 -0.12234111165868919 0.6542844019176326 6.0767924180217641 -0.87224398231943834 0.4890709920937118 6.2771583697639075 -0.48903057323503651 0.87226664411830634 6.6666215231853867 -0.872215785411661 0.48912127706604619 6.5711365820904133 -0.24459275416824544 0.43623414828714796 6.5711365820904133 -0.24459275416824544 0.43623414828714796 6.4748097607661839 -1 3.964677524305173e-16 6.0767924180217641 -0.87224398231943834 0.4890709920937118 6.1050991485992707 -0.52374498071681297 -0.0031825040025673878 6.2765379659391618 -0.00012306548103788173 0.00021952071487511132 6.4729793731290828 -0.24472063676727471 -0.43594290024311977 6.5711365820904133 -0.24459275416824544 0.43623414828714796 6.1050991485992707 -0.52374498071681297 -0.0031825040025673878 6.0767924180217641 -0.87224398231943834 0.4890709920937118 6.2771583697639075 -0.48903057323503651 0.87226664411830634 6.5711365820904133 -0.24459275416824544 0.43623414828714796 6.0795644161399309 -0.12234111165868919 0.6542844019176326 6.5711365820904133 -0.24459275416824544 0.43623414828714796 6.5692993409947329 0.43564532895944202 0.24538415907766931 6.2765379659391618 -0.00012306548103788173 0.00021952071487511132 6.0795644161399309 -0.12234111165868919 0.6542844019176326 6.2765379659391618 -0.00012306548103788173 0.00021952071487511132 6.1050991485992707 -0.52374498071681297 -0.0031825040025673878 6.5711365820904133 -0.24459275416824544 0.43623414828714796 6.0795644161399309 -0.12234111165868919 0.6542844019176326 6.4748097607661963 0 1.0000000000000004 6.5692993409947329 0.43564532895944202 0.24538415907766931 6.5711365820904133 -0.24459275416824544 0.43623414828714796 6.0795644161399309 -0.12234111165868919 0.6542844019176326 6.8657351982416648 -0.48906244285545292 0.87224877585942084 6.2771583697639075 -0.48903057323503651 0.87226664411830634 6.4748097607661963 0 1.0000000000000004 6.5711365820904133 -0.24459275416824544 0.43623414828714796 6.6666215231853867 -0.872215785411661 0.48912127706604619 6.2771583697639075 -0.48903057323503651 0.87226664411830634 6.8657351982416648 -0.48906244285545292 0.87224877585942084 6.5711365820904133 -0.24459275416824544 0.43623414828714796 6.4748097607661963 0 1.0000000000000004 7.0647336650726711 0 1.0000000000000004 6.8657351982416648 -0.48906244285545292 0.87224877585942084 6.5711365820904133 -0.24459275416824544 0.43623414828714796 6.4748097607661839 0 -0.99999999999999944 6.032977126362228 0.13528224793868721 -0.6195273446188283 6.4729793731290828 -0.24472063676727471 -0.43594290024311977 6.6691394572932232 0.12210023610451688 -0.65413545287665209 6.4729793731290828 -0.24472063676727471 -0.43594290024311977 6.032977126362228 0.13528224793868721 -0.6195273446188283 6.4729793731289798 0.43599112786007288 -0.2445493436692571 6.6691394572932232 0.12210023610451688 -0.65413545287665209 6.4748097607661839 0 -0.99999999999999944 6.4729793731290828 -0.24472063676727471 -0.43594290024311977 6.6694207803190038 -0.48931820805351151 -0.87210532120111461 6.6691394572932232 0.12210023610451688 -0.65413545287665209 6.4748097607661839 0 -0.99999999999999944 6.2820901442882837 0.48878876127256149 -0.87240217036274859 6.032977126362228 0.13528224793868721 -0.6195273446188283 6.6691394572932232 0.12210023610451688 -0.65413545287665209 6.4729793731289798 0.43599112786007288 -0.2445493436692571 6.032977126362228 0.13528224793868721 -0.6195273446188283 6.2820901442882837 0.48878876127256149 -0.87240217036274859 6.6691394572932232 0.12210023610451688 -0.65413545287665209 6.661639677934442 0.48892148747108566 0.87232779337188493 6.2709857875899493 0.87215603940070274 0.48922780270225874 6.862060716050304 0.87141372339992185 0.49054879744046348 6.5692993409947329 0.43564532895944202 0.24538415907766931 6.862060716050304 0.87141372339992185 0.49054879744046348 6.2709857875899493 0.87215603940070274 0.48922780270225874 6.4748097607661839 1 3.964677524305173e-16 6.5692993409947329 0.43564532895944202 0.24538415907766931 6.2820901442882837 0.48878876127256149 -0.87240217036274859 6.6694207803187968 0.87210532120118356 -0.48931820805338933 6.0790298239628093 0.87215984314656836 -0.4892210216278044 6.4729793731289798 0.43599112786007288 -0.2445493436692571 6.0790298239628093 0.87215984314656836 -0.4892210216278044 6.6694207803187968 0.87210532120118356 -0.48931820805338933 6.4748097607661839 1 3.964677524305173e-16 6.4729793731289798 0.43599112786007288 -0.2445493436692571 6.865299541457361 0.48892110897630842 -0.87232800551018441 6.2820901442882837 0.48878876127256149 -0.87240217036274859 6.4748097607661839 0 -0.99999999999999944 6.6691394572932232 0.12210023610451688 -0.65413545287665209 6.865299541457361 0.48892110897630842 -0.87232800551018441 6.6694207803187968 0.87210532120118356 -0.48931820805338933 6.2820901442882837 0.48878876127256149 -0.87240217036274859 6.4729793731289798 0.43599112786007288 -0.2445493436692571 6.865299541457361 0.48892110897630842 -0.87232800551018441 6.4729793731289798 0.43599112786007288 -0.2445493436692571 6.2820901442882837 0.48878876127256149 -0.87240217036274859 6.6691394572932232 0.12210023610451688 -0.65413545287665209 6.6694207803190038 -0.48931820805351151 -0.87210532120111461 6.4729793731290828 -0.24472063676727471 -0.43594290024311977 6.8652644048123355 -0.46268498005367337 -0.31382173760445575 6.6691394572932232 0.12210023610451688 -0.65413545287665209 6.1050991485992707 -0.52374498071681297 -0.0031825040025673878 6.8652644048123355 -0.46268498005367337 -0.31382173760445575 6.2820901442883743 -0.87240217036277845 -0.48878876127250848 6.4729793731290828 -0.24472063676727471 -0.43594290024311977 6.1050991485992707 -0.52374498071681297 -0.0031825040025673878 6.5711365820904133 -0.24459275416824544 0.43623414828714796 6.8652644048123355 -0.46268498005367337 -0.31382173760445575 6.4729793731290828 -0.24472063676727471 -0.43594290024311977 6.2820901442883743 -0.87240217036277845 -0.48878876127250848 6.8652644048123355 -0.46268498005367337 -0.31382173760445575 6.6694207803190038 -0.48931820805351151 -0.87210532120111461 6.4729793731290828 -0.24472063676727471 -0.43594290024311977 6.8652995414683113 -0.872328005510286 -0.48892110897612739 6.6694207803190038 -0.48931820805351151 -0.87210532120111461 6.2820901442883743 -0.87240217036277845 -0.48878876127250848 6.8652644048123355 -0.46268498005367337 -0.31382173760445575 6.4748097607661839 -1 3.964677524305173e-16 6.8652995414683113 -0.872328005510286 -0.48892110897612739 6.2820901442883743 -0.87240217036277845 -0.48878876127250848 6.8652644048123355 -0.46268498005367337 -0.31382173760445575 7.0647336650726551 -0.99999999999999989 4.3259017348798879e-16 6.8652995414683113 -0.872328005510286 -0.48892110897612739 6.4748097607661839 -1 3.964677524305173e-16 6.8652644048123355 -0.46268498005367337 -0.31382173760445575 6.4748097607661839 -1 3.964677524305173e-16 6.1050991485992707 -0.52374498071681297 -0.0031825040025673878 6.5711365820904133 -0.24459275416824544 0.43623414828714796 6.8652644048123355 -0.46268498005367337 -0.31382173760445575 6.4748097607661839 -1 3.964677524305173e-16 6.1050991485992707 -0.52374498071681297 -0.0031825040025673878 6.8652644048123355 -0.46268498005367337 -0.31382173760445575 6.2820901442883743 -0.87240217036277845 -0.48878876127250848 6.6666215231853867 -0.872215785411661 0.48912127706604619 6.8657351982416648 -0.48906244285545292 0.87224877585942084 7.0611080293056672 -0.43605175205383512 0.24446184599220316 6.5711365820904133 -0.24459275416824544 0.43623414828714796 7.0647336650726551 -0.99999999999999989 4.3259017348798879e-16 6.4748097607661839 -1 3.964677524305173e-16 7.0611080293056672 -0.43605175205383512 0.24446184599220316 6.8652644048123355 -0.46268498005367337 -0.31382173760445575 6.6666215231853867 -0.872215785411661 0.48912127706604619 6.8657351982416648 -0.48906244285545292 0.87224877585942084 7.2574537856722321 -0.87227967925358885 0.48900732219595278 7.0611080293056672 -0.43605175205383512 0.24446184599220316 7.0647336650726551 -0.99999999999999989 4.3259017348798879e-16 6.4748097607661839 -1 3.964677524305173e-16 6.6666215231853867 -0.872215785411661 0.48912127706604619 7.0611080293056672 -0.43605175205383512 0.24446184599220316 6.6666215231853867 -0.872215785411661 0.48912127706604619 7.2574537856722321 -0.87227967925358885 0.48900732219595278 7.0647336650726551 -0.99999999999999989 4.3259017348798879e-16 7.0611080293056672 -0.43605175205383512 0.24446184599220316 6.4748097607661839 -1 3.964677524305173e-16 6.6666215231853867 -0.872215785411661 0.48912127706604619 7.0611080293056672 -0.43605175205383512 0.24446184599220316 6.5711365820904133 -0.24459275416824544 0.43623414828714796 7.0611080293056672 -0.43605175205383512 0.24446184599220316 6.8652644048123355 -0.46268498005367337 -0.31382173760445575 6.4748097607661839 -1 3.964677524305173e-16 6.5711365820904133 -0.24459275416824544 0.43623414828714796 7.0647336650726551 -0.99999999999999989 4.3259017348798879e-16 6.8652644048123355 -0.46268498005367337 -0.31382173760445575 7.0611080293056672 -0.43605175205383512 0.24446184599220316 7.2597681320919838 -0.65268188681908867 -0.12490092902268603 7.0647336650726551 -0.99999999999999989 4.3259017348798879e-16 7.0611080293056672 -0.43605175205383512 0.24446184599220316 7.2574537856722321 -0.87227967925358885 0.48900732219595278 7.2597681320919838 -0.65268188681908867 -0.12490092902268603 6.8652995414683113 -0.872328005510286 -0.48892110897612739 6.8652644048123355 -0.46268498005367337 -0.31382173760445575 7.0647336650726551 -0.99999999999999989 4.3259017348798879e-16 7.2597681320919838 -0.65268188681908867 -0.12490092902268603 6.865299541457361 0.48892110897630842 -0.87232800551018441 6.9619583240687781 0.36671899668192337 -0.21813145068253093 6.6694207803187968 0.87210532120118356 -0.48931820805338933 6.4729793731289798 0.43599112786007288 -0.2445493436692571 6.4748097607661839 1 3.964677524305173e-16 6.9619583240687781 0.36671899668192337 -0.21813145068253093 6.5692993409947329 0.43564532895944202 0.24538415907766931 6.4729793731289798 0.43599112786007288 -0.2445493436692571 6.2765379659391618 -0.00012306548103788173 0.00021952071487511132 6.9619583240687781 0.36671899668192337 -0.21813145068253093 6.5711365820904133 -0.24459275416824544 0.43623414828714796 6.4729793731290828 -0.24472063676727471 -0.43594290024311977 6.2765379659391618 -0.00012306548103788173 0.00021952071487511132 6.5692993409947329 0.43564532895944202 0.24538415907766931 6.9619583240687781 0.36671899668192337 -0.21813145068253093 6.4729793731289798 0.43599112786007288 -0.2445493436692571 6.865299541457361 0.48892110897630842 -0.87232800551018441 6.9619583240687781 0.36671899668192337 -0.21813145068253093 6.4729793731289798 0.43599112786007288 -0.2445493436692571 6.6691394572932232 0.12210023610451688 -0.65413545287665209 6.9619583240687781 0.36671899668192337 -0.21813145068253093 6.2765379659391618 -0.00012306548103788173 0.00021952071487511132 6.4729793731289798 0.43599112786007288 -0.2445493436692571 6.4729793731290828 -0.24472063676727471 -0.43594290024311977 6.9619583240687781 0.36671899668192337 -0.21813145068253093 6.8652644048123355 -0.46268498005367337 -0.31382173760445575 7.0611080293056672 -0.43605175205383512 0.24446184599220316 6.5711365820904133 -0.24459275416824544 0.43623414828714796 6.2765379659391618 -0.00012306548103788173 0.00021952071487511132 6.5711365820904133 -0.24459275416824544 0.43623414828714796 6.9619583240687781 0.36671899668192337 -0.21813145068253093 6.5692993409947329 0.43564532895944202 0.24538415907766931 6.9619583240687781 0.36671899668192337 -0.21813145068253093 6.5711365820904133 -0.24459275416824544 0.43623414828714796 6.4729793731290828 -0.24472063676727471 -0.43594290024311977 6.8652644048123355 -0.46268498005367337 -0.31382173760445575 6.9619583240687781 0.36671899668192337 -0.21813145068253093 6.4729793731290828 -0.24472063676727471 -0.43594290024311977 6.4729793731289798 0.43599112786007288 -0.2445493436692571 6.6691394572932232 0.12210023610451688 -0.65413545287665209 6.4748097607661839 1 3.964677524305173e-16 6.6694207803187968 0.87210532120118356 -0.48931820805338933 6.9619583240687781 0.36671899668192337 -0.21813145068253093 6.4729793731289798 0.43599112786007288 -0.2445493436692571 6.8652644048123355 -0.46268498005367337 -0.31382173760445575 6.4729793731290828 -0.24472063676727471 -0.43594290024311977 6.9619583240687781 0.36671899668192337 -0.21813145068253093 6.6691394572932232 0.12210023610451688 -0.65413545287665209 6.9619583240687781 0.36671899668192337 -0.21813145068253093 6.5711365820904133 -0.24459275416824544 0.43623414828714796 7.0586171066801953 0.24451688438753824 0.43606510414512256 6.5692993409947329 0.43564532895944202 0.24538415907766931 6.4748097607661963 0 1.0000000000000004 6.661639677934442 0.48892148747108566 0.87232779337188493 7.0647336650726711 0 1.0000000000000004 7.0586171066801953 0.24451688438753824 0.43606510414512256 6.661639677934442 0.48892148747108566 0.87232779337188493 6.5692993409947329 0.43564532895944202 0.24538415907766931 7.0586171066801953 0.24451688438753824 0.43606510414512256 6.4748097607661963 0 1.0000000000000004 6.661639677934442 0.48892148747108566 0.87232779337188493 6.862060716050304 0.87141372339992185 0.49054879744046348 7.0586171066801953 0.24451688438753824 0.43606510414512256 6.5692993409947329 0.43564532895944202 0.24538415907766931 6.5692993409947329 0.43564532895944202 0.24538415907766931 7.0586171066801953 0.24451688438753824 0.43606510414512256 6.4748097607661963 0 1.0000000000000004 6.5711365820904133 -0.24459275416824544 0.43623414828714796 7.0647336650726711 0 1.0000000000000004 6.661639677934442 0.48892148747108566 0.87232779337188493 7.251455078615102 0.48939087663515257 0.87206454455291205 7.0586171066801953 0.24451688438753824 0.43606510414512256 6.661639677934442 0.48892148747108566 0.87232779337188493 6.862060716050304 0.87141372339992185 0.49054879744046348 7.251455078615102 0.48939087663515257 0.87206454455291205 7.0586171066801953 0.24451688438753824 0.43606510414512256 6.4748097607661963 0 1.0000000000000004 7.0586171066801953 0.24451688438753824 0.43606510414512256 7.0647336650726711 0 1.0000000000000004 6.5711365820904133 -0.24459275416824544 0.43623414828714796 6.9619583240687781 0.36671899668192337 -0.21813145068253093 7.0611080293056672 -0.43605175205383512 0.24446184599220316 7.0586171066801953 0.24451688438753824 0.43606510414512256 6.5711365820904133 -0.24459275416824544 0.43623414828714796 6.5692993409947329 0.43564532895944202 0.24538415907766931 6.4748097607661839 1 3.964677524305173e-16 7.0647336650726551 0.99999999999999989 4.3259017348798879e-16 6.9619583240687781 0.36671899668192337 -0.21813145068253093 7.0647336650726551 0.99999999999999989 4.3259017348798879e-16 6.4748097607661839 1 3.964677524305173e-16 6.6694207803187968 0.87210532120118356 -0.48931820805338933 6.9619583240687781 0.36671899668192337 -0.21813145068253093 6.5692993409947329 0.43564532895944202 0.24538415907766931 7.0647336650726551 0.99999999999999989 4.3259017348798879e-16 7.0586171066801953 0.24451688438753824 0.43606510414512256 6.9619583240687781 0.36671899668192337 -0.21813145068253093 6.862060716050304 0.87141372339992185 0.49054879744046348 6.5692993409947329 0.43564532895944202 0.24538415907766931 6.4748097607661839 1 3.964677524305173e-16 7.0647336650726551 0.99999999999999989 4.3259017348798879e-16 6.862060716050304 0.87141372339992185 0.49054879744046348 6.5692993409947329 0.43564532895944202 0.24538415907766931 7.0647336650726551 0.99999999999999989 4.3259017348798879e-16 7.0586171066801953 0.24451688438753824 0.43606510414512256 6.6694207803190038 -0.48931820805351151 -0.87210532120111461 6.8652644048123355 -0.46268498005367337 -0.31382173760445575 7.0647336650726551 0 -0.99999999999999944 6.6691394572932232 0.12210023610451688 -0.65413545287665209 6.4748097607661839 0 -0.99999999999999944 7.0647336650726551 0 -0.99999999999999944 6.865299541457361 0.48892110897630842 -0.87232800551018441 6.6691394572932232 0.12210023610451688 -0.65413545287665209 6.4748097607661839 0 -0.99999999999999944 6.6694207803190038 -0.48931820805351151 -0.87210532120111461 7.0647336650726551 0 -0.99999999999999944 6.6691394572932232 0.12210023610451688 -0.65413545287665209 6.8652995414683113 -0.872328005510286 -0.48892110897612739 7.259530342609243 -0.4893409111048892 -0.8720925826533763 6.6694207803190038 -0.48931820805351151 -0.87210532120111461 6.8652644048123355 -0.46268498005367337 -0.31382173760445575 6.8652644048123355 -0.46268498005367337 -0.31382173760445575 6.8652995414683113 -0.872328005510286 -0.48892110897612739 7.259530342609243 -0.4893409111048892 -0.8720925826533763 7.2597681320919838 -0.65268188681908867 -0.12490092902268603 6.6694207803190038 -0.48931820805351151 -0.87210532120111461 7.259530342609243 -0.4893409111048892 -0.8720925826533763 7.0647336650726551 0 -0.99999999999999944 6.8652644048123355 -0.46268498005367337 -0.31382173760445575 7.4584282348783004 -0.86931202158434229 -0.49426370403757519 6.8652995414683113 -0.872328005510286 -0.48892110897612739 7.0647336650726551 -0.99999999999999989 4.3259017348798879e-16 7.2597681320919838 -0.65268188681908867 -0.12490092902268603 6.8652995414683113 -0.872328005510286 -0.48892110897612739 7.259530342609243 -0.4893409111048892 -0.8720925826533763 7.2597681320919838 -0.65268188681908867 -0.12490092902268603 7.4584282348783004 -0.86931202158434229 -0.49426370403757519 7.0647336650726711 0 1.0000000000000004 7.0586171066801953 0.24451688438753824 0.43606510414512256 7.251455078615102 0.48939087663515257 0.87206454455291205 7.2571873445516877 -0.12226455981466385 0.65416154845870389 7.0586171066801953 0.24451688438753824 0.43606510414512256 6.5711365820904133 -0.24459275416824544 0.43623414828714796 7.0611080293056672 -0.43605175205383512 0.24446184599220316 7.2571873445516877 -0.12226455981466385 0.65416154845870389 7.0647336650726711 0 1.0000000000000004 6.5711365820904133 -0.24459275416824544 0.43623414828714796 7.0586171066801953 0.24451688438753824 0.43606510414512256 7.2571873445516877 -0.12226455981466385 0.65416154845870389 7.0611080293056672 -0.43605175205383512 0.24446184599220316 6.5711365820904133 -0.24459275416824544 0.43623414828714796 6.8657351982416648 -0.48906244285545292 0.87224877585942084 7.2571873445516877 -0.12226455981466385 0.65416154845870389 7.0647336650726711 0 1.0000000000000004 6.8657351982416648 -0.48906244285545292 0.87224877585942084 6.5711365820904133 -0.24459275416824544 0.43623414828714796 7.2571873445516877 -0.12226455981466385 0.65416154845870389 7.455757582423181 -0.48904600401686593 0.87225799277228544 6.8657351982416648 -0.48906244285545292 0.87224877585942084 7.0647336650726711 0 1.0000000000000004 7.2571873445516877 -0.12226455981466385 0.65416154845870389 7.2574537856722321 -0.87227967925358885 0.48900732219595278 6.8657351982416648 -0.48906244285545292 0.87224877585942084 7.455757582423181 -0.48904600401686593 0.87225799277228544 7.0611080293056672 -0.43605175205383512 0.24446184599220316 7.455757582423181 -0.48904600401686593 0.87225799277228544 7.0611080293056672 -0.43605175205383512 0.24446184599220316 6.8657351982416648 -0.48906244285545292 0.87224877585942084 7.2571873445516877 -0.12226455981466385 0.65416154845870389 7.0647336650726711 0 1.0000000000000004 7.6546575693791459 0 1.0000000000000004 7.455757582423181 -0.48904600401686593 0.87225799277228544 7.2571873445516877 -0.12226455981466385 0.65416154845870389 7.0647336650726711 0 1.0000000000000004 7.251455078615102 0.48939087663515257 0.87206454455291205 7.6546575693791459 0 1.0000000000000004 7.2571873445516877 -0.12226455981466385 0.65416154845870389 7.2574537856722321 -0.87227967925358885 0.48900732219595278 7.0611080293056672 -0.43605175205383512 0.24446184599220316 7.455757582423181 -0.48904600401686593 0.87225799277228544 7.6461203846844512 -0.43642590132043696 0.24379345218126208 7.455757582423181 -0.48904600401686593 0.87225799277228544 7.6461203846844512 -0.43642590132043696 0.24379345218126208 7.0611080293056672 -0.43605175205383512 0.24446184599220316 7.2571873445516877 -0.12226455981466385 0.65416154845870389 7.0611080293056672 -0.43605175205383512 0.24446184599220316 7.6461203846844512 -0.43642590132043696 0.24379345218126208 7.2574537856722321 -0.87227967925358885 0.48900732219595278 7.2597681320919838 -0.65268188681908867 -0.12490092902268603 7.2574537856722321 -0.87227967925358885 0.48900732219595278 7.6461203846844512 -0.43642590132043696 0.24379345218126208 7.6546575693791254 -0.99999999999999989 4.6871259454546032e-16 7.2597681320919838 -0.65268188681908867 -0.12490092902268603 7.0647336650726551 -0.99999999999999989 4.3259017348798879e-16 7.2574537856722321 -0.87227967925358885 0.48900732219595278 7.6546575693791254 -0.99999999999999989 4.6871259454546032e-16 7.2597681320919838 -0.65268188681908867 -0.12490092902268603 7.0647336650726551 -0.99999999999999989 4.3259017348798879e-16 7.6546575693791254 -0.99999999999999989 4.6871259454546032e-16 7.4584282348783004 -0.86931202158434229 -0.49426370403757519 7.2597681320919838 -0.65268188681908867 -0.12490092902268603 7.2574537856722321 -0.87227967925358885 0.48900732219595278 7.455757582423181 -0.48904600401686593 0.87225799277228544 7.8366462339429566 -0.87296408394486469 0.48778448944416397 7.6461203846844512 -0.43642590132043696 0.24379345218126208 7.2574537856722321 -0.87227967925358885 0.48900732219595278 7.8366462339429566 -0.87296408394486469 0.48778448944416397 7.6546575693791254 -0.99999999999999989 4.6871259454546032e-16 7.6461203846844512 -0.43642590132043696 0.24379345218126208 7.8366462339429566 -0.87296408394486469 0.48778448944416397 7.455757582423181 -0.48904600401686593 0.87225799277228544 8.0352059459629785 -0.48653616317551501 0.87366043857007136 7.6461203846844512 -0.43642590132043696 0.24379345218126208 7.0647336650726551 0 -0.99999999999999944 7.2601641002493009 5.6140651995412183e-05 -0.50009879254081968 6.865299541457361 0.48892110897630842 -0.87232800551018441 6.6691394572932232 0.12210023610451688 -0.65413545287665209 7.259530342609243 -0.4893409111048892 -0.8720925826533763 7.0647336650726551 0 -0.99999999999999944 6.8652644048123355 -0.46268498005367337 -0.31382173760445575 7.2601641002493009 5.6140651995412183e-05 -0.50009879254081968 7.259530342609243 -0.4893409111048892 -0.8720925826533763 7.2601641002493009 5.6140651995412183e-05 -0.50009879254081968 6.8652644048123355 -0.46268498005367337 -0.31382173760445575 7.2597681320919838 -0.65268188681908867 -0.12490092902268603 7.0647336650726551 0 -0.99999999999999944 6.8652644048123355 -0.46268498005367337 -0.31382173760445575 7.2601641002493009 5.6140651995412183e-05 -0.50009879254081968 6.6691394572932232 0.12210023610451688 -0.65413545287665209 6.9619583240687781 0.36671899668192337 -0.21813145068253093 6.865299541457361 0.48892110897630842 -0.87232800551018441 7.2601641002493009 5.6140651995412183e-05 -0.50009879254081968 6.6691394572932232 0.12210023610451688 -0.65413545287665209 6.8652644048123355 -0.46268498005367337 -0.31382173760445575 6.9619583240687781 0.36671899668192337 -0.21813145068253093 7.2601641002493009 5.6140651995412183e-05 -0.50009879254081968 6.6691394572932232 0.12210023610451688 -0.65413545287665209 7.4584282348783004 -0.86931202158434229 -0.49426370403757519 7.7456986098684517 -0.43448133693773539 -0.4972314796569316 7.259530342609243 -0.4893409111048892 -0.8720925826533763 7.2597681320919838 -0.65268188681908867 -0.12490092902268603 7.4584282348783004 -0.86931202158434229 -0.49426370403757519 7.6546575693791254 -0.99999999999999989 4.6871259454546032e-16 7.7456986098684517 -0.43448133693773539 -0.4972314796569316 7.2597681320919838 -0.65268188681908867 -0.12490092902268603 7.6546575693791254 -0.99999999999999989 4.6871259454546032e-16 7.6461203846844512 -0.43642590132043696 0.24379345218126208 7.7456986098684517 -0.43448133693773539 -0.4972314796569316 7.2597681320919838 -0.65268188681908867 -0.12490092902268603 7.259530342609243 -0.4893409111048892 -0.8720925826533763 7.7456986098684517 -0.43448133693773539 -0.4972314796569316 7.2601641002493009 5.6140651995412183e-05 -0.50009879254081968 7.2597681320919838 -0.65268188681908867 -0.12490092902268603 7.6546575693791459 0 1.0000000000000004 7.251455078615102 0.48939087663515257 0.87206454455291205 7.8448545356217441 0.49083580598548021 0.87125209415104721 7.6502245355238463 0.24547404364473555 0.43552725453470376 7.0586171066801953 0.24451688438753824 0.43606510414512256 7.6502245355238463 0.24547404364473555 0.43552725453470376 7.251455078615102 0.48939087663515257 0.87206454455291205 7.2571873445516877 -0.12226455981466385 0.65416154845870389 7.251455078615102 0.48939087663515257 0.87206454455291205 7.6502245355238463 0.24547404364473555 0.43552725453470376 7.6546575693791459 0 1.0000000000000004 7.2571873445516877 -0.12226455981466385 0.65416154845870389 7.251455078615102 0.48939087663515257 0.87206454455291205 7.452760835973594 0.86953658419232394 0.49386853387429536 7.8448545356217441 0.49083580598548021 0.87125209415104721 7.6502245355238463 0.24547404364473555 0.43552725453470376 7.251455078615102 0.48939087663515257 0.87206454455291205 7.0586171066801953 0.24451688438753824 0.43606510414512256 7.452760835973594 0.86953658419232394 0.49386853387429536 7.6502245355238463 0.24547404364473555 0.43552725453470376 7.251455078615102 0.48939087663515257 0.87206454455291205 6.862060716050304 0.87141372339992185 0.49054879744046348 7.452760835973594 0.86953658419232394 0.49386853387429536 7.0586171066801953 0.24451688438753824 0.43606510414512256 7.452760835973594 0.86953658419232394 0.49386853387429536 6.862060716050304 0.87141372339992185 0.49054879744046348 7.0647336650726551 0.99999999999999989 4.3259017348798879e-16 7.0586171066801953 0.24451688438753824 0.43606510414512256 6.865299541457361 0.48892110897630842 -0.87232800551018441 7.2595303426083699 0.87209258265366485 -0.48934091110437555 6.6694207803187968 0.87210532120118356 -0.48931820805338933 6.9619583240687781 0.36671899668192337 -0.21813145068253093 6.6694207803187968 0.87210532120118356 -0.48931820805338933 7.2595303426083699 0.87209258265366485 -0.48934091110437555 7.0647336650726551 0.99999999999999989 4.3259017348798879e-16 6.9619583240687781 0.36671899668192337 -0.21813145068253093 7.8448545356217441 0.49083580598548021 0.87125209415104721 7.452760835973594 0.86953658419232394 0.49386853387429536 8.0353645058259673 0.87397565626461615 0.48596970302358777 7.6502245355238463 0.24547404364473555 0.43552725453470376 7.458428234886969 0.49426370404592163 -0.86931202157959642 7.2595303426083699 0.87209258265366485 -0.48934091110437555 6.865299541457361 0.48892110897630842 -0.87232800551018441 6.9619583240687781 0.36671899668192337 -0.21813145068253093 7.458428234886969 0.49426370404592163 -0.86931202157959642 6.9619583240687781 0.36671899668192337 -0.21813145068253093 6.865299541457361 0.48892110897630842 -0.87232800551018441 7.2601641002493009 5.6140651995412183e-05 -0.50009879254081968 7.458428234886969 0.49426370404592163 -0.86931202157959642 6.865299541457361 0.48892110897630842 -0.87232800551018441 7.0647336650726551 0 -0.99999999999999944 7.2601641002493009 5.6140651995412183e-05 -0.50009879254081968 7.0586171066801953 0.24451688438753824 0.43606510414512256 6.9619583240687781 0.36671899668192337 -0.21813145068253093 7.4555945354259467 0.00011228130399082437 -0.00019758508163989635 7.0611080293056672 -0.43605175205383512 0.24446184599220316 7.4555945354259467 0.00011228130399082437 -0.00019758508163989635 7.6461203846844512 -0.43642590132043696 0.24379345218126208 7.6502245355238463 0.24547404364473555 0.43552725453470376 7.2571873445516877 -0.12226455981466385 0.65416154845870389 7.4555945354259467 0.00011228130399082437 -0.00019758508163989635 7.7456986098684517 -0.43448133693773539 -0.4972314796569316 7.6461203846844512 -0.43642590132043696 0.24379345218126208 7.2597681320919838 -0.65268188681908867 -0.12490092902268603 7.0586171066801953 0.24451688438753824 0.43606510414512256 7.0611080293056672 -0.43605175205383512 0.24446184599220316 7.4555945354259467 0.00011228130399082437 -0.00019758508163989635 7.2571873445516877 -0.12226455981466385 0.65416154845870389 7.4555945354259467 0.00011228130399082437 -0.00019758508163989635 6.8652644048123355 -0.46268498005367337 -0.31382173760445575 6.9619583240687781 0.36671899668192337 -0.21813145068253093 7.2601641002493009 5.6140651995412183e-05 -0.50009879254081968 7.0586171066801953 0.24451688438753824 0.43606510414512256 7.4555945354259467 0.00011228130399082437 -0.00019758508163989635 7.6502245355238463 0.24547404364473555 0.43552725453470376 7.2571873445516877 -0.12226455981466385 0.65416154845870389 7.0611080293056672 -0.43605175205383512 0.24446184599220316 7.4555945354259467 0.00011228130399082437 -0.00019758508163989635 7.6461203846844512 -0.43642590132043696 0.24379345218126208 7.2597681320919838 -0.65268188681908867 -0.12490092902268603 7.0611080293056672 -0.43605175205383512 0.24446184599220316 7.6461203846844512 -0.43642590132043696 0.24379345218126208 7.4555945354259467 0.00011228130399082437 -0.00019758508163989635 7.2571873445516877 -0.12226455981466385 0.65416154845870389 7.4555945354259467 0.00011228130399082437 -0.00019758508163989635 7.0611080293056672 -0.43605175205383512 0.24446184599220316 6.9619583240687781 0.36671899668192337 -0.21813145068253093 6.8652644048123355 -0.46268498005367337 -0.31382173760445575 7.0611080293056672 -0.43605175205383512 0.24446184599220316 6.8652644048123355 -0.46268498005367337 -0.31382173760445575 7.4555945354259467 0.00011228130399082437 -0.00019758508163989635 7.2597681320919838 -0.65268188681908867 -0.12490092902268603 6.8652644048123355 -0.46268498005367337 -0.31382173760445575 7.2601641002493009 5.6140651995412183e-05 -0.50009879254081968 7.4555945354259467 0.00011228130399082437 -0.00019758508163989635 7.2597681320919838 -0.65268188681908867 -0.12490092902268603 7.2601641002493009 5.6140651995412183e-05 -0.50009879254081968 7.7456986098684517 -0.43448133693773539 -0.4972314796569316 7.4555945354259467 0.00011228130399082437 -0.00019758508163989635 7.2597681320919838 -0.65268188681908867 -0.12490092902268603 7.0647336650726551 0.99999999999999989 4.3259017348798879e-16 6.9619583240687781 0.36671899668192337 -0.21813145068253093 7.2595303426083699 0.87209258265366485 -0.48934091110437555 7.6483046707766986 0.43895133512960305 -0.23962125133010145 7.458428234886969 0.49426370404592163 -0.86931202157959642 7.2595303426083699 0.87209258265366485 -0.48934091110437555 6.9619583240687781 0.36671899668192337 -0.21813145068253093 7.6483046707766986 0.43895133512960305 -0.23962125133010145 7.4555945354259467 0.00011228130399082437 -0.00019758508163989635 6.9619583240687781 0.36671899668192337 -0.21813145068253093 7.0586171066801953 0.24451688438753824 0.43606510414512256 7.6483046707766986 0.43895133512960305 -0.23962125133010145 7.452760835973594 0.86953658419232394 0.49386853387429536 7.6502245355238463 0.24547404364473555 0.43552725453470376 7.0586171066801953 0.24451688438753824 0.43606510414512256 7.6483046707766986 0.43895133512960305 -0.23962125133010145 7.4555945354259467 0.00011228130399082437 -0.00019758508163989635 7.2601641002493009 5.6140651995412183e-05 -0.50009879254081968 6.9619583240687781 0.36671899668192337 -0.21813145068253093 7.6483046707766986 0.43895133512960305 -0.23962125133010145 7.6546575693791254 0.99999999999999989 4.6871259454546032e-16 7.0647336650726551 0.99999999999999989 4.3259017348798879e-16 7.2595303426083699 0.87209258265366485 -0.48934091110437555 7.6483046707766986 0.43895133512960305 -0.23962125133010145 7.4555945354259467 0.00011228130399082437 -0.00019758508163989635 7.0586171066801953 0.24451688438753824 0.43606510414512256 7.6502245355238463 0.24547404364473555 0.43552725453470376 7.6483046707766986 0.43895133512960305 -0.23962125133010145 7.6546575693791254 0.99999999999999989 4.6871259454546032e-16 7.452760835973594 0.86953658419232394 0.49386853387429536 7.0647336650726551 0.99999999999999989 4.3259017348798879e-16 7.6483046707766986 0.43895133512960305 -0.23962125133010145 7.458428234886969 0.49426370404592163 -0.86931202157959642 6.9619583240687781 0.36671899668192337 -0.21813145068253093 7.2601641002493009 5.6140651995412183e-05 -0.50009879254081968 7.6483046707766986 0.43895133512960305 -0.23962125133010145 7.452760835973594 0.86953658419232394 0.49386853387429536 7.0586171066801953 0.24451688438753824 0.43606510414512256 7.0647336650726551 0.99999999999999989 4.3259017348798879e-16 7.6483046707766986 0.43895133512960305 -0.23962125133010145 7.0586171066801953 0.24451688438753824 0.43606510414512256 6.9619583240687781 0.36671899668192337 -0.21813145068253093 7.0647336650726551 0.99999999999999989 4.3259017348798879e-16 7.6483046707766986 0.43895133512960305 -0.23962125133010145 7.0647336650726551 0 -0.99999999999999944 7.259530342609243 -0.4893409111048892 -0.8720925826533763 7.6546575693791254 0 -0.99999999999999933 7.2601641002493009 5.6140651995412183e-05 -0.50009879254081968 7.259530342609243 -0.4893409111048892 -0.8720925826533763 7.6546575693791254 0 -0.99999999999999933 7.2601641002493009 5.6140651995412183e-05 -0.50009879254081968 7.7456986098684517 -0.43448133693773539 -0.4972314796569316 7.0647336650726551 0 -0.99999999999999944 7.6546575693791254 0 -0.99999999999999933 7.458428234886969 0.49426370404592163 -0.86931202157959642 7.2601641002493009 5.6140651995412183e-05 -0.50009879254081968 7.4584282348783004 -0.86931202158434229 -0.49426370403757519 7.8410148061224048 -0.47904491759820622 -0.87779038894449435 7.259530342609243 -0.4893409111048892 -0.8720925826533763 7.7456986098684517 -0.43448133693773539 -0.4972314796569316 7.259530342609243 -0.4893409111048892 -0.8720925826533763 7.8410148061224048 -0.47904491759820622 -0.87779038894449435 7.6546575693791254 0 -0.99999999999999933 7.7456986098684517 -0.43448133693773539 -0.4972314796569316 8.0404304440562839 -0.87404753770147947 -0.4858404077863227 7.8410148061224048 -0.47904491759820622 -0.87779038894449435 7.4584282348783004 -0.86931202158434229 -0.49426370403757519 7.7456986098684517 -0.43448133693773539 -0.4972314796569316 8.0404304440562839 -0.87404753770147947 -0.4858404077863227 7.4584282348783004 -0.86931202158434229 -0.49426370403757519 7.6546575693791254 -0.99999999999999989 4.6871259454546032e-16 7.7456986098684517 -0.43448133693773539 -0.4972314796569316 7.455757582423181 -0.48904600401686593 0.87225799277228544 8.0329689848586145 0.00034934770887156547 0.49980074472371189 8.0352059459629785 -0.48653616317551501 0.87366043857007136 7.6461203846844512 -0.43642590132043696 0.24379345218126208 7.455757582423181 -0.48904600401686593 0.87225799277228544 7.6546575693791459 0 1.0000000000000004 8.0329689848586145 0.00034934770887156547 0.49980074472371189 7.2571873445516877 -0.12226455981466385 0.65416154845870389 7.455757582423181 -0.48904600401686593 0.87225799277228544 8.0329689848586145 0.00034934770887156547 0.49980074472371189 7.6461203846844512 -0.43642590132043696 0.24379345218126208 7.2571873445516877 -0.12226455981466385 0.65416154845870389 7.6546575693791459 0 1.0000000000000004 7.8448545356217441 0.49083580598548021 0.87125209415104721 8.0329689848586145 0.00034934770887156547 0.49980074472371189 7.6502245355238463 0.24547404364473555 0.43552725453470376 8.0352059459629785 -0.48653616317551501 0.87366043857007136 7.455757582423181 -0.48904600401686593 0.87225799277228544 7.6546575693791459 0 1.0000000000000004 8.0329689848586145 0.00034934770887156547 0.49980074472371189 8.0329689848586145 0.00034934770887156547 0.49980074472371189 7.6502245355238463 0.24547404364473555 0.43552725453470376 7.4555945354259467 0.00011228130399082437 -0.00019758508163989635 7.6461203846844512 -0.43642590132043696 0.24379345218126208 7.6546575693791459 0 1.0000000000000004 7.6502245355238463 0.24547404364473555 0.43552725453470376 8.0329689848586145 0.00034934770887156547 0.49980074472371189 7.2571873445516877 -0.12226455981466385 0.65416154845870389 7.6502245355238463 0.24547404364473555 0.43552725453470376 7.6461203846844512 -0.43642590132043696 0.24379345218126208 8.0329689848586145 0.00034934770887156547 0.49980074472371189 7.2571873445516877 -0.12226455981466385 0.65416154845870389 8.4176785472254583 -0.86842728995212948 0.49581654073497849 8.0352059459629785 -0.48653616317551501 0.87366043857007136 8.6425054015645131 -0.50637719602533615 0.86231208697635608 8.2253237660420364 -0.43403897112162892 0.49780864272934522 7.8366462339429566 -0.87296408394486469 0.48778448944416397 7.6461203846844512 -0.43642590132043696 0.24379345218126208 8.0352059459629785 -0.48653616317551501 0.87366043857007136 8.2253237660420364 -0.43403897112162892 0.49780864272934522 7.8366462339429566 -0.87296408394486469 0.48778448944416397 8.0352059459629785 -0.48653616317551501 0.87366043857007136 8.4176785472254583 -0.86842728995212948 0.49581654073497849 8.2253237660420364 -0.43403897112162892 0.49780864272934522 8.0352059459629785 -0.48653616317551501 0.87366043857007136 7.6461203846844512 -0.43642590132043696 0.24379345218126208 8.0329689848586145 0.00034934770887156547 0.49980074472371189 8.2253237660420364 -0.43403897112162892 0.49780864272934522 7.6546575693791459 0 1.0000000000000004 7.8448545356217441 0.49083580598548021 0.87125209415104721 8.2445814736856224 0 1.0000000000000007 8.0329689848586145 0.00034934770887156547 0.49980074472371189 7.6546575693791459 0 1.0000000000000004 8.2445814736856224 0 1.0000000000000007 8.0352059459629785 -0.48653616317551501 0.87366043857007136 8.0329689848586145 0.00034934770887156547 0.49980074472371189 8.6425054015645131 -0.50637719602533615 0.86231208697635608 8.0352059459629785 -0.48653616317551501 0.87366043857007136 8.2445814736856224 0 1.0000000000000007 8.2253237660420364 -0.43403897112162892 0.49780864272934522 8.0352059459629785 -0.48653616317551501 0.87366043857007136 8.0329689848586145 0.00034934770887156547 0.49980074472371189 8.2445814736856224 0 1.0000000000000007 8.2253237660420364 -0.43403897112162892 0.49780864272934522 8.2445814736856224 0 1.0000000000000007 8.8345024646044337 0 1.0000000000000007 8.6425054015645131 -0.50637719602533615 0.86231208697635608 8.2253237660420364 -0.43403897112162892 0.49780864272934522 8.2445814736856224 0 1.0000000000000007 7.8448545356217441 0.49083580598548021 0.87125209415104721 8.4205663302233127 0.49614005825635943 0.8682425021809157 8.0329689848586145 0.00034934770887156547 0.49980074472371189 8.0329689848586145 0.00034934770887156547 0.49980074472371189 7.6461203846844512 -0.43642590132043696 0.24379345218126208 8.0329689848586039 -0.49965065229112843 -0.00019925527628810743 8.2253237660420364 -0.43403897112162892 0.49780864272934522 7.8366462339429566 -0.87296408394486469 0.48778448944416397 8.0329689848586039 -0.49965065229112843 -0.00019925527628810743 7.6546575693791254 -0.99999999999999989 4.6871259454546032e-16 7.6461203846844512 -0.43642590132043696 0.24379345218126208 8.0329689848586039 -0.49965065229112843 -0.00019925527628810743 8.0329689848586145 0.00034934770887156547 0.49980074472371189 7.4555945354259467 0.00011228130399082437 -0.00019758508163989635 7.6461203846844512 -0.43642590132043696 0.24379345218126208 8.0404304440562839 -0.87404753770147947 -0.4858404077863227 7.6546575693791254 -0.99999999999999989 4.6871259454546032e-16 8.0329689848586039 -0.49965065229112843 -0.00019925527628810743 7.7456986098684517 -0.43448133693773539 -0.4972314796569316 7.8366462339429566 -0.87296408394486469 0.48778448944416397 8.4176785472254583 -0.86842728995212948 0.49581654073497849 8.0329689848586039 -0.49965065229112843 -0.00019925527628810743 8.2253237660420364 -0.43403897112162892 0.49780864272934522 7.8366462339429566 -0.87296408394486469 0.48778448944416397 8.0329689848586039 -0.49965065229112843 -0.00019925527628810743 7.6461203846844512 -0.43642590132043696 0.24379345218126208 8.2253237660420364 -0.43403897112162892 0.49780864272934522 8.0329689848586039 -0.49965065229112843 -0.00019925527628810743 7.6461203846844512 -0.43642590132043696 0.24379345218126208 7.4555945354259467 0.00011228130399082437 -0.00019758508163989635 7.7456986098684517 -0.43448133693773539 -0.4972314796569316 8.0329689848586039 -0.49965065229112843 -0.00019925527628810743 7.6546575693791254 -0.99999999999999989 4.6871259454546032e-16 7.6461203846844512 -0.43642590132043696 0.24379345218126208 7.7456986098684517 -0.43448133693773539 -0.4972314796569316 7.6546575693791254 -0.99999999999999989 4.6871259454546032e-16 7.8366462339429566 -0.87296408394486469 0.48778448944416397 8.2445814736856011 -1 5.0483501560293196e-16 8.0329689848586039 -0.49965065229112843 -0.00019925527628810743 7.8366462339429566 -0.87296408394486469 0.48778448944416397 8.4176785472254583 -0.86842728995212948 0.49581654073497849 8.2445814736856011 -1 5.0483501560293196e-16 8.0329689848586039 -0.49965065229112843 -0.00019925527628810743 7.6546575693791254 -0.99999999999999989 4.6871259454546032e-16 8.2445814736856011 -1 5.0483501560293196e-16 8.0404304440562839 -0.87404753770147947 -0.4858404077863227 8.0329689848586039 -0.49965065229112843 -0.00019925527628810743 7.8410148061224048 -0.47904491759820622 -0.87779038894449435 8.0329689848586039 0.00034934770887156547 -0.50019925527628806 7.6546575693791254 0 -0.99999999999999933 7.7456986098684517 -0.43448133693773539 -0.4972314796569316 7.6546575693791254 0 -0.99999999999999933 7.458428234886969 0.49426370404592163 -0.86931202157959642 7.2601641002493009 5.6140651995412183e-05 -0.50009879254081968 8.0329689848586039 0.00034934770887156547 -0.50019925527628806 7.458428234886969 0.49426370404592163 -0.86931202157959642 7.2601641002493009 5.6140651995412183e-05 -0.50009879254081968 8.0329689848586039 0.00034934770887156547 -0.50019925527628806 7.6483046707766986 0.43895133512960305 -0.23962125133010145 8.0329689848586039 0.00034934770887156547 -0.50019925527628806 7.2601641002493009 5.6140651995412183e-05 -0.50009879254081968 7.6546575693791254 0 -0.99999999999999933 7.7456986098684517 -0.43448133693773539 -0.4972314796569316 7.4555945354259467 0.00011228130399082437 -0.00019758508163989635 8.0329689848586039 0.00034934770887156547 -0.50019925527628806 8.0329689848586039 -0.49965065229112843 -0.00019925527628810743 7.7456986098684517 -0.43448133693773539 -0.4972314796569316 7.4555945354259467 0.00011228130399082437 -0.00019758508163989635 8.0329689848586039 0.00034934770887156547 -0.50019925527628806 7.2601641002493009 5.6140651995412183e-05 -0.50009879254081968 7.6483046707766986 0.43895133512960305 -0.23962125133010145 7.4555945354259467 0.00011228130399082437 -0.00019758508163989635 7.2601641002493009 5.6140651995412183e-05 -0.50009879254081968 8.0329689848586039 0.00034934770887156547 -0.50019925527628806 7.7456986098684517 -0.43448133693773539 -0.4972314796569316 8.0404304440562839 -0.87404753770147947 -0.4858404077863227 7.7456986098684517 -0.43448133693773539 -0.4972314796569316 8.0329689848586039 -0.49965065229112843 -0.00019925527628810743 8.217481727655727 -0.49719665985600081 -0.4346193892811786 8.0404304440562839 -0.87404753770147947 -0.4858404077863227 7.8410148061224048 -0.47904491759820622 -0.87779038894449435 7.7456986098684517 -0.43448133693773539 -0.4972314796569316 8.217481727655727 -0.49719665985600081 -0.4346193892811786 8.0329689848586039 -0.49965065229112843 -0.00019925527628810743 7.7456986098684517 -0.43448133693773539 -0.4972314796569316 8.0329689848586039 0.00034934770887156547 -0.50019925527628806 8.217481727655727 -0.49719665985600081 -0.4346193892811786 8.0404304440562839 -0.87404753770147947 -0.4858404077863227 8.0329689848586039 -0.49965065229112843 -0.00019925527628810743 8.2445814736856011 -1 5.0483501560293196e-16 8.217481727655727 -0.49719665985600081 -0.4346193892811786 8.0329689848586039 0.00034934770887156547 -0.50019925527628806 7.7456986098684517 -0.43448133693773539 -0.4972314796569316 7.8410148061224048 -0.47904491759820622 -0.87779038894449435 8.217481727655727 -0.49719665985600081 -0.4346193892811786 9.9999999999999982 -0.51281680427900189 0.85849591812943071 9.6214259775645825 -0.37032182962774635 0.92890351624975531 10 0 1.0000000000000007 9.9999999999999982 -0.12064762328835876 0.63343181660964976 7.8448545356217441 0.49083580598548021 0.87125209415104721 8.4205663302233127 0.49614005825635943 0.8682425021809157 8.0329689848586145 0.00034934770887156547 0.49980074472371189 8.2267676575409592 0.49824470298261547 0.43402162345231377 7.8448545356217441 0.49083580598548021 0.87125209415104721 8.0353645058259673 0.87397565626461615 0.48596970302358777 8.4205663302233127 0.49614005825635943 0.8682425021809157 8.2267676575409592 0.49824470298261547 0.43402162345231377 7.8448545356217441 0.49083580598548021 0.87125209415104721 8.0329689848586145 0.00034934770887156547 0.49980074472371189 7.6502245355238463 0.24547404364473555 0.43552725453470376 8.2267676575409592 0.49824470298261547 0.43402162345231377 7.8448545356217441 0.49083580598548021 0.87125209415104721 7.6502245355238463 0.24547404364473555 0.43552725453470376 8.0353645058259673 0.87397565626461615 0.48596970302358777 8.2267676575409592 0.49824470298261547 0.43402162345231377 7.6546575693791254 0.99999999999999989 4.6871259454546032e-16 8.0329689848586039 0.50034934770887152 -0.00019925527628810743 7.452760835973594 0.86953658419232394 0.49386853387429536 7.6483046707766986 0.43895133512960305 -0.23962125133010145 8.0353645058259673 0.87397565626461615 0.48596970302358777 7.6502245355238463 0.24547404364473555 0.43552725453470376 8.0329689848586039 0.50034934770887152 -0.00019925527628810743 8.2267676575409592 0.49824470298261547 0.43402162345231377 7.4555945354259467 0.00011228130399082437 -0.00019758508163989635 8.0329689848586039 0.50034934770887152 -0.00019925527628810743 8.0329689848586039 0.00034934770887156547 -0.50019925527628806 7.6483046707766986 0.43895133512960305 -0.23962125133010145 7.6546575693791254 0.99999999999999989 4.6871259454546032e-16 8.0329689848586039 0.50034934770887152 -0.00019925527628810743 8.0353645058259673 0.87397565626461615 0.48596970302358777 7.452760835973594 0.86953658419232394 0.49386853387429536 8.0329689848586039 0.50034934770887152 -0.00019925527628810743 7.452760835973594 0.86953658419232394 0.49386853387429536 7.6483046707766986 0.43895133512960305 -0.23962125133010145 7.6502245355238463 0.24547404364473555 0.43552725453470376 8.0329689848586145 0.00034934770887156547 0.49980074472371189 8.0329689848586039 0.50034934770887152 -0.00019925527628810743 7.4555945354259467 0.00011228130399082437 -0.00019758508163989635 7.6502245355238463 0.24547404364473555 0.43552725453470376 8.0329689848586039 0.50034934770887152 -0.00019925527628810743 7.6502245355238463 0.24547404364473555 0.43552725453470376 8.0329689848586145 0.00034934770887156547 0.49980074472371189 8.2267676575409592 0.49824470298261547 0.43402162345231377 8.0329689848586039 0.50034934770887152 -0.00019925527628810743 8.0353645058259673 0.87397565626461615 0.48596970302358777 7.452760835973594 0.86953658419232394 0.49386853387429536 7.6502245355238463 0.24547404364473555 0.43552725453470376 7.4555945354259467 0.00011228130399082437 -0.00019758508163989635 7.6502245355238463 0.24547404364473555 0.43552725453470376 8.0329689848586039 0.50034934770887152 -0.00019925527628810743 7.6483046707766986 0.43895133512960305 -0.23962125133010145 7.458428234886969 0.49426370404592163 -0.86931202157959642 7.8410148061274505 0.87779038895521511 -0.47904491757856299 7.2595303426083699 0.87209258265366485 -0.48934091110437555 7.6483046707766986 0.43895133512960305 -0.23962125133010145 7.2595303426083699 0.87209258265366485 -0.48934091110437555 7.8410148061274505 0.87779038895521511 -0.47904491757856299 7.6546575693791254 0.99999999999999989 4.6871259454546032e-16 7.6483046707766986 0.43895133512960305 -0.23962125133010145 7.8410148061274505 0.87779038895521511 -0.47904491757856299 8.0329689848586039 0.50034934770887152 -0.00019925527628810743 7.6546575693791254 0.99999999999999989 4.6871259454546032e-16 7.6483046707766986 0.43895133512960305 -0.23962125133010145 8.0353645058259673 0.87397565626461615 0.48596970302358777 8.0329689848586039 0.50034934770887152 -0.00019925527628810743 8.2445814736856011 1 5.0483501560293196e-16 8.2267676575409592 0.49824470298261547 0.43402162345231377 8.2445814736856011 1 5.0483501560293196e-16 8.0353645058259673 0.87397565626461615 0.48596970302358777 7.6546575693791254 0.99999999999999989 4.6871259454546032e-16 8.0329689848586039 0.50034934770887152 -0.00019925527628810743 8.2445814736856011 1 5.0483501560293196e-16 7.6546575693791254 0.99999999999999989 4.6871259454546032e-16 7.8410148061274505 0.87779038895521511 -0.47904491757856299 8.0329689848586039 0.50034934770887152 -0.00019925527628810743 8.4205663302233127 0.49614005825635943 0.8682425021809157 8.0353645058259673 0.87397565626461615 0.48596970302358777 8.6441570411722441 0.86200635086251409 0.50689747589891643 8.2267676575409592 0.49824470298261547 0.43402162345231377 8.6441570411722441 0.86200635086251409 0.50689747589891643 8.0353645058259673 0.87397565626461615 0.48596970302358777 8.2445814736856011 1 5.0483501560293196e-16 8.2267676575409592 0.49824470298261547 0.43402162345231377 9.0814320982875856 -0.89025371211923043 0.45546495810098375 8.6425054015645131 -0.50637719602533615 0.86231208697635608 9.187083556142813 -0.41629812382408576 0.90922817383786947 8.7779820347470263 -0.46006559422624943 0.34212599089769435 8.0329689848586039 -0.49965065229112843 -0.00019925527628810743 8.4176785472254583 -0.86842728995212948 0.49581654073497849 8.7779820347470263 -0.46006559422624943 0.34212599089769435 8.2253237660420364 -0.43403897112162892 0.49780864272934522 8.4176785472254583 -0.86842728995212948 0.49581654073497849 8.6425054015645131 -0.50637719602533615 0.86231208697635608 8.7779820347470263 -0.46006559422624943 0.34212599089769435 8.2253237660420364 -0.43403897112162892 0.49780864272934522 8.4176785472254583 -0.86842728995212948 0.49581654073497849 9.0814320982875856 -0.89025371211923043 0.45546495810098375 8.8345024646043999 -1 5.409572582668592e-16 8.7779820347470263 -0.46006559422624943 0.34212599089769435 8.8345024646043999 -1 5.409572582668592e-16 8.2445814736856011 -1 5.0483501560293196e-16 8.4176785472254583 -0.86842728995212948 0.49581654073497849 8.7779820347470263 -0.46006559422624943 0.34212599089769435 8.2445814736856011 -1 5.0483501560293196e-16 8.0329689848586039 -0.49965065229112843 -0.00019925527628810743 8.4176785472254583 -0.86842728995212948 0.49581654073497849 8.7779820347470263 -0.46006559422624943 0.34212599089769435 8.4176785472254583 -0.86842728995212948 0.49581654073497849 8.6425054015645131 -0.50637719602533615 0.86231208697635608 9.0814320982875856 -0.89025371211923043 0.45546495810098375 8.7779820347470263 -0.46006559422624943 0.34212599089769435 8.8345024646044337 0 1.0000000000000007 9.4182421888763574 0 1.0000000000000007 9.187083556142813 -0.41629812382408576 0.90922817383786947 9.0000934106694945 -0.073747204993470677 0.7063585014768452 9.187083556142813 -0.41629812382408576 0.90922817383786947 8.7779820347470263 -0.46006559422624943 0.34212599089769435 8.6425054015645131 -0.50637719602533615 0.86231208697635608 9.0000934106694945 -0.073747204993470677 0.7063585014768452 8.7779820347470263 -0.46006559422624943 0.34212599089769435 8.2253237660420364 -0.43403897112162892 0.49780864272934522 8.6425054015645131 -0.50637719602533615 0.86231208697635608 9.0000934106694945 -0.073747204993470677 0.7063585014768452 9.187083556142813 -0.41629812382408576 0.90922817383786947 8.6425054015645131 -0.50637719602533615 0.86231208697635608 8.8345024646044337 0 1.0000000000000007 9.0000934106694945 -0.073747204993470677 0.7063585014768452 8.8345024646044337 0 1.0000000000000007 8.6425054015645131 -0.50637719602533615 0.86231208697635608 8.2253237660420364 -0.43403897112162892 0.49780864272934522 9.0000934106694945 -0.073747204993470677 0.7063585014768452 7.6546575693791254 0 -0.99999999999999933 8.0404304440474181 0.48584040778963045 -0.87404753769964072 7.458428234886969 0.49426370404592163 -0.86931202157959642 8.0329689848586039 0.00034934770887156547 -0.50019925527628806 8.0404304440474181 0.48584040778963045 -0.87404753769964072 7.458428234886969 0.49426370404592163 -0.86931202157959642 8.0329689848586039 0.00034934770887156547 -0.50019925527628806 7.6483046707766986 0.43895133512960305 -0.23962125133010145 8.0404304440474181 0.48584040778963045 -0.87404753769964072 7.8410148061274505 0.87779038895521511 -0.47904491757856299 7.458428234886969 0.49426370404592163 -0.86931202157959642 7.6483046707766986 0.43895133512960305 -0.23962125133010145 8.4112804003380823 0.00069869541774313093 -0.00039851055257668355 8.0329689848586039 -0.49965065229112843 -0.00019925527628810743 8.7779820347470263 -0.46006559422624943 0.34212599089769435 8.2253237660420364 -0.43403897112162892 0.49780864272934522 8.4112804003380823 0.00069869541774313093 -0.00039851055257668355 8.0329689848586039 0.50034934770887152 -0.00019925527628810743 8.0329689848586145 0.00034934770887156547 0.49980074472371189 8.2267676575409592 0.49824470298261547 0.43402162345231377 8.4112804003380823 0.00069869541774313093 -0.00039851055257668355 8.0329689848586039 -0.49965065229112843 -0.00019925527628810743 7.4555945354259467 0.00011228130399082437 -0.00019758508163989635 8.0329689848586039 0.00034934770887156547 -0.50019925527628806 7.4555945354259467 0.00011228130399082437 -0.00019758508163989635 8.0329689848586039 -0.49965065229112843 -0.00019925527628810743 8.4112804003380823 0.00069869541774313093 -0.00039851055257668355 8.0329689848586145 0.00034934770887156547 0.49980074472371189 8.4112804003380823 0.00069869541774313093 -0.00039851055257668355 8.0329689848586145 0.00034934770887156547 0.49980074472371189 8.0329689848586039 -0.49965065229112843 -0.00019925527628810743 8.2253237660420364 -0.43403897112162892 0.49780864272934522 7.4555945354259467 0.00011228130399082437 -0.00019758508163989635 8.0329689848586145 0.00034934770887156547 0.49980074472371189 8.4112804003380823 0.00069869541774313093 -0.00039851055257668355 8.0329689848586039 0.50034934770887152 -0.00019925527628810743 8.4112804003380823 0.00069869541774313093 -0.00039851055257668355 8.0329689848586039 0.00034934770887156547 -0.50019925527628806 7.4555945354259467 0.00011228130399082437 -0.00019758508163989635 8.0329689848586039 0.50034934770887152 -0.00019925527628810743 8.0329689848586039 -0.49965065229112843 -0.00019925527628810743 8.0329689848586039 0.00034934770887156547 -0.50019925527628806 8.4112804003380823 0.00069869541774313093 -0.00039851055257668355 8.217481727655727 -0.49719665985600081 -0.4346193892811786 8.0329689848586039 0.00034934770887156547 -0.50019925527628806 7.6483046707766986 0.43895133512960305 -0.23962125133010145 8.0329689848586039 0.50034934770887152 -0.00019925527628810743 8.2174817276412764 0.43469443550001219 -0.49747096134411589 8.0404304440474181 0.48584040778963045 -0.87404753769964072 7.6483046707766986 0.43895133512960305 -0.23962125133010145 8.0329689848586039 0.00034934770887156547 -0.50019925527628806 8.2174817276412764 0.43469443550001219 -0.49747096134411589 8.0329689848586039 0.00034934770887156547 -0.50019925527628806 8.0329689848586039 0.50034934770887152 -0.00019925527628810743 8.4112804003380823 0.00069869541774313093 -0.00039851055257668355 8.2174817276412764 0.43469443550001219 -0.49747096134411589 8.0404304440474181 0.48584040778963045 -0.87404753769964072 7.8410148061274505 0.87779038895521511 -0.47904491757856299 7.6483046707766986 0.43895133512960305 -0.23962125133010145 8.2174817276412764 0.43469443550001219 -0.49747096134411589 8.0329689848586039 0.50034934770887152 -0.00019925527628810743 7.6483046707766986 0.43895133512960305 -0.23962125133010145 7.8410148061274505 0.87779038895521511 -0.47904491757856299 8.2174817276412764 0.43469443550001219 -0.49747096134411589 7.6546575693791254 0 -0.99999999999999933 7.8410148061224048 -0.47904491759820622 -0.87779038894449435 8.2445814736856011 0 -0.99999999999999956 8.0329689848586039 0.00034934770887156547 -0.50019925527628806 7.6546575693791254 0 -0.99999999999999933 8.2445814736856011 0 -0.99999999999999956 8.0404304440474181 0.48584040778963045 -0.87404753769964072 8.0329689848586039 0.00034934770887156547 -0.50019925527628806 8.2445814736856011 0 -0.99999999999999956 8.0404304440474181 0.48584040778963045 -0.87404753769964072 8.0329689848586039 0.00034934770887156547 -0.50019925527628806 8.2174817276412764 0.43469443550001219 -0.49747096134411589 8.0404304440562839 -0.87404753770147947 -0.4858404077863227 8.4019944704528502 -0.49474266742087314 -0.86903952328606904 7.8410148061224048 -0.47904491759820622 -0.87779038894449435 8.217481727655727 -0.49719665985600081 -0.4346193892811786 7.8410148061224048 -0.47904491759820622 -0.87779038894449435 8.4019944704528502 -0.49474266742087314 -0.86903952328606904 8.2445814736856011 0 -0.99999999999999956 8.0329689848586039 0.00034934770887156547 -0.50019925527628806 8.4019944704528502 -0.49474266742087314 -0.86903952328606904 8.0329689848586039 0.00034934770887156547 -0.50019925527628806 7.8410148061224048 -0.47904491759820622 -0.87779038894449435 8.217481727655727 -0.49719665985600081 -0.4346193892811786 8.6212771356900415 -0.8689753542722547 -0.4948553664126607 8.4019944704528502 -0.49474266742087314 -0.86903952328606904 8.0404304440562839 -0.87404753770147947 -0.4858404077863227 8.217481727655727 -0.49719665985600081 -0.4346193892811786 8.6212771356900415 -0.8689753542722547 -0.4948553664126607 8.0404304440562839 -0.87404753770147947 -0.4858404077863227 8.2445814736856011 -1 5.0483501560293196e-16 8.217481727655727 -0.49719665985600081 -0.4346193892811786 8.4112804003380823 0.00069869541774313093 -0.00039851055257668355 8.0329689848586145 0.00034934770887156547 0.49980074472371189 8.8131032651961778 0.26880371383714441 0.50348882911582082 8.2267676575409592 0.49824470298261547 0.43402162345231377 8.4112804003380823 0.00069869541774313093 -0.00039851055257668355 8.7779820347470263 -0.46006559422624943 0.34212599089769435 8.8131032651961778 0.26880371383714441 0.50348882911582082 8.2253237660420364 -0.43403897112162892 0.49780864272934522 8.2445814736856224 0 1.0000000000000007 8.4205663302233127 0.49614005825635943 0.8682425021809157 8.8345024646044337 0 1.0000000000000007 8.8131032651961778 0.26880371383714441 0.50348882911582082 8.4112804003380823 0.00069869541774313093 -0.00039851055257668355 8.8131032651961778 0.26880371383714441 0.50348882911582082 8.0329689848586145 0.00034934770887156547 0.49980074472371189 8.2253237660420364 -0.43403897112162892 0.49780864272934522 8.2445814736856224 0 1.0000000000000007 8.8345024646044337 0 1.0000000000000007 8.2253237660420364 -0.43403897112162892 0.49780864272934522 8.8131032651961778 0.26880371383714441 0.50348882911582082 8.2445814736856224 0 1.0000000000000007 8.0329689848586145 0.00034934770887156547 0.49980074472371189 8.4205663302233127 0.49614005825635943 0.8682425021809157 8.8131032651961778 0.26880371383714441 0.50348882911582082 8.4205663302233127 0.49614005825635943 0.8682425021809157 8.6441570411722441 0.86200635086251409 0.50689747589891643 8.8131032651961778 0.26880371383714441 0.50348882911582082 8.2267676575409592 0.49824470298261547 0.43402162345231377 8.0329689848586145 0.00034934770887156547 0.49980074472371189 8.4205663302233127 0.49614005825635943 0.8682425021809157 8.8131032651961778 0.26880371383714441 0.50348882911582082 8.2267676575409592 0.49824470298261547 0.43402162345231377 8.8131032651961778 0.26880371383714441 0.50348882911582082 8.2253237660420364 -0.43403897112162892 0.49780864272934522 8.7779820347470263 -0.46006559422624943 0.34212599089769435 9.0000934106694945 -0.073747204993470677 0.7063585014768452 8.8345024646044337 0 1.0000000000000007 8.2253237660420364 -0.43403897112162892 0.49780864272934522 8.8131032651961778 0.26880371383714441 0.50348882911582082 9.0000934106694945 -0.073747204993470677 0.7063585014768452 8.2445814736856224 0 1.0000000000000007 8.0329689848586145 0.00034934770887156547 0.49980074472371189 8.8131032651961778 0.26880371383714441 0.50348882911582082 8.2253237660420364 -0.43403897112162892 0.49780864272934522 9.7286343574272856 0.036514848036423186 0.59413548908229263 10 0.16973649965926818 0.62442322093329894 9.6168911663650452 0.35682947827009098 0.93416953677450665 10 0 1.0000000000000007 9.7286343574272856 0.036514848036423186 0.59413548908229263 10 0.16973649965926818 0.62442322093329894 10 0 1.0000000000000007 9.9999999999999982 -0.12064762328835876 0.63343181660964976 9.7286343574272856 0.036514848036423186 0.59413548908229263 10 0 1.0000000000000007 9.6168911663650452 0.35682947827009098 0.93416953677450665 9.4182421888763574 0 1.0000000000000007 9.7286343574272856 0.036514848036423186 0.59413548908229263 10 0 1.0000000000000007 9.4182421888763574 0 1.0000000000000007 9.6214259775645825 -0.37032182962774635 0.92890351624975531 9.6214259775645825 -0.37032182962774635 0.92890351624975531 10 0 1.0000000000000007 9.9999999999999982 -0.12064762328835876 0.63343181660964976 9.7286343574272856 0.036514848036423186 0.59413548908229263 9.7286343574272856 0.036514848036423186 0.59413548908229263 9.4182421888763574 0 1.0000000000000007 9.6168911663650452 0.35682947827009098 0.93416953677450665 9.4031407899535715 0.20952672692483509 0.58259388946029977 8.4205663302233127 0.49614005825635943 0.8682425021809157 8.6441570411722441 0.86200635086251409 0.50689747589891643 9.0817685338571454 0.45765048249076007 0.88913218132962402 8.8131032651961778 0.26880371383714441 0.50348882911582082 8.8345024646044337 0 1.0000000000000007 9.0817685338571454 0.45765048249076007 0.88913218132962402 9.4182421888763574 0 1.0000000000000007 9.0000934106694945 -0.073747204993470677 0.7063585014768452 8.8345024646044337 0 1.0000000000000007 8.4205663302233127 0.49614005825635943 0.8682425021809157 9.0817685338571454 0.45765048249076007 0.88913218132962402 8.8131032651961778 0.26880371383714441 0.50348882911582082 8.8345024646044337 0 1.0000000000000007 8.8131032651961778 0.26880371383714441 0.50348882911582082 9.0817685338571454 0.45765048249076007 0.88913218132962402 9.0000934106694945 -0.073747204993470677 0.7063585014768452 8.8131032651961778 0.26880371383714441 0.50348882911582082 9.4031407899535715 0.20952672692483509 0.58259388946029977 9.0817685338571454 0.45765048249076007 0.88913218132962402 9.0000934106694945 -0.073747204993470677 0.7063585014768452 9.4182421888763574 0 1.0000000000000007 9.0817685338571454 0.45765048249076007 0.88913218132962402 9.6168911663650452 0.35682947827009098 0.93416953677450665 9.4031407899535715 0.20952672692483509 0.58259388946029977 9.0817685338571454 0.45765048249076007 0.88913218132962402 9.4031407899535715 0.20952672692483509 0.58259388946029977 9.4182421888763574 0 1.0000000000000007 9.0000934106694945 -0.073747204993470677 0.7063585014768452 9.0817685338571454 0.45765048249076007 0.88913218132962402 8.6441570411722441 0.86200635086251409 0.50689747589891643 9.1874381085184851 0.90928008834784502 0.41618471972687254 8.8131032651961778 0.26880371383714441 0.50348882911582082 9.7286343574272856 0.036514848036423186 0.59413548908229263 10 0.16973649965926818 0.62442322093329894 10 0.42776163676003387 0.49451079303178636 9.6168911663650452 0.35682947827009098 0.93416953677450665 9.7286343574272856 0.036514848036423186 0.59413548908229263 9.6168911663650452 0.35682947827009098 0.93416953677450665 10 0.42776163676003387 0.49451079303178636 9.4031407899535715 0.20952672692483509 0.58259388946029977 9.5658857683936809 0.71912999037841119 0.69487556939235307 10 0.42776163676003387 0.49451079303178636 9.6168911663650452 0.35682947827009098 0.93416953677450665 9.4031407899535715 0.20952672692483509 0.58259388946029977 9.0817685338571454 0.45765048249076007 0.88913218132962402 9.5658857683936809 0.71912999037841119 0.69487556939235307 9.6168911663650452 0.35682947827009098 0.93416953677450665 9.4031407899535715 0.20952672692483509 0.58259388946029977 10 0.16973649965926818 0.62442322093329894 9.6168911663650452 0.35682947827009098 0.93416953677450665 10 0 1.0000000000000007 9.9999999999999982 0.51281493978470027 0.85849703187015092 9.9999999999999982 0.51281493978470027 0.85849703187015092 9.6168911663650452 0.35682947827009098 0.93416953677450665 9.5658857683936809 0.71912999037841119 0.69487556939235307 10 0.42776163676003387 0.49451079303178636 10 0.16973649965926818 0.62442322093329894 10 0.42776163676003387 0.49451079303178636 9.6168911663650452 0.35682947827009098 0.93416953677450665 9.9999999999999982 0.51281493978470027 0.85849703187015092 8.0329689848586039 -0.49965065229112843 -0.00019925527628810743 8.9134586679295413 -0.41375399242716271 -0.17806010518096738 8.2445814736856011 -1 5.0483501560293196e-16 8.217481727655727 -0.49719665985600081 -0.4346193892811786 8.8345024646043999 -1 5.409572582668592e-16 8.6212771356900415 -0.8689753542722547 -0.4948553664126607 8.2445814736856011 -1 5.0483501560293196e-16 8.9134586679295413 -0.41375399242716271 -0.17806010518096738 8.8345024646043999 -1 5.409572582668592e-16 8.9134586679295413 -0.41375399242716271 -0.17806010518096738 8.2445814736856011 -1 5.0483501560293196e-16 8.7779820347470263 -0.46006559422624943 0.34212599089769435 8.2445814736856011 -1 5.0483501560293196e-16 8.9134586679295413 -0.41375399242716271 -0.17806010518096738 8.0329689848586039 -0.49965065229112843 -0.00019925527628810743 8.7779820347470263 -0.46006559422624943 0.34212599089769435 8.0329689848586039 -0.49965065229112843 -0.00019925527628810743 8.9134586679295413 -0.41375399242716271 -0.17806010518096738 8.4112804003380823 0.00069869541774313093 -0.00039851055257668355 8.7779820347470263 -0.46006559422624943 0.34212599089769435 8.6212771356900415 -0.8689753542722547 -0.4948553664126607 8.2445814736856011 -1 5.0483501560293196e-16 8.9134586679295413 -0.41375399242716271 -0.17806010518096738 8.217481727655727 -0.49719665985600081 -0.4346193892811786 8.4112804003380823 0.00069869541774313093 -0.00039851055257668355 8.9134586679295413 -0.41375399242716271 -0.17806010518096738 8.0329689848586039 -0.49965065229112843 -0.00019925527628810743 8.217481727655727 -0.49719665985600081 -0.4346193892811786 8.6212771356900415 -0.8689753542722547 -0.4948553664126607 8.6577265692056482 -0.11329064968243013 -0.61707981115834931 8.4019944704528502 -0.49474266742087314 -0.86903952328606904 8.217481727655727 -0.49719665985600081 -0.4346193892811786 8.2445814736856011 0 -0.99999999999999956 8.0329689848586039 0.00034934770887156547 -0.50019925527628806 8.4019944704528502 -0.49474266742087314 -0.86903952328606904 8.6577265692056482 -0.11329064968243013 -0.61707981115834931 8.4019944704528502 -0.49474266742087314 -0.86903952328606904 8.6577265692056482 -0.11329064968243013 -0.61707981115834931 8.0329689848586039 0.00034934770887156547 -0.50019925527628806 8.217481727655727 -0.49719665985600081 -0.4346193892811786 8.2445814736856011 0 -0.99999999999999956 8.0329689848586039 0.00034934770887156547 -0.50019925527628806 8.6577265692056482 -0.11329064968243013 -0.61707981115834931 8.2174817276412764 0.43469443550001219 -0.49747096134411589 8.6212771356900415 -0.8689753542722547 -0.4948553664126607 8.9134586679295413 -0.41375399242716271 -0.17806010518096738 8.6577265692056482 -0.11329064968243013 -0.61707981115834931 8.217481727655727 -0.49719665985600081 -0.4346193892811786 8.4112804003380823 0.00069869541774313093 -0.00039851055257668355 8.6577265692056482 -0.11329064968243013 -0.61707981115834931 8.9134586679295413 -0.41375399242716271 -0.17806010518096738 8.217481727655727 -0.49719665985600081 -0.4346193892811786 8.0329689848586039 0.00034934770887156547 -0.50019925527628806 8.6577265692056482 -0.11329064968243013 -0.61707981115834931 8.4112804003380823 0.00069869541774313093 -0.00039851055257668355 8.217481727655727 -0.49719665985600081 -0.4346193892811786 8.0329689848586039 0.00034934770887156547 -0.50019925527628806 8.4112804003380823 0.00069869541774313093 -0.00039851055257668355 8.6577265692056482 -0.11329064968243013 -0.61707981115834931 8.2174817276412764 0.43469443550001219 -0.49747096134411589 8.8345024646043999 -1 5.409572582668592e-16 9.1916955142237935 -0.90793517322867057 -0.4191106312350279 8.6212771356900415 -0.8689753542722547 -0.4948553664126607 8.9134586679295413 -0.41375399242716271 -0.17806010518096738 9.0814320982875856 -0.89025371211923043 0.45546495810098375 9.187083556142813 -0.41629812382408576 0.90922817383786947 9.4613180326973758 -0.42413215178748603 0.25893476228389689 8.7779820347470263 -0.46006559422624943 0.34212599089769435 9.0814320982875856 -0.89025371211923043 0.45546495810098375 9.5656343579319199 -0.69502343899643459 0.71898707863602818 9.6168254526979666 -0.93418707318296268 0.35678356506129938 9.4613180326973758 -0.42413215178748603 0.25893476228389689 9.0814320982875856 -0.89025371211923043 0.45546495810098375 9.187083556142813 -0.41629812382408576 0.90922817383786947 9.5656343579319199 -0.69502343899643459 0.71898707863602818 9.4613180326973758 -0.42413215178748603 0.25893476228389689 9.7286343574272856 0.036514848036423186 0.59413548908229263 9.4613180326973758 -0.42413215178748603 0.25893476228389689 9.6214259775645825 -0.37032182962774635 0.92890351624975531 9.4182421888763574 0 1.0000000000000007 8.9134586679295413 -0.41375399242716271 -0.17806010518096738 8.8345024646043999 -1 5.409572582668592e-16 9.4613180326973758 -0.42413215178748603 0.25893476228389689 8.7779820347470263 -0.46006559422624943 0.34212599089769435 8.9134586679295413 -0.41375399242716271 -0.17806010518096738 9.4613180326973758 -0.42413215178748603 0.25893476228389689 8.8345024646043999 -1 5.409572582668592e-16 9.1916955142237935 -0.90793517322867057 -0.4191106312350279 9.4613180326973758 -0.42413215178748603 0.25893476228389689 8.8345024646043999 -1 5.409572582668592e-16 9.1916955142237935 -0.90793517322867057 -0.4191106312350279 9.4182421888763148 -1 5.7670100751009702e-16 8.8345024646043999 -1 5.409572582668592e-16 9.4613180326973758 -0.42413215178748603 0.25893476228389689 8.7779820347470263 -0.46006559422624943 0.34212599089769435 9.0814320982875856 -0.89025371211923043 0.45546495810098375 9.4182421888763148 -1 5.7670100751009702e-16 9.0814320982875856 -0.89025371211923043 0.45546495810098375 9.6168254526979666 -0.93418707318296268 0.35678356506129938 9.4613180326973758 -0.42413215178748603 0.25893476228389689 9.4182421888763148 -1 5.7670100751009702e-16 8.8345024646043999 -1 5.409572582668592e-16 9.0814320982875856 -0.89025371211923043 0.45546495810098375 9.4613180326973758 -0.42413215178748603 0.25893476228389689 9.5656343579319199 -0.69502343899643459 0.71898707863602818 9.187083556142813 -0.41629812382408576 0.90922817383786947 9.6214259775645825 -0.37032182962774635 0.92890351624975531 9.4613180326973758 -0.42413215178748603 0.25893476228389689 9.4613180326973758 -0.42413215178748603 0.25893476228389689 8.7779820347470263 -0.46006559422624943 0.34212599089769435 9.187083556142813 -0.41629812382408576 0.90922817383786947 9.0000934106694945 -0.073747204993470677 0.7063585014768452 9.6214259775645825 -0.37032182962774635 0.92890351624975531 9.187083556142813 -0.41629812382408576 0.90922817383786947 9.4182421888763574 0 1.0000000000000007 9.4613180326973758 -0.42413215178748603 0.25893476228389689 9.187083556142813 -0.41629812382408576 0.90922817383786947 9.4182421888763574 0 1.0000000000000007 9.4613180326973758 -0.42413215178748603 0.25893476228389689 9.0000934106694945 -0.073747204993470677 0.7063585014768452 9.4182421888763574 0 1.0000000000000007 9.4031407899535715 0.20952672692483509 0.58259388946029977 9.4613180326973758 -0.42413215178748603 0.25893476228389689 9.0000934106694945 -0.073747204993470677 0.7063585014768452 9.7286343574272856 0.036514848036423186 0.59413548908229263 9.4613180326973758 -0.42413215178748603 0.25893476228389689 9.4182421888763574 0 1.0000000000000007 9.4031407899535715 0.20952672692483509 0.58259388946029977 9.6214259775645825 -0.37032182962774635 0.92890351624975531 9.9999999999999982 -0.12064762328835876 0.63343181660964976 10 -0.36090234136976262 0.36775373577764492 9.7286343574272856 0.036514848036423186 0.59413548908229263 10 -0.85849703194465765 0.51281493965996972 9.5656343579319199 -0.69502343899643459 0.71898707863602818 9.9999999999999982 -0.51281680427900189 0.85849591812943071 10 -0.36090234136976262 0.36775373577764492 9.5656343579319199 -0.69502343899643459 0.71898707863602818 9.6214259775645825 -0.37032182962774635 0.92890351624975531 10 -0.36090234136976262 0.36775373577764492 9.4613180326973758 -0.42413215178748603 0.25893476228389689 9.5656343579319199 -0.69502343899643459 0.71898707863602818 9.6214259775645825 -0.37032182962774635 0.92890351624975531 9.9999999999999982 -0.51281680427900189 0.85849591812943071 10 -0.36090234136976262 0.36775373577764492 10 -0.85849703194465765 0.51281493965996972 9.6168254526979666 -0.93418707318296268 0.35678356506129938 9.5656343579319199 -0.69502343899643459 0.71898707863602818 10 -0.36090234136976262 0.36775373577764492 9.5656343579319199 -0.69502343899643459 0.71898707863602818 10 -0.36090234136976262 0.36775373577764492 9.6168254526979666 -0.93418707318296268 0.35678356506129938 9.4613180326973758 -0.42413215178748603 0.25893476228389689 9.9999999999999982 -0.51281680427900189 0.85849591812943071 9.6214259775645825 -0.37032182962774635 0.92890351624975531 9.9999999999999982 -0.12064762328835876 0.63343181660964976 10 -0.36090234136976262 0.36775373577764492 9.7286343574272856 0.036514848036423186 0.59413548908229263 10 -0.36090234136976262 0.36775373577764492 9.6214259775645825 -0.37032182962774635 0.92890351624975531 9.4613180326973758 -0.42413215178748603 0.25893476228389689 10 -0.63122519458897963 -0.19552513461550539 9.4182421888763148 -1 5.7670100751009702e-16 9.6230001929627011 -0.92832976192801886 -0.37175778824211259 10 -1 6.1232339957367663e-16 10 -1 6.1232339957367663e-16 9.6168254526979666 -0.93418707318296268 0.35678356506129938 10 -0.85849703194465765 0.51281493965996972 10 -0.61402874755743608 0.12298095694001275 9.6168254526979666 -0.93418707318296268 0.35678356506129938 10 -0.36090234136976262 0.36775373577764492 10 -0.85849703194465765 0.51281493965996972 10 -0.61402874755743608 0.12298095694001275 9.4182421888763148 -1 5.7670100751009702e-16 9.6168254526979666 -0.93418707318296268 0.35678356506129938 10 -0.61402874755743608 0.12298095694001275 9.4613180326973758 -0.42413215178748603 0.25893476228389689 10 -0.63122519458897963 -0.19552513461550539 9.4613180326973758 -0.42413215178748603 0.25893476228389689 9.4182421888763148 -1 5.7670100751009702e-16 10 -0.61402874755743608 0.12298095694001275 10 -0.36090234136976262 0.36775373577764492 10 -0.61402874755743608 0.12298095694001275 9.6168254526979666 -0.93418707318296268 0.35678356506129938 9.4613180326973758 -0.42413215178748603 0.25893476228389689 10 -1 6.1232339957367663e-16 9.4182421888763148 -1 5.7670100751009702e-16 9.6168254526979666 -0.93418707318296268 0.35678356506129938 10 -0.61402874755743608 0.12298095694001275 10 -1 6.1232339957367663e-16 10 -0.63122519458897963 -0.19552513461550539 9.4182421888763148 -1 5.7670100751009702e-16 10 -0.61402874755743608 0.12298095694001275 9.7286343574272856 0.036514848036423186 0.59413548908229263 10 0.082236043418115634 0.27786882265402868 10 -0.36090234136976262 0.36775373577764492 9.4613180326973758 -0.42413215178748603 0.25893476228389689 9.7286343574272856 0.036514848036423186 0.59413548908229263 10 0.42776163676003387 0.49451079303178636 10 0.16973649965926818 0.62442322093329894 10 0.082236043418115634 0.27786882265402868 9.7286343574272856 0.036514848036423186 0.59413548908229263 9.9999999999999982 -0.12064762328835876 0.63343181660964976 10 -0.36090234136976262 0.36775373577764492 10 0.082236043418115634 0.27786882265402868 9.7286343574272856 0.036514848036423186 0.59413548908229263 10 0.16973649965926818 0.62442322093329894 9.9999999999999982 -0.12064762328835876 0.63343181660964976 10 0.082236043418115634 0.27786882265402868 8.4112804003380823 0.00069869541774313093 -0.00039851055257668355 8.8131032651961778 0.26880371383714441 0.50348882911582082 8.6228914324712402 0.50034934770887163 -0.00019925527628807132 8.2267676575409592 0.49824470298261547 0.43402162345231377 8.6441570411722441 0.86200635086251409 0.50689747589891643 8.6228914324712402 0.50034934770887163 -0.00019925527628807132 8.8131032651961778 0.26880371383714441 0.50348882911582082 8.2267676575409592 0.49824470298261547 0.43402162345231377 8.4112804003380823 0.00069869541774313093 -0.00039851055257668355 8.6228914324712402 0.50034934770887163 -0.00019925527628807132 8.0329689848586039 0.50034934770887152 -0.00019925527628810743 8.2267676575409592 0.49824470298261547 0.43402162345231377 9.1874381085184851 0.90928008834784502 0.41618471972687254 8.8131032651961778 0.26880371383714441 0.50348882911582082 8.6441570411722441 0.86200635086251409 0.50689747589891643 8.6228914324712402 0.50034934770887163 -0.00019925527628807132 8.0329689848586039 0.50034934770887152 -0.00019925527628810743 8.6228914324712402 0.50034934770887163 -0.00019925527628807132 8.2445814736856011 1 5.0483501560293196e-16 8.2267676575409592 0.49824470298261547 0.43402162345231377 8.6441570411722441 0.86200635086251409 0.50689747589891643 8.2445814736856011 1 5.0483501560293196e-16 8.6228914324712402 0.50034934770887163 -0.00019925527628807132 8.2267676575409592 0.49824470298261547 0.43402162345231377 8.0329689848586039 0.50034934770887152 -0.00019925527628810743 8.6228914324712402 0.50034934770887163 -0.00019925527628807132 8.4112804003380823 0.00069869541774313093 -0.00039851055257668355 8.2174817276412764 0.43469443550001219 -0.49747096134411589 8.4019944704239489 0.86903952329115275 -0.49474266741194373 8.6228914324712402 0.50034934770887163 -0.00019925527628807132 8.0329689848586039 0.50034934770887152 -0.00019925527628810743 8.2174817276412764 0.43469443550001219 -0.49747096134411589 8.2445814736856011 1 5.0483501560293196e-16 8.0329689848586039 0.50034934770887152 -0.00019925527628810743 8.4019944704239489 0.86903952329115275 -0.49474266741194373 8.6228914324712402 0.50034934770887163 -0.00019925527628807132 8.4019944704239489 0.86903952329115275 -0.49474266741194373 8.0329689848586039 0.50034934770887152 -0.00019925527628810743 7.8410148061274505 0.87779038895521511 -0.47904491757856299 8.2174817276412764 0.43469443550001219 -0.49747096134411589 7.8410148061274505 0.87779038895521511 -0.47904491757856299 8.4019944704239489 0.86903952329115275 -0.49474266741194373 8.2445814736856011 1 5.0483501560293196e-16 8.0329689848586039 0.50034934770887152 -0.00019925527628810743 8.0404304440474181 0.48584040778963045 -0.87404753769964072 8.4019944704239489 0.86903952329115275 -0.49474266741194373 7.8410148061274505 0.87779038895521511 -0.47904491757856299 8.2174817276412764 0.43469443550001219 -0.49747096134411589 8.8345024646043999 1 5.409572582668592e-16 8.6441570411722441 0.86200635086251409 0.50689747589891643 8.2445814736856011 1 5.0483501560293196e-16 8.6228914324712402 0.50034934770887163 -0.00019925527628807132 9.1874381085184851 0.90928008834784502 0.41618471972687254 8.6441570411722441 0.86200635086251409 0.50689747589891643 8.8345024646043999 1 5.409572582668592e-16 8.6228914324712402 0.50034934770887163 -0.00019925527628807132 8.8345024646043999 1 5.409572582668592e-16 8.2445814736856011 1 5.0483501560293196e-16 8.4019944704239489 0.86903952329115275 -0.49474266741194373 8.6228914324712402 0.50034934770887163 -0.00019925527628807132 9.7286343574272856 0.036514848036423186 0.59413548908229263 9.2729710008101467 0.078829467734423189 0.10349895895546331 9.4613180326973758 -0.42413215178748603 0.25893476228389689 9.4031407899535715 0.20952672692483509 0.58259388946029977 8.9134586679295413 -0.41375399242716271 -0.17806010518096738 9.4613180326973758 -0.42413215178748603 0.25893476228389689 9.2729710008101467 0.078829467734423189 0.10349895895546331 8.7779820347470263 -0.46006559422624943 0.34212599089769435 9.7286343574272856 0.036514848036423186 0.59413548908229263 9.2729710008101467 0.078829467734423189 0.10349895895546331 10 0.082236043418115634 0.27786882265402868 9.4613180326973758 -0.42413215178748603 0.25893476228389689 9.2729710008101467 0.078829467734423189 0.10349895895546331 8.4112804003380823 0.00069869541774313093 -0.00039851055257668355 8.8131032651961778 0.26880371383714441 0.50348882911582082 8.6228914324712402 0.50034934770887163 -0.00019925527628807132 8.4112804003380823 0.00069869541774313093 -0.00039851055257668355 8.9134586679295413 -0.41375399242716271 -0.17806010518096738 9.2729710008101467 0.078829467734423189 0.10349895895546331 8.7779820347470263 -0.46006559422624943 0.34212599089769435 8.4112804003380823 0.00069869541774313093 -0.00039851055257668355 9.2729710008101467 0.078829467734423189 0.10349895895546331 8.8131032651961778 0.26880371383714441 0.50348882911582082 8.7779820347470263 -0.46006559422624943 0.34212599089769435 8.8131032651961778 0.26880371383714441 0.50348882911582082 8.7779820347470263 -0.46006559422624943 0.34212599089769435 9.2729710008101467 0.078829467734423189 0.10349895895546331 9.0000934106694945 -0.073747204993470677 0.7063585014768452 9.2729710008101467 0.078829467734423189 0.10349895895546331 8.7779820347470263 -0.46006559422624943 0.34212599089769435 9.4613180326973758 -0.42413215178748603 0.25893476228389689 9.0000934106694945 -0.073747204993470677 0.7063585014768452 9.2729710008101467 0.078829467734423189 0.10349895895546331 9.4031407899535715 0.20952672692483509 0.58259388946029977 8.8131032651961778 0.26880371383714441 0.50348882911582082 9.0000934106694945 -0.073747204993470677 0.7063585014768452 9.4613180326973758 -0.42413215178748603 0.25893476228389689 9.4031407899535715 0.20952672692483509 0.58259388946029977 9.2729710008101467 0.078829467734423189 0.10349895895546331 9.0000934106694945 -0.073747204993470677 0.7063585014768452 8.2445814736856011 0 -0.99999999999999956 8.6212771357478513 0.49485536669409641 -0.86897535411198523 8.0404304440474181 0.48584040778963045 -0.87404753769964072 8.2174817276412764 0.43469443550001219 -0.49747096134411589 8.6212771357478513 0.49485536669409641 -0.86897535411198523 8.4019944704239489 0.86903952329115275 -0.49474266741194373 8.0404304440474181 0.48584040778963045 -0.87404753769964072 8.2174817276412764 0.43469443550001219 -0.49747096134411589 8.2445814736856011 0 -0.99999999999999956 8.6577265692056482 -0.11329064968243013 -0.61707981115834931 8.6212771357478513 0.49485536669409641 -0.86897535411198523 8.2174817276412764 0.43469443550001219 -0.49747096134411589 9.2729710008101467 0.078829467734423189 0.10349895895546331 8.9134586679295413 -0.41375399242716271 -0.17806010518096738 8.4112804003380823 0.00069869541774313093 -0.00039851055257668355 8.9134586679584462 0.26816136805601293 -0.36512009903062964 8.6212771357478513 0.49485536669409641 -0.86897535411198523 8.6577265692056482 -0.11329064968243013 -0.61707981115834931 8.9134586679584462 0.26816136805601293 -0.36512009903062964 8.2174817276412764 0.43469443550001219 -0.49747096134411589 8.4112804003380823 0.00069869541774313093 -0.00039851055257668355 8.9134586679584462 0.26816136805601293 -0.36512009903062964 8.9134586679295413 -0.41375399242716271 -0.17806010518096738 8.6577265692056482 -0.11329064968243013 -0.61707981115834931 8.4112804003380823 0.00069869541774313093 -0.00039851055257668355 8.6228914324712402 0.50034934770887163 -0.00019925527628807132 8.9134586679584462 0.26816136805601293 -0.36512009903062964 8.2174817276412764 0.43469443550001219 -0.49747096134411589 9.2729710008101467 0.078829467734423189 0.10349895895546331 8.9134586679584462 0.26816136805601293 -0.36512009903062964 8.4112804003380823 0.00069869541774313093 -0.00039851055257668355 8.6228914324712402 0.50034934770887163 -0.00019925527628807132 8.6212771357478513 0.49485536669409641 -0.86897535411198523 8.9134586679584462 0.26816136805601293 -0.36512009903062964 8.4019944704239489 0.86903952329115275 -0.49474266741194373 8.2174817276412764 0.43469443550001219 -0.49747096134411589 8.9134586679584462 0.26816136805601293 -0.36512009903062964 8.6228914324712402 0.50034934770887163 -0.00019925527628807132 8.4019944704239489 0.86903952329115275 -0.49474266741194373 8.2174817276412764 0.43469443550001219 -0.49747096134411589 8.9134586679584462 0.26816136805601293 -0.36512009903062964 8.6577265692056482 -0.11329064968243013 -0.61707981115834931 8.4112804003380823 0.00069869541774313093 -0.00039851055257668355 8.2174817276412764 0.43469443550001219 -0.49747096134411589 8.8345024646043999 0 -0.99999999999999922 8.9134586679584462 0.26816136805601293 -0.36512009903062964 8.6212771357478513 0.49485536669409641 -0.86897535411198523 8.6577265692056482 -0.11329064968243013 -0.61707981115834931 8.2445814736856011 0 -0.99999999999999956 8.8345024646043999 0 -0.99999999999999922 8.6212771357478513 0.49485536669409641 -0.86897535411198523 8.6577265692056482 -0.11329064968243013 -0.61707981115834931 8.2445814736856011 0 -0.99999999999999956 8.4019944704528502 -0.49474266742087314 -0.86903952328606904 8.8345024646043999 0 -0.99999999999999922 8.6577265692056482 -0.11329064968243013 -0.61707981115834931 8.6212771356900415 -0.8689753542722547 -0.4948553664126607 9.0840120202986601 -0.45224333336926253 -0.89189459434568674 8.4019944704528502 -0.49474266742087314 -0.86903952328606904 8.6577265692056482 -0.11329064968243013 -0.61707981115834931 9.1916955142237935 -0.90793517322867057 -0.4191106312350279 9.0840120202986601 -0.45224333336926253 -0.89189459434568674 8.6212771356900415 -0.8689753542722547 -0.4948553664126607 8.9134586679295413 -0.41375399242716271 -0.17806010518096738 8.4019944704528502 -0.49474266742087314 -0.86903952328606904 9.0840120202986601 -0.45224333336926253 -0.89189459434568674 8.8345024646043999 0 -0.99999999999999922 8.6577265692056482 -0.11329064968243013 -0.61707981115834931 8.6212771356900415 -0.8689753542722547 -0.4948553664126607 8.9134586679295413 -0.41375399242716271 -0.17806010518096738 9.0840120202986601 -0.45224333336926253 -0.89189459434568674 8.6577265692056482 -0.11329064968243013 -0.61707981115834931 9.7108850647037919 -0.58419129339194054 -0.39494431314997713 10 -0.63122519458897963 -0.19552513461550539 9.4613180326973758 -0.42413215178748603 0.25893476228389689 9.4182421888763148 -1 5.7670100751009702e-16 9.7108850647037919 -0.58419129339194054 -0.39494431314997713 9.1916955142237935 -0.90793517322867057 -0.4191106312350279 9.4182421888763148 -1 5.7670100751009702e-16 9.4613180326973758 -0.42413215178748603 0.25893476228389689 9.7108850647037919 -0.58419129339194054 -0.39494431314997713 10 -0.63122519458897963 -0.19552513461550539 9.4182421888763148 -1 5.7670100751009702e-16 9.6230001929627011 -0.92832976192801886 -0.37175778824211259 9.7108850647037919 -0.58419129339194054 -0.39494431314997713 9.4182421888763148 -1 5.7670100751009702e-16 9.1916955142237935 -0.90793517322867057 -0.4191106312350279 9.6230001929627011 -0.92832976192801886 -0.37175778824211259 9.7108850647037919 -0.58419129339194054 -0.39494431314997713 9.5676685582794914 -0.71017743233824626 -0.70402273727306197 9.6230001929627011 -0.92832976192801886 -0.37175778824211259 9.1916955142237935 -0.90793517322867057 -0.4191106312350279 9.7108850647037919 -0.58419129339194054 -0.39494431314997713 9.9999999999999982 -0.85849591742848497 -0.51281680545243868 9.6230001929627011 -0.92832976192801886 -0.37175778824211259 9.5676685582794914 -0.71017743233824626 -0.70402273727306197 9.7108850647037919 -0.58419129339194054 -0.39494431314997713 9.9999999999999982 -0.85849591742848497 -0.51281680545243868 10 -0.63122519458897963 -0.19552513461550539 9.6230001929627011 -0.92832976192801886 -0.37175778824211259 9.9999999999999982 -0.85849591742848497 -0.51281680545243868 10 -0.63122519458897963 -0.19552513461550539 9.6230001929627011 -0.92832976192801886 -0.37175778824211259 10 -1 6.1232339957367663e-16 9.7108850647037919 -0.58419129339194054 -0.39494431314997713 10 -0.63122519458897963 -0.19552513461550539 9.9999999999999982 -0.85849591742848497 -0.51281680545243868 10 -0.50825278533983442 -0.44539142650589514 9.7286343574272856 0.036514848036423186 0.59413548908229263 10 0.42776163676003387 0.49451079303178636 9.468105834401241 0.47879452220841417 0.25792305598851345 9.4031407899535715 0.20952672692483509 0.58259388946029977 9.5658857683936809 0.71912999037841119 0.69487556939235307 9.468105834401241 0.47879452220841417 0.25792305598851345 10 0.42776163676003387 0.49451079303178636 9.4031407899535715 0.20952672692483509 0.58259388946029977 9.2729710008101467 0.078829467734423189 0.10349895895546331 9.468105834401241 0.47879452220841417 0.25792305598851345 8.8131032651961778 0.26880371383714441 0.50348882911582082 9.4031407899535715 0.20952672692483509 0.58259388946029977 9.0817685338571454 0.45765048249076007 0.88913218132962402 8.8131032651961778 0.26880371383714441 0.50348882911582082 9.468105834401241 0.47879452220841417 0.25792305598851345 9.4031407899535715 0.20952672692483509 0.58259388946029977 9.7286343574272856 0.036514848036423186 0.59413548908229263 10 0.42776163676003387 0.49451079303178636 10 0.082236043418115634 0.27786882265402868 9.468105834401241 0.47879452220841417 0.25792305598851345 9.0817685338571454 0.45765048249076007 0.88913218132962402 8.8131032651961778 0.26880371383714441 0.50348882911582082 9.1874381085184851 0.90928008834784502 0.41618471972687254 9.468105834401241 0.47879452220841417 0.25792305598851345 9.0817685338571454 0.45765048249076007 0.88913218132962402 9.1874381085184851 0.90928008834784502 0.41618471972687254 9.5658857683936809 0.71912999037841119 0.69487556939235307 9.468105834401241 0.47879452220841417 0.25792305598851345 9.1874381085184851 0.90928008834784502 0.41618471972687254 8.8131032651961778 0.26880371383714441 0.50348882911582082 8.6228914324712402 0.50034934770887163 -0.00019925527628807132 9.468105834401241 0.47879452220841417 0.25792305598851345 9.2729710008101467 0.078829467734423189 0.10349895895546331 8.6228914324712402 0.50034934770887163 -0.00019925527628807132 8.8131032651961778 0.26880371383714441 0.50348882911582082 9.468105834401241 0.47879452220841417 0.25792305598851345 9.7286343574272856 0.036514848036423186 0.59413548908229263 10 0.082236043418115634 0.27786882265402868 9.2729710008101467 0.078829467734423189 0.10349895895546331 9.468105834401241 0.47879452220841417 0.25792305598851345 9.0817685338571454 0.45765048249076007 0.88913218132962402 9.468105834401241 0.47879452220841417 0.25792305598851345 9.5658857683936809 0.71912999037841119 0.69487556939235307 9.4031407899535715 0.20952672692483509 0.58259388946029977 9.7286343574272856 0.036514848036423186 0.59413548908229263 9.468105834401241 0.47879452220841417 0.25792305598851345 9.2729710008101467 0.078829467734423189 0.10349895895546331 9.4031407899535715 0.20952672692483509 0.58259388946029977 9.1874381085184851 0.90928008834784502 0.41618471972687254 9.468105834401241 0.47879452220841417 0.25792305598851345 8.6228914324712402 0.50034934770887163 -0.00019925527628807132 9.2486839721265657 0.68852118457657985 -0.098810191531474009 8.9134586679584462 0.26816136805601293 -0.36512009903062964 8.6228914324712402 0.50034934770887163 -0.00019925527628807132 9.2729710008101467 0.078829467734423189 0.10349895895546331 9.2486839721265657 0.68852118457657985 -0.098810191531474009 8.6228914324712402 0.50034934770887163 -0.00019925527628807132 9.468105834401241 0.47879452220841417 0.25792305598851345 9.2729710008101467 0.078829467734423189 0.10349895895546331 9.2486839721265657 0.68852118457657985 -0.098810191531474009 8.8345024646043999 1 5.409572582668592e-16 9.1874381085184851 0.90928008834784502 0.41618471972687254 8.6228914324712402 0.50034934770887163 -0.00019925527628807132 9.2486839721265657 0.68852118457657985 -0.098810191531474009 9.4182421888763148 1 5.7670100751009702e-16 9.468105834401241 0.47879452220841417 0.25792305598851345 9.1874381085184851 0.90928008834784502 0.41618471972687254 9.2486839721265657 0.68852118457657985 -0.098810191531474009 8.8345024646043999 1 5.409572582668592e-16 9.4182421888763148 1 5.7670100751009702e-16 9.1874381085184851 0.90928008834784502 0.41618471972687254 9.2486839721265657 0.68852118457657985 -0.098810191531474009 10 0.53936094928396516 0.17997808543414329 10 0.082236043418115634 0.27786882265402868 10 0.42776163676003387 0.49451079303178636 9.468105834401241 0.47879452220841417 0.25792305598851345 10 0.53936094928396516 0.17997808543414329 10 0.42776163676003387 0.49451079303178636 9.6210716472623332 0.92882818014762991 0.37051074446450621 9.468105834401241 0.47879452220841417 0.25792305598851345 9.6210716472623332 0.92882818014762991 0.37051074446450621 9.4182421888763148 1 5.7670100751009702e-16 10 0.53936094928396516 0.17997808543414329 9.468105834401241 0.47879452220841417 0.25792305598851345 9.5658857683936809 0.71912999037841119 0.69487556939235307 9.6210716472623332 0.92882818014762991 0.37051074446450621 10 0.42776163676003387 0.49451079303178636 9.468105834401241 0.47879452220841417 0.25792305598851345 9.5658857683936809 0.71912999037841119 0.69487556939235307 9.1874381085184851 0.90928008834784502 0.41618471972687254 9.6210716472623332 0.92882818014762991 0.37051074446450621 9.468105834401241 0.47879452220841417 0.25792305598851345 9.6210716472623332 0.92882818014762991 0.37051074446450621 9.1874381085184851 0.90928008834784502 0.41618471972687254 9.4182421888763148 1 5.7670100751009702e-16 9.468105834401241 0.47879452220841417 0.25792305598851345 9.6210716472623332 0.92882818014762991 0.37051074446450621 10 0.53936094928396516 0.17997808543414329 9.9999999999999982 0.85849591798713487 0.51281680451721579 10 0.42776163676003387 0.49451079303178636 9.9999999999999982 0.51281493978470027 0.85849703187015092 9.5658857683936809 0.71912999037841119 0.69487556939235307 9.9999999999999982 0.85849591798713487 0.51281680451721579 10 0.42776163676003387 0.49451079303178636 9.5658857683936809 0.71912999037841119 0.69487556939235307 9.6210716472623332 0.92882818014762991 0.37051074446450621 9.9999999999999982 0.85849591798713487 0.51281680451721579 10 0.42776163676003387 0.49451079303178636 8.8345024646043999 0 -0.99999999999999922 9.0840120202986601 -0.45224333336926253 -0.89189459434568674 9.4067475938956804 -0.16452729775480443 -0.4457743648072115 8.6577265692056482 -0.11329064968243013 -0.61707981115834931 9.1916955142237935 -0.90793517322867057 -0.4191106312350279 9.4067475938956804 -0.16452729775480443 -0.4457743648072115 8.9134586679295413 -0.41375399242716271 -0.17806010518096738 9.4613180326973758 -0.42413215178748603 0.25893476228389689 8.9134586679295413 -0.41375399242716271 -0.17806010518096738 9.4067475938956804 -0.16452729775480443 -0.4457743648072115 9.2729710008101467 0.078829467734423189 0.10349895895546331 9.4613180326973758 -0.42413215178748603 0.25893476228389689 8.8345024646043999 0 -0.99999999999999922 9.4067475938956804 -0.16452729775480443 -0.4457743648072115 8.9134586679584462 0.26816136805601293 -0.36512009903062964 8.6577265692056482 -0.11329064968243013 -0.61707981115834931 9.7108850647037919 -0.58419129339194054 -0.39494431314997713 9.4067475938956804 -0.16452729775480443 -0.4457743648072115 9.1916955142237935 -0.90793517322867057 -0.4191106312350279 9.4613180326973758 -0.42413215178748603 0.25893476228389689 9.0840120202986601 -0.45224333336926253 -0.89189459434568674 8.9134586679295413 -0.41375399242716271 -0.17806010518096738 9.1916955142237935 -0.90793517322867057 -0.4191106312350279 9.4067475938956804 -0.16452729775480443 -0.4457743648072115 8.9134586679295413 -0.41375399242716271 -0.17806010518096738 8.9134586679584462 0.26816136805601293 -0.36512009903062964 9.2729710008101467 0.078829467734423189 0.10349895895546331 9.4067475938956804 -0.16452729775480443 -0.4457743648072115 9.5676685582794914 -0.71017743233824626 -0.70402273727306197 9.1916955142237935 -0.90793517322867057 -0.4191106312350279 9.4067475938956804 -0.16452729775480443 -0.4457743648072115 9.0840120202986601 -0.45224333336926253 -0.89189459434568674 9.0840120202986601 -0.45224333336926253 -0.89189459434568674 8.9134586679295413 -0.41375399242716271 -0.17806010518096738 9.4067475938956804 -0.16452729775480443 -0.4457743648072115 8.6577265692056482 -0.11329064968243013 -0.61707981115834931 8.9134586679584462 0.26816136805601293 -0.36512009903062964 9.4067475938956804 -0.16452729775480443 -0.4457743648072115 8.9134586679295413 -0.41375399242716271 -0.17806010518096738 8.6577265692056482 -0.11329064968243013 -0.61707981115834931 9.7108850647037919 -0.58419129339194054 -0.39494431314997713 9.5676685582794914 -0.71017743233824626 -0.70402273727306197 9.1916955142237935 -0.90793517322867057 -0.4191106312350279 9.4067475938956804 -0.16452729775480443 -0.4457743648072115 9.7108850647037919 -0.58419129339194054 -0.39494431314997713 9.9999999999999982 -0.22155340814955382 -0.13670431789579773 9.4067475938956804 -0.16452729775480443 -0.4457743648072115 9.4613180326973758 -0.42413215178748603 0.25893476228389689 10 0.082236043418115634 0.27786882265402868 9.9999999999999982 -0.22155340814955382 -0.13670431789579773 10 -0.36090234136976262 0.36775373577764492 9.4613180326973758 -0.42413215178748603 0.25893476228389689 9.2729710008101467 0.078829467734423189 0.10349895895546331 9.4067475938956804 -0.16452729775480443 -0.4457743648072115 9.9999999999999982 -0.22155340814955382 -0.13670431789579773 9.4613180326973758 -0.42413215178748603 0.25893476228389689 9.7108850647037919 -0.58419129339194054 -0.39494431314997713 10 -0.63122519458897963 -0.19552513461550539 10 -0.50825278533983442 -0.44539142650589514 9.9999999999999982 -0.22155340814955382 -0.13670431789579773 9.7108850647037919 -0.58419129339194054 -0.39494431314997713 10 -0.63122519458897963 -0.19552513461550539 9.9999999999999982 -0.22155340814955382 -0.13670431789579773 9.4613180326973758 -0.42413215178748603 0.25893476228389689 10 -0.36090234136976262 0.36775373577764492 9.9999999999999982 -0.22155340814955382 -0.13670431789579773 10 -0.61402874755743608 0.12298095694001275 9.4613180326973758 -0.42413215178748603 0.25893476228389689 10 0.082236043418115634 0.27786882265402868 9.2729710008101467 0.078829467734423189 0.10349895895546331 9.9999999999999982 -0.22155340814955382 -0.13670431789579773 9.4613180326973758 -0.42413215178748603 0.25893476228389689 10 -0.63122519458897963 -0.19552513461550539 9.9999999999999982 -0.22155340814955382 -0.13670431789579773 9.4613180326973758 -0.42413215178748603 0.25893476228389689 10 -0.61402874755743608 0.12298095694001275 10 0.082236043418115634 0.27786882265402868 10 0.25430593921521938 -0.11303606160524232 9.9999999999999982 -0.22155340814955382 -0.13670431789579773 9.2729710008101467 0.078829467734423189 0.10349895895546331 9.9999999999999982 -0.22155340814955382 -0.13670431789579773 9.2729710008101467 0.078829467734423189 0.10349895895546331 10 0.25430593921521938 -0.11303606160524232 9.4067475938956804 -0.16452729775480443 -0.4457743648072115 10 0.25430593921521938 -0.11303606160524232 9.2729710008101467 0.078829467734423189 0.10349895895546331 10 0.082236043418115634 0.27786882265402868 9.468105834401241 0.47879452220841417 0.25792305598851345 10 0.53936094928396516 0.17997808543414329 10 0.25430593921521938 -0.11303606160524232 10 0.082236043418115634 0.27786882265402868 9.468105834401241 0.47879452220841417 0.25792305598851345 9.0840120205374433 0.89189459437037999 -0.45224333332056404 8.8345024646043999 1 5.409572582668592e-16 8.6228914324712402 0.50034934770887163 -0.00019925527628807132 9.2486839721265657 0.68852118457657985 -0.098810191531474009 8.4019944704239489 0.86903952329115275 -0.49474266741194373 8.9134586679584462 0.26816136805601293 -0.36512009903062964 9.0840120205374433 0.89189459437037999 -0.45224333332056404 8.6228914324712402 0.50034934770887163 -0.00019925527628807132 9.0840120205374433 0.89189459437037999 -0.45224333332056404 8.6228914324712402 0.50034934770887163 -0.00019925527628807132 8.9134586679584462 0.26816136805601293 -0.36512009903062964 9.2486839721265657 0.68852118457657985 -0.098810191531474009 8.6212771357478513 0.49485536669409641 -0.86897535411198523 9.0840120205374433 0.89189459437037999 -0.45224333332056404 8.4019944704239489 0.86903952329115275 -0.49474266741194373 8.9134586679584462 0.26816136805601293 -0.36512009903062964 8.4019944704239489 0.86903952329115275 -0.49474266741194373 9.0840120205374433 0.89189459437037999 -0.45224333332056404 8.8345024646043999 1 5.409572582668592e-16 8.6228914324712402 0.50034934770887163 -0.00019925527628807132 8.8345024646043999 1 5.409572582668592e-16 9.0840120205374433 0.89189459437037999 -0.45224333332056404 9.4182421888763148 1 5.7670100751009702e-16 9.2486839721265657 0.68852118457657985 -0.098810191531474009 8.9134586679584462 0.26816136805601293 -0.36512009903062964 9.456729333979224 0.36563879995287457 -0.38373083785671175 9.0840120205374433 0.89189459437037999 -0.45224333332056404 9.2486839721265657 0.68852118457657985 -0.098810191531474009 9.2729710008101467 0.078829467734423189 0.10349895895546331 9.456729333979224 0.36563879995287457 -0.38373083785671175 8.9134586679584462 0.26816136805601293 -0.36512009903062964 9.2486839721265657 0.68852118457657985 -0.098810191531474009 10 0.25430593921521938 -0.11303606160524232 9.4067475938956804 -0.16452729775480443 -0.4457743648072115 9.2729710008101467 0.078829467734423189 0.10349895895546331 9.456729333979224 0.36563879995287457 -0.38373083785671175 10 0.25430593921521938 -0.11303606160524232 9.456729333979224 0.36563879995287457 -0.38373083785671175 9.2729710008101467 0.078829467734423189 0.10349895895546331 9.468105834401241 0.47879452220841417 0.25792305598851345 9.2729710008101467 0.078829467734423189 0.10349895895546331 9.4067475938956804 -0.16452729775480443 -0.4457743648072115 8.9134586679584462 0.26816136805601293 -0.36512009903062964 9.456729333979224 0.36563879995287457 -0.38373083785671175 9.2729710008101467 0.078829467734423189 0.10349895895546331 9.468105834401241 0.47879452220841417 0.25792305598851345 9.456729333979224 0.36563879995287457 -0.38373083785671175 9.2486839721265657 0.68852118457657985 -0.098810191531474009 9.1916955141611059 0.41911063126729886 -0.90793517321377382 8.6212771357478513 0.49485536669409641 -0.86897535411198523 8.8345024646043999 0 -0.99999999999999922 8.9134586679584462 0.26816136805601293 -0.36512009903062964 9.1916955141611059 0.41911063126729886 -0.90793517321377382 9.0840120205374433 0.89189459437037999 -0.45224333332056404 8.6212771357478513 0.49485536669409641 -0.86897535411198523 8.9134586679584462 0.26816136805601293 -0.36512009903062964 9.0840120205374433 0.89189459437037999 -0.45224333332056404 8.9134586679584462 0.26816136805601293 -0.36512009903062964 9.1916955141611059 0.41911063126729886 -0.90793517321377382 9.456729333979224 0.36563879995287457 -0.38373083785671175 9.456729333979224 0.36563879995287457 -0.38373083785671175 8.9134586679584462 0.26816136805601293 -0.36512009903062964 9.4182421888763148 0 -0.99999999999999944 9.4067475938956804 -0.16452729775480443 -0.4457743648072115 9.1916955141611059 0.41911063126729886 -0.90793517321377382 9.456729333979224 0.36563879995287457 -0.38373083785671175 8.9134586679584462 0.26816136805601293 -0.36512009903062964 9.4182421888763148 0 -0.99999999999999944 9.1916955141611059 0.41911063126729886 -0.90793517321377382 8.9134586679584462 0.26816136805601293 -0.36512009903062964 8.8345024646043999 0 -0.99999999999999922 9.4182421888763148 0 -0.99999999999999944 8.8345024646043999 0 -0.99999999999999922 9.0840120202986601 -0.45224333336926253 -0.89189459434568674 9.4182421888763148 0 -0.99999999999999944 9.4067475938956804 -0.16452729775480443 -0.4457743648072115 8.9134586679584462 0.26816136805601293 -0.36512009903062964 8.8345024646043999 0 -0.99999999999999922 9.4182421888763148 0 -0.99999999999999944 9.4067475938956804 -0.16452729775480443 -0.4457743648072115 9.7108850647037919 -0.58419129339194054 -0.39494431314997713 9.9999999999999982 -0.24517524527826029 -0.57433939789193289 9.4067475938956804 -0.16452729775480443 -0.4457743648072115 9.9999999999999982 -0.22155340814955382 -0.13670431789579773 9.7108850647037919 -0.58419129339194054 -0.39494431314997713 10 -0.50825278533983442 -0.44539142650589514 9.9999999999999982 -0.24517524527826029 -0.57433939789193289 9.9999999999999982 -0.22155340814955382 -0.13670431789579773 9.7108850647037919 -0.58419129339194054 -0.39494431314997713 9.9999999999999982 -0.24517524527826029 -0.57433939789193289 9.6199015538489263 -0.3487820491709353 -0.93720386372236109 9.4067475938956804 -0.16452729775480443 -0.4457743648072115 9.7108850647037919 -0.58419129339194054 -0.39494431314997713 9.5676685582794914 -0.71017743233824626 -0.70402273727306197 9.4067475938956804 -0.16452729775480443 -0.4457743648072115 9.6199015538489263 -0.3487820491709353 -0.93720386372236109 9.6199015538489263 -0.3487820491709353 -0.93720386372236109 9.4182421888763148 0 -0.99999999999999944 9.0840120202986601 -0.45224333336926253 -0.89189459434568674 9.4067475938956804 -0.16452729775480443 -0.4457743648072115 9.5676685582794914 -0.71017743233824626 -0.70402273727306197 9.4067475938956804 -0.16452729775480443 -0.4457743648072115 9.6199015538489263 -0.3487820491709353 -0.93720386372236109 9.0840120202986601 -0.45224333336926253 -0.89189459434568674 9.6199015538489263 -0.3487820491709353 -0.93720386372236109 9.4182421888763148 0 -0.99999999999999944 9.4067475938956804 -0.16452729775480443 -0.4457743648072115 9.9999999999999982 -0.24517524527826029 -0.57433939789193289 9.7108850647037919 -0.58419129339194054 -0.39494431314997713 10 -0.51281494332948241 -0.85849702975270781 9.9999999999999982 -0.24517524527826029 -0.57433939789193289 10 -0.50825278533983442 -0.44539142650589514 9.7108850647037919 -0.58419129339194054 -0.39494431314997713 9.9999999999999982 -0.24517524527826029 -0.57433939789193289 10 -0.51281494332948241 -0.85849702975270781 9.6199015538489263 -0.3487820491709353 -0.93720386372236109 9.7108850647037919 -0.58419129339194054 -0.39494431314997713 9.6199015538489263 -0.3487820491709353 -0.93720386372236109 10 -0.51281494332948241 -0.85849702975270781 9.5676685582794914 -0.71017743233824626 -0.70402273727306197 9.7108850647037919 -0.58419129339194054 -0.39494431314997713 10 -0.51281494332948241 -0.85849702975270781 10 -0.50825278533983442 -0.44539142650589514 9.9999999999999982 -0.85849591742848497 -0.51281680545243868 9.7108850647037919 -0.58419129339194054 -0.39494431314997713 9.5676685582794914 -0.71017743233824626 -0.70402273727306197 10 -0.51281494332948241 -0.85849702975270781 9.9999999999999982 -0.85849591742848497 -0.51281680545243868 10 0.61728519716005614 -0.17111884527923271 9.456729333979224 0.36563879995287457 -0.38373083785671175 10 0.25430593921521938 -0.11303606160524232 9.468105834401241 0.47879452220841417 0.25792305598851345 10 0.61728519716005614 -0.17111884527923271 10 0.25430593921521938 -0.11303606160524232 10 0.53936094928396516 0.17997808543414329 9.468105834401241 0.47879452220841417 0.25792305598851345 9.4182421888763148 1 5.7670100751009702e-16 10 0.61728519716005614 -0.17111884527923271 10 0.53936094928396516 0.17997808543414329 9.468105834401241 0.47879452220841417 0.25792305598851345 9.4182421888763148 1 5.7670100751009702e-16 10 0.61728519716005614 -0.17111884527923271 9.468105834401241 0.47879452220841417 0.25792305598851345 9.2486839721265657 0.68852118457657985 -0.098810191531474009 9.456729333979224 0.36563879995287457 -0.38373083785671175 9.468105834401241 0.47879452220841417 0.25792305598851345 10 0.61728519716005614 -0.17111884527923271 9.2486839721265657 0.68852118457657985 -0.098810191531474009 9.6199015537846062 0.93720386376765408 -0.34878204904923105 9.4182421888763148 1 5.7670100751009702e-16 9.0840120205374433 0.89189459437037999 -0.45224333332056404 9.2486839721265657 0.68852118457657985 -0.098810191531474009 9.456729333979224 0.36563879995287457 -0.38373083785671175 9.6199015537846062 0.93720386376765408 -0.34878204904923105 9.0840120205374433 0.89189459437037999 -0.45224333332056404 9.2486839721265657 0.68852118457657985 -0.098810191531474009 9.4182421888763148 1 5.7670100751009702e-16 9.6199015537846062 0.93720386376765408 -0.34878204904923105 10 0.61728519716005614 -0.17111884527923271 9.2486839721265657 0.68852118457657985 -0.098810191531474009 9.6199015537846062 0.93720386376765408 -0.34878204904923105 9.456729333979224 0.36563879995287457 -0.38373083785671175 10 0.61728519716005614 -0.17111884527923271 9.2486839721265657 0.68852118457657985 -0.098810191531474009 10 1 6.1232339957367663e-16 9.4182421888763148 1 5.7670100751009702e-16 9.6199015537846062 0.93720386376765408 -0.34878204904923105 10 0.61728519716005614 -0.17111884527923271 10 1 6.1232339957367663e-16 9.9999999999999982 0.85849591798713487 0.51281680451721579 9.6210716472623332 0.92882818014762991 0.37051074446450621 10 0.53936094928396516 0.17997808543414329 9.6210716472623332 0.92882818014762991 0.37051074446450621 9.4182421888763148 1 5.7670100751009702e-16 10 1 6.1232339957367663e-16 10 0.53936094928396516 0.17997808543414329 9.4182421888763148 1 5.7670100751009702e-16 10 1 6.1232339957367663e-16 10 0.53936094928396516 0.17997808543414329 10 0.61728519716005614 -0.17111884527923271 9.9999999999999982 -0.22155340814955382 -0.13670431789579773 10 0.25430593921521938 -0.11303606160524232 10 0.11496429151459642 -0.51942763752799626 9.4067475938956804 -0.16452729775480443 -0.4457743648072115 9.4067475938956804 -0.16452729775480443 -0.4457743648072115 10 0.11496429151459642 -0.51942763752799626 9.4182421888763148 0 -0.99999999999999944 9.456729333979224 0.36563879995287457 -0.38373083785671175 9.4182421888763148 0 -0.99999999999999944 9.4067475938956804 -0.16452729775480443 -0.4457743648072115 9.9999999999999982 -0.24517524527826029 -0.57433939789193289 10 0.11496429151459642 -0.51942763752799626 10 0.11496429151459642 -0.51942763752799626 9.9999999999999982 -0.24517524527826029 -0.57433939789193289 9.9999999999999982 -0.22155340814955382 -0.13670431789579773 9.4067475938956804 -0.16452729775480443 -0.4457743648072115 10 0.11496429151459642 -0.51942763752799626 9.4067475938956804 -0.16452729775480443 -0.4457743648072115 10 0.25430593921521938 -0.11303606160524232 9.456729333979224 0.36563879995287457 -0.38373083785671175 10 0.46311623184973616 -0.40234157668279397 10 0.25430593921521938 -0.11303606160524232 10 0.61728519716005614 -0.17111884527923271 9.456729333979224 0.36563879995287457 -0.38373083785671175 10 0.11496429151459642 -0.51942763752799626 10 0.25430593921521938 -0.11303606160524232 10 0.46311623184973616 -0.40234157668279397 9.456729333979224 0.36563879995287457 -0.38373083785671175 10 0.46311623184973616 -0.40234157668279397 10 0.61728519716005614 -0.17111884527923271 9.6199015537846062 0.93720386376765408 -0.34878204904923105 9.456729333979224 0.36563879995287457 -0.38373083785671175 9.5676685582554502 0.70402273738266052 -0.71017743222959739 9.0840120205374433 0.89189459437037999 -0.45224333332056404 9.1916955141611059 0.41911063126729886 -0.90793517321377382 9.456729333979224 0.36563879995287457 -0.38373083785671175 9.5676685582554502 0.70402273738266052 -0.71017743222959739 9.456729333979224 0.36563879995287457 -0.38373083785671175 9.6199015537846062 0.93720386376765408 -0.34878204904923105 9.0840120205374433 0.89189459437037999 -0.45224333332056404 9.6199015537846062 0.93720386376765408 -0.34878204904923105 9.5676685582554502 0.70402273738266052 -0.71017743222959739 10 0.46311623184973616 -0.40234157668279397 9.456729333979224 0.36563879995287457 -0.38373083785671175 10 0.11496429151459642 -0.51942763752799626 10 0.46311623184973616 -0.40234157668279397 9.6230001930387026 0.371757788182425 -0.92832976195192107 9.456729333979224 0.36563879995287457 -0.38373083785671175 9.5676685582554502 0.70402273738266052 -0.71017743222959739 9.6230001930387026 0.371757788182425 -0.92832976195192107 10 0.46311623184973616 -0.40234157668279397 9.456729333979224 0.36563879995287457 -0.38373083785671175 10 0.11496429151459642 -0.51942763752799626 9.4182421888763148 0 -0.99999999999999944 9.456729333979224 0.36563879995287457 -0.38373083785671175 9.6230001930387026 0.371757788182425 -0.92832976195192107 9.5676685582554502 0.70402273738266052 -0.71017743222959739 9.1916955141611059 0.41911063126729886 -0.90793517321377382 9.6230001930387026 0.371757788182425 -0.92832976195192107 9.456729333979224 0.36563879995287457 -0.38373083785671175 9.6230001930387026 0.371757788182425 -0.92832976195192107 9.1916955141611059 0.41911063126729886 -0.90793517321377382 9.4182421888763148 0 -0.99999999999999944 9.456729333979224 0.36563879995287457 -0.38373083785671175 10 -0.51281494332948241 -0.85849702975270781 10 0 -0.99999999999999933 9.6199015538489263 -0.3487820491709353 -0.93720386372236109 9.9999999999999982 -0.24517524527826029 -0.57433939789193289 9.6199015538489263 -0.3487820491709353 -0.93720386372236109 10 0 -0.99999999999999933 9.4182421888763148 0 -0.99999999999999944 9.9999999999999982 -0.24517524527826029 -0.57433939789193289 10 0 -0.99999999999999933 9.4182421888763148 0 -0.99999999999999944 9.9999999999999982 -0.24517524527826029 -0.57433939789193289 10 0.11496429151459642 -0.51942763752799626 9.4182421888763148 0 -0.99999999999999944 10 0 -0.99999999999999933 9.6230001930387026 0.371757788182425 -0.92832976195192107 10 0.11496429151459642 -0.51942763752799626 10 1 6.1232339957367663e-16 9.6199015537846062 0.93720386376765408 -0.34878204904923105 10 0.85849703000801303 -0.51281494290208007 10 0.61728519716005614 -0.17111884527923271 9.6199015537846062 0.93720386376765408 -0.34878204904923105 9.5676685582554502 0.70402273738266052 -0.71017743222959739 10 0.85849703000801303 -0.51281494290208007 10 0.46311623184973616 -0.40234157668279397 9.6199015537846062 0.93720386376765408 -0.34878204904923105 10 0.46311623184973616 -0.40234157668279397 10 0.85849703000801303 -0.51281494290208007 10 0.61728519716005614 -0.17111884527923271 10 0.51281680531907226 -0.85849591750815035 9.6230001930387026 0.371757788182425 -0.92832976195192107 10 0 -0.99999999999999933 10 0.11496429151459642 -0.51942763752799626 10 0.51281680531907226 -0.85849591750815035 9.6230001930387026 0.371757788182425 -0.92832976195192107 10 0.11496429151459642 -0.51942763752799626 10 0.46311623184973616 -0.40234157668279397 10 0.51281680531907226 -0.85849591750815035 10 0.85849703000801303 -0.51281494290208007 9.5676685582554502 0.70402273738266052 -0.71017743222959739 10 0.46311623184973616 -0.40234157668279397 10 0.51281680531907226 -0.85849591750815035 9.5676685582554502 0.70402273738266052 -0.71017743222959739 9.6230001930387026 0.371757788182425 -0.92832976195192107 10 0.46311623184973616 -0.40234157668279397 

        </DataArray>

      </Points>

      <Cells>

        <DataArray type="Int32" Name="connectivity" format="ascii">

0 1 2 3 4 5 6 7 8 9 10 11 12 13 14 15 16 17 18 19 20 21 22 23 24 25 26 27 28 29 30 31 32 33 34 35 36 37 38 39 40 41 42 43 44 45 46 47 48 49 50 51 52 53 54 55 56 57 58 59 60 61 62 63 64 65 66 67 68 69 70 71 72 73 74 75 76 77 78 79 80 81 82 83 84 85 86 87 88 89 90 91 92 93 94 95 96 97 98 99 100 101 102 103 104 105 106 107 108 109 110 111 112 113 114 115 116 117 118 119 120 121 122 123 124 125 126 127 128 129 130 131 132 133 134 135 136 137 138 139 140 141 142 143 144 145 146 147 148 149 150 151 152 153 154 155 156 157 158 159 160 161 162 163 164 165 166 167 168 169 170 171 172 173 174 175 176 177 178 179 180 181 182 183 184 185 186 187 188 189 190 191 192 193 194 195 196 197 198 199 200 201 202 203 204 205 206 207 208 209 210 211 212 213 214 215 216 217 218 219 220 221 222 223 224 225 226 227 228 229 230 231 232 233 234 235 236 237 238 239 240 241 242 243 244 245 246 247 248 249 250 251 252 253 254 255 256 257 258 259 260 261 262 263 264 265 266 267 268 269 270 271 272 273 274 275 276 277 278 279 280 281 282 283 284 285 286 287 288 289 290 291 292 293 294 295 296 297 298 299 300 301 302 303 304 305 306 307 308 309 310 311 312 313 314 315 316 317 318 319 320 321 322 323 324 325 326 327 328 329 330 331 332 333 334 335 336 337 338 339 340 341 342 343 344 345 346 347 348 349 350 351 352 353 354 355 356 357 358 359 360 361 362 363 364 365 366 367 368 369 370 371 372 373 374 375 376 377 378 379 380 381 382 383 384 385 386 387 388 389 390 391 392 393 394 395 396 397 398 399 400 401 402 403 404 405 406 407 408 409 410 411 412 413 414 415 416 417 418 419 420 421 422 423 424 425 426 427 428 429 430 431 432 433 434 435 436 437 438 439 440 441 442 443 444 445 446 447 448 449 450 451 452 453 454 455 456 457 458 459 460 461 462 463 464 465 466 467 468 469 470 471 472 473 474 475 476 477 478 479 480 481 482 483 484 485 486 487 488 489 490 491 492 493 494 495 496 497 498 499 500 501 502 503 504 505 506 507 508 509 510 511 512 513 514 515 516 517 518 519 520 521 522 523 524 525 526 527 528 529 530 531 532 533 534 535 536 537 538 539 540 541 542 543 544 545 546 547 548 549 550 551 552 553 554 555 556 557 558 559 560 561 562 563 564 565 566 567 568 569 570 571 572 573 574 575 576 577 578 579 580 581 582 583 584 585 586 587 588 589 590 591 592 593 594 595 596 597 598 599 600 601 602 603 604 605 606 607 608 609 610 611 612 613 614 615 616 617 618 619 620 621 622 623 624 625 626 627 628 629 630 631 632 633 634 635 636 637 638 639 640 641 642 643 644 645 646 647 648 649 650 651 652 653 654 655 656 657 658 659 660 661 662 663 664 665 666 667 668 669 670 671 672 673 674 675 676 677 678 679 680 681 682 683 684 685 686 687 688 689 690 691 692 693 694 695 696 697 698 699 700 701 702 703 704 705 706 707 708 709 710 711 712 713 714 715 716 717 718 719 720 721 722 723 724 725 726 727 728 729 730 731 732 733 734 735 736 737 738 739 740 741 742 743 744 745 746 747 748 749 750 751 752 753 754 755 756 757 758 759 760 761 762 763 764 765 766 767 768 769 770 771 772 773 774 775 776 777 778 779 780 781 782 783 784 785 786 787 788 789 790 791 792 793 794 795 796 797 798 799 800 801 802 803 804 805 806 807 808 809 810 811 812 813 814 815 816 817 818 819 820 821 822 823 824 825 826 827 828 829 830 831 832 833 834 835 836 837 838 839 840 841 842 843 844 845 846 847 848 849 850 851 852 853 854 855 856 857 858 859 860 861 862 863 864 865 866 867 868 869 870 871 872 873 874 875 876 877 878 879 880 881 882 883 884 885 886 887 888 889 890 891 892 893 894 895 896 897 898 899 900 901 902 903 904 905 906 907 908 909 910 911 912 913 914 915 916 917 918 919 920 921 922 923 924 925 926 927 928 929 930 931 932 933 934 935 936 937 938 939 940 941 942 943 944 945 946 947 948 949 950 951 952 953 954 955 956 957 958 959 960 961 962 963 964 965 966 967 968 969 970 971 972 973 974 975 976 977 978 979 980 981 982 983 984 985 986 987 988 989 990 991 992 993 994 995 996 997 998 999 1000 1001 1002 1003 1004 1005 1006 1007 1008 1009 1010 1011 1012 1013 1014 1015 1016 1017 1018 1019 1020 1021 1022 1023 1024 1025 1026 1027 1028 1029 1030 1031 1032 1033 1034 1035 1036 1037 1038 1039 1040 1041 1042 1043 1044 1045 1046 1047 1048 1049 1050 1051 1052 1053 1054 1055 1056 1057 1058 1059 1060 1061 1062 1063 1064 1065 1066 1067 1068 1069 1070 1071 1072 1073 1074 1075 1076 1077 1078 1079 1080 1081 1082 1083 1084 1085 1086 1087 1088 1089 1090 1091 1092 1093 1094 1095 1096 1097 1098 1099 1100 1101 1102 1103 1104 1105 1106 1107 1108 1109 1110 1111 1112 1113 1114 1115 1116 1117 1118 1119 1120 1121 1122 1123 1124 1125 1126 1127 1128 1129 1130 1131 1132 1133 1134 1135 1136 1137 1138 1139 1140 1141 1142 1143 1144 1145 1146 1147 1148 1149 1150 1151 1152 1153 1154 1155 1156 1157 1158 1159 1160 1161 1162 1163 1164 1165 1166 1167 1168 1169 1170 1171 1172 1173 1174 1175 1176 1177 1178 1179 1180 1181 1182 1183 1184 1185 1186 1187 1188 1189 1190 1191 1192 1193 1194 1195 1196 1197 1198 1199 1200 1201 1202 1203 1204 1205 1206 1207 1208 1209 1210 1211 1212 1213 1214 1215 1216 1217 1218 1219 1220 1221 1222 1223 1224 1225 1226 1227 1228 1229 1230 1231 1232 1233 1234 1235 1236 1237 1238 1239 1240 1241 1242 1243 1244 1245 1246 1247 1248 1249 1250 1251 1252 1253 1254 1255 1256 1257 1258 1259 1260 1261 1262 1263 1264 1265 1266 1267 1268 1269 1270 1271 1272 1273 1274 1275 1276 1277 1278 1279 1280 1281 1282 1283 1284 1285 1286 1287 1288 1289 1290 1291 1292 1293 1294 1295 1296 1297 1298 1299 1300 1301 1302 1303 1304 1305 1306 1307 1308 1309 1310 1311 1312 1313 1314 1315 1316 1317 1318 1319 1320 1321 1322 1323 1324 1325 1326 1327 1328 1329 1330 1331 1332 1333 1334 1335 1336 1337 1338 1339 1340 1341 1342 1343 1344 1345 1346 1347 1348 1349 1350 1351 1352 1353 1354 1355 1356 1357 1358 1359 1360 1361 1362 1363 1364 1365 1366 1367 1368 1369 1370 1371 1372 1373 1374 1375 1376 1377 1378 1379 1380 1381 1382 1383 1384 1385 1386 1387 1388 1389 1390 1391 1392 1393 1394 1395 1396 1397 1398 1399 1400 1401 1402 1403 1404 1405 1406 1407 1408 1409 1410 1411 1412 1413 1414 1415 1416 1417 1418 1419 1420 1421 1422 1423 1424 1425 1426 1427 1428 1429 1430 1431 1432 1433 1434 1435 1436 1437 1438 1439 1440 1441 1442 1443 1444 1445 1446 1447 1448 1449 1450 1451 1452 1453 1454 1455 1456 1457 1458 1459 1460 1461 1462 1463 1464 1465 1466 1467 1468 1469 1470 1471 1472 1473 1474 1475 1476 1477 1478 1479 1480 1481 1482 1483 1484 1485 1486 1487 1488 1489 1490 1491 1492 1493 1494 1495 1496 1497 1498 1499 1500 1501 1502 1503 1504 1505 1506 1507 1508 1509 1510 1511 1512 1513 1514 1515 1516 1517 1518 1519 1520 1521 1522 1523 1524 1525 1526 1527 1528 1529 1530 1531 1532 1533 1534 1535 1536 1537 1538 1539 1540 1541 1542 1543 1544 1545 1546 1547 1548 1549 1550 1551 1552 1553 1554 1555 1556 1557 1558 1559 1560 1561 1562 1563 1564 1565 1566 1567 1568 1569 1570 1571 1572 1573 1574 1575 1576 1577 1578 1579 1580 1581 1582 1583 1584 1585 1586 1587 1588 1589 1590 1591 1592 1593 1594 1595 1596 1597 1598 1599 1600 1601 1602 1603 1604 1605 1606 1607 1608 1609 1610 1611 1612 1613 1614 1615 1616 1617 1618 1619 1620 1621 1622 1623 1624 1625 1626 1627 1628 1629 1630 1631 1632 1633 1634 1635 1636 1637 1638 1639 1640 1641 1642 1643 1644 1645 1646 1647 1648 1649 1650 1651 1652 1653 1654 1655 1656 1657 1658 1659 1660 1661 1662 1663 1664 1665 1666 1667 1668 1669 1670 1671 1672 1673 1674 1675 1676 1677 1678 1679 1680 1681 1682 1683 1684 1685 1686 1687 1688 1689 1690 1691 1692 1693 1694 1695 1696 1697 1698 1699 1700 1701 1702 1703 1704 1705 1706 1707 1708 1709 1710 1711 1712 1713 1714 1715 1716 1717 1718 1719 1720 1721 1722 1723 1724 1725 1726 1727 1728 1729 1730 1731 1732 1733 1734 1735 1736 1737 1738 1739 1740 1741 1742 1743 1744 1745 1746 1747 1748 1749 1750 1751 1752 1753 1754 1755 1756 1757 1758 1759 1760 1761 1762 1763 1764 1765 1766 1767 1768 1769 1770 1771 1772 1773 1774 1775 1776 1777 1778 1779 1780 1781 1782 1783 1784 1785 1786 1787 1788 1789 1790 1791 1792 1793 1794 1795 1796 1797 1798 1799 1800 1801 1802 1803 1804 1805 1806 1807 1808 1809 1810 1811 1812 1813 1814 1815 1816 1817 1818 1819 1820 1821 1822 1823 1824 1825 1826 1827 1828 1829 1830 1831 1832 1833 1834 1835 1836 1837 1838 1839 1840 1841 1842 1843 1844 1845 1846 1847 1848 1849 1850 1851 1852 1853 1854 1855 1856 1857 1858 1859 1860 1861 1862 1863 1864 1865 1866 1867 1868 1869 1870 1871 1872 1873 1874 1875 1876 1877 1878 1879 1880 1881 1882 1883 1884 1885 1886 1887 1888 1889 1890 1891 1892 1893 1894 1895 1896 1897 1898 1899 1900 1901 1902 1903 1904 1905 1906 1907 1908 1909 1910 1911 1912 1913 1914 1915 1916 1917 1918 1919 1920 1921 1922 1923 1924 1925 1926 1927 1928 1929 1930 1931 1932 1933 1934 1935 1936 1937 1938 1939 1940 1941 1942 1943 1944 1945 1946 1947 1948 1949 1950 1951 1952 1953 1954 1955 1956 1957 1958 1959 1960 1961 1962 1963 1964 1965 1966 1967 1968 1969 1970 1971 1972 1973 1974 1975 1976 1977 1978 1979 1980 1981 1982 1983 1984 1985 1986 1987 1988 1989 1990 1991 1992 1993 1994 1995 1996 1997 1998 1999 2000 2001 2002 2003 2004 2005 2006 2007 2008 2009 2010 2011 2012 2013 2014 2015 2016 2017 2018 2019 2020 2021 2022 2023 2024 2025 2026 2027 2028 2029 2030 2031 2032 2033 2034 2035 2036 2037 2038 2039 2040 2041 2042 2043 2044 2045 2046 2047 2048 2049 2050 2051 2052 2053 2054 2055 2056 2057 2058 2059 2060 2061 2062 2063 2064 2065 2066 2067 2068 2069 2070 2071 2072 2073 2074 2075 2076 2077 2078 2079 2080 2081 2082 2083 2084 2085 2086 2087 2088 2089 2090 2091 2092 2093 2094 2095 2096 2097 2098 2099 2100 2101 2102 2103 2104 2105 2106 2107 2108 2109 2110 2111 2112 2113 2114 2115 2116 2117 2118 2119 2120 2121 2122 2123 2124 2125 2126 2127 2128 2129 2130 2131 2132 2133 2134 2135 2136 2137 2138 2139 2140 2141 2142 2143 2144 2145 2146 2147 2148 2149 2150 2151 2152 2153 2154 2155 2156 2157 2158 2159 2160 2161 2162 2163 2164 2165 2166 2167 2168 2169 2170 2171 2172 2173 2174 2175 2176 2177 2178 2179 2180 2181 2182 2183 2184 2185 2186 2187 2188 2189 2190 2191 2192 2193 2194 2195 2196 2197 2198 2199 2200 2201 2202 2203 2204 2205 2206 2207 2208 2209 2210 2211 2212 2213 2214 2215 2216 2217 2218 2219 2220 2221 2222 2223 2224 2225 2226 2227 2228 2229 2230 2231 2232 2233 2234 2235 2236 2237 2238 2239 2240 2241 2242 2243 2244 2245 2246 2247 2248 2249 2250 2251 2252 2253 2254 2255 2256 2257 2258 2259 2260 2261 2262 2263 2264 2265 2266 2267 2268 2269 2270 2271 2272 2273 2274 2275 2276 2277 2278 2279 2280 2281 2282 2283 2284 2285 2286 2287 2288 2289 2290 2291 2292 2293 2294 2295 2296 2297 2298 2299 2300 2301 2302 2303 2304 2305 2306 2307 2308 2309 2310 2311 2312 2313 2314 2315 2316 2317 2318 2319 2320 2321 2322 2323 2324 2325 2326 2327 2328 2329 2330 2331 2332 2333 2334 2335 2336 2337 2338 2339 2340 2341 2342 2343 2344 2345 2346 2347 2348 2349 2350 2351 2352 2353 2354 2355 2356 2357 2358 2359 2360 2361 2362 2363 2364 2365 2366 2367 2368 2369 2370 2371 2372 2373 2374 2375 2376 2377 2378 2379 2380 2381 2382 2383 2384 2385 2386 2387 2388 2389 2390 2391 2392 2393 2394 2395 2396 2397 2398 2399 2400 2401 2402 2403 2404 2405 2406 2407 2408 2409 2410 2411 2412 2413 2414 2415 2416 2417 2418 2419 2420 2421 2422 2423 2424 2425 2426 2427 2428 2429 2430 2431 2432 2433 2434 2435 2436 2437 2438 2439 2440 2441 2442 2443 2444 2445 2446 2447 2448 2449 2450 2451 2452 2453 2454 2455 2456 2457 2458 2459 2460 2461 2462 2463 2464 2465 2466 2467 2468 2469 2470 2471 2472 2473 2474 2475 2476 2477 2478 2479 2480 2481 2482 2483 2484 2485 2486 2487 2488 2489 2490 2491 2492 2493 2494 2495 2496 2497 2498 2499 2500 2501 2502 2503 2504 2505 2506 2507 2508 2509 2510 2511 2512 2513 2514 2515 2516 2517 2518 2519 2520 2521 2522 2523 2524 2525 2526 2527 2528 2529 2530 2531 2532 2533 2534 2535 2536 2537 2538 2539 2540 2541 2542 2543 2544 2545 2546 2547 2548 2549 2550 2551 2552 2553 2554 2555 2556 2557 2558 2559 2560 2561 2562 2563 2564 2565 2566 2567 2568 2569 2570 2571 2572 2573 2574 2575 2576 2577 2578 2579 2580 2581 2582 2583 2584 2585 2586 2587 2588 2589 2590 2591 2592 2593 2594 2595 2596 2597 2598 2599 2600 2601 2602 2603 2604 2605 2606 2607 2608 2609 2610 2611 2612 2613 2614 2615 2616 2617 2618 2619 2620 2621 2622 2623 2624 2625 2626 2627 2628 2629 2630 2631 2632 2633 2634 2635 2636 2637 2638 2639 2640 2641 2642 2643 2644 2645 2646 2647 2648 2649 2650 2651 2652 2653 2654 2655 2656 2657 2658 2659 2660 2661 2662 2663 2664 2665 2666 2667 2668 2669 2670 2671 2672 2673 2674 2675 2676 2677 2678 2679 2680 2681 2682 2683 2684 2685 2686 2687 2688 2689 2690 2691 2692 2693 2694 2695 2696 2697 2698 2699 2700 2701 2702 2703 2704 2705 2706 2707 2708 2709 2710 2711 2712 2713 2714 2715 2716 2717 2718 2719 2720 2721 2722 2723 2724 2725 2726 2727 2728 2729 2730 2731 2732 2733 2734 2735 2736 2737 2738 2739 2740 2741 2742 2743 2744 2745 2746 2747 2748 2749 2750 2751 2752 2753 2754 2755 2756 2757 2758 2759 2760 2761 2762 2763 2764 2765 2766 2767 2768 2769 2770 2771 2772 2773 2774 2775 2776 2777 2778 2779 2780 2781 2782 2783 2784 2785 2786 2787 2788 2789 2790 2791 2792 2793 2794 2795 2796 2797 2798 2799 2800 2801 2802 2803 2804 2805 2806 2807 2808 2809 2810 2811 2812 2813 2814 2815 2816 2817 2818 2819 2820 2821 2822 2823 2824 2825 2826 2827 2828 2829 2830 2831 2832 2833 2834 2835 2836 2837 2838 2839 2840 2841 2842 2843 2844 2845 2846 2847 2848 2849 2850 2851 2852 2853 2854 2855 2856 2857 2858 2859 2860 2861 2862 2863 2864 2865 2866 2867 2868 2869 2870 2871 2872 2873 2874 2875 2876 2877 2878 2879 2880 2881 2882 2883 2884 2885 2886 2887 2888 2889 2890 2891 2892 2893 2894 2895 2896 2897 2898 2899 2900 2901 2902 2903 2904 2905 2906 2907 2908 2909 2910 2911 2912 2913 2914 2915 2916 2917 2918 2919 2920 2921 2922 2923 2924 2925 2926 2927 2928 2929 2930 2931 2932 2933 2934 2935 2936 2937 2938 2939 2940 2941 2942 2943 2944 2945 2946 2947 2948 2949 2950 2951 2952 2953 2954 2955 2956 2957 2958 2959 2960 2961 2962 2963 2964 2965 2966 2967 2968 2969 2970 2971 2972 2973 2974 2975 2976 2977 2978 2979 2980 2981 2982 2983 2984 2985 2986 2987 2988 2989 2990 2991 2992 2993 2994 2995 2996 2997 2998 2999 3000 3001 3002 3003 3004 3005 3006 3007 3008 3009 3010 3011 3012 3013 3014 3015 3016 3017 3018 3019 3020 3021 3022 3023 3024 3025 3026 3027 3028 3029 3030 3031 3032 3033 3034 3035 3036 3037 3038 3039 3040 3041 3042 3043 3044 3045 3046 3047 3048 3049 3050 3051 3052 3053 3054 3055 3056 3057 3058 3059 3060 3061 3062 3063 3064 3065 3066 3067 3068 3069 3070 3071 3072 3073 3074 3075 3076 3077 3078 3079 3080 3081 3082 3083 3084 3085 3086 3087 3088 3089 3090 3091 3092 3093 3094 3095 3096 3097 3098 3099 3100 3101 3102 3103 3104 3105 3106 3107 3108 3109 3110 3111 3112 3113 3114 3115 3116 3117 3118 3119 3120 3121 3122 3123 3124 3125 3126 3127 3128 3129 3130 3131 3132 3133 3134 3135 3136 3137 3138 3139 3140 3141 3142 3143 3144 3145 3146 3147 3148 3149 3150 3151 3152 3153 3154 3155 3156 3157 3158 3159 3160 3161 3162 3163 3164 3165 3166 3167 3168 3169 3170 3171 3172 3173 3174 3175 3176 3177 3178 3179 3180 3181 3182 3183 3184 3185 3186 3187 3188 3189 3190 3191 3192 3193 3194 3195 3196 3197 3198 3199 3200 3201 3202 3203 3204 3205 3206 3207 3208 3209 3210 3211 3212 3213 3214 3215 3216 3217 3218 3219 3220 3221 3222 3223 3224 3225 3226 3227 3228 3229 3230 3231 3232 3233 3234 3235 3236 3237 3238 3239 3240 3241 3242 3243 3244 3245 3246 3247 3248 3249 3250 3251 3252 3253 3254 3255 3256 3257 3258 3259 3260 3261 3262 3263 3264 3265 3266 3267 3268 3269 3270 3271 3272 3273 3274 3275 3276 3277 3278 3279 3280 3281 3282 3283 3284 3285 3286 3287 3288 3289 3290 3291 3292 3293 3294 3295 3296 3297 3298 3299 3300 3301 3302 3303 3304 3305 3306 3307 3308 3309 3310 3311 3312 3313 3314 3315 3316 3317 3318 3319 3320 3321 3322 3323 3324 3325 3326 3327 3328 3329 3330 3331 3332 3333 3334 3335 3336 3337 3338 3339 3340 3341 3342 3343 3344 3345 3346 3347 3348 3349 3350 3351 3352 3353 3354 3355 3356 3357 3358 3359 3360 3361 3362 3363 3364 3365 3366 3367 3368 3369 3370 3371 3372 3373 3374 3375 3376 3377 3378 3379 3380 3381 3382 3383 3384 3385 3386 3387 3388 3389 3390 3391 3392 3393 3394 3395 3396 3397 3398 3399 3400 3401 3402 3403 3404 3405 3406 3407 3408 3409 3410 3411 3412 3413 3414 3415 3416 3417 3418 3419 3420 3421 3422 3423 3424 3425 3426 3427 3428 3429 3430 3431 3432 3433 3434 3435 3436 3437 3438 3439 3440 3441 3442 3443 3444 3445 3446 3447 3448 3449 3450 3451 3452 3453 3454 3455 3456 3457 3458 3459 3460 3461 3462 3463 3464 3465 3466 3467 3468 3469 3470 3471 3472 3473 3474 3475 3476 3477 3478 3479 3480 3481 3482 3483 3484 3485 3486 3487 3488 3489 3490 3491 3492 3493 3494 3495 3496 3497 3498 3499 3500 3501 3502 3503 3504 3505 3506 3507 3508 3509 3510 3511 3512 3513 3514 3515 3516 3517 3518 3519 3520 3521 3522 3523 3524 3525 3526 3527 3528 3529 3530 3531 3532 3533 3534 3535 3536 3537 3538 3539 3540 3541 3542 3543 3544 3545 3546 3547 3548 3549 3550 3551 3552 3553 3554 3555 3556 3557 3558 3559 3560 3561 3562 3563 3564 3565 3566 3567 3568 3569 3570 3571 3572 3573 3574 3575 3576 3577 3578 3579 3580 3581 3582 3583 3584 3585 3586 3587 3588 3589 3590 3591 3592 3593 3594 3595 3596 3597 3598 3599 3600 3601 3602 3603 3604 3605 3606 3607 3608 3609 3610 3611 3612 3613 3614 3615 3616 3617 3618 3619 3620 3621 3622 3623 3624 3625 3626 3627 3628 3629 3630 3631 3632 3633 3634 3635 3636 3637 3638 3639 3640 3641 3642 3643 3644 3645 3646 3647 3648 3649 3650 3651 3652 3653 3654 3655 3656 3657 3658 3659 3660 3661 3662 3663 3664 3665 3666 3667 3668 3669 3670 3671 3672 3673 3674 3675 3676 3677 3678 3679 3680 3681 3682 3683 3684 3685 3686 3687 3688 3689 3690 3691 3692 3693 3694 3695 3696 3697 3698 3699 3700 3701 3702 3703 3704 3705 3706 3707 3708 3709 3710 3711 3712 3713 3714 3715 3716 3717 3718 3719 3720 3721 3722 3723 3724 3725 3726 3727 3728 3729 3730 3731 3732 3733 3734 3735 3736 3737 3738 3739 3740 3741 3742 3743 3744 3745 3746 3747 3748 3749 3750 3751 3752 3753 3754 3755 3756 3757 3758 3759 3760 3761 3762 3763 3764 3765 3766 3767 3768 3769 3770 3771 3772 3773 3774 3775 3776 3777 3778 3779 3780 3781 3782 3783 3784 3785 3786 3787 3788 3789 3790 3791 3792 3793 3794 3795 3796 3797 3798 3799 3800 3801 3802 3803 3804 3805 3806 3807 3808 3809 3810 3811 3812 3813 3814 3815 3816 3817 3818 3819 3820 3821 3822 3823 3824 3825 3826 3827 3828 3829 3830 3831 3832 3833 3834 3835 3836 3837 3838 3839 3840 3841 3842 3843 3844 3845 3846 3847 3848 3849 3850 3851 3852 3853 3854 3855 3856 3857 3858 3859 3860 3861 3862 3863 3864 3865 3866 3867 3868 3869 3870 3871 3872 3873 3874 3875 3876 3877 3878 3879 3880 3881 3882 3883 3884 3885 3886 3887 3888 3889 3890 3891 3892 3893 3894 3895 3896 3897 3898 3899 3900 3901 3902 3903 3904 3905 3906 3907 3908 3909 3910 3911 3912 3913 3914 3915 3916 3917 3918 3919 3920 3921 3922 3923 3924 3925 3926 3927 3928 3929 3930 3931 3932 3933 3934 3935 3936 3937 3938 3939 3940 3941 3942 3943 3944 3945 3946 3947 3948 3949 3950 3951 3952 3953 3954 3955 3956 3957 3958 3959 3960 3961 3962 3963 3964 3965 3966 3967 3968 3969 3970 3971 3972 3973 3974 3975 3976 3977 3978 3979 3980 3981 3982 3983 3984 3985 3986 3987 3988 3989 3990 3991 3992 3993 3994 3995 3996 3997 3998 3999 4000 4001 4002 4003 4004 4005 4006 4007 4008 4009 4010 4011 4012 4013 4014 4015 4016 4017 4018 4019 4020 4021 4022 4023 4024 4025 4026 4027 4028 4029 4030 4031 4032 4033 4034 4035 4036 4037 4038 4039 4040 4041 4042 4043 4044 4045 4046 4047 4048 4049 4050 4051 4052 4053 4054 4055 4056 4057 4058 4059 4060 4061 4062 4063 4064 4065 4066 4067 4068 4069 4070 4071 4072 4073 4074 4075 4076 4077 4078 4079 4080 4081 4082 4083 4084 4085 4086 4087 4088 4089 4090 4091 4092 4093 4094 4095 4096 4097 4098 4099 4100 4101 4102 4103 4104 4105 4106 4107 4108 4109 4110 4111 4112 4113 4114 4115 4116 4117 4118 4119 4120 4121 4122 4123 4124 4125 4126 4127 4128 4129 4130 4131 4132 4133 4134 4135 4136 4137 4138 4139 4140 4141 4142 4143 4144 4145 4146 4147 4148 4149 4150 4151 4152 4153 4154 4155 4156 4157 4158 4159 4160 4161 4162 4163 4164 4165 4166 4167 4168 4169 4170 4171 4172 4173 4174 4175 4176 4177 4178 4179 4180 4181 4182 4183 4184 4185 4186 4187 4188 4189 4190 4191 4192 4193 4194 4195 4196 4197 4198 4199 4200 4201 4202 4203 4204 4205 4206 4207 4208 4209 4210 4211 4212 4213 4214 4215 4216 4217 4218 4219 4220 4221 4222 4223 4224 4225 4226 4227 4228 4229 4230 4231 4232 4233 4234 4235 4236 4237 4238 4239 4240 4241 4242 4243 4244 4245 4246 4247 4248 4249 4250 4251 4252 4253 4254 4255 4256 4257 4258 4259 4260 4261 4262 4263 4264 4265 4266 4267 4268 4269 4270 4271 4272 4273 4274 4275 4276 4277 4278 4279 4280 4281 4282 4283 4284 4285 4286 4287 4288 4289 4290 4291 4292 4293 4294 4295 4296 4297 4298 4299 4300 4301 4302 4303 4304 4305 4306 4307 4308 4309 4310 4311 4312 4313 4314 4315 4316 4317 4318 4319 4320 4321 4322 4323 4324 4325 4326 4327 4328 4329 4330 4331 4332 4333 4334 4335 4336 4337 4338 4339 4340 4341 4342 4343 4344 4345 4346 4347 4348 4349 4350 4351 4352 4353 4354 4355 4356 4357 4358 4359 4360 4361 4362 4363 4364 4365 4366 4367 4368 4369 4370 4371 4372 4373 4374 4375 4376 4377 4378 4379 4380 4381 4382 4383 4384 4385 4386 4387 4388 4389 4390 4391 4392 4393 4394 4395 4396 4397 4398 4399 4400 4401 4402 4403 4404 4405 4406 4407 4408 4409 4410 4411 4412 4413 4414 4415 4416 4417 4418 4419 4420 4421 4422 4423 4424 4425 4426 4427 4428 4429 4430 4431 4432 4433 4434 4435 4436 4437 4438 4439 4440 4441 4442 4443 4444 4445 4446 4447 4448 4449 4450 4451 4452 4453 4454 4455 4456 4457 4458 4459 4460 4461 4462 4463 4464 4465 4466 4467 4468 4469 4470 4471 4472 4473 4474 4475 4476 4477 4478 4479 4480 4481 4482 4483 4484 4485 4486 4487 4488 4489 4490 4491 4492 4493 4494 4495 4496 4497 4498 4499 4500 4501 4502 4503 4504 4505 4506 4507 4508 4509 4510 4511 4512 4513 4514 4515 4516 4517 4518 4519 4520 4521 4522 4523 4524 4525 4526 4527 4528 4529 4530 4531 4532 4533 4534 4535 4536 4537 4538 4539 4540 4541 4542 4543 4544 4545 4546 4547 4548 4549 4550 4551 4552 4553 4554 4555 4556 4557 4558 4559 4560 4561 4562 4563 4564 4565 4566 4567 4568 4569 4570 4571 4572 4573 4574 4575 4576 4577 4578 4579 4580 4581 4582 4583 4584 4585 4586 4587 4588 4589 4590 4591 4592 4593 4594 4595 4596 4597 4598 4599 4600 4601 4602 4603 4604 4605 4606 4607 4608 4609 4610 4611 4612 4613 4614 4615 4616 4617 4618 4619 4620 4621 4622 4623 4624 4625 4626 4627 4628 4629 4630 4631 4632 4633 4634 4635 4636 4637 4638 4639 4640 4641 4642 4643 4644 4645 4646 4647 4648 4649 4650 4651 4652 4653 4654 4655 4656 4657 4658 4659 4660 4661 4662 4663 4664 4665 4666 4667 4668 4669 4670 4671 4672 4673 4674 4675 4676 4677 4678 4679 4680 4681 4682 4683 4684 4685 4686 4687 4688 4689 4690 4691 4692 4693 4694 4695 4696 4697 4698 4699 4700 4701 4702 4703 4704 4705 4706 4707 4708 4709 4710 4711 4712 4713 4714 4715 4716 4717 4718 4719 4720 4721 4722 4723 4724 4725 4726 4727 4728 4729 4730 4731 4732 4733 4734 4735 4736 4737 4738 4739 4740 4741 4742 4743 4744 4745 4746 4747 4748 4749 4750 4751 4752 4753 4754 4755 4756 4757 4758 4759 4760 4761 4762 4763 4764 4765 4766 4767 4768 4769 4770 4771 4772 4773 4774 4775 4776 4777 4778 4779 4780 4781 4782 4783 4784 4785 4786 4787 4788 4789 4790 4791 4792 4793 4794 4795 4796 4797 4798 4799 4800 4801 4802 4803 4804 4805 4806 4807 4808 4809 4810 4811 4812 4813 4814 4815 4816 4817 4818 4819 4820 4821 4822 4823 4824 4825 4826 4827 4828 4829 4830 4831 4832 4833 4834 4835 4836 4837 4838 4839 4840 4841 4842 4843 4844 4845 4846 4847 4848 4849 4850 4851 4852 4853 4854 4855 4856 4857 4858 4859 4860 4861 4862 4863 4864 4865 4866 4867 4868 4869 4870 4871 4872 4873 4874 4875 4876 4877 4878 4879 4880 4881 4882 4883 4884 4885 4886 4887 4888 4889 4890 4891 4892 4893 4894 4895 4896 4897 4898 4899 4900 4901 4902 4903 4904 4905 4906 4907 4908 4909 4910 4911 4912 4913 4914 4915 4916 4917 4918 4919 4920 4921 4922 4923 4924 4925 4926 4927 4928 4929 4930 4931 4932 4933 4934 4935 4936 4937 4938 4939 4940 4941 4942 4943 4944 4945 4946 4947 4948 4949 4950 4951 4952 4953 4954 4955 4956 4957 4958 4959 4960 4961 4962 4963 4964 4965 4966 4967 4968 4969 4970 4971 4972 4973 4974 4975 4976 4977 4978 4979 4980 4981 4982 4983 4984 4985 4986 4987 4988 4989 4990 4991 4992 4993 4994 4995 4996 4997 4998 4999 5000 5001 5002 5003 5004 5005 5006 5007 5008 5009 5010 5011 5012 5013 5014 5015 5016 5017 5018 5019 5020 5021 5022 5023 5024 5025 5026 5027 5028 5029 5030 5031 5032 5033 5034 5035 5036 5037 5038 5039 5040 5041 5042 5043 5044 5045 5046 5047 5048 5049 5050 5051 5052 5053 5054 5055 5056 5057 5058 5059 5060 5061 5062 5063 5064 5065 5066 5067 5068 5069 5070 5071 5072 5073 5074 5075 5076 5077 5078 5079 5080 5081 5082 5083 5084 5085 5086 5087 5088 5089 5090 5091 5092 5093 5094 5095 5096 5097 5098 5099 5100 5101 5102 5103 5104 5105 5106 5107 5108 5109 5110 5111 5112 5113 5114 5115 5116 5117 5118 5119 5120 5121 5122 5123 5124 5125 5126 5127 5128 5129 5130 5131 5132 5133 5134 5135 5136 5137 5138 5139 5140 5141 5142 5143 5144 5145 5146 5147 5148 5149 5150 5151 5152 5153 5154 5155 5156 5157 5158 5159 5160 5161 5162 5163 5164 5165 5166 5167 5168 5169 5170 5171 5172 5173 5174 5175 5176 5177 5178 5179 5180 5181 5182 5183 5184 5185 5186 5187 5188 5189 5190 5191 5192 5193 5194 5195 5196 5197 5198 5199 5200 5201 5202 5203 5204 5205 5206 5207 5208 5209 5210 5211 5212 5213 5214 5215 5216 5217 5218 5219 5220 5221 5222 5223 5224 5225 5226 5227 5228 5229 5230 5231 5232 5233 5234 5235 5236 5237 5238 5239 5240 5241 5242 5243 5244 5245 5246 5247 5248 5249 5250 5251 5252 5253 5254 5255 5256 5257 5258 5259 5260 5261 5262 5263 5264 5265 5266 5267 5268 5269 5270 5271 5272 5273 5274 5275 5276 5277 5278 5279 5280 5281 5282 5283 5284 5285 5286 5287 5288 5289 5290 5291 5292 5293 5294 5295 5296 5297 5298 5299 5300 5301 5302 5303 5304 5305 5306 5307 5308 5309 5310 5311 5312 5313 5314 5315 5316 5317 5318 5319 5320 5321 5322 5323 5324 5325 5326 5327 

        </DataArray>

        <DataArray type="Int32" Name="offsets" format="ascii">

4 8 12 16 20 24 28 32 36 40 44 48 52 56 60 64 68 72 76 80 84 88 92 96 100 104 108 112 116 120 124 128 132 136 140 144 148 152 156 160 164 168 172 176 180 184 188 192 196 200 204 208 212 216 220 224 228 232 236 240 244 248 252 256 260 264 268 272 276 280 284 288 292 296 300 304 308 312 316 320 324 328 332 336 340 344 348 352 356 360 364 368 372 376 380 384 388 392 396 400 404 408 412 416 420 424 428 432 436 440 444 448 452 456 460 464 468 472 476 480 484 488 492 496 500 504 508 512 516 520 524 528 532 536 540 544 548 552 556 560 564 568 572 576 580 584 588 592 596 600 604 608 612 616 620 624 628 632 636 640 644 648 652 656 660 664 668 672 676 680 684 688 692 696 700 704 708 712 716 720 724 728 732 736 740 744 748 752 756 760 764 768 772 776 780 784 788 792 796 800 804 808 812 816 820 824 828 832 836 840 844 848 852 856 860 864 868 872 876 880 884 888 892 896 900 904 908 912 916 920 924 928 932 936 940 944 948 952 956 960 964 968 972 976 980 984 988 992 996 1000 1004 1008 1012 1016 1020 1024 1028 1032 1036 1040 1044 1048 1052 1056 1060 1064 1068 1072 1076 1080 1084 1088 1092 1096 1100 1104 1108 1112 1116 1120 1124 1128 1132 1136 1140 1144 1148 1152 1156 1160 1164 1168 1172 1176 1180 1184 1188 1192 1196 1200 1204 1208 1212 1216 1220 1224 1228 1232 1236 1240 1244 1248 1252 1256 1260 1264 1268 1272 1276 1280 1284 1288 1292 1296 1300 1304 1308 1312 1316 1320 1324 1328 1332 1336 1340 1344 1348 1352 1356 1360 1364 1368 1372 1376 1380 1384 1388 1392 1396 1400 1404 1408 1412 1416 1420 1424 1428 1432 1436 1440 1444 1448 1452 1456 1460 1464 1468 1472 1476 1480 1484 1488 1492 1496 1500 1504 1508 1512 1516 1520 1524 1528 1532 1536 1540 1544 1548 1552 1556 1560 1564 1568 1572 1576 1580 1584 1588 1592 1596 1600 1604 1608 1612 1616 1620 1624 1628 1632 1636 1640 1644 1648 1652 1656 1660 1664 1668 1672 1676 1680 1684 1688 1692 1696 1700 1704 1708 1712 1716 1720 1724 1728 1732 1736 1740 1744 1748 1752 1756 1760 1764 1768 1772 1776 1780 1784 1788 1792 1796 1800 1804 1808 1812 1816 1820 1824 1828 1832 1836 1840 1844 1848 1852 1856 1860 1864 1868 1872 1876 1880 1884 1888 1892 1896 1900 1904 1908 1912 1916 1920 1924 1928 1932 1936 1940 1944 1948 1952 1956 1960 1964 1968 1972 1976 1980 1984 1988 1992 1996 2000 2004 2008 2012 2016 2020 2024 2028 2032 2036 2040 2044 2048 2052 2056 2060 2064 2068 2072 2076 2080 2084 2088 2092 2096 2100 2104 2108 2112 2116 2120 2124 2128 2132 2136 2140 2144 2148 2152 2156 2160 2164 2168 2172 2176 2180 2184 2188 2192 2196 2200 2204 2208 2212 2216 2220 2224 2228 2232 2236 2240 2244 2248 2252 2256 2260 2264 2268 2272 2276 2280 2284 2288 2292 2296 2300 2304 2308 2312 2316 2320 2324 2328 2332 2336 2340 2344 2348 2352 2356 2360 2364 2368 2372 2376 2380 2384 2388 2392 2396 2400 2404 2408 2412 2416 2420 2424 2428 2432 2436 2440 2444 2448 2452 2456 2460 2464 2468 2472 2476 2480 2484 2488 2492 2496 2500 2504 2508 2512 2516 2520 2524 2528 2532 2536 2540 2544 2548 2552 2556 2560 2564 2568 2572 2576 2580 2584 2588 2592 2596 2600 2604 2608 2612 2616 2620 2624 2628 2632 2636 2640 2644 2648 2652 2656 2660 2664 2668 2672 2676 2680 2684 2688 2692 2696 2700 2704 2708 2712 2716 2720 2724 2728 2732 2736 2740 2744 2748 2752 2756 2760 2764 2768 2772 2776 2780 2784 2788 2792 2796 2800 2804 2808 2812 2816 2820 2824 2828 2832 2836 2840 2844 2848 2852 2856 2860 2864 2868 2872 2876 2880 2884 2888 2892 2896 2900 2904 2908 2912 2916 2920 2924 2928 2932 2936 2940 2944 2948 2952 2956 2960 2964 2968 2972 2976 2980 2984 2988 2992 2996 3000 3004 3008 3012 3016 3020 3024 3028 3032 3036 3040 3044 3048 3052 3056 3060 3064 3068 3072 3076 3080 3084 3088 3092 3096 3100 3104 3108 3112 3116 3120 3124 3128 3132 3136 3140 3144 3148 3152 3156 3160 3164 3168 3172 3176 3180 3184 3188 3192 3196 3200 3204 3208 3212 3216 3220 3224 3228 3232 3236 3240 3244 3248 3252 3256 3260 3264 3268 3272 3276 3280 3284 3288 3292 3296 3300 3304 3308 3312 3316 3320 3324 3328 3332 3336 3340 3344 3348 3352 3356 3360 3364 3368 3372 3376 3380 3384 3388 3392 3396 3400 3404 3408 3412 3416 3420 3424 3428 3432 3436 3440 3444 3448 3452 3456 3460 3464 3468 3472 3476 3480 3484 3488 3492 3496 3500 3504 3508 3512 3516 3520 3524 3528 3532 3536 3540 3544 3548 3552 3556 3560 3564 3568 3572 3576 3580 3584 3588 3592 3596 3600 3604 3608 3612 3616 3620 3624 3628 3632 3636 3640 3644 3648 3652 3656 3660 3664 3668 3672 3676 3680 3684 3688 3692 3696 3700 3704 3708 3712 3716 3720 3724 3728 3732 3736 3740 3744 3748 3752 3756 3760 3764 3768 3772 3776 3780 3784 3788 3792 3796 3800 3804 3808 3812 3816 3820 3824 3828 3832 3836 3840 3844 3848 3852 3856 3860 3864 3868 3872 3876 3880 3884 3888 3892 3896 3900 3904 3908 3912 3916 3920 3924 3928 3932 3936 3940 3944 3948 3952 3956 3960 3964 3968 3972 3976 3980 3984 3988 3992 3996 4000 4004 4008 4012 4016 4020 4024 4028 4032 4036 4040 4044 4048 4052 4056 4060 4064 4068 4072 4076 4080 4084 4088 4092 4096 4100 4104 4108 4112 4116 4120 4124 4128 4132 4136 4140 4144 4148 4152 4156 4160 4164 4168 4172 4176 4180 4184 4188 4192 4196 4200 4204 4208 4212 4216 4220 4224 4228 4232 4236 4240 4244 4248 4252 4256 4260 4264 4268 4272 4276 4280 4284 4288 4292 4296 4300 4304 4308 4312 4316 4320 4324 4328 4332 4336 4340 4344 4348 4352 4356 4360 4364 4368 4372 4376 4380 4384 4388 4392 4396 4400 4404 4408 4412 4416 4420 4424 4428 4432 4436 4440 4444 4448 4452 4456 4460 4464 4468 4472 4476 4480 4484 4488 4492 4496 4500 4504 4508 4512 4516 4520 4524 4528 4532 4536 4540 4544 4548 4552 4556 4560 4564 4568 4572 4576 4580 4584 4588 4592 4596 4600 4604 4608 4612 4616 4620 4624 4628 4632 4636 4640 4644 4648 4652 4656 4660 4664 4668 4672 4676 4680 4684 4688 4692 4696 4700 4704 4708 4712 4716 4720 4724 4728 4732 4736 4740 4744 4748 4752 4756 4760 4764 4768 4772 4776 4780 4784 4788 4792 4796 4800 4804 4808 4812 4816 4820 4824 4828 4832 4836 4840 4844 4848 4852 4856 4860 4864 4868 4872 4876 4880 4884 4888 4892 4896 4900 4904 4908 4912 4916 4920 4924 4928 4932 4936 4940 4944 4948 4952 4956 4960 4964 4968 4972 4976 4980 4984 4988 4992 4996 5000 5004 5008 5012 5016 5020 5024 5028 5032 5036 5040 5044 5048 5052 5056 5060 5064 5068 5072 5076 5080 5084 5088 5092 5096 5100 5104 5108 5112 5116 5120 5124 5128 5132 5136 5140 5144 5148 5152 5156 5160 5164 5168 5172 5176 5180 5184 5188 5192 5196 5200 5204 5208 5212 5216 5220 5224 5228 5232 5236 5240 5244 5248 5252 5256 5260 5264 5268 5272 5276 5280 5284 5288 5292 5296 5300 5304 5308 5312 5316 5320 5324 5328 

        </DataArray>

        <DataArray type="Int32" Name="types" format="ascii">

10 10 10 10 10 10 10 10 10 10 10 10 10 10 10 10 10 10 10 10 10 10 10 10 10 10 10 10 10 10 10 10 10 10 10 10 10 10 10 10 10 10 10 10 10 10 10 10 10 10 10 10 10 10 10 10 10 10 10 10 10 10 10 10 10 10 10 10 10 10 10 10 10 10 10 10 10 10 10 10 10 10 10 10 10 10 10 10 10 10 10 10 10 10 10 10 10 10 10 10 10 10 10 10 10 10 10 10 10 10 10 10 10 10 10 10 10 10 10 10 10 10 10 10 10 10 10 10 10 10 10 10 10 10 10 10 10 10 10 10 10 10 10 10 10 10 10 10 10 10 10 10 10 10 10 10 10 10 10 10 10 10 10 10 10 10 10 10 10 10 10 10 10 10 10 10 10 10 10 10 10 10 10 10 10 10 10 10 10 10 10 10 10 10 10 10 10 10 10 10 10 10 10 10 10 10 10 10 10 10 10 10 10 10 10 10 10 10 10 10 10 10 10 10 10 10 10 10 10 10 10 10 10 10 10 10 10 10 10 10 10 10 10 10 10 10 10 10 10 10 10 10 10 10 10 10 10 10 10 10 10 10 10 10 10 10 10 10 10 10 10 10 10 10 10 10 10 10 10 10 10 10 10 10 10 10 10 10 10 10 10 10 10 10 10 10 10 10 10 10 10 10 10 10 10 10 10 10 10 10 10 10 10 10 10 10 10 10 10 10 10 10 10 10 10 10 10 10 10 10 10 10 10 10 10 10 10 10 10 10 10 10 10 10 10 10 10 10 10 10 10 10 10 10 10 10 10 10 10 10 10 10 10 10 10 10 10 10 10 10 10 10 10 10 10 10 10 10 10 10 10 10 10 10 10 10 10 10 10 10 10 10 10 10 10 10 10 10 10 10 10 10 10 10 10 10 10 10 10 10 10 10 10 10 10 10 10 10 10 10 10 10 10 10 10 10 10 10 10 10 10 10 10 10 10 10 10 10 10 10 10 10 10 10 10 10 10 10 10 10 10 10 10 10 10 10 10 10 10 10 10 10 10 10 10 10 10 10 10 10 10 10 10 10 10 10 10 10 10 10 10 10 10 10 10 10 10 10 10 10 10 10 10 10 10 10 10 10 10 10 10 10 10 10 10 10 10 10 10 10 10 10 10 10 10 10 10 10 10 10 10 10 10 10 10 10 10 10 10 10 10 10 10 10 10 10 10 10 10 10 10 10 10 10 10 10 10 10 10 10 10 10 10 10 10 10 10 10 10 10 10 10 10 10 10 10 10 10 10 10 10 10 10 10 10 10 10 10 10 10 10 10 10 10 10 10 10 10 10 10 10 10 10 10 10 10 10 10 10 10 10 10 10 10 10 10 10 10 10 10 10 10 10 10 10 10 10 10 10 10 10 10 10 10 10 10 10 10 10 10 10 10 10 10 10 10 10 10 10 10 10 10 10 10 10 10 10 10 10 10 10 10 10 10 10 10 10 10 10 10 10 10 10 10 10 10 10 10 10 10 10 10 10 10 10 10 10 10 10 10 10 10 10 10 10 10 10 10 10 10 10 10 10 10 10 10 10 10 10 10 10 10 10 10 10 10 10 10 10 10 10 10 10 10 10 10 10 10 10 10 10 10 10 10 10 10 10 10 10 10 10 10 10 10 10 10 10 10 10 10 10 10 10 10 10 10 10 10 10 10 10 10 10 10 10 10 10 10 10 10 10 10 10 10 10 10 10 10 10 10 10 10 10 10 10 10 10 10 10 10 10 10 10 10 10 10 10 10 10 10 10 10 10 10 10 10 10 10 10 10 10 10 10 10 10 10 10 10 10 10 10 10 10 10 10 10 10 10 10 10 10 10 10 10 10 10 10 10 10 10 10 10 10 10 10 10 10 10 10 10 10 10 10 10 10 10 10 10 10 10 10 10 10 10 10 10 10 10 10 10 10 10 10 10 10 10 10 10 10 10 10 10 10 10 10 10 10 10 10 10 10 10 10 10 10 10 10 10 10 10 10 10 10 10 10 10 10 10 10 10 10 10 10 10 10 10 10 10 10 10 10 10 10 10 10 10 10 10 10 10 10 10 10 10 10 10 10 10 10 10 10 10 10 10 10 10 10 10 10 10 10 10 10 10 10 10 10 10 10 10 10 10 10 10 10 10 10 10 10 10 10 10 10 10 10 10 10 10 10 10 10 10 10 10 10 10 10 10 10 10 10 10 10 10 10 10 10 10 10 10 10 10 10 10 10 10 10 10 10 10 10 10 10 10 10 10 10 10 10 10 10 10 10 10 10 10 10 10 10 10 10 10 10 10 10 10 10 10 10 10 10 10 10 10 10 10 10 10 10 10 10 10 10 10 10 10 10 10 10 10 10 10 10 10 10 10 10 10 10 10 10 10 10 10 10 10 10 10 10 10 10 10 10 10 10 10 10 10 10 10 10 10 10 10 10 10 10 10 10 10 10 10 10 10 10 10 10 10 10 10 10 10 10 10 10 10 10 10 10 10 10 10 10 10 10 10 10 10 10 10 10 10 10 10 10 10 10 10 10 10 10 10 10 10 10 10 10 10 10 10 10 10 10 10 10 10 10 10 10 10 10 10 10 10 10 10 10 10 10 10 10 10 10 10 10 10 10 10 10 10 10 10 10 10 10 10 10 10 10 10 10 10 10 10 10 10 10 10 10 10 10 10 10 10 10 10 10 10 10 10 10 10 10 10 10 10 10 10 10 10 10 10 10 10 10 10 10 10 10 10 10 10 10 10 10 10 10 10 10 10 10 10 10 10 10 10 10 10 10 10 10 10 10 10 10 10 10 10 10 10 10 10 10 10 10 10 10 10 10 10 10 10 10 10 10 10 10 10 10 10 10 10 10 10 10 10 10 10 10 10 10 10 10 10 10 10 10 10 10 10 10 10 10 10 10 10 10 10 10 10 10 10 10 10 10 10 10 10 10 10 10 10 10 10 10 10 10 10 10 10 10 10 10 10 10 10 10 10 10 10 10 10 

        </DataArray>

      </Cells>

    </Piece>

  </UnstructuredGrid>

</VTKFile>

