<?xml version="1.0"?>

<VTKFile type="UnstructuredGrid" version="0.1">

  <UnstructuredGrid>

    <Piece NumberOfPoints="377" NumberOfCells="1332">

      <PointData>

        <DataArray type="Float64" Name="DeuxMu" format="ascii">

1.53846153846153834e+03
1.53846153846153834e+03
1.53846153846153834e+03
1.53846153846153834e+03
1.53846153846153834e+03
1.53846153846153834e+03
1.53846153846153834e+03
1.53846153846153834e+03
1.53846153846153834e+03
1.53846153846153834e+03
1.53846153846153834e+03
1.53846153846153834e+03
1.53846153846153834e+03
1.53846153846153834e+03
1.53846153846153834e+03
1.53846153846153834e+03
1.53846153846153834e+03
1.53846153846153834e+03
1.53846153846153834e+03
1.53846153846153834e+03
1.53846153846153834e+03
1.53846153846153834e+03
1.53846153846153834e+03
1.53846153846153834e+03
1.53846153846153834e+03
1.53846153846153834e+03
1.53846153846153834e+03
1.53846153846153834e+03
1.53846153846153834e+03
1.53846153846153834e+03
1.53846153846153834e+03
1.53846153846153834e+03
1.53846153846153834e+03
1.53846153846153834e+03
1.53846153846153834e+03
1.53846153846153834e+03
1.53846153846153834e+03
1.53846153846153834e+03
1.53846153846153834e+03
1.53846153846153834e+03
1.53846153846153834e+03
1.53846153846153834e+03
1.53846153846153834e+03
1.53846153846153834e+03
1.53846153846153834e+03
1.53846153846153834e+03
1.53846153846153834e+03
1.53846153846153834e+03
1.53846153846153834e+03
1.53846153846153834e+03
1.53846153846153834e+03
1.53846153846153834e+03
1.53846153846153834e+03
1.53846153846153834e+03
1.53846153846153834e+03
1.53846153846153834e+03
1.53846153846153834e+03
1.53846153846153834e+03
1.53846153846153834e+03
1.53846153846153834e+03
1.53846153846153834e+03
1.53846153846153834e+03
1.53846153846153834e+03
1.53846153846153834e+03
1.53846153846153834e+03
1.53846153846153834e+03
1.53846153846153834e+03
1.53846153846153834e+03
1.53846153846153834e+03
1.53846153846153834e+03
1.53846153846153834e+03
1.53846153846153834e+03
1.53846153846153834e+03
1.53846153846153834e+03
1.53846153846153834e+03
1.53846153846153834e+03
1.53846153846153834e+03
1.53846153846153834e+03
1.53846153846153834e+03
1.53846153846153834e+03
1.53846153846153834e+03
1.53846153846153834e+03
1.53846153846153834e+03
1.53846153846153834e+03
1.53846153846153834e+03
1.53846153846153834e+03
1.53846153846153834e+03
1.53846153846153834e+03
1.53846153846153834e+03
1.53846153846153834e+03
1.53846153846153834e+03
1.53846153846153834e+03
1.53846153846153834e+03
1.53846153846153834e+03
1.53846153846153834e+03
1.53846153846153834e+03
1.53846153846153834e+03
1.53846153846153834e+03
1.53846153846153834e+03
1.53846153846153834e+03
1.53846153846153834e+03
1.53846153846153834e+03
1.53846153846153834e+03
1.53846153846153834e+03
1.53846153846153834e+03
1.53846153846153834e+03
1.53846153846153834e+03
1.53846153846153834e+03
1.53846153846153834e+03
1.53846153846153834e+03
1.53846153846153834e+03
1.53846153846153834e+03
1.53846153846153834e+03
1.53846153846153834e+03
1.53846153846153834e+03
1.53846153846153834e+03
1.53846153846153834e+03
1.53846153846153834e+03
1.53846153846153834e+03
1.53846153846153834e+03
1.53846153846153834e+03
1.53846153846153834e+03
1.53846153846153834e+03
1.53846153846153834e+03
1.53846153846153834e+03
1.53846153846153834e+03
1.53846153846153834e+03
1.53846153846153834e+03
1.53846153846153834e+03
1.53846153846153834e+03
1.53846153846153834e+03
1.53846153846153834e+03
1.53846153846153834e+03
1.53846153846153834e+03
1.53846153846153834e+03
1.53846153846153834e+03
1.53846153846153834e+03
1.53846153846153834e+03
1.53846153846153834e+03
1.53846153846153834e+03
1.53846153846153834e+03
1.53846153846153834e+03
1.53846153846153834e+03
1.53846153846153834e+03
1.53846153846153834e+03
1.53846153846153834e+03
1.53846153846153834e+03
1.53846153846153834e+03
1.53846153846153834e+03
1.53846153846153834e+03
1.53846153846153834e+03
1.53846153846153834e+03
1.53846153846153834e+03
1.53846153846153834e+03
1.53846153846153834e+03
1.53846153846153834e+03
1.53846153846153834e+03
1.53846153846153834e+03
1.53846153846153834e+03
1.53846153846153834e+03
1.53846153846153834e+03
1.53846153846153834e+03
1.53846153846153834e+03
1.53846153846153834e+03
1.53846153846153834e+03
1.53846153846153834e+03
1.53846153846153834e+03
1.53846153846153834e+03
1.53846153846153834e+03
1.53846153846153834e+03
1.53846153846153834e+03
1.53846153846153834e+03
1.53846153846153834e+03
1.53846153846153834e+03
1.53846153846153834e+03
1.53846153846153834e+03
1.53846153846153834e+03
1.53846153846153834e+03
1.53846153846153834e+03
1.53846153846153834e+03
1.53846153846153834e+03
1.53846153846153834e+03
1.53846153846153834e+03
1.53846153846153834e+03
1.53846153846153834e+03
1.53846153846153834e+03
1.53846153846153834e+03
1.53846153846153834e+03
1.53846153846153834e+03
1.53846153846153834e+03
1.53846153846153834e+03
1.53846153846153834e+03
1.53846153846153834e+03
1.53846153846153834e+03
1.53846153846153834e+03
1.53846153846153834e+03
1.53846153846153834e+03
1.53846153846153834e+03
1.53846153846153834e+03
1.53846153846153834e+03
1.53846153846153834e+03
1.53846153846153834e+03
1.53846153846153834e+03
1.53846153846153834e+03
1.53846153846153834e+03
1.53846153846153834e+03
1.53846153846153834e+03
1.53846153846153834e+03
1.53846153846153834e+03
1.53846153846153834e+03
1.53846153846153834e+03
1.53846153846153834e+03
1.53846153846153834e+03
1.53846153846153834e+03
1.53846153846153834e+03
1.53846153846153834e+03
1.53846153846153834e+03
1.53846153846153834e+03
1.53846153846153834e+03
1.53846153846153834e+03
1.53846153846153834e+03
1.53846153846153834e+03
1.53846153846153834e+03
1.53846153846153834e+03
1.53846153846153834e+03
1.53846153846153834e+03
1.53846153846153834e+03
1.53846153846153834e+03
1.53846153846153834e+03
1.53846153846153834e+03
1.53846153846153834e+03
1.53846153846153834e+03
1.53846153846153834e+03
1.53846153846153834e+03
1.53846153846153834e+03
1.53846153846153834e+03
1.53846153846153834e+03
1.53846153846153834e+03
1.53846153846153834e+03
1.53846153846153834e+03
1.53846153846153834e+03
1.53846153846153834e+03
1.53846153846153834e+03
1.53846153846153834e+03
1.53846153846153834e+03
1.53846153846153834e+03
1.53846153846153834e+03
1.53846153846153834e+03
1.53846153846153834e+03
1.53846153846153834e+03
1.53846153846153834e+03
1.53846153846153834e+03
1.53846153846153834e+03
1.53846153846153834e+03
1.53846153846153834e+03
1.53846153846153834e+03
1.53846153846153834e+03
1.53846153846153834e+03
1.53846153846153834e+03
1.53846153846153834e+03
1.53846153846153834e+03
1.53846153846153834e+03
1.53846153846153834e+03
1.53846153846153834e+03
1.53846153846153834e+03
1.53846153846153834e+03
1.53846153846153834e+03
1.53846153846153834e+03
1.53846153846153834e+03
1.53846153846153834e+03
1.53846153846153834e+03
1.53846153846153834e+03
1.53846153846153834e+03
1.53846153846153834e+03
1.53846153846153834e+03
1.53846153846153834e+03
1.53846153846153834e+03
1.53846153846153834e+03
1.53846153846153834e+03
1.53846153846153834e+03
1.53846153846153834e+03
1.53846153846153834e+03
1.53846153846153834e+03
1.53846153846153834e+03
1.53846153846153834e+03
1.53846153846153834e+03
1.53846153846153834e+03
1.53846153846153834e+03
1.53846153846153834e+03
1.53846153846153834e+03
1.53846153846153834e+03
1.53846153846153834e+03
1.53846153846153834e+03
1.53846153846153834e+03
1.53846153846153834e+03
1.53846153846153834e+03
1.53846153846153834e+03
1.53846153846153834e+03
1.53846153846153834e+03
1.53846153846153834e+03
1.53846153846153834e+03
1.53846153846153834e+03
1.53846153846153834e+03
1.53846153846153834e+03
1.53846153846153834e+03
1.53846153846153834e+03
1.53846153846153834e+03
1.53846153846153834e+03
1.53846153846153834e+03
1.53846153846153834e+03
1.53846153846153834e+03
1.53846153846153834e+03
1.53846153846153834e+03
1.53846153846153834e+03
1.53846153846153834e+03
1.53846153846153834e+03
1.53846153846153834e+03
1.53846153846153834e+03
1.53846153846153834e+03
1.53846153846153834e+03
1.53846153846153834e+03
1.53846153846153834e+03
1.53846153846153834e+03
1.53846153846153834e+03
1.53846153846153834e+03
1.53846153846153834e+03
1.53846153846153834e+03
1.53846153846153834e+03
1.53846153846153834e+03
1.53846153846153834e+03
1.53846153846153834e+03
1.53846153846153834e+03
1.53846153846153834e+03
1.53846153846153834e+03
1.53846153846153834e+03
1.53846153846153834e+03
1.53846153846153834e+03
1.53846153846153834e+03
1.53846153846153834e+03
1.53846153846153834e+03
1.53846153846153834e+03
1.53846153846153834e+03
1.53846153846153834e+03
1.53846153846153834e+03
1.53846153846153834e+03
1.53846153846153834e+03
1.53846153846153834e+03
1.53846153846153834e+03
1.53846153846153834e+03
1.53846153846153834e+03
1.53846153846153834e+03
1.53846153846153834e+03
1.53846153846153834e+03
1.53846153846153834e+03
1.53846153846153834e+03
1.53846153846153834e+03
1.53846153846153834e+03
1.53846153846153834e+03
1.53846153846153834e+03
1.53846153846153834e+03
1.53846153846153834e+03
1.53846153846153834e+03
1.53846153846153834e+03
1.53846153846153834e+03
1.53846153846153834e+03
1.53846153846153834e+03
1.53846153846153834e+03
1.53846153846153834e+03
1.53846153846153834e+03
1.53846153846153834e+03
1.53846153846153834e+03
1.53846153846153834e+03
1.53846153846153834e+03
1.53846153846153834e+03
1.53846153846153834e+03
1.53846153846153834e+03
1.53846153846153834e+03


        </DataArray>

        <DataArray type="Float64" Name="E" format="ascii">

2.00000000000000000e+03
2.00000000000000000e+03
2.00000000000000000e+03
2.00000000000000000e+03
2.00000000000000000e+03
2.00000000000000000e+03
2.00000000000000000e+03
2.00000000000000000e+03
2.00000000000000000e+03
2.00000000000000000e+03
2.00000000000000000e+03
2.00000000000000000e+03
2.00000000000000000e+03
2.00000000000000000e+03
2.00000000000000000e+03
2.00000000000000000e+03
2.00000000000000000e+03
2.00000000000000000e+03
2.00000000000000000e+03
2.00000000000000000e+03
2.00000000000000000e+03
2.00000000000000000e+03
2.00000000000000000e+03
2.00000000000000000e+03
2.00000000000000000e+03
2.00000000000000000e+03
2.00000000000000000e+03
2.00000000000000000e+03
2.00000000000000000e+03
2.00000000000000000e+03
2.00000000000000000e+03
2.00000000000000000e+03
2.00000000000000000e+03
2.00000000000000000e+03
2.00000000000000000e+03
2.00000000000000000e+03
2.00000000000000000e+03
2.00000000000000000e+03
2.00000000000000000e+03
2.00000000000000000e+03
2.00000000000000000e+03
2.00000000000000000e+03
2.00000000000000000e+03
2.00000000000000000e+03
2.00000000000000000e+03
2.00000000000000000e+03
2.00000000000000000e+03
2.00000000000000000e+03
2.00000000000000000e+03
2.00000000000000000e+03
2.00000000000000000e+03
2.00000000000000000e+03
2.00000000000000000e+03
2.00000000000000000e+03
2.00000000000000000e+03
2.00000000000000000e+03
2.00000000000000000e+03
2.00000000000000000e+03
2.00000000000000000e+03
2.00000000000000000e+03
2.00000000000000000e+03
2.00000000000000000e+03
2.00000000000000000e+03
2.00000000000000000e+03
2.00000000000000000e+03
2.00000000000000000e+03
2.00000000000000000e+03
2.00000000000000000e+03
2.00000000000000000e+03
2.00000000000000000e+03
2.00000000000000000e+03
2.00000000000000000e+03
2.00000000000000000e+03
2.00000000000000000e+03
2.00000000000000000e+03
2.00000000000000000e+03
2.00000000000000000e+03
2.00000000000000000e+03
2.00000000000000000e+03
2.00000000000000000e+03
2.00000000000000000e+03
2.00000000000000000e+03
2.00000000000000000e+03
2.00000000000000000e+03
2.00000000000000000e+03
2.00000000000000000e+03
2.00000000000000000e+03
2.00000000000000000e+03
2.00000000000000000e+03
2.00000000000000000e+03
2.00000000000000000e+03
2.00000000000000000e+03
2.00000000000000000e+03
2.00000000000000000e+03
2.00000000000000000e+03
2.00000000000000000e+03
2.00000000000000000e+03
2.00000000000000000e+03
2.00000000000000000e+03
2.00000000000000000e+03
2.00000000000000000e+03
2.00000000000000000e+03
2.00000000000000000e+03
2.00000000000000000e+03
2.00000000000000000e+03
2.00000000000000000e+03
2.00000000000000000e+03
2.00000000000000000e+03
2.00000000000000000e+03
2.00000000000000000e+03
2.00000000000000000e+03
2.00000000000000000e+03
2.00000000000000000e+03
2.00000000000000000e+03
2.00000000000000000e+03
2.00000000000000000e+03
2.00000000000000000e+03
2.00000000000000000e+03
2.00000000000000000e+03
2.00000000000000000e+03
2.00000000000000000e+03
2.00000000000000000e+03
2.00000000000000000e+03
2.00000000000000000e+03
2.00000000000000000e+03
2.00000000000000000e+03
2.00000000000000000e+03
2.00000000000000000e+03
2.00000000000000000e+03
2.00000000000000000e+03
2.00000000000000000e+03
2.00000000000000000e+03
2.00000000000000000e+03
2.00000000000000000e+03
2.00000000000000000e+03
2.00000000000000000e+03
2.00000000000000000e+03
2.00000000000000000e+03
2.00000000000000000e+03
2.00000000000000000e+03
2.00000000000000000e+03
2.00000000000000000e+03
2.00000000000000000e+03
2.00000000000000000e+03
2.00000000000000000e+03
2.00000000000000000e+03
2.00000000000000000e+03
2.00000000000000000e+03
2.00000000000000000e+03
2.00000000000000000e+03
2.00000000000000000e+03
2.00000000000000000e+03
2.00000000000000000e+03
2.00000000000000000e+03
2.00000000000000000e+03
2.00000000000000000e+03
2.00000000000000000e+03
2.00000000000000000e+03
2.00000000000000000e+03
2.00000000000000000e+03
2.00000000000000000e+03
2.00000000000000000e+03
2.00000000000000000e+03
2.00000000000000000e+03
2.00000000000000000e+03
2.00000000000000000e+03
2.00000000000000000e+03
2.00000000000000000e+03
2.00000000000000000e+03
2.00000000000000000e+03
2.00000000000000000e+03
2.00000000000000000e+03
2.00000000000000000e+03
2.00000000000000000e+03
2.00000000000000000e+03
2.00000000000000000e+03
2.00000000000000000e+03
2.00000000000000000e+03
2.00000000000000000e+03
2.00000000000000000e+03
2.00000000000000000e+03
2.00000000000000000e+03
2.00000000000000000e+03
2.00000000000000000e+03
2.00000000000000000e+03
2.00000000000000000e+03
2.00000000000000000e+03
2.00000000000000000e+03
2.00000000000000000e+03
2.00000000000000000e+03
2.00000000000000000e+03
2.00000000000000000e+03
2.00000000000000000e+03
2.00000000000000000e+03
2.00000000000000000e+03
2.00000000000000000e+03
2.00000000000000000e+03
2.00000000000000000e+03
2.00000000000000000e+03
2.00000000000000000e+03
2.00000000000000000e+03
2.00000000000000000e+03
2.00000000000000000e+03
2.00000000000000000e+03
2.00000000000000000e+03
2.00000000000000000e+03
2.00000000000000000e+03
2.00000000000000000e+03
2.00000000000000000e+03
2.00000000000000000e+03
2.00000000000000000e+03
2.00000000000000000e+03
2.00000000000000000e+03
2.00000000000000000e+03
2.00000000000000000e+03
2.00000000000000000e+03
2.00000000000000000e+03
2.00000000000000000e+03
2.00000000000000000e+03
2.00000000000000000e+03
2.00000000000000000e+03
2.00000000000000000e+03
2.00000000000000000e+03
2.00000000000000000e+03
2.00000000000000000e+03
2.00000000000000000e+03
2.00000000000000000e+03
2.00000000000000000e+03
2.00000000000000000e+03
2.00000000000000000e+03
2.00000000000000000e+03
2.00000000000000000e+03
2.00000000000000000e+03
2.00000000000000000e+03
2.00000000000000000e+03
2.00000000000000000e+03
2.00000000000000000e+03
2.00000000000000000e+03
2.00000000000000000e+03
2.00000000000000000e+03
2.00000000000000000e+03
2.00000000000000000e+03
2.00000000000000000e+03
2.00000000000000000e+03
2.00000000000000000e+03
2.00000000000000000e+03
2.00000000000000000e+03
2.00000000000000000e+03
2.00000000000000000e+03
2.00000000000000000e+03
2.00000000000000000e+03
2.00000000000000000e+03
2.00000000000000000e+03
2.00000000000000000e+03
2.00000000000000000e+03
2.00000000000000000e+03
2.00000000000000000e+03
2.00000000000000000e+03
2.00000000000000000e+03
2.00000000000000000e+03
2.00000000000000000e+03
2.00000000000000000e+03
2.00000000000000000e+03
2.00000000000000000e+03
2.00000000000000000e+03
2.00000000000000000e+03
2.00000000000000000e+03
2.00000000000000000e+03
2.00000000000000000e+03
2.00000000000000000e+03
2.00000000000000000e+03
2.00000000000000000e+03
2.00000000000000000e+03
2.00000000000000000e+03
2.00000000000000000e+03
2.00000000000000000e+03
2.00000000000000000e+03
2.00000000000000000e+03
2.00000000000000000e+03
2.00000000000000000e+03
2.00000000000000000e+03
2.00000000000000000e+03
2.00000000000000000e+03
2.00000000000000000e+03
2.00000000000000000e+03
2.00000000000000000e+03
2.00000000000000000e+03
2.00000000000000000e+03
2.00000000000000000e+03
2.00000000000000000e+03
2.00000000000000000e+03
2.00000000000000000e+03
2.00000000000000000e+03
2.00000000000000000e+03
2.00000000000000000e+03
2.00000000000000000e+03
2.00000000000000000e+03
2.00000000000000000e+03
2.00000000000000000e+03
2.00000000000000000e+03
2.00000000000000000e+03
2.00000000000000000e+03
2.00000000000000000e+03
2.00000000000000000e+03
2.00000000000000000e+03
2.00000000000000000e+03
2.00000000000000000e+03
2.00000000000000000e+03
2.00000000000000000e+03
2.00000000000000000e+03
2.00000000000000000e+03
2.00000000000000000e+03
2.00000000000000000e+03
2.00000000000000000e+03
2.00000000000000000e+03
2.00000000000000000e+03
2.00000000000000000e+03
2.00000000000000000e+03
2.00000000000000000e+03
2.00000000000000000e+03
2.00000000000000000e+03
2.00000000000000000e+03
2.00000000000000000e+03
2.00000000000000000e+03
2.00000000000000000e+03
2.00000000000000000e+03
2.00000000000000000e+03
2.00000000000000000e+03
2.00000000000000000e+03
2.00000000000000000e+03
2.00000000000000000e+03
2.00000000000000000e+03
2.00000000000000000e+03
2.00000000000000000e+03
2.00000000000000000e+03
2.00000000000000000e+03
2.00000000000000000e+03
2.00000000000000000e+03
2.00000000000000000e+03
2.00000000000000000e+03
2.00000000000000000e+03
2.00000000000000000e+03
2.00000000000000000e+03
2.00000000000000000e+03
2.00000000000000000e+03
2.00000000000000000e+03
2.00000000000000000e+03
2.00000000000000000e+03
2.00000000000000000e+03
2.00000000000000000e+03
2.00000000000000000e+03
2.00000000000000000e+03
2.00000000000000000e+03
2.00000000000000000e+03
2.00000000000000000e+03
2.00000000000000000e+03
2.00000000000000000e+03
2.00000000000000000e+03
2.00000000000000000e+03
2.00000000000000000e+03
2.00000000000000000e+03
2.00000000000000000e+03
2.00000000000000000e+03
2.00000000000000000e+03
2.00000000000000000e+03
2.00000000000000000e+03
2.00000000000000000e+03
2.00000000000000000e+03
2.00000000000000000e+03
2.00000000000000000e+03
2.00000000000000000e+03
2.00000000000000000e+03
2.00000000000000000e+03
2.00000000000000000e+03
2.00000000000000000e+03
2.00000000000000000e+03
2.00000000000000000e+03


        </DataArray>

        <DataArray type="Float64" Name="Lambda" format="ascii">

1.15384615384615381e+03
1.15384615384615381e+03
1.15384615384615381e+03
1.15384615384615381e+03
1.15384615384615381e+03
1.15384615384615381e+03
1.15384615384615381e+03
1.15384615384615381e+03
1.15384615384615381e+03
1.15384615384615381e+03
1.15384615384615381e+03
1.15384615384615381e+03
1.15384615384615381e+03
1.15384615384615381e+03
1.15384615384615381e+03
1.15384615384615381e+03
1.15384615384615381e+03
1.15384615384615381e+03
1.15384615384615381e+03
1.15384615384615381e+03
1.15384615384615381e+03
1.15384615384615381e+03
1.15384615384615381e+03
1.15384615384615381e+03
1.15384615384615381e+03
1.15384615384615381e+03
1.15384615384615381e+03
1.15384615384615381e+03
1.15384615384615381e+03
1.15384615384615381e+03
1.15384615384615381e+03
1.15384615384615381e+03
1.15384615384615381e+03
1.15384615384615381e+03
1.15384615384615381e+03
1.15384615384615381e+03
1.15384615384615381e+03
1.15384615384615381e+03
1.15384615384615381e+03
1.15384615384615381e+03
1.15384615384615381e+03
1.15384615384615381e+03
1.15384615384615381e+03
1.15384615384615381e+03
1.15384615384615381e+03
1.15384615384615381e+03
1.15384615384615381e+03
1.15384615384615381e+03
1.15384615384615381e+03
1.15384615384615381e+03
1.15384615384615381e+03
1.15384615384615381e+03
1.15384615384615381e+03
1.15384615384615381e+03
1.15384615384615381e+03
1.15384615384615381e+03
1.15384615384615381e+03
1.15384615384615381e+03
1.15384615384615381e+03
1.15384615384615381e+03
1.15384615384615381e+03
1.15384615384615381e+03
1.15384615384615381e+03
1.15384615384615381e+03
1.15384615384615381e+03
1.15384615384615381e+03
1.15384615384615381e+03
1.15384615384615381e+03
1.15384615384615381e+03
1.15384615384615381e+03
1.15384615384615381e+03
1.15384615384615381e+03
1.15384615384615381e+03
1.15384615384615381e+03
1.15384615384615381e+03
1.15384615384615381e+03
1.15384615384615381e+03
1.15384615384615381e+03
1.15384615384615381e+03
1.15384615384615381e+03
1.15384615384615381e+03
1.15384615384615381e+03
1.15384615384615381e+03
1.15384615384615381e+03
1.15384615384615381e+03
1.15384615384615381e+03
1.15384615384615381e+03
1.15384615384615381e+03
1.15384615384615381e+03
1.15384615384615381e+03
1.15384615384615381e+03
1.15384615384615381e+03
1.15384615384615381e+03
1.15384615384615381e+03
1.15384615384615381e+03
1.15384615384615381e+03
1.15384615384615381e+03
1.15384615384615381e+03
1.15384615384615381e+03
1.15384615384615381e+03
1.15384615384615381e+03
1.15384615384615381e+03
1.15384615384615381e+03
1.15384615384615381e+03
1.15384615384615381e+03
1.15384615384615381e+03
1.15384615384615381e+03
1.15384615384615381e+03
1.15384615384615381e+03
1.15384615384615381e+03
1.15384615384615381e+03
1.15384615384615381e+03
1.15384615384615381e+03
1.15384615384615381e+03
1.15384615384615381e+03
1.15384615384615381e+03
1.15384615384615381e+03
1.15384615384615381e+03
1.15384615384615381e+03
1.15384615384615381e+03
1.15384615384615381e+03
1.15384615384615381e+03
1.15384615384615381e+03
1.15384615384615381e+03
1.15384615384615381e+03
1.15384615384615381e+03
1.15384615384615381e+03
1.15384615384615381e+03
1.15384615384615381e+03
1.15384615384615381e+03
1.15384615384615381e+03
1.15384615384615381e+03
1.15384615384615381e+03
1.15384615384615381e+03
1.15384615384615381e+03
1.15384615384615381e+03
1.15384615384615381e+03
1.15384615384615381e+03
1.15384615384615381e+03
1.15384615384615381e+03
1.15384615384615381e+03
1.15384615384615381e+03
1.15384615384615381e+03
1.15384615384615381e+03
1.15384615384615381e+03
1.15384615384615381e+03
1.15384615384615381e+03
1.15384615384615381e+03
1.15384615384615381e+03
1.15384615384615381e+03
1.15384615384615381e+03
1.15384615384615381e+03
1.15384615384615381e+03
1.15384615384615381e+03
1.15384615384615381e+03
1.15384615384615381e+03
1.15384615384615381e+03
1.15384615384615381e+03
1.15384615384615381e+03
1.15384615384615381e+03
1.15384615384615381e+03
1.15384615384615381e+03
1.15384615384615381e+03
1.15384615384615381e+03
1.15384615384615381e+03
1.15384615384615381e+03
1.15384615384615381e+03
1.15384615384615381e+03
1.15384615384615381e+03
1.15384615384615381e+03
1.15384615384615381e+03
1.15384615384615381e+03
1.15384615384615381e+03
1.15384615384615381e+03
1.15384615384615381e+03
1.15384615384615381e+03
1.15384615384615381e+03
1.15384615384615381e+03
1.15384615384615381e+03
1.15384615384615381e+03
1.15384615384615381e+03
1.15384615384615381e+03
1.15384615384615381e+03
1.15384615384615381e+03
1.15384615384615381e+03
1.15384615384615381e+03
1.15384615384615381e+03
1.15384615384615381e+03
1.15384615384615381e+03
1.15384615384615381e+03
1.15384615384615381e+03
1.15384615384615381e+03
1.15384615384615381e+03
1.15384615384615381e+03
1.15384615384615381e+03
1.15384615384615381e+03
1.15384615384615381e+03
1.15384615384615381e+03
1.15384615384615381e+03
1.15384615384615381e+03
1.15384615384615381e+03
1.15384615384615381e+03
1.15384615384615381e+03
1.15384615384615381e+03
1.15384615384615381e+03
1.15384615384615381e+03
1.15384615384615381e+03
1.15384615384615381e+03
1.15384615384615381e+03
1.15384615384615381e+03
1.15384615384615381e+03
1.15384615384615381e+03
1.15384615384615381e+03
1.15384615384615381e+03
1.15384615384615381e+03
1.15384615384615381e+03
1.15384615384615381e+03
1.15384615384615381e+03
1.15384615384615381e+03
1.15384615384615381e+03
1.15384615384615381e+03
1.15384615384615381e+03
1.15384615384615381e+03
1.15384615384615381e+03
1.15384615384615381e+03
1.15384615384615381e+03
1.15384615384615381e+03
1.15384615384615381e+03
1.15384615384615381e+03
1.15384615384615381e+03
1.15384615384615381e+03
1.15384615384615381e+03
1.15384615384615381e+03
1.15384615384615381e+03
1.15384615384615381e+03
1.15384615384615381e+03
1.15384615384615381e+03
1.15384615384615381e+03
1.15384615384615381e+03
1.15384615384615381e+03
1.15384615384615381e+03
1.15384615384615381e+03
1.15384615384615381e+03
1.15384615384615381e+03
1.15384615384615381e+03
1.15384615384615381e+03
1.15384615384615381e+03
1.15384615384615381e+03
1.15384615384615381e+03
1.15384615384615381e+03
1.15384615384615381e+03
1.15384615384615381e+03
1.15384615384615381e+03
1.15384615384615381e+03
1.15384615384615381e+03
1.15384615384615381e+03
1.15384615384615381e+03
1.15384615384615381e+03
1.15384615384615381e+03
1.15384615384615381e+03
1.15384615384615381e+03
1.15384615384615381e+03
1.15384615384615381e+03
1.15384615384615381e+03
1.15384615384615381e+03
1.15384615384615381e+03
1.15384615384615381e+03
1.15384615384615381e+03
1.15384615384615381e+03
1.15384615384615381e+03
1.15384615384615381e+03
1.15384615384615381e+03
1.15384615384615381e+03
1.15384615384615381e+03
1.15384615384615381e+03
1.15384615384615381e+03
1.15384615384615381e+03
1.15384615384615381e+03
1.15384615384615381e+03
1.15384615384615381e+03
1.15384615384615381e+03
1.15384615384615381e+03
1.15384615384615381e+03
1.15384615384615381e+03
1.15384615384615381e+03
1.15384615384615381e+03
1.15384615384615381e+03
1.15384615384615381e+03
1.15384615384615381e+03
1.15384615384615381e+03
1.15384615384615381e+03
1.15384615384615381e+03
1.15384615384615381e+03
1.15384615384615381e+03
1.15384615384615381e+03
1.15384615384615381e+03
1.15384615384615381e+03
1.15384615384615381e+03
1.15384615384615381e+03
1.15384615384615381e+03
1.15384615384615381e+03
1.15384615384615381e+03
1.15384615384615381e+03
1.15384615384615381e+03
1.15384615384615381e+03
1.15384615384615381e+03
1.15384615384615381e+03
1.15384615384615381e+03
1.15384615384615381e+03
1.15384615384615381e+03
1.15384615384615381e+03
1.15384615384615381e+03
1.15384615384615381e+03
1.15384615384615381e+03
1.15384615384615381e+03
1.15384615384615381e+03
1.15384615384615381e+03
1.15384615384615381e+03
1.15384615384615381e+03
1.15384615384615381e+03
1.15384615384615381e+03
1.15384615384615381e+03
1.15384615384615381e+03
1.15384615384615381e+03
1.15384615384615381e+03
1.15384615384615381e+03
1.15384615384615381e+03
1.15384615384615381e+03
1.15384615384615381e+03
1.15384615384615381e+03
1.15384615384615381e+03
1.15384615384615381e+03
1.15384615384615381e+03
1.15384615384615381e+03
1.15384615384615381e+03
1.15384615384615381e+03
1.15384615384615381e+03
1.15384615384615381e+03
1.15384615384615381e+03
1.15384615384615381e+03
1.15384615384615381e+03
1.15384615384615381e+03
1.15384615384615381e+03
1.15384615384615381e+03
1.15384615384615381e+03
1.15384615384615381e+03
1.15384615384615381e+03
1.15384615384615381e+03
1.15384615384615381e+03
1.15384615384615381e+03
1.15384615384615381e+03
1.15384615384615381e+03
1.15384615384615381e+03
1.15384615384615381e+03
1.15384615384615381e+03
1.15384615384615381e+03
1.15384615384615381e+03
1.15384615384615381e+03
1.15384615384615381e+03
1.15384615384615381e+03
1.15384615384615381e+03
1.15384615384615381e+03
1.15384615384615381e+03
1.15384615384615381e+03
1.15384615384615381e+03
1.15384615384615381e+03
1.15384615384615381e+03
1.15384615384615381e+03
1.15384615384615381e+03
1.15384615384615381e+03
1.15384615384615381e+03
1.15384615384615381e+03
1.15384615384615381e+03
1.15384615384615381e+03
1.15384615384615381e+03
1.15384615384615381e+03
1.15384615384615381e+03


        </DataArray>

        <DataArray type="Float64" Name="normeSigmaContinu" format="ascii">

3.13485056995928471e+03
3.05739329784952542e+03
2.04874334671027373e+03
2.46719158874941240e+03
2.05498824243379840e+03
3.54516691485040064e+03
1.98823934014684301e+03
2.04575249606857210e+03
3.50502994373916363e+03
3.41420876001292891e+03
3.44750815541983093e+03
3.35596460548890263e+03
3.06911177767750405e+03
1.83671069822972299e+03
3.04411143019554538e+03
2.96315371360167183e+03
1.85995298220151176e+03
1.53279809246075206e+03
2.00871845188860470e+03
2.02930361654807530e+03
1.92942916174418224e+03
2.08689897782342905e+03
2.93880064369713591e+03
3.41815459525452843e+03
2.04469134877351894e+03
2.04713172742100801e+03
2.00313644108744165e+03
1.88064080185412172e+03
2.08373859182717752e+03
1.99100812913124491e+03
2.00531984534347384e+03
2.01192837421337595e+03
2.10055041357812979e+03
1.90463376111275625e+03
2.10871299285597752e+03
2.10831939539528048e+03
2.08600597426376999e+03
1.76507708579584073e+03
1.85604153433933766e+03
1.71784068732575747e+03
1.88755825002042775e+03
2.05579199305265229e+03
1.75548313125379877e+03
1.72695797609508395e+03
1.83877925074990435e+03
1.92287905998811084e+03
1.89981091088412541e+03
1.82052376461736731e+03
1.92669771585370927e+03
1.98261144194658687e+03
2.06385078927285758e+03
1.94316211614086023e+03
2.08860594431750405e+03
2.09447764947137694e+03
1.92243992343102332e+03
1.95595917126007748e+03
2.11122757181186853e+03
2.11481257788385574e+03
2.09599987588607519e+03
2.07798780861663772e+03
1.97962740370332040e+03
2.01012399708145722e+03
2.05480508034887498e+03
2.08256662580218244e+03
1.98968257651967087e+03
1.97608651950435183e+03
1.97628398387516381e+03
1.98625054760995863e+03
1.98153706208472613e+03
1.97712847734646652e+03
1.97486148092112103e+03
2.03667526351122478e+03
2.01356856292475572e+03
2.06932440867629384e+03
2.04414617824060474e+03
1.98797666527484444e+03
1.98383042383880047e+03
2.08820020785890665e+03
2.03811869907343453e+03
2.03898094948661719e+03
2.04389794481605759e+03
2.01472184570393938e+03
2.01216749231965741e+03
2.02204488992399456e+03
2.03599233660792288e+03
2.01029754850728887e+03
2.02302512084660702e+03
2.02631146861482944e+03
2.02244573754590579e+03
2.02376412516326468e+03
2.02470196576149192e+03
2.02441840746714456e+03
2.02598019946568570e+03
2.02975338210475866e+03
2.02490497565468331e+03
2.03782054270839467e+03
2.03234365626858562e+03
2.02559077238778150e+03
2.03335256174378947e+03
2.02683998183859762e+03
2.02689921334907558e+03
2.02694978787181071e+03
2.02749625536004964e+03
2.02531631868559862e+03
2.02718802473937671e+03
2.02681058434660781e+03
2.02773650583897529e+03
2.02827274438911763e+03
2.02732449932434270e+03
2.02715977568841254e+03
2.02781961399389479e+03
2.02677061985672231e+03
2.02732138716177701e+03
2.02832759022257051e+03
2.02729249694292457e+03
2.02749642543846335e+03
2.02722122407330630e+03
2.02703281838728594e+03
2.02787583811090258e+03
2.02726899554071792e+03
2.02685716031933794e+03
2.02687640158781187e+03
2.02662291911585362e+03
2.02896581939565340e+03
2.02787939547483256e+03
2.02790213807596683e+03
2.02757694468832733e+03
2.02727669280782652e+03
2.02772974242784790e+03
2.02736391166086241e+03
2.02726128941844217e+03
2.02837908515058962e+03
2.02730382291166256e+03
2.02748203919341290e+03
2.02728592181394720e+03
2.02715477328242196e+03
2.02689390578165148e+03
2.02719384899013721e+03
2.02732742860847520e+03
2.02722282173992312e+03
2.02727808594301814e+03
2.02756234659006691e+03
2.02782564944534488e+03
2.02712003911229431e+03
2.02711365622058543e+03
2.02782455481384522e+03
2.02761321690309455e+03
2.02767010974850473e+03
2.02742811684788353e+03
2.02724130476981190e+03
2.02763035407318716e+03
2.02737668570727465e+03
2.02747539769012747e+03
2.02751712222897095e+03
2.02735908808644740e+03
2.02746287376354121e+03
2.02751262210149594e+03
2.02680325319170561e+03
2.02767655970073838e+03
2.02839242815382954e+03
2.02759125845573885e+03
2.02757496475647918e+03
2.02776338127924100e+03
2.02749595140668430e+03
2.02723973061290758e+03
2.02743951043350648e+03
2.02740094751007769e+03
2.02754526191050900e+03
2.02760995066288706e+03
2.02740086746658994e+03
2.02775731202764632e+03
2.02741923858369228e+03
2.02751613287049554e+03
2.02724155489410532e+03
2.02749641341469601e+03
2.02752061525043746e+03
2.02769582898373642e+03
2.02760353157125132e+03
2.02751793789306771e+03
2.02693643655243932e+03
2.02734092358232624e+03
2.02757280628521789e+03
2.02751667492771776e+03
2.02727529542878051e+03
2.02738497460028339e+03
2.02761509645400270e+03
2.02750212484478902e+03
2.02760208987447550e+03
2.02808536217667552e+03
2.02746301944043603e+03
2.02819588917608530e+03
2.02766767500406559e+03
2.02764446339669257e+03
2.02755115969699727e+03
2.02753366026231311e+03
2.02752534272970706e+03
2.02755747688741894e+03
2.02754612499788641e+03
2.02743905430652808e+03
2.02743845060065428e+03
2.02704921685008730e+03
2.02712033929894596e+03
2.02750552454933973e+03
2.02761251224699754e+03
2.02762042240009737e+03
2.02759899028652717e+03
2.02725151849225017e+03
2.02739805415272986e+03
2.02749740821721844e+03
2.02762183962892436e+03
2.02763245865206000e+03
2.02748406578713298e+03
2.02749706141885986e+03
2.02752303697216598e+03
2.02746511318193507e+03
2.02759625498814307e+03
2.02760023757891463e+03
2.02787179343255457e+03
2.02754134648203171e+03
2.02752298509454863e+03
2.02735302318638946e+03
2.02747950767951784e+03
2.02754994520556238e+03
2.02741734972010863e+03
2.02751116639216752e+03
2.02745215389346231e+03
2.02772776510422659e+03
2.02754278491677269e+03
2.02730589506808519e+03
2.02745323778212787e+03
2.02745728903424356e+03
2.02729134550762205e+03
2.02755121028678832e+03
2.02763162624633947e+03
2.02743556704911362e+03
2.02745613007741122e+03
2.02758312788731769e+03
2.02792174774245859e+03
2.02755590082236313e+03
2.02761833427898978e+03
2.02744562642581445e+03
2.02768914274875283e+03
2.02852004892875448e+03
2.02739843570412518e+03
2.02761422966798477e+03
2.02740926210037492e+03
2.02769279376734107e+03
2.02786707605639003e+03
2.02726189920912088e+03
2.02714398077995429e+03
2.02800991082673454e+03
2.02742048377402716e+03
2.02810922846510425e+03
2.02708788019482904e+03
2.02727335268504839e+03
2.02730563374380290e+03
2.02721571718301016e+03
2.02711119563737907e+03
2.02878720496143660e+03
2.02794133935282275e+03
2.02614923291488253e+03
2.02656353370113038e+03
2.02736956216392014e+03
2.02716523914850404e+03
2.02768155665051518e+03
2.02797235916576460e+03
2.02837206813617308e+03
2.02808938713257817e+03
2.02434475662402451e+03
2.02727268959541584e+03
2.02753486399897452e+03
2.02636844530717076e+03
2.02889325809565275e+03
2.02712933685859343e+03
2.02677542811261242e+03
2.02702849114370679e+03
2.02718023617641234e+03
2.00943293078973647e+03
1.96011535882658154e+03
2.02676524830930271e+03
2.02805642436197991e+03
2.02747484117672980e+03
2.02704512970915380e+03
2.02583534881804553e+03
2.02645744697440659e+03
2.03223214688234634e+03
2.02467114682603096e+03
2.02536400441941714e+03
1.99762981064121004e+03
2.01255865762309531e+03
1.85201031718526360e+03
3.16284512909948626e+03
2.03221926764051682e+03
2.02261435251701300e+03
2.03160346361458051e+03
2.02386656210871274e+03
1.83577179925031055e+03
2.04328287353470137e+03
1.96405604008570549e+03
1.96717308312850628e+03
1.90329138081008546e+03
1.74964108221369975e+03
3.34587891451515679e+03
1.89440012037755400e+03
3.28324231512915912e+03
2.06344600613780449e+03
2.07564877319741890e+03
2.02483083264976585e+03
2.03211617386608827e+03
2.02764367397973956e+03
2.02715981044517230e+03
1.97609845807350212e+03
2.04953700670533954e+03
2.04208779462740426e+03
2.02829486268162100e+03
2.05356951916216576e+03
2.02597831905057888e+03
2.02855619672225362e+03
2.01018931327621499e+03
1.97823637622595493e+03
1.90056944095312588e+03
3.31975705678633994e+03
1.78087094125272370e+03
2.05109471449180319e+03
2.08333696539414677e+03
2.08138554347747277e+03
2.01340031307512095e+03
1.97811834759706426e+03
2.02334173440228346e+03
1.73400361990122656e+03
3.44870558714720846e+03
2.06928643926486075e+03
2.03910998952251271e+03
1.95216898712839975e+03
2.12169092766695576e+03
1.94750552424514717e+03
2.12022716097225930e+03
2.11025202764468304e+03
2.01940239512769995e+03
2.05152203412668041e+03
2.01317480684793031e+03
1.97986207999825319e+03
2.13859039457568724e+03
1.98908732826168057e+03
2.09188479254264530e+03
1.95964946533621901e+03
2.02160119889486577e+03
2.07241300666965299e+03
1.53646372716182327e+03
3.14982720585956849e+03
2.32630162563941485e+03
2.10801747030075148e+03
2.05084705838942091e+03
1.91633306415194647e+03
2.06881801305084446e+03
1.89889626865874948e+03
3.43847417544209520e+03
2.12267451996392901e+03
1.99903084315442334e+03
2.00199860784670591e+03
2.03300930271104016e+03
2.08549791800697722e+03
1.97330324309950652e+03
1.93323654669984353e+03
2.09057375303070194e+03
1.84617765761448732e+03
3.05157863732702117e+03
2.09734573014838452e+03
1.89121467220545833e+03
3.28703275964028990e+03
2.03862753230664021e+03
1.98966142871831153e+03
1.70657485721516605e+03
1.92389428002798468e+03
3.23276140869181972e+03
3.37863565268386674e+03
3.36624365676871184e+03


        </DataArray>

        <DataArray type="Float64" Name="normeU" format="ascii">

0.00000000000000000e+00
0.00000000000000000e+00
0.00000000000000000e+00
0.00000000000000000e+00
0.00000000000000000e+00
0.00000000000000000e+00
0.00000000000000000e+00
0.00000000000000000e+00
0.00000000000000000e+00
0.00000000000000000e+00
0.00000000000000000e+00
0.00000000000000000e+00
0.00000000000000000e+00
4.48826873912496205e-01
0.00000000000000000e+00
0.00000000000000000e+00
4.41601656574276691e-01
4.80473458177364809e-01
0.00000000000000000e+00
0.00000000000000000e+00
4.35900976457270939e-01
0.00000000000000000e+00
0.00000000000000000e+00
0.00000000000000000e+00
1.59883564162998176e-01
0.00000000000000000e+00
0.00000000000000000e+00
4.12418499270279848e-01
2.28499036206942174e-01
0.00000000000000000e+00
0.00000000000000000e+00
0.00000000000000000e+00
0.00000000000000000e+00
4.34100834250565337e-01
0.00000000000000000e+00
3.28503600076891389e-01
3.48358574961035117e-01
4.72602894499473236e-01
4.29908955802788539e-01
4.81027038743210955e-01
4.22757260549622982e-01
5.32532918456258830e-01
4.26318189455564212e-01
4.85904478868760481e-01
6.27352769140959166e-01
7.88229911425822993e-01
6.31833929638601410e-01
6.25651070631673911e-01
8.10760148630228494e-01
8.85022433027379263e-01
3.83922917710763478e-01
8.11783160942513016e-01
5.99191346012232229e-01
4.78496667124868769e-01
6.33786793644352309e-01
7.90085292095949909e-01
4.40586776687180437e-01
4.34271395661563531e-01
8.34864956299350869e-01
9.04106161305192169e-01
8.95874213185467339e-01
8.92140525432640330e-01
9.12557808609613774e-01
8.18886407379741055e-01
8.80975430491783063e-01
1.15778787156981600e+00
1.32852489877503133e+00
1.15611809281215527e+00
1.15545146885226191e+00
1.33284171461933587e+00
1.33319224673796755e+00
1.32512791538527974e+00
1.53858903231149147e+00
9.52030750200811626e-01
1.07192949058774301e+00
1.15661008200383320e+00
1.32756804356145475e+00
1.17402792700380854e+00
1.48646496891655633e+00
1.39396967442922182e+00
1.30463760015906094e+00
1.54177207012468021e+00
1.54228126052670911e+00
1.73791309434829611e+00
1.50615068106833117e+00
1.53917908910855616e+00
1.73839345905457043e+00
1.92338745269245570e+00
1.73781615060857053e+00
1.73750853398992855e+00
1.91973144768742543e+00
1.91970585025831864e+00
2.12070026985923432e+00
1.91811727058511394e+00
2.12712370856435973e+00
1.51235073596786807e+00
1.85546303094787590e+00
1.92387701526627763e+00
1.89741878245884332e+00
2.12104971578608037e+00
2.15946654905160296e+00
2.32903437677379710e+00
2.24871577609476336e+00
2.12852707953399101e+00
2.32900251076415721e+00
2.51437466833126200e+00
2.32863491356550512e+00
2.32873309199376965e+00
2.51414286698891898e+00
2.51632513277065284e+00
2.51394366105391764e+00
2.46006253092300931e+00
2.71757356802561212e+00
2.71981565453745588e+00
2.64603926867718009e+00
2.31587959193758586e+00
2.72159252361518522e+00
2.71776362369106961e+00
2.92290261235531101e+00
2.81350561316094083e+00
2.81030623784136635e+00
2.72398508322193855e+00
2.92300155332329537e+00
3.11288918279864424e+00
2.92268717351770801e+00
2.92294041200516785e+00
3.11250362243562639e+00
3.10821135363051715e+00
3.11227212432409983e+00
3.31664657023423803e+00
3.31681856662683971e+00
3.31489419301550248e+00
3.35558668897429513e+00
3.35424468679217869e+00
3.00483395062235248e+00
3.35567300414520409e+00
3.51847423687453231e+00
3.41939716054890441e+00
3.36109731467255202e+00
3.31738524514162059e+00
3.51788830834477873e+00
3.70931575609729069e+00
3.51826616721281216e+00
3.51844699253063142e+00
3.71213176727533245e+00
3.71644677311961402e+00
3.70880940007013882e+00
3.91133684823615768e+00
3.80930911165978658e+00
3.71200632116560847e+00
3.91427534006870204e+00
3.91429704266346112e+00
3.95693311178018403e+00
3.80783541262122727e+00
3.70874863101545893e+00
3.88043959592507370e+00
4.12843226730220803e+00
4.11417967227487225e+00
4.02333159570622101e+00
3.92202971603316941e+00
4.11396695535537216e+00
4.30472120862404317e+00
4.11440606921830643e+00
4.11441528147132463e+00
4.30219634151955521e+00
4.30803110895101415e+00
4.32990526384606955e+00
4.20636933647862410e+00
4.50708355564664132e+00
4.30215016040919807e+00
4.51057674248320861e+00
4.51062784904531000e+00
4.71069892511026378e+00
4.66199709902818871e+00
4.54978264489777207e+00
4.58298344889377240e+00
4.51089211804003831e+00
4.71059516954699298e+00
4.90181319747852662e+00
4.71108401689740486e+00
4.71110442994479861e+00
4.90360852177298323e+00
4.90938182223224295e+00
4.69964881842652105e+00
4.90044330226832159e+00
4.90247725649993171e+00
5.10436339462929212e+00
4.90346516736007931e+00
5.10836789477437758e+00
5.05975402255818096e+00
5.10843013196460394e+00
5.30766034822047761e+00
5.23403893069050064e+00
5.10291815506300406e+00
5.19209171183682372e+00
4.90420978745500236e+00
5.11547863252102619e+00
5.30753812439831041e+00
5.50229499292849056e+00
5.40058113793105488e+00
5.30755950282124012e+00
5.30768983923837911e+00
5.49959021404853043e+00
5.50019772186370304e+00
5.70388746592997453e+00
5.40181866669334543e+00
5.70203658731920715e+00
5.49944449324498752e+00
5.70455481930675745e+00
5.45713044549257109e+00
5.70467273143686970e+00
5.90480655652342712e+00
5.73126935526753645e+00
5.67914736411294552e+00
5.89444138791520267e+00
5.90469685671626809e+00
5.89587794067114057e+00
6.09839599743943417e+00
6.09371062317717804e+00
5.90466714556018779e+00
5.90477602778332855e+00
6.10138797156395096e+00
6.09761173520707178e+00
6.09911577153705764e+00
6.30194958887598933e+00
6.05009819964275408e+00
6.29553840789679686e+00
6.10122561313411182e+00
6.30687036469374629e+00
6.12224084374580801e+00
6.30700417890314302e+00
6.50208658591634858e+00
6.69636123328438071e+00
6.49482540750639714e+00
6.49488301767742460e+00
6.29392374861360704e+00
6.50202886096306898e+00
6.69134467343648254e+00
6.59245035155672898e+00
6.50189000157450714e+00
6.50203149573516193e+00
6.69926485878582678e+00
6.89755819182569230e+00
6.59433722421062907e+00
6.89798622913850856e+00
7.09948070992222746e+00
7.09941695318821786e+00
7.29480622151040858e+00
6.69494186170055894e+00
7.28879092380610238e+00
6.89424911338457047e+00
6.69911212367863040e+00
6.89742575058836582e+00
6.89285260251638832e+00
7.09092469459470109e+00
7.29351400712272468e+00
6.98993241602017967e+00
7.08837569166610582e+00
7.09944910252497596e+00
7.09944176613522870e+00
7.29697505735160767e+00
7.49809261197211274e+00
7.29085666331478599e+00
7.49569257126579647e+00
8.08225547913338360e+00
7.69706156589929424e+00
7.68396453355788900e+00
7.69765937746208362e+00
7.88176728732952459e+00
7.29268893450370914e+00
7.78584837514888761e+00
7.88973356329085984e+00
7.68811394426390127e+00
7.49279281353352289e+00
7.29672336674036703e+00
7.69775507046273599e+00
8.08238284970214949e+00
8.46803959166874520e+00
8.69242636899993038e+00
7.49805851075696861e+00
7.48926513043130004e+00
7.68613050170495882e+00
7.69797502044406379e+00
7.88606234051785826e+00
8.08811422231317323e+00
8.07649765973601852e+00
8.27174886367988016e+00
8.29398523885126160e+00
8.89101800195670755e+00
8.47129918087030909e+00
9.60722295647501667e+00
1.00000000000000000e+01
8.07642231571296598e+00
8.29490736096648007e+00
8.07648276863901593e+00
8.26393091157312831e+00
9.44077745907224219e+00
9.13259988913224774e+00
9.23329014433025108e+00
8.88955373671316273e+00
9.61751869372041668e+00
9.57609203287895916e+00
1.00000000000000000e+01
9.61365047865426625e+00
1.00000000000000000e+01
1.00000000000000000e+01
1.00000000000000000e+01
8.27353416393343188e+00
8.07646178421956051e+00
7.88590355164261947e+00
8.29353824942926110e+00
8.69328985503521956e+00
8.83433205884556827e+00
9.05649063923926789e+00
8.08796906118341852e+00
8.46267511427883257e+00
8.26388224695672591e+00
8.29416162096778820e+00
8.45214713936178619e+00
8.66920023617674751e+00
9.43829261152260557e+00
1.00000000000000000e+01
9.61393053603009129e+00
8.87041193860937938e+00
9.78437235902711500e+00
9.46870788399774277e+00
9.13302746872960469e+00
9.23518238876327224e+00
1.00000000000000000e+01
9.58300992095393411e+00
1.00000000000000000e+01
8.97638063993432489e+00
8.71177047538932747e+00
9.23732560331870367e+00
9.53676450275476384e+00
1.00000000000000000e+01
1.00000000000000000e+01
1.00000000000000000e+01
1.00000000000000000e+01
8.67698955575965236e+00
8.45232437756671295e+00
8.89243781375526154e+00
9.35699223832645188e+00
8.67122859471001739e+00
8.97647694838643062e+00
8.88901017648485237e+00
9.13466275223106727e+00
9.75975016912119386e+00
9.58742507702261193e+00
1.00000000000000000e+01
1.00000000000000000e+01
9.54039254017655303e+00
9.30916456536344938e+00
9.43331726273214954e+00
1.00000000000000000e+01
9.61483927081730450e+00
1.00000000000000000e+01
9.48198325049891011e+00
1.00000000000000000e+01
1.00000000000000000e+01
9.13534756673471371e+00
9.53013792086282230e+00
9.23914086954943237e+00
9.43700799234137655e+00
1.00000000000000000e+01
9.61662029343304781e+00
1.00000000000000000e+01
1.00000000000000000e+01
9.61747253236802102e+00
1.00000000000000000e+01
1.00000000000000000e+01
1.00000000000000000e+01
9.58011131518344605e+00
9.61779420688805686e+00
1.00000000000000000e+01
1.00000000000000000e+01
1.00000000000000000e+01


        </DataArray>

        <DataArray type="Float64" Name="u" NumberOfComponents="3" format="ascii">

0.00000000000000000e+00 0.00000000000000000e+00 0.00000000000000000e+00
0.00000000000000000e+00 0.00000000000000000e+00 0.00000000000000000e+00
0.00000000000000000e+00 0.00000000000000000e+00 0.00000000000000000e+00
0.00000000000000000e+00 0.00000000000000000e+00 0.00000000000000000e+00
0.00000000000000000e+00 0.00000000000000000e+00 0.00000000000000000e+00
0.00000000000000000e+00 0.00000000000000000e+00 0.00000000000000000e+00
0.00000000000000000e+00 0.00000000000000000e+00 0.00000000000000000e+00
0.00000000000000000e+00 0.00000000000000000e+00 0.00000000000000000e+00
0.00000000000000000e+00 0.00000000000000000e+00 0.00000000000000000e+00
0.00000000000000000e+00 0.00000000000000000e+00 0.00000000000000000e+00
0.00000000000000000e+00 0.00000000000000000e+00 0.00000000000000000e+00
0.00000000000000000e+00 0.00000000000000000e+00 0.00000000000000000e+00
0.00000000000000000e+00 0.00000000000000000e+00 0.00000000000000000e+00
3.77716307871452273e-01 -8.98159132830750745e-02 -2.25186711941777779e-01
0.00000000000000000e+00 0.00000000000000000e+00 0.00000000000000000e+00
0.00000000000000000e+00 0.00000000000000000e+00 0.00000000000000000e+00
3.71280114861052390e-01 -2.22123146646642566e-01 8.84556788550247830e-02
4.11380193033176578e-01 -1.73002819380928680e-01 -1.78019957530474809e-01
0.00000000000000000e+00 0.00000000000000000e+00 0.00000000000000000e+00
0.00000000000000000e+00 0.00000000000000000e+00 0.00000000000000000e+00
3.64644061443056222e-01 8.64115736674240659e-02 2.22659851942451109e-01
0.00000000000000000e+00 0.00000000000000000e+00 0.00000000000000000e+00
0.00000000000000000e+00 0.00000000000000000e+00 0.00000000000000000e+00
0.00000000000000000e+00 0.00000000000000000e+00 0.00000000000000000e+00
1.40903347775574256e-01 -5.09440731551345435e-02 -5.58005563185837092e-02
0.00000000000000000e+00 0.00000000000000000e+00 0.00000000000000000e+00
0.00000000000000000e+00 0.00000000000000000e+00 0.00000000000000000e+00
3.44195111413936217e-01 -2.11618157707476245e-01 -8.26831249263812601e-02
2.09211477006644969e-01 -1.45254614143653033e-03 -9.18708743068581829e-02
0.00000000000000000e+00 0.00000000000000000e+00 0.00000000000000000e+00
0.00000000000000000e+00 0.00000000000000000e+00 0.00000000000000000e+00
0.00000000000000000e+00 0.00000000000000000e+00 0.00000000000000000e+00
0.00000000000000000e+00 0.00000000000000000e+00 0.00000000000000000e+00
3.65747488693488443e-01 2.16379178238449710e-01 -8.86135431878026097e-02
0.00000000000000000e+00 0.00000000000000000e+00 0.00000000000000000e+00
3.08008029676261785e-01 -2.51354068073021859e-02 1.11417593956505273e-01
3.18064032118994922e-01 -1.29256097792700947e-01 5.90070284330081601e-02
4.02954687315883575e-01 -1.77940975130236295e-01 1.71225071847376814e-01
3.59534248370945830e-01 -8.53753262409394365e-02 2.19699540730143916e-01
4.10626727603464192e-01 1.74642492548682637e-01 1.79646047482588112e-01
3.55205456112711537e-01 2.14053600678196398e-01 8.20599861801209474e-02
4.99742623149594223e-01 -9.43836034985713057e-02 -1.57925157076786199e-01
3.55250092810806273e-01 8.05683020264224559e-02 -2.21479838647139771e-01
4.14731446790469582e-01 1.79943285569156036e-01 -1.78105035320124422e-01
5.61234221875155148e-01 -1.16394428723723257e-03 -2.80332464011421534e-01
7.30376031692658412e-01 -1.22388599197128134e-01 -2.69959768080005547e-01
5.64968222053814362e-01 -2.82886829091077929e-01 2.54241429111910062e-04
5.61097346786397666e-01 6.88829065455638591e-04 2.76782505094421261e-01
7.54277785876390161e-01 -2.72404686983006683e-01 1.19133231509981549e-01
8.32424535281422684e-01 -2.62899221833938046e-01 -1.45664337373014180e-01
3.63114533295584685e-01 9.59296038588309530e-02 7.96376390694950170e-02
7.55819479552374940e-01 1.18721739680809596e-01 2.71355787198572784e-01
5.64406360464663859e-01 1.01500416621022910e-01 1.73704907324868929e-01
4.49268714192304075e-01 7.85486526707048771e-02 -1.44730066196413570e-01
5.66063370803566057e-01 2.85057794916276419e-01 -1.16575998185699923e-04
7.32723224572709775e-01 2.68718753805125499e-01 -1.23051518932247250e-01
4.34619620582552102e-01 -6.26504520091582112e-02 -3.60196343585835119e-02
4.23247571341355100e-01 8.95037050093246134e-02 -3.79766406240804530e-02
8.21338291157469258e-01 2.44238295886368140e-02 1.47669845545631284e-01
8.88440593275073187e-01 -1.59502750921943770e-01 5.13822496527603645e-02
8.43697924909647345e-01 -1.42397398503856243e-01 2.65494629424342654e-01
8.40043914119953272e-01 2.65056094077238624e-01 1.41372580303869844e-01
8.93513689021309121e-01 -1.00149262382863244e-01 -1.56093455436415729e-01
8.04134822679389627e-01 8.66262409968719671e-03 -1.54489786359465642e-01
8.28211582780858713e-01 1.44226594083891491e-01 -2.63404580136275879e-01
1.11660428310818816e+00 -4.90315937203996658e-04 -3.06051286697010705e-01
1.29259964012933826e+00 -1.56185675796565532e-01 -2.64141272198575916e-01
1.11499127034526668e+00 -3.05617633454653204e-01 -1.17205078428781720e-03
1.11452951578851778e+00 -4.76107329668952863e-04 3.04781608091552192e-01
1.29738082648354203e+00 1.58263342054856759e-01 2.61194835063635611e-01
1.29767972551839894e+00 -2.61910599676620837e-01 1.57580882462802330e-01
1.30920096417411269e+00 -1.93220296242166550e-01 -6.79907689249061309e-02
1.50777147383567245e+00 -2.65907182568323242e-01 -1.52232596033806927e-01
9.35776021930846968e-01 1.62142749945836828e-01 6.62986783216758663e-02
1.05232219332575916e+00 1.32141681504944153e-01 -1.55529451342206554e-01
1.11548129789914463e+00 3.05691757599019731e-01 -9.51402215579288317e-04
1.29172021855729180e+00 2.63237523195030076e-01 -1.56849589218579111e-01
1.17395480991859258e+00 -8.17617591081682034e-03 -1.02385448837481116e-02
1.47959894153035876e+00 -1.33945075014699350e-01 4.92320314190626412e-02
1.38506496902465037e+00 5.87849082860244510e-02 1.45913739472535581e-01
1.29132993293362275e+00 -6.83490414945075037e-02 1.72842936173918799e-01
1.51126829467819035e+00 -1.49510262831067775e-01 2.66037476730631994e-01
1.51178314173283357e+00 2.66617181890159261e-01 1.48521033073459124e-01
1.71093568401111384e+00 3.05025891653827319e-01 -4.62715332487420507e-04
1.49754231472868593e+00 -6.26080523863909721e-02 -1.48111854542538446e-01
1.50841245252279021e+00 1.51149163675222048e-01 -2.66304471880415561e-01
1.71126830119405215e+00 1.25392214412471713e-04 -3.05896394370593072e-01
1.89896578931605697e+00 -1.52572464610993636e-01 -2.64707134819871182e-01
1.71081212055847964e+00 -3.05163960571103676e-01 -1.34856766455735983e-03
1.71066380491440873e+00 -5.88153773708560549e-04 3.04244813133644709e-01
1.89548232746268175e+00 1.55874580507566890e-01 2.61187083655190500e-01
1.89539221407403491e+00 -2.62113838861596560e-01 1.55097523580418728e-01
2.09879480670466334e+00 -1.49320576609130923e-01 2.64827036632744262e-01
1.91089784017125042e+00 -1.64158528855195246e-01 -2.63682678580797365e-02
2.10515223793625950e+00 -2.65345182324095652e-01 -1.50270625426085158e-01
1.50441428915145403e+00 1.33363221942245536e-01 -7.84642989687733411e-02
1.85188998367165336e+00 1.85926088666778892e-02 -1.13581963737262329e-01
1.89953327348168366e+00 2.63523889375716081e-01 -1.53724664690270185e-01
1.89468236383676869e+00 6.72997582564364028e-03 1.01643905960468253e-01
2.09910405063685523e+00 2.65621351527595362e-01 1.48524001591705868e-01
2.15103248290068150e+00 1.70567702666319265e-01 8.52155665715075422e-02
2.30906090856537771e+00 3.04365575917072972e-01 -6.67027744327291800e-04
2.24311978304068926e+00 -7.86033682122922045e-02 -1.37687294601380211e-01
2.10653653727543455e+00 1.49448065397945501e-01 -2.66076344649300689e-01
2.30894033280398503e+00 1.13941173024516656e-04 -3.05036426864365717e-01
2.49584237047626223e+00 -1.50987362972047290e-01 -2.64676501987093304e-01
2.30866998439792281e+00 -3.04274253271399731e-01 -8.01631120725919844e-04
2.30886482828185535e+00 -4.05078687207517237e-05 3.03547388110940064e-01
2.49573548545814150e+00 1.55027022429051420e-01 2.61123274667459715e-01
2.49781889455559769e+00 2.64027884989650463e-01 -1.51928337587783319e-01
2.49551339200296862e+00 -2.61783409752868623e-01 1.54256564415182540e-01
2.45201191047650902e+00 -1.49671114036871195e-01 1.30934352083878519e-01
2.70056691001257443e+00 -1.48778305832620000e-01 2.64593042029015679e-01
2.70273568770513384e+00 -2.65021489283963907e-01 -1.49601494944991614e-01
2.64217384522056786e+00 -1.42368389302822834e-01 -1.31310601759614051e-02
2.31238607208033820e+00 1.00921015063538594e-01 -7.73555862262572391e-02
2.71795307226969651e+00 2.28315552228663711e-02 1.38836888555940369e-01
2.70070936931881755e+00 2.65379984963972027e-01 1.48261526744096289e-01
2.90701843311247465e+00 3.04307735363020637e-01 -5.59514098366352929e-04
2.80906308689978523e+00 1.56936058373963350e-01 -1.86944560555683918e-02
2.80560234726424884e+00 -1.14468333410321452e-02 -1.62128311783888923e-01
2.70687904784123301e+00 1.48873903225078874e-01 -2.65964499345874850e-01
2.90706871940969158e+00 2.61773233452852294e-04 -3.04777743339087304e-01
3.09795851573097103e+00 -1.48109209173370809e-01 -2.66074728887974565e-01
2.90684247442138810e+00 -3.03919031718920485e-01 -6.04403594674717557e-04
2.90714088009523097e+00 1.44823044741566252e-04 3.03500468596596462e-01
3.09764838979295209e+00 1.54344919116383400e-01 2.61593002259205287e-01
3.09325426178064422e+00 2.63955602240812159e-01 -1.51931994192216452e-01
3.09742462614174707e+00 -2.61945254680445605e-01 1.53568046044417317e-01
3.30273064154683782e+00 -1.48418091979223649e-01 2.64739213580824140e-01
3.30285168998424927e+00 2.65532573664053639e-01 1.48150498521114476e-01
3.30091828656529751e+00 -2.64887934495830868e-01 -1.49319651972712214e-01
3.35216430889089567e+00 -1.31397986750231482e-01 7.54389985185535128e-02
3.35078318651987095e+00 -7.39569620090891194e-02 -1.33190929044304379e-01
3.00483388329148360e+00 3.09787326186526364e-04 -5.55578949614832988e-04
3.35223959912204217e+00 7.62496781218750391e-02 1.31213442197440716e-01
3.50528269682035543e+00 3.04391092546750286e-01 -4.83425105488825195e-04
3.41343258378168546e+00 1.97919676145409756e-01 3.97836567184590428e-02
3.35778408741575918e+00 1.18295452827168746e-01 -9.09250616550387053e-02
3.30336015458264676e+00 1.48956973329119918e-01 -2.65835238250447137e-01
3.50466999116991040e+00 3.13445586042786868e-04 -3.04674095935073719e-01
3.69680466084658521e+00 -1.48336878408738576e-01 -2.65809797559329097e-01
3.50512315684457043e+00 -3.03822695955358102e-01 -4.98125187428274051e-04
3.50532267396372132e+00 3.16287219648029910e-04 3.03615036857639575e-01
3.69967668304592490e+00 1.52079099447741867e-01 2.63033545488305487e-01
3.70393993295486235e+00 2.65737702648254304e-01 -1.48959940536873975e-01
3.70570444850365455e+00 -1.51728276938182055e-01 -4.86175090885397447e-04
3.89950179051769119e+00 -2.64735256192592416e-01 -1.49522474056321131e-01
3.80405844640141133e+00 -1.50016827316382745e-01 1.32174869238746634e-01
3.69956981723009948e+00 -2.63218167573445683e-01 1.51295380209572228e-01
3.90248830418363424e+00 -1.48295148288460854e-01 2.64849056207484945e-01
3.90245886966337663e+00 2.65668582153722577e-01 1.48176628541717870e-01
3.95180126368585283e+00 3.91362090384555009e-02 1.97622824024461963e-01
3.80254165430083457e+00 -1.32202089410554974e-01 -1.51030144258790383e-01
3.70560986415649962e+00 3.25199489371432783e-04 -1.52551096260826163e-01
3.88043900712414658e+00 -1.84787481115881915e-03 -1.07469586260406009e-03
4.12521534339357387e+00 1.42558058169487994e-01 7.89212036352059526e-02
4.10289633071487003e+00 3.04492850396558157e-01 -4.23348099664763299e-04
4.01987609353079556e+00 1.25785614205157492e-01 -1.09413440337959661e-01
3.91017906977417118e+00 1.48925969681105219e-01 -2.65777710317780747e-01
4.10267793798152258e+00 3.54298101431186816e-04 -3.04561523223949915e-01
4.29395176196689032e+00 -1.48288885276106203e-01 -2.65731737627734055e-01
4.10317622212996458e+00 -3.03779538221880141e-01 -4.29796935903206635e-04
4.10319340834367630e+00 3.68019060258810286e-04 3.03672235628706322e-01
4.29144653571377876e+00 1.51402553919774668e-01 2.63547450682070861e-01
4.29724540380158881e+00 2.65729938511452268e-01 -1.49001929432224289e-01
4.32539408993626573e+00 -1.89998758858085315e-01 -5.42773641467226356e-02
4.20363978261727222e+00 -7.39502445502700223e-02 1.32238172234766749e-01
4.49682008756104779e+00 -2.64895220229246109e-01 -1.49136849864543564e-01
4.29142598412455456e+00 -2.63592086049915519e-01 1.50592953558064430e-01
4.50034871628665289e+00 -1.48229501060463287e-01 2.64937722234626527e-01
4.50035325702769207e+00 2.65731405020258604e-01 1.48226093955579979e-01
4.70084524790894864e+00 3.04529401254863996e-01 -4.02514846553133233e-04
4.65987982913254406e+00 8.49166818888643093e-02 1.11920000571326367e-01
4.54785970114668281e+00 -7.62130892908194496e-02 -1.08100969097035315e-01
4.58100353249669556e+00 1.21357151830670890e-01 -5.84497201584239512e-02
4.50059275594590158e+00 1.49050566759653724e-01 -2.65699970402038466e-01
4.70074325419155592e+00 3.95193033656141902e-04 -3.04498856080788471e-01
4.89236286936721587e+00 -1.48321517718719015e-01 -2.65629261929582805e-01
4.70128220253440343e+00 -3.03740220425721685e-01 -3.80651010307656446e-04
4.70130031358836842e+00 4.13215454080771228e-04 3.03776464776981558e-01
4.89417511271777173e+00 1.49114721228258196e-01 2.64936408920368849e-01
4.89991870093309245e+00 2.65690792641963824e-01 -1.49114061764218098e-01
4.69720571950114518e+00 -1.31621417436141391e-01 7.50549644968601659e-02
4.89629252229047918e+00 -1.98215262523475155e-01 -3.70783577243885484e-02
4.89833108191156796e+00 -3.61204025175244220e-02 1.98320899050299454e-01
5.09530760877236233e+00 -2.64745337853439122e-01 -1.49251273035818255e-01
4.89405761307813592e+00 -2.64889267622409275e-01 1.48338812466642517e-01
5.09933942244630245e+00 -1.48138151037369492e-01 2.64981303593011364e-01
5.05564054549837394e+00 2.03898021539111435e-01 -5.91948638218621221e-03
5.09935793220233702e+00 2.65766807668698091e-01 1.48239995920786433e-01
5.29891353638111440e+00 3.04587557190595382e-01 -3.55012078273375989e-04
5.23151576495326598e+00 1.04093175685514586e-01 1.24783571855064709e-01
5.10291812566831737e+00 4.18781490986071367e-04 -3.53014761773475102e-04
5.19093381325214942e+00 9.72148305381709404e-02 -5.07125949205465831e-02
4.90184059819913642e+00 4.07315053870946765e-04 -1.52421203612284506e-01
5.10639926032905933e+00 1.49040160154646578e-01 -2.65697693913776845e-01
5.29879888337471971e+00 4.33204274341678899e-04 -3.04452209422781839e-01
5.49388163893490589e+00 -1.48208698833381475e-01 -2.65610444391713330e-01
5.39844657533007588e+00 -1.32090284814376568e-01 -7.48555765545668578e-02
5.29886473369920363e+00 -3.03677981181447232e-01 -3.06092262831252906e-04
5.29898789761841993e+00 4.83497286843080317e-04 3.03806610655890486e-01
5.49117669825949317e+00 1.49287329537812569e-01 2.64923166578161895e-01
5.49175097539480550e+00 2.65824386557465209e-01 -1.48941597131944214e-01
5.69574646389752992e+00 1.49177455823573030e-01 -2.65613496769012025e-01
5.39969266803565073e+00 -7.38352521031906545e-02 1.32334251596332247e-01
5.69393621400838423e+00 -2.64566682476638060e-01 -1.49385757199432562e-01
5.49106111376686723e+00 -2.64740943613070989e-01 1.48491790799528928e-01
5.69646993242832700e+00 -1.48103839282359429e-01 2.65030655218958355e-01
5.45392340234189454e+00 1.85830324007008191e-01 2.14315465801600130e-02
5.69654456770931716e+00 2.65840114148792328e-01 1.48323951572998325e-01
5.89694133656635167e+00 3.04669086689147495e-01 -3.01119746268678338e-04
5.73028774315765599e+00 5.60334572044725171e-02 9.00613952790360051e-02
5.67682288179610239e+00 9.52923271733453897e-02 -1.31590745909838380e-01
5.89249620716636979e+00 -1.32046154460563975e-01 7.41049066514951338e-02
5.89684508152585263e+00 5.24474080522693907e-04 -3.04405616121437239e-01
5.89391684224189127e+00 -7.37787387167519876e-02 -1.32957307972539768e-01
6.09081073033143561e+00 -1.48077177345963706e-01 -2.65577744575877239e-01
6.09036623577620340e+00 -1.98359020972839833e-01 -3.74429157289502754e-02
5.89685750480706439e+00 -3.03587884528970675e-01 -2.53427929245034840e-04
5.89695333652467202e+00 5.59874860083561473e-04 3.03843663214078352e-01
6.09380175805329749e+00 1.49363459099533052e-01 2.64963903537125844e-01
6.09423845265140507e+00 3.77786969871263256e-02 -1.99246896121281880e-01
6.09149688821538593e+00 2.65837657589524767e-01 -1.49027498407704129e-01
6.29458177838380628e+00 1.49331428248426212e-01 -2.65535271687387331e-01
6.04703588233200140e+00 -4.05604478229108362e-02 1.88149178000134254e-01
6.28820789186099205e+00 -2.64692153737931257e-01 -1.48940987610698128e-01
6.09367270556623541e+00 -2.64659240893240888e-01 1.48534258710252998e-01
6.29955845736848730e+00 -1.48001963313185464e-01 2.65089528470744185e-01
6.12015323936101829e+00 1.59864937808736007e-01 6.90816636816088707e-04
6.29964822146122394e+00 2.65940410830248830e-01 1.48356652798538907e-01
6.49494009178105980e+00 3.04767309938750286e-01 -2.48437233245184567e-04
6.68942043677468501e+00 2.65903922637191925e-01 -1.49007015342380561e-01
6.49306167761145758e+00 -1.31938831728488748e-01 7.41570590453203143e-02
6.49310106463003400e+00 7.50701337975988869e-02 1.32319510377485128e-01
6.29392370728078454e+00 6.49101992842859811e-04 -3.14575698378777812e-04
6.49490073310319271e+00 6.31301285992074226e-04 -3.04373746224942121e-01
6.68443524475345185e+00 -1.48013902166183930e-01 -2.65538852505979917e-01
6.59070727884066798e+00 -1.31833354130621555e-01 -7.48275959505926153e-02
6.49480275841484467e+00 -3.03497413050969167e-01 -2.05262879363393193e-04
6.49492652228755940e+00 6.47200483042220057e-04 3.03879289766819660e-01
6.69235337047161405e+00 1.49492054564877741e-01 2.64968183980415939e-01
6.89082803459154469e+00 2.66065146300428157e-01 1.48348728451157541e-01
6.59257064427426975e+00 7.50336914477609113e-02 -1.32912271859303072e-01
6.89125461385731874e+00 1.49398055876648339e-01 -2.65526053853456012e-01
7.09295240553988293e+00 6.50261520410820516e-04 -3.04388075429637806e-01
7.09287053311913862e+00 3.04809145568031736e-01 -2.45773437307191726e-04
7.28843190744378600e+00 2.65973725437203823e-01 -1.49050720626743183e-01
6.69189237029108241e+00 -3.64614147035643224e-02 1.98729970634421632e-01
7.28244656358088704e+00 -1.48193370311940437e-01 -2.65488049717372110e-01
6.88756040019679272e+00 -2.64341918777676654e-01 -1.49351668962448170e-01
6.69223632889220532e+00 -2.64542932288793942e-01 1.48637817696015195e-01
6.89073909550347263e+00 -1.47934147145486028e-01 2.65164459699639754e-01
6.89074385479929052e+00 1.41430849324903601e-01 9.52021135374442190e-02
7.08927906512874717e+00 1.33301759786303736e-01 -7.46056430714353014e-02
7.29069555804278036e+00 1.99192470297473029e-01 3.77784569225547290e-02
6.98874079152497618e+00 -1.10823658169532380e-01 6.61471556038338432e-02
7.08674715259326593e+00 -7.36788867288368232e-02 -1.32876495530896560e-01
7.09296419766158692e+00 -3.03375055551006467e-01 -1.60321631150911128e-04
7.09293522357395290e+00 7.21608927959510984e-04 3.03879555432359283e-01
7.29062295362588753e+00 1.49959261360450208e-01 2.64904049812518971e-01
7.49189288883786730e+00 2.65101541129139751e-01 1.50515556612364348e-01
7.28803488303546310e+00 3.78605208118904593e-02 -1.99261159345553218e-01
7.48949362103029781e+00 1.49415825831908627e-01 -2.65645128821693888e-01
8.07647912901591525e+00 1.48975917560886156e-01 -2.66729609415261193e-01
7.69103154851762039e+00 7.21705895066523289e-04 -3.04614425284398971e-01
7.68243975291809456e+00 1.33714164846288813e-01 -7.45044822727440742e-02
7.69161061741846463e+00 3.05099810666179860e-01 -3.27073314045649014e-04
7.87584743259160192e+00 2.66831168606616265e-01 -1.48606586725195722e-01
7.29110645616547881e+00 7.27418471454377999e-04 1.51914486331255150e-01
7.78323994298376221e+00 1.33109661727519896e-01 1.51303432563446250e-01
7.88385639684007344e+00 -1.48711444379299923e-01 -2.65685754290224840e-01
7.68660741107265366e+00 -7.41138178676428727e-02 -1.32927311072924714e-01
7.48663383041306751e+00 -2.63744593127239191e-01 -1.50654656251685171e-01
7.29041061918683120e+00 -2.64400315730772606e-01 1.48920674938816000e-01
7.69176109864786639e+00 -3.03717465541287091e-01 -1.65188670995786255e-04
8.07664783352217519e+00 -2.66038694390822505e-01 -1.47972009203870325e-01
8.46247801621829687e+00 2.65932559358199760e-01 -1.53102008362387410e-01
8.68701615381249326e+00 1.56924727189703961e-01 -2.63440987476392996e-01
7.49190727019040192e+00 -1.49820144226846891e-01 2.64122717665579987e-01
7.48926509734808565e+00 6.86802262882698169e-04 -1.54403945880467164e-04
7.68463360396210238e+00 -1.33073491801689703e-01 7.28004661761361554e-02
7.69196188323992658e+00 9.52001096314364641e-04 3.04205351463090912e-01
7.88016667993775588e+00 1.46117943373325343e-01 2.67585279036638979e-01
8.08233943454360215e+00 2.67506066092559169e-01 1.47720826594361171e-01
8.07504506562496971e+00 6.96553647756131106e-04 -1.53170332180373986e-01
8.26924217459856692e+00 1.34490480292470072e-01 -1.52890262412104100e-01
8.28837274154419745e+00 5.25889035750680390e-04 -3.05070750729174944e-01
8.88576127499342405e+00 6.17090440687928900e-04 -3.05691501590872938e-01
8.46578198407837590e+00 -1.52085110942080604e-01 -2.65170377112007916e-01
9.60405343624560359e+00 -8.69140357883853298e-02 -2.30946919318186755e-01
1.00000000000000000e+01 0.00000000000000000e+00 0.00000000000000000e+00
8.07495880197594218e+00 1.53745728934848197e-01 -1.37738685572258402e-04
8.28927336343974019e+00 3.05671738658302994e-01 -1.46184587016891606e-04
8.07503429102962578e+00 7.41500452212912270e-04 1.52952806432831157e-01
8.26142855799546716e+00 1.53554333549818817e-01 1.33316762032726938e-01
9.43664499866378748e+00 1.89956116878034053e-03 -2.79296603251181275e-01
9.12756813977910930e+00 2.71884148597852759e-01 -1.34013426226189225e-01
9.22846774657947400e+00 1.19817459103439244e-01 -2.73264919487517854e-01
8.88425669627765302e+00 3.06835522476640532e-01 7.44783933988083327e-04
9.61441099529747412e+00 8.88884948047316131e-02 -2.27740802352290966e-01
9.57271502840692889e+00 1.76400762345948120e-01 -1.83162163461175698e-01
1.00000000000000000e+01 0.00000000000000000e+00 0.00000000000000000e+00
9.61062264301667746e+00 2.25961622797286182e-01 -8.45534404229627695e-02
1.00000000000000000e+01 0.00000000000000000e+00 0.00000000000000000e+00
1.00000000000000000e+01 0.00000000000000000e+00 0.00000000000000000e+00
1.00000000000000000e+01 0.00000000000000000e+00 0.00000000000000000e+00
8.27105769770883725e+00 -1.52081438919862949e-01 -1.33579036083925851e-01
8.07502405747149510e+00 -1.52385712486322128e-01 -1.33587538923190125e-04
7.88004390720625825e+00 -2.67037761243329563e-01 1.45167766330421777e-01
8.28795424684741278e+00 -3.04287846137863083e-01 -6.00240509259697061e-05
8.68791329021187941e+00 -2.62104289841283755e-01 -1.57329293727717506e-01
8.83253046489606142e+00 1.43328091076622616e-01 -1.06233567848664917e-01
9.05384072946161744e+00 2.22205527362122519e-02 -2.17938044422072014e-01
8.08223571948694541e+00 -1.47111121488513713e-01 2.66585121947760351e-01
8.46267508474089780e+00 7.04681285051020085e-04 5.80015220369635865e-05
8.26140722861697263e+00 -1.32721766347791065e-01 1.52595305495614508e-01
8.28854968567838135e+00 8.78671996586825790e-04 3.05057913700543304e-01
8.44660391569691704e+00 1.53758114149971481e-01 2.64635596789585148e-01
8.66377211317919915e+00 2.66230875918972820e-01 1.52337213223854129e-01
9.43400417368539834e+00 2.84485228854618077e-01 9.08940170600525468e-04
1.00000000000000000e+01 0.00000000000000000e+00 0.00000000000000000e+00
9.61098636089428204e+00 2.19752806514389137e-01 9.11604428738440192e-02
8.86864851324749282e+00 -8.22447159421473284e-02 -1.56580061937857534e-01
9.78389618754385104e+00 -6.50053140703189120e-03 -9.63098881224174752e-02
9.46716208886835098e+00 -5.56303784651897629e-02 -1.61790718419407287e-01
9.12801808016699745e+00 -1.33514964508897382e-01 -2.71386121542843251e-01
9.23038077662532963e+00 -2.72725561707907405e-01 -1.19520877757781016e-01
1.00000000000000000e+01 0.00000000000000000e+00 0.00000000000000000e+00
9.57964441686802992e+00 -1.82770583309149498e-01 -1.76314790495719076e-01
1.00000000000000000e+01 0.00000000000000000e+00 0.00000000000000000e+00
8.97527948666464859e+00 1.29480583363728086e-01 5.47933187196680063e-02
8.70961538510916178e+00 3.59602530555716005e-02 1.90398318099536390e-01
9.23247528330627709e+00 2.73729975749435361e-01 1.21063393485173268e-01
9.53591580912871173e+00 1.08527065474130144e-01 -6.63983303404455660e-02
1.00000000000000000e+01 0.00000000000000000e+00 0.00000000000000000e+00
1.00000000000000000e+01 0.00000000000000000e+00 0.00000000000000000e+00
1.00000000000000000e+01 0.00000000000000000e+00 0.00000000000000000e+00
1.00000000000000000e+01 0.00000000000000000e+00 0.00000000000000000e+00
8.67562263874417994e+00 -1.54011391058884894e-01 2.68878538731992674e-04
8.44682319058914288e+00 -2.63892865271955268e-01 1.52728275681102560e-01
8.88720348960393558e+00 -3.05064208392337555e-01 -4.84390372163718207e-04
9.35691485287544111e+00 -2.24495613674035484e-02 -3.07278592620641861e-02
8.66584849778371158e+00 -1.51712663740498022e-01 2.65063054455371483e-01
8.97539275545614856e+00 -8.22942603090766334e-02 1.12654094192895030e-01
8.88373480924848202e+00 -2.87829382936251148e-04 3.06198748776589258e-01
9.12963631604531045e+00 1.33412513996963994e-01 2.72039399450325903e-01
9.75886199337740479e+00 1.07867275242394728e-01 7.55023761674416261e-02
9.58414903028681131e+00 1.78320753035273505e-01 1.76092821578089365e-01
1.00000000000000000e+01 0.00000000000000000e+00 0.00000000000000000e+00
1.00000000000000000e+01 0.00000000000000000e+00 0.00000000000000000e+00
9.53934949285823386e+00 -1.23852372247342551e-01 -6.75400892098530214e-02
9.30687260845291853e+00 -2.04604295135872888e-01 2.83590807182793163e-02
9.42894812100762181e+00 -2.87074047642224550e-01 -6.33938098781641301e-04
1.00000000000000000e+01 0.00000000000000000e+00 0.00000000000000000e+00
9.61186974030835550e+00 -2.21691724763269815e-01 -8.91463861673546798e-02
1.00000000000000000e+01 0.00000000000000000e+00 0.00000000000000000e+00
9.48110235017283998e+00 4.73659298173740029e-02 1.20254134986883809e-01
1.00000000000000000e+01 0.00000000000000000e+00 0.00000000000000000e+00
1.00000000000000000e+01 0.00000000000000000e+00 0.00000000000000000e+00
9.13038981393932758e+00 -2.70778200841316818e-01 1.31286619683717437e-01
9.52916146644233031e+00 -9.42729523572979067e-02 9.86060220881719296e-02
9.23437083490097343e+00 -1.19512595022156817e-01 2.71727861177322338e-01
9.43266867975007983e+00 -1.03779272933868821e-04 2.86149287622316506e-01
1.00000000000000000e+01 0.00000000000000000e+00 0.00000000000000000e+00
9.61364193163895564e+00 8.70920630516271443e-02 2.22911755757630919e-01
1.00000000000000000e+01 0.00000000000000000e+00 0.00000000000000000e+00
1.00000000000000000e+01 0.00000000000000000e+00 0.00000000000000000e+00
9.61455577009671281e+00 -2.22101876173838503e-01 8.22557666879734362e-02
1.00000000000000000e+01 0.00000000000000000e+00 0.00000000000000000e+00
1.00000000000000000e+01 0.00000000000000000e+00 0.00000000000000000e+00
1.00000000000000000e+01 0.00000000000000000e+00 0.00000000000000000e+00
9.57676384700289951e+00 -1.77879906232482732e-01 1.80238089766952825e-01
9.61484405792764996e+00 -8.68885311383057607e-02 2.21787129787660214e-01
1.00000000000000000e+01 0.00000000000000000e+00 0.00000000000000000e+00
1.00000000000000000e+01 0.00000000000000000e+00 0.00000000000000000e+00
1.00000000000000000e+01 0.00000000000000000e+00 0.00000000000000000e+00


        </DataArray>

      </PointData>

      <CellData/>

      <Points>

        <DataArray type="Float64" Name="Position" NumberOfComponents="3" format="ascii">

-5.25677819804289630e-17 5.12814943268767531e-01 8.58497029788976018e-01
-3.14009730707536222e-17 8.58495916419404370e-01 5.12816807141719622e-01
-3.80731466055399757e-17 1.62623275736917816e-01 6.21781670144371246e-01
-2.90856138353246709e-17 4.16486345486261067e-01 4.75004121279298031e-01
1.34135188151177252e-17 5.90243789081041914e-01 -2.19059386338276985e-01
3.14008589414513790e-17 8.58497029788976018e-01 -5.12814943268767531e-01
2.86307547042777733e-17 4.66039667203462793e-01 -4.67575707938184260e-01
3.62050079155473159e-17 2.15460427321958803e-01 -5.91272650053136228e-01
5.25677138062048621e-17 5.12816807141719622e-01 -8.58495916419404370e-01
5.25677819804289630e-17 -5.12814943268767531e-01 -8.58497029788976018e-01
3.14009730707536222e-17 -8.58495916419404370e-01 -5.12816807141719622e-01
-3.14008589414513790e-17 -8.58497029788976018e-01 5.12814943268767531e-01
-6.12323399573676604e-17 0.00000000000000000e+00 1.00000000000000000e+00
3.61034774713004880e-01 3.74485629908702267e-01 9.27232717817853214e-01
0.00000000000000000e+00 1.00000000000000000e+00 0.00000000000000000e+00
6.12323399573676604e-17 0.00000000000000000e+00 -1.00000000000000000e+00
3.53628316643040452e-01 9.29124532779097900e-01 -3.69766957133845386e-01
4.12506663319662736e-01 7.01510664294031305e-01 7.12658956220818873e-01
2.55217633969128165e-17 -4.79327845440601696e-01 -4.16802026750603460e-01
3.23194493596434986e-17 -1.47846288335513470e-01 -5.27816663255814666e-01
3.53628316643040452e-01 -3.69766957133845497e-01 -9.29124532779097900e-01
-3.83008104134233360e-17 -1.35979118970127044e-01 6.25499702282974246e-01
-5.25677138062048621e-17 -5.12816807141719622e-01 8.58495916419404370e-01
0.00000000000000000e+00 -1.00000000000000000e+00 0.00000000000000000e+00
1.87696401294975002e-01 4.14596540704466943e-01 4.57583647725782305e-01
-8.66223147144439315e-18 5.32022775365377898e-01 1.41464975492940237e-01
1.16642143296555607e-17 1.91446234313188524e-01 -1.90491076084576050e-01
3.38452812344449627e-01 9.32866667264053984e-01 3.60221849847641495e-01
2.65495417581692594e-01 1.18301225296871104e-02 5.75398508500918116e-01
3.98260891624903907e-18 -2.66369740050892534e-01 -6.50409394614329395e-02
-2.38833561253324644e-17 -3.83995616500557302e-01 3.90044805440409315e-01
-1.61818631067191553e-17 7.08237687254990034e-02 2.64269879576472244e-01
9.50761236893674122e-18 -6.24457716665125062e-01 -1.55271093274506611e-01
3.61034552069114945e-01 -9.27232415273653965e-01 3.74486379012356096e-01
-8.42611140117516656e-18 -6.24833046365797173e-01 1.37608842109280122e-01
3.74306537460625810e-01 1.26313559373654294e-01 -5.31410733570593985e-01
3.78517166501607938e-01 5.92110212781812639e-01 -2.79571686192789659e-01
4.13898809135762658e-01 7.19838345418472692e-01 -6.94141740903971072e-01
3.45205022809814688e-01 3.65850027311085624e-01 -9.30673819077595832e-01
4.13898809135762658e-01 -6.94141740903971072e-01 -7.19838345418472692e-01
3.45205022809814688e-01 -9.30673819077595832e-01 -3.65850027311085624e-01
5.58857542346399283e-01 3.48436480503157064e-01 5.77656444557596460e-01
3.38452975498806374e-01 -3.60222001213587661e-01 9.32866608814828413e-01
4.12504986577889587e-01 -7.12658703371450764e-01 7.01510921161547119e-01
5.81757811123675417e-01 0.00000000000000000e+00 1.00000000000000000e+00
7.69513534064222626e-01 4.24665326138171650e-01 9.05350407729493378e-01
5.81757811123657209e-01 1.00000000000000000e+00 3.56223920635778657e-17
5.81757811123657320e-01 0.00000000000000000e+00 -1.00000000000000000e+00
7.95979543494350184e-01 9.09403309231918588e-01 -4.15915401443653854e-01
8.72972334493442470e-01 8.71064592041984498e-01 4.91168480758620019e-01
4.31882020042938519e-01 -4.22856082623190077e-01 -3.48328031028057095e-01
7.95979543494350184e-01 -4.15915401443653854e-01 -9.09403309231918588e-01
6.19894764469514636e-01 -3.63473150654011756e-01 -6.16730287921082754e-01
5.12228687696744678e-01 -3.12554202748664967e-01 5.53412615311404288e-01
5.81757811123657209e-01 -1.00000000000000000e+00 3.56223920635778657e-17
7.69519664366308254e-01 -9.05348204050488659e-01 4.24670024162942916e-01
5.16998918856848011e-01 2.50564440853044745e-01 1.43063842689757192e-01
5.01932179574385851e-01 -3.63644927079219415e-01 1.54569840943196646e-01
8.86758406725401405e-01 -8.15132503246353973e-02 -4.85927251538716853e-01
9.49783160477453703e-01 5.17093036324820177e-01 -1.73496187231092780e-01
8.84886740044598108e-01 4.80753586946365885e-01 -8.76855739924306432e-01
8.84886740044595888e-01 -8.76855739924306210e-01 -4.80753586946366496e-01
9.52106026379763715e-01 3.28314983793152382e-01 5.06616938980378961e-01
8.69234706613761787e-01 -3.01783547629933639e-02 5.05468814993694227e-01
8.72971795379782090e-01 -4.91162831745892703e-01 8.71067777335010618e-01
1.16549753539558631e+00 0.00000000000000000e+00 1.00000000000000022e+00
1.33868385122717859e+00 5.05090865124066646e-01 8.63066172415662636e-01
1.16549753539558920e+00 1.00000000000000000e+00 7.13661413068168746e-17
1.16549753539558942e+00 0.00000000000000000e+00 -9.99999999999999778e-01
1.34282208299212047e+00 -5.13124661819223449e-01 -8.58314092528432826e-01
1.34282208299212180e+00 8.58314092528433603e-01 -5.13124661819222450e-01
1.35949836449541506e+00 6.25001283078973624e-01 2.16505610155049710e-01
1.55349729902647549e+00 8.69548519779449358e-01 4.93847518723511014e-01
9.95444835165644193e-01 -5.28913102185599615e-01 -2.19787594733834718e-01
1.10615960290505355e+00 -4.31527603849539143e-01 5.02554800223387943e-01
1.16549753539558920e+00 -1.00000000000000000e+00 7.13661413068168746e-17
1.33869153255047646e+00 -8.63055207699078175e-01 5.05109600446775664e-01
1.23633242961740164e+00 2.45972429461766527e-02 3.10636940502687642e-02
1.52994935199634519e+00 4.32350633815821173e-01 -1.61844061000387174e-01
1.43669436558971197e+00 -1.90525794899964046e-01 -4.73864020670856423e-01
1.34275046956837674e+00 2.19675152074768509e-01 -5.61117431273116862e-01
1.55663237323851877e+00 4.87081173692235636e-01 -8.73356702747848490e-01
1.55663237323851789e+00 -8.73356702747848712e-01 -4.87081173692235248e-01
1.75541852631439887e+00 -1.00000000000000000e+00 1.07488383970744622e-16
1.54674215955239336e+00 2.01413771179848572e-01 4.77759585895195571e-01
1.55350358433198710e+00 -4.93835316464674101e-01 8.69555449762828503e-01
1.75541852631439732e+00 0.00000000000000000e+00 1.00000000000000022e+00
1.94150085179489373e+00 5.00005132315894496e-01 8.66022440620198286e-01
1.75541852631439887e+00 1.00000000000000000e+00 1.07488383970744622e-16
1.75541852631439887e+00 0.00000000000000000e+00 -9.99999999999999778e-01
1.93738407704517357e+00 -5.10941007973547690e-01 -8.59615778339936742e-01
1.93738407704517224e+00 8.59615778339936965e-01 -5.10941007973546912e-01
2.13847484598027471e+00 4.89430599529113497e-01 -8.72042251410200975e-01
1.95326331737646797e+00 5.36537942362604992e-01 8.33980476804467574e-02
2.14532799748178338e+00 8.71374002526513536e-01 4.90619351148039951e-01
1.55356135461284350e+00 -4.32622843288217096e-01 2.50674042264489028e-01
1.89550732968155433e+00 -6.08393207885527809e-02 3.68231427628927299e-01
1.94162517383009869e+00 -8.65245686576434192e-01 5.01348084528977722e-01
1.93778094440472337e+00 -2.24609992972627792e-02 -3.34418601258374137e-01
2.13847484598027426e+00 -8.72042251410201419e-01 -4.89430599529112775e-01
2.18972117548800194e+00 -5.59239516071461384e-01 -2.81654996699190419e-01
2.34534243062087189e+00 -1.00000000000000000e+00 1.43610805028216207e-16
2.28070671634598199e+00 2.57950779606557046e-01 4.49253143299296109e-01
2.14634118816879660e+00 -4.90443487844587245e-01 8.71472997419218132e-01
2.34534243062087189e+00 0.00000000000000000e+00 1.00000000000000022e+00
2.53042450236306138e+00 4.96647720530058734e-01 8.67952211640881210e-01
2.34534243062087189e+00 1.00000000000000000e+00 1.43610805028216207e-16
2.34534243062087189e+00 0.00000000000000000e+00 -9.99999999999999778e-01
2.52972450400880700e+00 -5.09136976441318723e-01 -8.60685505408445795e-01
2.53196084605603788e+00 -8.67423907522438031e-01 4.97569859073582976e-01
2.52972450400880700e+00 8.60685505408446794e-01 -5.09136976441317168e-01
2.48672354243205218e+00 4.91855011607531811e-01 -4.32408852153220946e-01
2.73210842028003809e+00 4.89338484598388856e-01 -8.72093944188899739e-01
2.73485825228700596e+00 8.71912921788204676e-01 4.89660961093240699e-01
2.67428126362856400e+00 4.68397509915440602e-01 4.10483075362200744e-02
2.34895839148786356e+00 -3.30928341268216741e-01 2.51463447073759061e-01
2.74885994845165271e+00 -7.46365538117034349e-02 -4.58525296799081272e-01
2.73210842028003853e+00 -8.72093944188899850e-01 -4.89338484598388745e-01
2.93526633492734490e+00 -1.00000000000000000e+00 1.79733226085687767e-16
2.83877156149946908e+00 -5.15403655395257232e-01 5.94602176008100780e-02
2.83546163110848637e+00 3.84631716358178125e-02 5.30837753853989680e-01
2.73833735978632387e+00 -4.88862260569131069e-01 8.72360986169853470e-01
2.93526633492734712e+00 0.00000000000000000e+00 1.00000000000000044e+00
3.12408364904279079e+00 4.88746232992795626e-01 8.72425996709951246e-01
2.93526633492734490e+00 1.00000000000000000e+00 1.79733226085687767e-16
2.93526633492734490e+00 0.00000000000000000e+00 -9.99999999999999778e-01
3.12347350922513867e+00 -5.06420954850866356e-01 -8.62286388903325207e-01
3.11932914388635041e+00 -8.67619702265207349e-01 4.97228370310095147e-01
3.12347350922513733e+00 8.62286388903325873e-01 -5.06420954850865135e-01
3.32623590907506284e+00 4.88897410870549831e-01 -8.72341287366402374e-01
3.32623590907506284e+00 -8.72341287366402707e-01 -4.88897410870549665e-01
3.32433849067526577e+00 8.72082851198736630e-01 4.89358253884699890e-01
3.37464681754204765e+00 4.33065483342089108e-01 -2.49773548133032791e-01
3.37334348100876724e+00 2.44364862344510797e-01 4.36088267984082401e-01
3.03196925092550096e+00 -2.30464409587752272e-04 -1.29564822522618139e-04
3.37464681754204765e+00 -2.49823997926564956e-01 -4.33245497958144266e-01
3.52519023923381791e+00 -9.99999999999999889e-01 2.15855647143159377e-16
3.43502257249589249e+00 -6.49933678481085852e-01 -1.32465637063593711e-01
3.38018954111745540e+00 -3.88106801124826539e-01 2.97244613268479063e-01
3.32694277308704978e+00 -4.88828755397533565e-01 8.72379761283180177e-01
3.52519023923382147e+00 0.00000000000000000e+00 1.00000000000000022e+00
3.71471771109203353e+00 4.88960189098609332e-01 8.72306100790687378e-01
3.52519023923381791e+00 9.99999999999999889e-01 2.15855647143159377e-16
3.52519023923381791e+00 0.00000000000000000e+00 -9.99999999999999778e-01
3.71732438415859390e+00 -4.99417531443542118e-01 -8.66361431093765955e-01
3.72161056698636505e+00 -8.72282685594786278e-01 4.89001959517083695e-01
3.72336036200514275e+00 5.00022757669280615e-01 1.27486752232005681e-05
3.91460206855889226e+00 8.71736225760136096e-01 4.89975461321762062e-01
3.82056033324338173e+00 4.94399736754601471e-01 -4.36198085191615292e-01
3.71732438415859390e+00 8.66361431093765844e-01 -4.99417531443542950e-01
3.91776030448162160e+00 4.88776715839922216e-01 -8.72408919058453747e-01
3.91776030448162160e+00 -8.72408919058453858e-01 -4.88776715839921938e-01
3.96595743399764800e+00 -1.27524577290737656e-01 -6.51288542020047490e-01
3.81898121528201795e+00 4.35879491714708467e-01 4.94994104998492668e-01
3.72336036200514409e+00 2.27576692806916170e-05 5.00012748675223273e-01
3.89575508348588073e+00 7.21640584107546054e-03 2.04844015699268828e-03
4.13725761040180195e+00 -4.67494704628035218e-01 -2.60901984667896825e-01
4.11511414354029004e+00 -1.00000000000000000e+00 2.51978068200630912e-16
4.03335937744805673e+00 -4.12420371210239500e-01 3.58514046375975393e-01
3.92530066507131181e+00 -4.88685685162799477e-01 8.72459913759346062e-01
4.11511414354029625e+00 0.00000000000000000e+00 1.00000000000000022e+00
4.30380571684776569e+00 4.88832866637612051e-01 8.72377457580636451e-01
4.11511414354029004e+00 1.00000000000000000e+00 2.51978068200630912e-16
4.11511414354029004e+00 0.00000000000000000e+00 -9.99999999999999778e-01
4.30123154591903578e+00 -4.96317200689913363e-01 -8.68141253655951961e-01
4.30690010419959801e+00 -8.72406404040914740e-01 4.88781204823180992e-01
4.33463857149384246e+00 6.25927351085980854e-01 1.77088155549534665e-01
4.21459048383670254e+00 2.44368376862066805e-01 -4.36215652946328802e-01
4.50381866894242755e+00 8.72179984245559869e-01 4.89185113307237851e-01
4.30123154591903756e+00 8.68141253655951961e-01 -4.96317200689913196e-01
4.50765048289693837e+00 4.88691238385572213e-01 -8.72456803243103818e-01
4.50765048289693659e+00 -8.72456803243103929e-01 -4.88691238385571436e-01
4.70503804784676305e+00 -1.00000000000000000e+00 2.88100489258102398e-16
4.66463373893535937e+00 -2.77974579376517927e-01 -3.69283196996312790e-01
4.55416299944739489e+00 2.51854702171961764e-01 3.54176311099069108e-01
4.58684457629183395e+00 -3.97741848335395887e-01 1.90928063981570972e-01
4.50756181317727034e+00 -4.88785854196830682e-01 8.72403799130354041e-01
4.70503804784677016e+00 0.00000000000000000e+00 1.00000000000000022e+00
4.89403009120135124e+00 4.88991100438407544e-01 8.72288773109017979e-01
4.70503804784676305e+00 1.00000000000000000e+00 2.88100489258102398e-16
4.70503804784676305e+00 0.00000000000000000e+00 -9.99999999999999667e-01
4.89559422872325456e+00 -4.89562434092683629e-01 -8.71968246626702914e-01
4.90142435959739675e+00 -8.72268973098963452e-01 4.89026419090911657e-01
4.70145284672745500e+00 4.34073921566490606e-01 -2.48156754865534152e-01
4.89783148993731210e+00 6.52984025299802040e-01 1.20768833985695281e-01
4.89982633405746970e+00 1.20270248324796325e-01 -6.53261514102351226e-01
5.09421013314716831e+00 8.71894129033113363e-01 4.89694422836924714e-01
4.89559422872325278e+00 8.71968246626703358e-01 -4.89562434092682408e-01
5.09819982138748529e+00 4.88695802256034706e-01 -8.72454246856148807e-01
5.05503608869660503e+00 -6.69056133985991397e-01 1.82306829498203038e-02
5.09819982138748706e+00 -8.72454246856150140e-01 -4.88695802256032541e-01
5.29496195215323695e+00 -9.99999999999999889e-01 3.24222910315574131e-16
5.22851109173814521e+00 -3.40913476253462466e-01 -4.11401460492002102e-01
5.10167414753587245e+00 6.58947702916745648e-06 3.69095884493464421e-06
5.18850065114477488e+00 -3.18229298617513867e-01 1.65601789477262840e-01
4.90335609769132130e+00 3.29473851458372824e-06 5.00001845479422613e-01
5.10514847368426139e+00 -4.88682623301976371e-01 8.72461628773838593e-01
5.29496195215324672e+00 0.00000000000000000e+00 1.00000000000000022e+00
5.48740295909274867e+00 4.88819765316354238e-01 8.72384798719042842e-01
5.39321391776715231e+00 4.35810060830506774e-01 2.45098688846365320e-01
5.29496195215323695e+00 9.99999999999999889e-01 3.24222910315574131e-16
5.29496195215323695e+00 0.00000000000000000e+00 -9.99999999999999556e-01
5.48457091804862884e+00 -4.89352029384691578e-01 -8.72086343968923594e-01
5.48519268647017366e+00 -8.72452166742402446e-01 4.88699515803410145e-01
5.68644891252903939e+00 -4.88878136247461181e-01 8.72352089410697418e-01
5.39442396120715983e+00 2.44372686445976262e-01 -4.36213239537733888e-01
5.68475368799843217e+00 8.71613532183984296e-01 4.90193686733885636e-01
5.48457091804861552e+00 8.72086343968928479e-01 -4.89352029384683140e-01
5.68717377487844544e+00 4.88738783414923328e-01 -8.72430170034312780e-01
5.44790470700343832e+00 -6.09477000205444153e-01 -7.15707065202525750e-02
5.68717377487845610e+00 -8.72430170034319552e-01 -4.88738783414911782e-01
5.88488585645970996e+00 -1.00000000000000000e+00 3.60345331373045716e-16
5.72051619258679445e+00 -1.82550455837564157e-01 -2.97106842012336392e-01
5.66779772598309073e+00 -3.11683133214740948e-01 4.31692057405923868e-01
5.88055444199388866e+00 4.35981639243945340e-01 -2.44566254334903976e-01
5.88488585645972151e+00 0.00000000000000000e+00 1.00000000000000044e+00
5.88197046251595523e+00 2.44348349917658192e-01 4.36302159716958959e-01
6.07626762644818985e+00 4.88770252618496936e-01 8.72412540118063573e-01
6.07577011479191853e+00 6.54068839322323958e-01 1.22330774183677368e-01
5.88488585645970996e+00 1.00000000000000000e+00 3.60345331373045716e-16
5.88488585645970996e+00 0.00000000000000000e+00 -9.99999999999999556e-01
6.07902982396286351e+00 -4.89221021627836095e-01 -8.72159843146550262e-01
6.07956441613993093e+00 -1.22341111658689189e-01 6.54284401917632596e-01
6.07679241802176406e+00 -8.72243982319438338e-01 4.89070992093711798e-01
6.27715836976390751e+00 -4.89030573235036514e-01 8.72266644118306345e-01
6.03297712636222805e+00 1.35282247938687206e-01 -6.19527344618828302e-01
6.27098578758994929e+00 8.72156039400702743e-01 4.89227802702258741e-01
6.07902982396280933e+00 8.72159843146568359e-01 -4.89221021627804398e-01
6.28209014428828372e+00 4.88788761272561489e-01 -8.72402170362748586e-01
6.10509914859927072e+00 -5.23744980716812969e-01 -3.18250400256738777e-03
6.28209014428837431e+00 -8.72402170362778451e-01 -4.88788761272508476e-01
6.47480976076618386e+00 -1.00000000000000000e+00 3.96467752430517301e-16
6.66662152318538670e+00 -8.72215785411661004e-01 4.89121277066046189e-01
6.47297937312897975e+00 4.35991127860072880e-01 -2.44549343669257097e-01
6.47297937312908278e+00 -2.44720636767274707e-01 -4.35942900243119769e-01
6.27653796593916180e+00 -1.23065481037881730e-04 2.19520714875111322e-04
6.47480976076619630e+00 0.00000000000000000e+00 1.00000000000000044e+00
6.66163967793444201e+00 4.88921487471085658e-01 8.72327793371884930e-01
6.56929934099473289e+00 4.35645328959442024e-01 2.45384159077669306e-01
6.47480976076618386e+00 1.00000000000000000e+00 3.96467752430517301e-16
6.47480976076618386e+00 0.00000000000000000e+00 -9.99999999999999445e-01
6.66942078031900376e+00 -4.89318208053511505e-01 -8.72105321201114614e-01
6.86529954146831134e+00 -8.72328005510285998e-01 -4.88921108976127394e-01
6.57113658209041329e+00 -2.44592754168245441e-01 4.36234148287147960e-01
6.86573519824166478e+00 -4.89062442855452917e-01 8.72248775859420844e-01
7.06473366507267109e+00 0.00000000000000000e+00 1.00000000000000044e+00
7.06473366507265510e+00 -9.99999999999999889e-01 4.32590173487988787e-16
7.25745378567223209e+00 -8.72279679253588847e-01 4.89007322195952776e-01
6.66913945729322322e+00 1.22100236104516882e-01 -6.54135452876652090e-01
7.25145507861510197e+00 4.89390876635152572e-01 8.72064544552912047e-01
6.86206071605030399e+00 8.71413723399921847e-01 4.90548797440463480e-01
6.66942078031879682e+00 8.72105321201183559e-01 -4.89318208053389325e-01
6.86529954145736099e+00 4.88921108976308416e-01 -8.72328005510184412e-01
6.86526440481233546e+00 -4.62684980053673367e-01 -3.13821737604455753e-01
7.06110802930566717e+00 -4.36051752053835118e-01 2.44461845992203164e-01
7.25976813209198379e+00 -6.52681886819088675e-01 -1.24900929022686027e-01
6.96195832406877813e+00 3.66718996681923370e-01 -2.18131450682530925e-01
7.05861710668019526e+00 2.44516884387538241e-01 4.36065104145122562e-01
7.06473366507265510e+00 9.99999999999999889e-01 4.32590173487988787e-16
7.06473366507265510e+00 0.00000000000000000e+00 -9.99999999999999445e-01
7.25953034260924301e+00 -4.89340911104889198e-01 -8.72092582653376303e-01
7.45842823487830042e+00 -8.69312021584342287e-01 -4.94263704037575191e-01
7.25718734455168768e+00 -1.22264559814663845e-01 6.54161548458703890e-01
7.45575758242318098e+00 -4.89046004016865932e-01 8.72257992772285440e-01
8.03520594596297855e+00 -4.86536163175515013e-01 8.73660438570071363e-01
7.65465756937914588e+00 0.00000000000000000e+00 1.00000000000000044e+00
7.64612038468445121e+00 -4.36425901320436960e-01 2.43793452181262083e-01
7.65465756937912545e+00 -9.99999999999999889e-01 4.68712594545460322e-16
7.83664623394295656e+00 -8.72964083944864688e-01 4.87784489444163971e-01
7.26016410024930092e+00 5.61406519954121830e-05 -5.00098792540819681e-01
7.74569860986845171e+00 -4.34481336937735385e-01 -4.97231479656931596e-01
7.84485453562174406e+00 4.90835805985480211e-01 8.71252094151047207e-01
7.65022453552384629e+00 2.45474043644735546e-01 4.35527254534703756e-01
7.45276083597359396e+00 8.69536584192323936e-01 4.93868533874295357e-01
7.25953034260836993e+00 8.72092582653664850e-01 -4.89340911104375553e-01
7.65465756937912545e+00 9.99999999999999889e-01 4.68712594545460322e-16
8.03536450582596729e+00 8.73975656264616152e-01 4.85969703023587773e-01
8.41767854722545827e+00 -8.68427289952129478e-01 4.95816540734978495e-01
8.64250540156451308e+00 -5.06377196025336151e-01 8.62312086976356085e-01
7.45842823488696904e+00 4.94263704045921626e-01 -8.69312021579596417e-01
7.45559453542594675e+00 1.12281303990824366e-04 -1.97585081639896354e-04
7.64830467077669862e+00 4.38951335129603049e-01 -2.39621251330101454e-01
7.65465756937912545e+00 0.00000000000000000e+00 -9.99999999999999334e-01
7.84101480612240476e+00 -4.79044917598206221e-01 -8.77790388944494349e-01
8.04043044405628393e+00 -8.74047537701479471e-01 -4.85840407786322703e-01
8.03296898485861455e+00 3.49347708871565465e-04 4.99800744723711887e-01
8.22532376604203641e+00 -4.34038971121628925e-01 4.97808642729345219e-01
8.24458147368562244e+00 0.00000000000000000e+00 1.00000000000000067e+00
8.83450246460443367e+00 0.00000000000000000e+00 1.00000000000000067e+00
8.42056633022331269e+00 4.96140058256359429e-01 8.68242502180915698e-01
9.61689116636504515e+00 3.56829478270090983e-01 9.34169536774506648e-01
1.00000000000000000e+01 0.00000000000000000e+00 1.00000000000000067e+00
8.03296898485860389e+00 -4.99650652291128428e-01 -1.99255276288107426e-04
8.24458147368560113e+00 -1.00000000000000000e+00 5.04835015602931957e-16
8.03296898485860389e+00 3.49347708871565465e-04 -5.00199255276288057e-01
8.21748172765572704e+00 -4.97196659856000811e-01 -4.34619389281178603e-01
9.41824218887635745e+00 0.00000000000000000e+00 1.00000000000000067e+00
9.08143209828758557e+00 -8.90253712119230434e-01 4.55464958100983752e-01
9.18708355614281302e+00 -4.16298123824085764e-01 9.09228173837869469e-01
8.83450246460439992e+00 -1.00000000000000000e+00 5.40957258266859199e-16
9.62142597756458251e+00 -3.70321829627746346e-01 9.28903516249755312e-01
9.56563435793191985e+00 -6.95023438996434595e-01 7.18987078636028176e-01
9.99999999999999822e+00 -5.12816804279001892e-01 8.58495918129430713e-01
9.61682545269796663e+00 -9.34187073182962679e-01 3.56783565061299379e-01
1.00000000000000000e+01 -8.58497031944657651e-01 5.12814939659969715e-01
9.99999999999999822e+00 -1.20647623288358763e-01 6.33431816609649756e-01
1.00000000000000000e+01 1.69736499659268181e-01 6.24423220933298939e-01
8.22676765754095918e+00 4.98244702982615473e-01 4.34021623452313765e-01
8.03296898485860389e+00 5.00349347708871517e-01 -1.99255276288107426e-04
7.84101480612745050e+00 8.77790388955215106e-01 -4.79044917578562990e-01
8.24458147368560113e+00 1.00000000000000000e+00 5.04835015602931957e-16
8.64415704117224415e+00 8.62006350862514092e-01 5.06897475898916428e-01
8.77798203474702632e+00 -4.60065594226249430e-01 3.42125990897694354e-01
9.00009341066949453e+00 -7.37472049934706775e-02 7.06358501476845202e-01
8.04043044404741813e+00 4.85840407789630446e-01 -8.74047537699640720e-01
8.41128040033808233e+00 6.98695417743130931e-04 -3.98510552576683552e-04
8.21748172764127638e+00 4.34694435500012188e-01 -4.97470961344115892e-01
8.24458147368560113e+00 0.00000000000000000e+00 -9.99999999999999556e-01
8.40199447045285019e+00 -4.94742667420873139e-01 -8.69039523286069038e-01
8.62127713569004150e+00 -8.68975354272254696e-01 -4.94855366412660702e-01
9.41824218887631481e+00 -1.00000000000000000e+00 5.76701007510097025e-16
1.00000000000000000e+01 -1.00000000000000000e+00 6.12323399573676628e-16
9.62300019296270115e+00 -9.28329761928018860e-01 -3.71757788242112586e-01
8.81310326519617782e+00 2.68803713837144409e-01 5.03488829115820824e-01
9.72863435742728555e+00 3.65148480364231864e-02 5.94135489082292634e-01
9.40314078995357150e+00 2.09526726924835094e-01 5.82593889460299774e-01
9.08176853385714544e+00 4.57650482490760069e-01 8.89132181329624016e-01
9.18743810851848508e+00 9.09280088347845017e-01 4.16184719726872543e-01
1.00000000000000000e+01 4.27761636760033870e-01 4.94510793031786355e-01
9.56588576839368088e+00 7.19129990378411188e-01 6.94875569392353065e-01
9.99999999999999822e+00 5.12814939784700274e-01 8.58497031870150917e-01
8.91345866792954133e+00 -4.13753992427162709e-01 -1.78060105180967376e-01
8.65772656920564820e+00 -1.13290649682430133e-01 -6.17079811158349312e-01
9.19169551422379350e+00 -9.07935173228670567e-01 -4.19110631235027897e-01
9.46131803269737581e+00 -4.24132151787486034e-01 2.58934762283896891e-01
1.00000000000000000e+01 -3.60902341369762625e-01 3.67753735777644919e-01
1.00000000000000000e+01 -6.31225194588979632e-01 -1.95525134615505386e-01
1.00000000000000000e+01 -6.14028747557436083e-01 1.22980956940012751e-01
1.00000000000000000e+01 8.22360434181156341e-02 2.77868822654028680e-01
8.62289143247124024e+00 5.00349347708871628e-01 -1.99255276288071322e-04
8.40199447042394887e+00 8.69039523291152749e-01 -4.94742667411943726e-01
8.83450246460439992e+00 1.00000000000000000e+00 5.40957258266859199e-16
9.27297100081014669e+00 7.88294677344231892e-02 1.03498958955463308e-01
8.62127713574785126e+00 4.94855366694096410e-01 -8.68975354111985232e-01
8.91345866795844621e+00 2.68161368056012928e-01 -3.65120099030629641e-01
8.83450246460439992e+00 0.00000000000000000e+00 -9.99999999999999223e-01
9.08401202029866006e+00 -4.52243333369262535e-01 -8.91894594345686742e-01
9.71088506470379187e+00 -5.84191293391940536e-01 -3.94944313149977133e-01
9.56766855827949136e+00 -7.10177432338246262e-01 -7.04022737273061971e-01
9.99999999999999822e+00 -8.58495917428484967e-01 -5.12816805452438684e-01
1.00000000000000000e+01 -5.08252785339834423e-01 -4.45391426505895138e-01
9.46810583440124098e+00 4.78794522208414175e-01 2.57923055988513450e-01
9.24868397212656568e+00 6.88521184576579848e-01 -9.88101915314740092e-02
9.41824218887631481e+00 1.00000000000000000e+00 5.76701007510097025e-16
1.00000000000000000e+01 5.39360949283965163e-01 1.79978085434143287e-01
9.62107164726233322e+00 9.28828180147629912e-01 3.70510744464506214e-01
9.99999999999999822e+00 8.58495917987134871e-01 5.12816804517215785e-01
9.40674759389568038e+00 -1.64527297754804430e-01 -4.45774364807211498e-01
9.99999999999999822e+00 -2.21553408149553821e-01 -1.36704317895797733e-01
1.00000000000000000e+01 2.54305939215219379e-01 -1.13036061605242322e-01
9.08401202053744328e+00 8.91894594370379989e-01 -4.52243333320564045e-01
9.45672933397922399e+00 3.65638799952874571e-01 -3.83730837856711748e-01
9.19169551416110586e+00 4.19110631267298861e-01 -9.07935173213773816e-01
9.41824218887631481e+00 0.00000000000000000e+00 -9.99999999999999445e-01
9.99999999999999822e+00 -2.45175245278260290e-01 -5.74339397891932890e-01
9.61990155384892631e+00 -3.48782049170935304e-01 -9.37203863722361086e-01
1.00000000000000000e+01 -5.12814943329482409e-01 -8.58497029752707808e-01
1.00000000000000000e+01 6.17285197160056143e-01 -1.71118845279232712e-01
9.61990155378460621e+00 9.37203863767654077e-01 -3.48782049049231047e-01
1.00000000000000000e+01 1.00000000000000000e+00 6.12323399573676628e-16
1.00000000000000000e+01 1.14964291514596417e-01 -5.19427637527996255e-01
1.00000000000000000e+01 4.63116231849736160e-01 -4.02341576682793967e-01
9.56766855825545015e+00 7.04022737382660524e-01 -7.10177432229597394e-01
9.62300019303870258e+00 3.71757788182424997e-01 -9.28329761951921073e-01
1.00000000000000000e+01 0.00000000000000000e+00 -9.99999999999999334e-01
1.00000000000000000e+01 8.58497030008013029e-01 -5.12814942902080073e-01
1.00000000000000000e+01 5.12816805319072255e-01 -8.58495917508150352e-01


        </DataArray>

      </Points>

      <Cells>

        <DataArray type="Int32" Name="connectivity" format="ascii">

2 12 13 0 5 4 6 16 5 14 4 16 15 19 9 20 18 19 20 9 24 1 0 17 24 1 3 0 24 2 13 0 24 3 2 0 24 17 0 13 24 1 25 3 14 1 25 27 24 25 1 27 24 27 1 17 28 2 12 13 28 12 2 21 24 28 13 2 24 2 3 31 24 25 31 3 28 21 2 31 28 30 21 31 24 28 2 31 23 34 11 33 11 34 30 33 35 15 20 19 7 26 19 35 15 7 19 35 6 26 7 35 19 29 35 26 36 25 4 26 4 6 16 36 14 4 16 36 36 4 6 26 36 25 14 4 36 26 6 35 8 5 6 37 5 6 37 16 36 6 37 35 6 37 16 36 15 8 7 38 8 6 38 37 8 6 7 38 15 38 7 35 6 38 37 35 6 7 38 35 18 39 10 9 18 20 39 9 40 32 10 23 32 18 40 10 18 39 40 10 24 17 13 41 24 13 28 41 24 27 17 41 21 42 12 22 28 21 42 12 22 11 30 43 11 30 43 33 28 12 44 13 28 13 44 41 28 44 12 42 44 13 45 41 17 45 13 41 27 25 14 46 36 14 46 16 25 14 46 36 47 35 15 20 15 47 38 35 36 37 16 48 36 46 48 16 17 49 45 41 27 49 17 41 50 18 19 20 50 18 39 40 50 18 20 39 50 19 18 29 50 19 35 20 50 18 32 29 50 19 29 35 50 32 18 40 50 39 20 52 47 35 20 52 50 20 35 52 47 20 51 52 39 51 20 52 21 53 42 22 30 43 33 53 22 43 30 53 28 21 30 53 28 44 42 53 21 30 53 22 28 21 53 42 22 42 43 53 28 44 53 41 23 54 34 33 40 54 32 23 50 40 54 32 54 34 32 23 43 55 33 53 24 25 27 56 31 29 26 56 49 56 27 46 27 56 49 41 31 25 56 26 36 25 26 56 24 31 56 28 36 56 26 35 56 25 46 36 50 29 56 35 28 53 56 41 24 31 25 56 27 56 25 46 24 56 27 41 24 28 56 41 29 56 35 26 28 57 56 53 28 30 57 53 32 29 57 50 31 30 29 57 54 33 55 57 28 30 31 57 30 34 29 57 54 34 33 57 32 57 54 50 29 56 57 50 34 30 33 57 30 33 57 53 55 57 33 53 28 31 56 57 31 29 56 57 34 32 57 54 34 32 29 57 47 58 35 52 50 35 58 52 50 56 58 35 47 51 58 52 50 56 57 58 36 48 46 59 56 46 59 36 56 59 58 35 36 59 56 35 49 56 46 59 36 60 37 48 47 60 38 35 36 37 60 35 36 48 59 60 47 58 60 35 60 58 59 35 60 37 38 35 36 60 59 35 61 51 39 52 50 54 40 61 50 61 40 39 50 61 39 52 62 44 45 41 62 49 59 56 62 45 49 41 62 49 56 41 57 63 56 53 44 63 53 41 56 53 63 41 62 56 63 41 62 63 44 41 44 64 42 53 42 64 43 53 44 63 64 53 43 64 55 53 44 65 64 63 62 65 44 63 62 44 65 45 62 45 65 66 62 66 49 45 46 49 59 67 48 46 59 67 68 47 51 58 68 60 47 58 51 69 68 58 48 67 59 70 48 59 60 70 49 59 67 71 62 59 49 71 62 49 66 71 72 49 67 71 66 49 72 71 50 58 73 52 50 73 61 52 50 54 61 73 50 58 57 73 51 73 58 52 54 57 55 73 61 73 51 52 61 69 51 73 69 58 51 73 50 57 54 73 64 63 74 53 57 74 63 53 55 74 57 53 64 63 65 74 57 55 73 74 64 74 55 53 75 54 55 73 75 73 55 74 75 61 54 73 75 55 76 74 55 64 76 74 57 77 63 74 57 58 77 73 62 56 77 63 56 57 77 63 77 58 56 59 57 73 77 74 77 57 56 58 62 56 59 77 62 77 59 71 67 59 78 71 70 78 67 59 78 59 77 71 77 58 79 73 79 58 69 73 69 79 68 58 60 58 68 80 68 58 79 80 78 59 70 80 77 78 79 80 77 79 58 80 60 59 58 80 78 77 59 80 58 59 77 80 70 59 60 80 81 78 70 80 81 60 68 80 81 70 60 80 82 69 61 73 82 61 75 73 82 79 69 73 84 63 77 74 84 78 77 71 65 63 84 74 66 72 84 71 62 84 65 63 62 77 84 63 62 66 65 84 62 66 84 71 62 84 77 71 85 64 65 74 65 84 85 74 76 64 85 74 65 66 86 84 65 86 85 84 66 72 87 84 66 87 86 84 88 72 67 71 88 67 78 71 88 67 70 78 68 79 89 80 68 69 89 79 68 89 81 80 82 90 69 79 69 90 89 79 70 91 88 78 81 91 70 78 84 72 93 71 88 93 72 71 88 78 91 93 88 78 93 71 84 93 78 71 94 84 72 93 94 72 88 93 87 72 94 84 85 84 95 74 76 85 95 74 75 83 82 95 75 76 83 95 75 76 95 74 77 79 95 73 95 84 77 74 75 95 82 73 95 79 82 73 75 95 73 74 95 77 73 74 86 85 84 96 77 84 95 96 95 84 85 96 77 78 84 96 78 93 84 96 83 76 97 95 76 85 97 95 98 82 79 90 98 81 89 80 98 81 78 91 98 93 78 96 98 78 77 96 98 95 96 77 98 95 77 79 98 79 77 78 98 91 78 93 98 82 95 79 98 89 90 79 98 92 89 81 98 89 79 80 98 81 91 92 98 78 81 80 98 79 78 80 98 100 95 82 100 97 95 83 98 100 82 90 100 99 83 82 100 82 90 99 100 82 83 95 100 101 83 99 100 101 97 83 87 84 102 86 87 94 102 84 84 102 86 96 98 102 93 96 94 102 84 93 84 93 102 96 103 95 85 96 103 85 86 96 97 103 95 85 86 104 103 96 102 104 86 96 87 102 104 86 87 94 105 102 104 87 105 102 106 88 91 93 106 94 88 93 98 100 90 107 98 89 92 107 98 89 107 90 100 99 90 108 100 90 107 108 98 92 91 111 98 107 92 111 98 91 93 111 92 110 91 111 91 110 106 111 91 106 93 111 112 110 92 111 112 92 107 111 105 94 113 102 98 102 114 93 94 114 113 102 113 94 106 114 94 114 102 93 94 106 114 93 114 93 106 111 110 114 106 111 98 93 114 111 98 100 115 95 115 97 103 95 115 95 103 96 115 97 101 109 98 115 114 102 115 104 102 96 98 115 96 95 115 97 109 103 98 115 102 96 115 103 104 96 100 115 95 97 100 115 97 101 98 116 107 111 98 100 116 115 98 114 115 116 98 100 107 116 98 114 116 111 100 108 107 116 112 107 116 111 100 117 101 99 100 117 99 108 100 117 108 116 118 101 109 119 115 109 101 119 118 117 101 119 100 117 119 101 100 117 116 119 100 115 101 119 100 115 119 116 115 120 114 102 104 105 120 102 114 120 113 102 105 113 120 102 115 102 104 120 115 120 121 119 115 109 121 103 115 121 104 103 115 104 121 120 115 109 119 121 104 105 122 120 104 122 121 120 122 105 123 120 105 113 123 120 124 113 106 114 124 106 110 114 107 125 112 116 107 108 125 116 117 126 108 116 108 126 125 116 109 127 118 119 109 121 127 119 110 128 124 114 112 128 110 111 128 114 110 111 125 129 112 116 131 113 124 114 124 114 128 132 112 111 132 128 131 114 124 132 111 132 128 114 112 111 116 132 129 128 112 132 129 112 116 132 111 116 132 114 122 120 123 133 114 132 131 133 113 123 120 133 113 120 114 133 123 113 131 133 113 114 131 133 115 116 134 119 134 132 114 133 134 116 114 132 115 134 120 119 114 120 134 133 115 134 114 120 115 114 134 116 117 126 116 135 116 132 134 135 134 119 116 135 125 116 126 135 125 129 116 135 130 126 117 135 117 116 119 135 129 132 116 135 137 136 127 118 137 130 117 135 137 130 118 117 137 136 118 130 137 117 119 135 137 117 118 119 137 118 127 119 138 120 134 119 137 119 138 135 138 119 134 135 134 120 138 133 121 138 127 119 121 120 138 119 137 127 138 119 139 121 122 120 127 121 139 138 139 138 121 120 139 138 120 133 139 120 122 133 122 123 140 133 122 140 139 133 140 123 141 133 123 131 141 133 142 124 128 132 142 131 124 132 125 143 129 135 125 126 143 135 126 144 143 135 130 144 126 135 137 127 145 138 127 139 145 138 137 127 136 145 131 133 132 146 131 132 142 146 147 131 142 146 143 129 135 148 129 135 148 132 142 132 149 146 129 149 128 132 128 149 142 132 149 132 129 148 149 146 132 148 150 149 129 148 150 129 143 148 137 151 130 135 151 144 130 135 137 151 136 130 150 143 152 148 151 144 135 152 143 135 144 152 135 152 143 148 147 131 146 153 141 131 147 153 141 133 131 153 133 146 131 153 140 139 133 154 140 133 141 154 138 133 139 154 141 154 133 153 134 138 155 133 155 132 134 133 155 138 134 135 155 133 138 154 134 132 155 135 132 133 155 146 154 155 133 153 155 133 153 146 137 138 155 135 155 132 146 148 155 135 132 148 155 152 135 148 137 135 155 156 151 135 156 152 155 156 135 152 137 151 135 156 137 157 151 156 137 157 145 136 137 157 136 151 137 156 155 158 137 138 145 158 137 155 138 158 155 154 138 158 137 157 156 158 137 145 157 158 145 139 159 138 159 138 139 154 138 154 159 158 145 138 159 158 159 139 140 154 140 160 159 154 159 154 160 158 140 141 160 154 160 154 141 153 160 141 161 153 141 147 161 153 162 147 142 146 162 142 149 146 149 162 146 148 143 163 150 152 143 144 163 152 151 164 144 152 151 156 164 152 144 164 163 152 145 165 157 158 145 159 165 158 147 146 162 166 146 166 147 153 161 147 166 153 148 155 166 146 162 166 146 148 155 166 146 153 167 148 155 166 155 167 156 152 163 167 150 152 150 152 167 148 155 167 152 148 161 147 168 166 168 147 162 166 149 169 162 148 150 167 169 148 169 167 166 148 150 169 149 148 169 166 162 148 170 150 163 167 170 169 150 167 157 171 151 156 171 164 151 156 171 172 156 157 156 167 173 152 171 173 164 156 171 172 173 156 164 156 173 152 163 164 173 152 163 173 167 152 160 161 174 153 160 154 174 158 161 166 174 153 161 168 174 166 174 154 155 158 160 174 154 153 155 174 167 166 155 154 174 153 155 174 166 153 157 165 172 175 173 156 175 167 175 174 155 158 172 173 156 175 172 156 157 175 157 165 175 158 155 174 175 167 175 156 155 167 155 156 175 158 157 175 156 158 175 174 173 167 176 159 160 158 160 174 176 158 165 159 176 158 176 174 175 158 165 176 175 158 160 161 177 174 160 177 176 174 161 168 178 174 177 161 178 174 179 168 162 166 179 162 169 166 163 180 170 167 163 164 180 173 163 173 180 167 164 181 180 173 171 181 164 173 165 176 182 175 165 182 172 175 170 183 169 167 179 169 183 166 173 174 183 167 183 167 174 166 169 167 183 166 179 183 184 166 168 184 174 166 168 179 184 166 178 174 168 184 174 184 183 166 173 167 183 185 180 173 181 185 173 180 167 185 170 183 167 185 170 167 180 185 186 168 179 184 178 168 186 184 169 187 179 183 179 183 187 184 170 187 169 183 188 187 170 183 188 183 170 185 188 170 180 185 189 173 172 175 189 172 182 175 190 171 172 173 190 181 171 173 189 190 172 173 189 172 190 191 189 172 191 182 190 181 173 192 192 190 189 173 173 192 181 185 175 174 193 173 174 193 173 183 173 183 193 185 183 174 193 184 173 193 192 185 193 194 173 192 193 175 173 194 194 192 189 173 189 173 175 194 189 175 182 194 193 195 175 194 193 174 195 184 177 176 174 195 193 174 175 195 175 174 176 195 177 174 178 195 178 195 174 184 182 175 196 194 182 176 196 175 196 176 177 195 196 175 176 195 175 195 196 194 177 197 196 195 177 178 197 195 199 195 193 194 178 186 198 199 178 186 199 184 178 199 195 184 198 197 178 199 197 178 199 195 193 195 199 184 200 199 186 184 200 186 179 184 200 179 187 184 180 201 188 185 180 181 201 185 181 192 201 185 190 202 181 192 181 202 201 192 182 196 203 194 189 182 191 203 189 182 203 194 183 205 193 185 188 187 183 205 201 205 188 185 205 199 200 184 188 205 183 185 193 205 183 184 201 192 205 185 205 192 193 185 193 199 205 184 187 183 205 184 205 200 187 184 206 186 200 199 198 186 206 199 188 207 187 205 207 205 200 187 208 207 188 205 201 208 188 205 189 203 209 194 189 190 209 191 209 194 192 189 209 192 190 189 189 191 209 203 209 210 191 190 210 202 190 192 209 210 190 192 209 211 191 210 209 211 203 191 212 194 193 192 193 205 212 192 209 194 212 192 193 194 212 199 210 212 202 192 201 202 212 192 209 210 192 212 201 212 205 192 212 205 193 199 203 196 204 213 209 212 194 213 199 213 195 194 209 211 213 203 194 212 199 213 204 196 197 213 209 203 213 194 197 199 213 195 196 213 203 194 197 213 196 195 213 196 195 194 207 205 214 200 208 214 207 205 205 214 200 199 214 205 212 199 197 215 204 213 212 216 214 199 197 198 215 216 197 198 216 199 198 206 216 199 197 216 215 213 212 213 216 199 197 216 213 199 198 206 217 216 215 198 217 216 206 216 199 218 214 199 216 218 219 200 214 199 219 200 207 214 219 206 200 199 219 206 199 218 219 199 214 218 201 212 220 205 201 202 220 212 201 220 208 205 202 221 220 212 210 221 202 212 204 213 215 222 215 213 216 222 215 216 217 222 203 223 211 213 213 223 222 204 203 204 223 213 224 204 215 222 223 222 204 224 220 212 221 225 220 208 205 225 220 205 212 225 208 214 205 225 212 205 214 225 217 206 226 216 226 206 219 218 226 216 206 218 208 227 207 214 207 227 219 214 227 214 208 225 219 214 227 218 228 227 208 225 228 208 220 225 223 211 213 229 209 210 212 229 209 212 213 229 209 211 210 229 223 229 213 222 209 211 229 213 211 230 210 229 230 212 210 229 230 221 210 212 231 230 211 229 231 211 223 229 228 227 225 233 227 225 233 214 214 233 227 218 230 234 212 229 212 234 221 225 230 221 212 234 235 213 212 229 235 212 214 225 235 234 212 225 214 212 235 216 216 213 235 222 235 216 212 213 214 216 235 218 235 213 229 222 214 235 233 218 212 234 235 229 235 214 233 225 235 233 234 225 215 236 224 222 215 217 236 222 238 233 235 218 216 238 235 218 217 226 237 238 217 216 226 238 216 235 238 222 226 238 216 218 216 238 217 222 217 238 236 222 237 217 238 236 219 239 226 218 239 238 226 218 239 233 238 218 219 227 239 218 227 233 239 218 221 234 240 225 220 240 228 225 220 221 240 225 221 241 240 234 230 241 221 234 232 243 231 223 236 243 224 222 223 243 229 222 223 224 232 243 243 231 223 229 235 234 243 229 223 224 243 222 243 238 235 222 235 229 243 222 236 238 243 222 244 224 236 243 232 224 244 243 236 245 244 243 240 225 234 248 234 225 233 248 240 234 241 248 240 228 225 248 233 225 228 248 237 226 250 238 250 226 239 238 228 251 227 233 227 251 239 233 252 228 240 248 252 251 228 233 252 233 228 248 241 234 253 248 229 253 230 234 229 243 253 234 230 253 241 234 242 241 230 253 231 242 230 253 246 242 231 253 231 229 243 253 231 229 253 230 232 244 254 243 246 231 254 253 232 244 247 254 246 231 232 254 232 247 246 254 231 232 254 243 254 253 231 243 246 253 254 255 246 254 247 255 242 253 246 255 252 256 251 233 239 256 238 233 235 256 243 234 235 238 256 233 252 256 233 248 256 235 233 234 256 253 254 243 235 243 256 238 256 243 234 253 256 234 233 248 239 251 256 233 253 234 256 248 256 243 257 238 236 237 245 257 237 238 257 236 237 250 257 238 238 257 236 243 245 237 249 257 237 250 249 257 236 257 245 243 256 254 257 243 238 239 258 256 258 239 251 256 238 258 257 256 250 238 239 258 250 238 258 257 241 253 259 248 240 259 252 248 240 241 259 248 242 260 241 253 253 242 260 255 241 260 259 253 261 242 246 255 242 260 255 261 245 257 249 262 257 243 254 262 245 243 257 262 254 243 244 262 245 244 243 262 263 244 245 262 247 244 263 254 263 254 244 262 245 265 263 262 245 249 265 262 247 254 263 266 263 266 254 262 254 266 247 255 247 266 267 255 246 247 267 255 246 267 261 255 247 263 268 266 247 268 267 266 268 263 264 266 259 269 252 248 260 259 253 269 260 269 253 255 259 253 269 248 256 252 269 248 253 256 269 248 261 270 260 255 261 267 270 255 267 266 270 255 260 270 269 255 265 249 271 272 257 272 249 262 249 272 265 262 249 273 271 272 249 257 273 272 249 250 273 257 273 250 258 257 252 274 251 256 251 274 258 256 271 273 276 272 279 274 252 256 279 256 252 269 279 252 259 269 257 256 280 254 280 266 272 262 280 270 266 255 257 254 280 262 280 253 256 269 257 280 272 262 254 280 266 255 254 266 280 262 280 254 256 253 254 253 280 255 253 269 280 255 269 270 280 255 258 256 274 281 279 274 256 281 280 256 257 281 273 272 257 281 280 269 256 281 275 258 274 281 280 257 272 281 275 273 258 281 279 256 269 281 273 257 258 281 257 256 258 281 259 260 282 269 260 282 269 270 259 282 279 269 261 283 260 270 260 283 282 270 284 283 261 270 284 261 267 270 263 285 264 266 263 265 285 262 263 285 266 262 265 271 285 272 264 263 265 285 285 272 280 266 265 272 285 262 272 266 285 262 277 264 278 286 268 266 264 286 268 264 277 286 264 266 285 286 265 271 287 285 265 287 264 285 278 264 287 286 264 285 287 286 287 288 278 286 287 271 289 285 285 266 292 286 268 292 267 266 292 285 280 266 284 267 292 270 268 277 292 286 268 292 266 286 292 266 280 270 292 267 266 270 267 268 293 292 268 277 293 292 267 293 284 292 283 294 282 270 282 279 269 294 279 269 294 281 294 269 282 270 280 294 292 270 280 294 269 281 280 269 294 270 284 270 292 295 284 283 270 295 292 270 294 295 284 292 293 295 294 270 283 295 302 300 291 305 271 289 285 307 271 276 289 307 271 285 272 307 271 272 276 307 275 308 273 281 276 272 308 307 280 308 294 281 275 308 276 273 308 273 281 272 285 308 280 272 308 272 285 307 308 276 273 272 280 272 308 281 279 309 274 281 274 309 275 281 309 308 275 281 276 308 310 307 310 276 275 308 310 275 309 308 289 276 311 307 311 276 310 307 297 278 298 312 292 277 312 286 277 278 312 286 277 297 299 312 299 293 277 312 293 292 277 312 277 278 297 312 288 296 298 313 298 312 278 313 312 286 278 313 298 278 288 313 288 278 286 313 282 314 279 294 314 279 294 281 314 309 279 281 315 292 312 286 315 308 285 307 315 292 280 294 280 292 315 285 315 285 292 286 280 285 315 308 315 294 280 308 292 294 315 295 294 281 308 316 314 281 294 316 294 308 315 316 314 309 281 316 308 281 309 316 282 283 317 294 282 317 314 294 317 314 294 316 284 318 283 295 283 318 317 294 318 294 283 295 319 318 284 295 319 284 293 295 315 285 323 307 315 312 323 286 287 289 288 323 315 323 285 286 287 288 286 323 287 285 289 323 289 311 323 307 285 289 323 307 323 286 312 313 288 286 323 313 287 285 323 286 324 306 290 291 324 306 291 305 324 291 290 296 324 291 296 300 300 291 305 324 324 296 290 325 289 311 326 323 288 326 296 313 288 289 326 323 288 323 326 313 323 325 326 313 296 326 290 325 326 325 296 313 326 311 327 323 324 306 328 290 324 290 328 325 329 328 290 325 326 329 290 325 306 290 291 330 330 290 329 328 306 328 290 330 292 331 293 295 299 319 293 331 299 331 293 312 293 331 292 312 292 331 315 312 319 293 331 295 315 331 292 295 319 332 318 295 317 294 318 332 318 332 294 295 317 294 332 316 319 331 332 295 315 332 331 295 294 332 315 295 294 315 332 316 299 333 319 331 297 298 334 312 297 301 303 334 297 298 301 334 324 334 300 296 331 299 334 312 331 334 299 333 334 299 333 320 299 334 312 297 320 297 303 334 320 299 297 334 301 298 300 334 334 312 298 313 300 298 296 334 298 296 334 313 296 325 334 313 324 334 296 325 300 305 335 324 304 301 302 335 301 300 335 334 301 300 302 335 304 303 301 335 301 335 303 334 302 300 305 335 324 335 300 334 336 320 322 321 321 303 304 337 303 335 304 337 320 303 337 334 336 334 320 337 335 337 303 334 321 320 303 337 321 336 320 337 324 338 335 334 324 328 306 338 324 305 335 338 324 306 305 338 315 323 339 307 311 339 323 307 315 339 308 307 327 323 311 339 308 339 310 307 311 310 339 307 308 339 315 316 340 339 308 316 310 308 340 339 340 308 309 316 309 340 310 308 314 340 309 316 341 311 310 339 327 311 341 339 341 310 340 339 324 342 334 325 331 334 342 312 324 342 338 334 342 315 323 339 315 331 342 312 315 342 323 312 323 312 342 313 342 312 334 313 342 325 323 313 334 325 342 313 317 343 314 316 343 340 314 316 317 332 343 316 342 331 315 344 343 332 344 316 315 344 331 332 315 339 344 316 342 344 315 339 343 344 340 316 344 339 340 316 344 332 315 316 345 344 343 332 317 345 343 332 317 318 345 332 319 346 318 332 333 346 319 331 318 346 345 332 319 331 346 332 347 336 334 320 347 333 320 334 347 336 320 322 347 320 333 322 347 348 322 333 347 349 322 348 347 349 336 322 349 336 322 321 347 336 349 350 324 328 351 325 329 351 328 325 342 351 323 325 326 323 351 325 324 328 338 351 326 323 327 351 326 327 329 351 327 323 339 351 342 339 323 351 324 338 342 351 326 351 329 325 324 351 342 325 327 351 339 352 344 339 342 352 339 351 342 352 341 327 339 352 353 351 327 352 341 353 327 352 354 338 328 351 354 328 355 351 355 353 354 351 329 355 328 351 329 327 355 351 355 327 353 351 355 354 356 328 330 329 356 328 329 355 356 328 345 346 357 332 333 357 331 334 331 357 342 334 345 357 344 332 347 357 333 334 346 331 333 357 331 344 342 357 348 333 357 346 346 331 357 332 344 357 331 332 347 348 333 357 347 358 357 334 338 358 335 334 342 357 358 334 347 336 350 358 347 336 358 334 335 358 337 334 338 342 358 334 336 358 334 337 338 359 358 342 358 342 359 357 359 342 338 351 354 359 338 351 360 341 339 352 340 344 360 339 360 339 344 352 343 360 340 344 340 360 341 339 341 360 353 352 344 361 360 352 342 361 344 352 359 357 342 361 359 361 342 351 342 357 344 361 342 351 361 352 362 343 345 344 362 360 343 344 360 344 362 361 361 344 363 357 362 361 344 363 362 344 345 363 345 346 363 357 344 345 363 357 347 364 357 358 347 350 364 358 347 364 365 357 347 348 357 365 365 363 346 357 348 357 365 346 365 363 357 364 347 366 364 350 347 364 366 365 347 365 366 348 347 366 350 349 347 348 366 349 367 361 359 351 367 359 354 351 353 367 354 351 353 367 351 352 361 351 367 352 368 353 360 352 361 368 360 352 353 368 367 352 368 361 367 352 369 353 368 367 369 356 355 354 355 353 369 354 353 369 354 367 358 359 370 357 357 370 363 361 363 357 364 370 370 364 358 357 370 357 359 361 371 359 367 361 370 359 371 361 371 367 368 361 372 360 362 361 372 361 368 360 368 372 371 361 370 371 373 361 372 373 371 361 370 363 361 373 372 362 373 361 373 362 363 361 366 374 365 364 365 374 363 364 374 363 364 370 363 374 373 370 369 368 375 367 368 372 375 371 368 371 375 367 376 373 374 370 376 373 370 371 376 375 372 371 376 372 373 371 

        </DataArray>

        <DataArray type="Int32" Name="offsets" format="ascii">

4 8 12 16 20 24 28 32 36 40 44 48 52 56 60 64 68 72 76 80 84 88 92 96 100 104 108 112 116 120 124 128 132 136 140 144 148 152 156 160 164 168 172 176 180 184 188 192 196 200 204 208 212 216 220 224 228 232 236 240 244 248 252 256 260 264 268 272 276 280 284 288 292 296 300 304 308 312 316 320 324 328 332 336 340 344 348 352 356 360 364 368 372 376 380 384 388 392 396 400 404 408 412 416 420 424 428 432 436 440 444 448 452 456 460 464 468 472 476 480 484 488 492 496 500 504 508 512 516 520 524 528 532 536 540 544 548 552 556 560 564 568 572 576 580 584 588 592 596 600 604 608 612 616 620 624 628 632 636 640 644 648 652 656 660 664 668 672 676 680 684 688 692 696 700 704 708 712 716 720 724 728 732 736 740 744 748 752 756 760 764 768 772 776 780 784 788 792 796 800 804 808 812 816 820 824 828 832 836 840 844 848 852 856 860 864 868 872 876 880 884 888 892 896 900 904 908 912 916 920 924 928 932 936 940 944 948 952 956 960 964 968 972 976 980 984 988 992 996 1000 1004 1008 1012 1016 1020 1024 1028 1032 1036 1040 1044 1048 1052 1056 1060 1064 1068 1072 1076 1080 1084 1088 1092 1096 1100 1104 1108 1112 1116 1120 1124 1128 1132 1136 1140 1144 1148 1152 1156 1160 1164 1168 1172 1176 1180 1184 1188 1192 1196 1200 1204 1208 1212 1216 1220 1224 1228 1232 1236 1240 1244 1248 1252 1256 1260 1264 1268 1272 1276 1280 1284 1288 1292 1296 1300 1304 1308 1312 1316 1320 1324 1328 1332 1336 1340 1344 1348 1352 1356 1360 1364 1368 1372 1376 1380 1384 1388 1392 1396 1400 1404 1408 1412 1416 1420 1424 1428 1432 1436 1440 1444 1448 1452 1456 1460 1464 1468 1472 1476 1480 1484 1488 1492 1496 1500 1504 1508 1512 1516 1520 1524 1528 1532 1536 1540 1544 1548 1552 1556 1560 1564 1568 1572 1576 1580 1584 1588 1592 1596 1600 1604 1608 1612 1616 1620 1624 1628 1632 1636 1640 1644 1648 1652 1656 1660 1664 1668 1672 1676 1680 1684 1688 1692 1696 1700 1704 1708 1712 1716 1720 1724 1728 1732 1736 1740 1744 1748 1752 1756 1760 1764 1768 1772 1776 1780 1784 1788 1792 1796 1800 1804 1808 1812 1816 1820 1824 1828 1832 1836 1840 1844 1848 1852 1856 1860 1864 1868 1872 1876 1880 1884 1888 1892 1896 1900 1904 1908 1912 1916 1920 1924 1928 1932 1936 1940 1944 1948 1952 1956 1960 1964 1968 1972 1976 1980 1984 1988 1992 1996 2000 2004 2008 2012 2016 2020 2024 2028 2032 2036 2040 2044 2048 2052 2056 2060 2064 2068 2072 2076 2080 2084 2088 2092 2096 2100 2104 2108 2112 2116 2120 2124 2128 2132 2136 2140 2144 2148 2152 2156 2160 2164 2168 2172 2176 2180 2184 2188 2192 2196 2200 2204 2208 2212 2216 2220 2224 2228 2232 2236 2240 2244 2248 2252 2256 2260 2264 2268 2272 2276 2280 2284 2288 2292 2296 2300 2304 2308 2312 2316 2320 2324 2328 2332 2336 2340 2344 2348 2352 2356 2360 2364 2368 2372 2376 2380 2384 2388 2392 2396 2400 2404 2408 2412 2416 2420 2424 2428 2432 2436 2440 2444 2448 2452 2456 2460 2464 2468 2472 2476 2480 2484 2488 2492 2496 2500 2504 2508 2512 2516 2520 2524 2528 2532 2536 2540 2544 2548 2552 2556 2560 2564 2568 2572 2576 2580 2584 2588 2592 2596 2600 2604 2608 2612 2616 2620 2624 2628 2632 2636 2640 2644 2648 2652 2656 2660 2664 2668 2672 2676 2680 2684 2688 2692 2696 2700 2704 2708 2712 2716 2720 2724 2728 2732 2736 2740 2744 2748 2752 2756 2760 2764 2768 2772 2776 2780 2784 2788 2792 2796 2800 2804 2808 2812 2816 2820 2824 2828 2832 2836 2840 2844 2848 2852 2856 2860 2864 2868 2872 2876 2880 2884 2888 2892 2896 2900 2904 2908 2912 2916 2920 2924 2928 2932 2936 2940 2944 2948 2952 2956 2960 2964 2968 2972 2976 2980 2984 2988 2992 2996 3000 3004 3008 3012 3016 3020 3024 3028 3032 3036 3040 3044 3048 3052 3056 3060 3064 3068 3072 3076 3080 3084 3088 3092 3096 3100 3104 3108 3112 3116 3120 3124 3128 3132 3136 3140 3144 3148 3152 3156 3160 3164 3168 3172 3176 3180 3184 3188 3192 3196 3200 3204 3208 3212 3216 3220 3224 3228 3232 3236 3240 3244 3248 3252 3256 3260 3264 3268 3272 3276 3280 3284 3288 3292 3296 3300 3304 3308 3312 3316 3320 3324 3328 3332 3336 3340 3344 3348 3352 3356 3360 3364 3368 3372 3376 3380 3384 3388 3392 3396 3400 3404 3408 3412 3416 3420 3424 3428 3432 3436 3440 3444 3448 3452 3456 3460 3464 3468 3472 3476 3480 3484 3488 3492 3496 3500 3504 3508 3512 3516 3520 3524 3528 3532 3536 3540 3544 3548 3552 3556 3560 3564 3568 3572 3576 3580 3584 3588 3592 3596 3600 3604 3608 3612 3616 3620 3624 3628 3632 3636 3640 3644 3648 3652 3656 3660 3664 3668 3672 3676 3680 3684 3688 3692 3696 3700 3704 3708 3712 3716 3720 3724 3728 3732 3736 3740 3744 3748 3752 3756 3760 3764 3768 3772 3776 3780 3784 3788 3792 3796 3800 3804 3808 3812 3816 3820 3824 3828 3832 3836 3840 3844 3848 3852 3856 3860 3864 3868 3872 3876 3880 3884 3888 3892 3896 3900 3904 3908 3912 3916 3920 3924 3928 3932 3936 3940 3944 3948 3952 3956 3960 3964 3968 3972 3976 3980 3984 3988 3992 3996 4000 4004 4008 4012 4016 4020 4024 4028 4032 4036 4040 4044 4048 4052 4056 4060 4064 4068 4072 4076 4080 4084 4088 4092 4096 4100 4104 4108 4112 4116 4120 4124 4128 4132 4136 4140 4144 4148 4152 4156 4160 4164 4168 4172 4176 4180 4184 4188 4192 4196 4200 4204 4208 4212 4216 4220 4224 4228 4232 4236 4240 4244 4248 4252 4256 4260 4264 4268 4272 4276 4280 4284 4288 4292 4296 4300 4304 4308 4312 4316 4320 4324 4328 4332 4336 4340 4344 4348 4352 4356 4360 4364 4368 4372 4376 4380 4384 4388 4392 4396 4400 4404 4408 4412 4416 4420 4424 4428 4432 4436 4440 4444 4448 4452 4456 4460 4464 4468 4472 4476 4480 4484 4488 4492 4496 4500 4504 4508 4512 4516 4520 4524 4528 4532 4536 4540 4544 4548 4552 4556 4560 4564 4568 4572 4576 4580 4584 4588 4592 4596 4600 4604 4608 4612 4616 4620 4624 4628 4632 4636 4640 4644 4648 4652 4656 4660 4664 4668 4672 4676 4680 4684 4688 4692 4696 4700 4704 4708 4712 4716 4720 4724 4728 4732 4736 4740 4744 4748 4752 4756 4760 4764 4768 4772 4776 4780 4784 4788 4792 4796 4800 4804 4808 4812 4816 4820 4824 4828 4832 4836 4840 4844 4848 4852 4856 4860 4864 4868 4872 4876 4880 4884 4888 4892 4896 4900 4904 4908 4912 4916 4920 4924 4928 4932 4936 4940 4944 4948 4952 4956 4960 4964 4968 4972 4976 4980 4984 4988 4992 4996 5000 5004 5008 5012 5016 5020 5024 5028 5032 5036 5040 5044 5048 5052 5056 5060 5064 5068 5072 5076 5080 5084 5088 5092 5096 5100 5104 5108 5112 5116 5120 5124 5128 5132 5136 5140 5144 5148 5152 5156 5160 5164 5168 5172 5176 5180 5184 5188 5192 5196 5200 5204 5208 5212 5216 5220 5224 5228 5232 5236 5240 5244 5248 5252 5256 5260 5264 5268 5272 5276 5280 5284 5288 5292 5296 5300 5304 5308 5312 5316 5320 5324 5328 

        </DataArray>

        <DataArray type="Int32" Name="types" format="ascii">

10 10 10 10 10 10 10 10 10 10 10 10 10 10 10 10 10 10 10 10 10 10 10 10 10 10 10 10 10 10 10 10 10 10 10 10 10 10 10 10 10 10 10 10 10 10 10 10 10 10 10 10 10 10 10 10 10 10 10 10 10 10 10 10 10 10 10 10 10 10 10 10 10 10 10 10 10 10 10 10 10 10 10 10 10 10 10 10 10 10 10 10 10 10 10 10 10 10 10 10 10 10 10 10 10 10 10 10 10 10 10 10 10 10 10 10 10 10 10 10 10 10 10 10 10 10 10 10 10 10 10 10 10 10 10 10 10 10 10 10 10 10 10 10 10 10 10 10 10 10 10 10 10 10 10 10 10 10 10 10 10 10 10 10 10 10 10 10 10 10 10 10 10 10 10 10 10 10 10 10 10 10 10 10 10 10 10 10 10 10 10 10 10 10 10 10 10 10 10 10 10 10 10 10 10 10 10 10 10 10 10 10 10 10 10 10 10 10 10 10 10 10 10 10 10 10 10 10 10 10 10 10 10 10 10 10 10 10 10 10 10 10 10 10 10 10 10 10 10 10 10 10 10 10 10 10 10 10 10 10 10 10 10 10 10 10 10 10 10 10 10 10 10 10 10 10 10 10 10 10 10 10 10 10 10 10 10 10 10 10 10 10 10 10 10 10 10 10 10 10 10 10 10 10 10 10 10 10 10 10 10 10 10 10 10 10 10 10 10 10 10 10 10 10 10 10 10 10 10 10 10 10 10 10 10 10 10 10 10 10 10 10 10 10 10 10 10 10 10 10 10 10 10 10 10 10 10 10 10 10 10 10 10 10 10 10 10 10 10 10 10 10 10 10 10 10 10 10 10 10 10 10 10 10 10 10 10 10 10 10 10 10 10 10 10 10 10 10 10 10 10 10 10 10 10 10 10 10 10 10 10 10 10 10 10 10 10 10 10 10 10 10 10 10 10 10 10 10 10 10 10 10 10 10 10 10 10 10 10 10 10 10 10 10 10 10 10 10 10 10 10 10 10 10 10 10 10 10 10 10 10 10 10 10 10 10 10 10 10 10 10 10 10 10 10 10 10 10 10 10 10 10 10 10 10 10 10 10 10 10 10 10 10 10 10 10 10 10 10 10 10 10 10 10 10 10 10 10 10 10 10 10 10 10 10 10 10 10 10 10 10 10 10 10 10 10 10 10 10 10 10 10 10 10 10 10 10 10 10 10 10 10 10 10 10 10 10 10 10 10 10 10 10 10 10 10 10 10 10 10 10 10 10 10 10 10 10 10 10 10 10 10 10 10 10 10 10 10 10 10 10 10 10 10 10 10 10 10 10 10 10 10 10 10 10 10 10 10 10 10 10 10 10 10 10 10 10 10 10 10 10 10 10 10 10 10 10 10 10 10 10 10 10 10 10 10 10 10 10 10 10 10 10 10 10 10 10 10 10 10 10 10 10 10 10 10 10 10 10 10 10 10 10 10 10 10 10 10 10 10 10 10 10 10 10 10 10 10 10 10 10 10 10 10 10 10 10 10 10 10 10 10 10 10 10 10 10 10 10 10 10 10 10 10 10 10 10 10 10 10 10 10 10 10 10 10 10 10 10 10 10 10 10 10 10 10 10 10 10 10 10 10 10 10 10 10 10 10 10 10 10 10 10 10 10 10 10 10 10 10 10 10 10 10 10 10 10 10 10 10 10 10 10 10 10 10 10 10 10 10 10 10 10 10 10 10 10 10 10 10 10 10 10 10 10 10 10 10 10 10 10 10 10 10 10 10 10 10 10 10 10 10 10 10 10 10 10 10 10 10 10 10 10 10 10 10 10 10 10 10 10 10 10 10 10 10 10 10 10 10 10 10 10 10 10 10 10 10 10 10 10 10 10 10 10 10 10 10 10 10 10 10 10 10 10 10 10 10 10 10 10 10 10 10 10 10 10 10 10 10 10 10 10 10 10 10 10 10 10 10 10 10 10 10 10 10 10 10 10 10 10 10 10 10 10 10 10 10 10 10 10 10 10 10 10 10 10 10 10 10 10 10 10 10 10 10 10 10 10 10 10 10 10 10 10 10 10 10 10 10 10 10 10 10 10 10 10 10 10 10 10 10 10 10 10 10 10 10 10 10 10 10 10 10 10 10 10 10 10 10 10 10 10 10 10 10 10 10 10 10 10 10 10 10 10 10 10 10 10 10 10 10 10 10 10 10 10 10 10 10 10 10 10 10 10 10 10 10 10 10 10 10 10 10 10 10 10 10 10 10 10 10 10 10 10 10 10 10 10 10 10 10 10 10 10 10 10 10 10 10 10 10 10 10 10 10 10 10 10 10 10 10 10 10 10 10 10 10 10 10 10 10 10 10 10 10 10 10 10 10 10 10 10 10 10 10 10 10 10 10 10 10 10 10 10 10 10 10 10 10 10 10 10 10 10 10 10 10 10 10 10 10 10 10 10 10 10 10 10 10 10 10 10 10 10 10 10 10 10 10 10 10 10 10 10 10 10 10 10 10 10 10 10 10 10 10 10 10 10 10 10 10 10 10 10 10 10 10 10 10 10 10 10 10 10 10 10 10 10 10 10 10 10 10 10 10 10 10 10 10 10 10 10 10 10 10 10 10 10 10 10 10 10 10 10 10 10 10 10 10 10 10 10 10 10 10 10 10 10 10 10 10 10 10 10 10 10 10 10 10 10 10 10 10 10 10 10 10 10 10 10 10 10 10 10 10 10 10 10 10 10 10 10 10 10 10 10 10 10 10 10 10 10 10 10 10 10 10 10 10 10 10 10 10 10 10 10 10 10 10 10 10 10 10 10 10 10 10 10 10 10 10 10 10 10 10 10 10 10 10 10 10 10 10 10 10 10 10 10 10 10 10 10 10 10 10 10 10 10 10 10 10 10 10 10 10 10 10 10 10 10 10 10 10 10 10 10 10 10 10 10 10 10 10 10 10 10 10 10 10 10 10 10 10 10 10 10 10 10 10 10 10 10 10 10 10 10 10 10 10 10 10 

        </DataArray>

      </Cells>

    </Piece>

  </UnstructuredGrid>

</VTKFile>

