<?xml version="1.0"?>

<VTKFile type="UnstructuredGrid" version="0.1">

  <UnstructuredGrid>

    <Piece NumberOfPoints="2826" NumberOfCells="942">

      <PointData>

        <DataArray type="Float64" Name="K" format="ascii">

9.88620207757988534e-01
9.88620207757988534e-01
9.88620207757988534e-01
9.24140266964643464e-01
9.24140266964643464e-01
9.24140266964643464e-01
9.25597458549245355e-01
9.25597458549245355e-01
9.25597458549245355e-01
9.01059526565252900e-01
9.01059526565252900e-01
9.01059526565252900e-01
1.06744011098608960e+00
1.06744011098608960e+00
1.06744011098608960e+00
9.70382492108792127e-01
9.70382492108792127e-01
9.70382492108792127e-01
9.34221647004662370e-01
9.34221647004662370e-01
9.34221647004662370e-01
9.52636370706416158e-01
9.52636370706416158e-01
9.52636370706416158e-01
9.61443400392418490e-01
9.61443400392418490e-01
9.61443400392418490e-01
1.00321526391118709e+00
1.00321526391118709e+00
1.00321526391118709e+00
1.08725600376224008e+00
1.08725600376224008e+00
1.08725600376224008e+00
9.84041492759194947e-01
9.84041492759194947e-01
9.84041492759194947e-01
1.01750767188050428e+00
1.01750767188050428e+00
1.01750767188050428e+00
9.24795589505942761e-01
9.24795589505942761e-01
9.24795589505942761e-01
1.05311070596443157e+00
1.05311070596443157e+00
1.05311070596443157e+00
9.72356570746232052e-01
9.72356570746232052e-01
9.72356570746232052e-01
9.17805765911684279e-01
9.17805765911684279e-01
9.17805765911684279e-01
9.73096043198497851e-01
9.73096043198497851e-01
9.73096043198497851e-01
9.00972729751055357e-01
9.00972729751055357e-01
9.00972729751055357e-01
1.00803077498485028e+00
1.00803077498485028e+00
1.00803077498485028e+00
1.07980859152659248e+00
1.07980859152659248e+00
1.07980859152659248e+00
1.02998527823411479e+00
1.02998527823411479e+00
1.02998527823411479e+00
1.00977975290912148e+00
1.00977975290912148e+00
1.00977975290912148e+00
1.01896051128586285e+00
1.01896051128586285e+00
1.01896051128586285e+00
9.20771407834352407e-01
9.20771407834352407e-01
9.20771407834352407e-01
9.44733113359090715e-01
9.44733113359090715e-01
9.44733113359090715e-01
9.86812660032479916e-01
9.86812660032479916e-01
9.86812660032479916e-01
1.16317886898414180e+00
1.16317886898414180e+00
1.16317886898414180e+00
9.36163623459837058e-01
9.36163623459837058e-01
9.36163623459837058e-01
1.02806208238512875e+00
1.02806208238512875e+00
1.02806208238512875e+00
1.03325915771322441e+00
1.03325915771322441e+00
1.03325915771322441e+00
8.99282041830285594e-01
8.99282041830285594e-01
8.99282041830285594e-01
9.35914459717682390e-01
9.35914459717682390e-01
9.35914459717682390e-01
9.81255057836452615e-01
9.81255057836452615e-01
9.81255057836452615e-01
1.05075726709183459e+00
1.05075726709183459e+00
1.05075726709183459e+00
1.04313779643813653e+00
1.04313779643813653e+00
1.04313779643813653e+00
9.34532730690528446e-01
9.34532730690528446e-01
9.34532730690528446e-01
9.65601799471445421e-01
9.65601799471445421e-01
9.65601799471445421e-01
1.11431664892160387e+00
1.11431664892160387e+00
1.11431664892160387e+00
1.05880063861662688e+00
1.05880063861662688e+00
1.05880063861662688e+00
1.01158227796211775e+00
1.01158227796211775e+00
1.01158227796211775e+00
9.58599343963532413e-01
9.58599343963532413e-01
9.58599343963532413e-01
9.99180535879815923e-01
9.99180535879815923e-01
9.99180535879815923e-01
9.81656422072164858e-01
9.81656422072164858e-01
9.81656422072164858e-01
9.29201203081261529e-01
9.29201203081261529e-01
9.29201203081261529e-01
1.04547328147628571e+00
1.04547328147628571e+00
1.04547328147628571e+00
1.03128639421720569e+00
1.03128639421720569e+00
1.03128639421720569e+00
1.00142917250742469e+00
1.00142917250742469e+00
1.00142917250742469e+00
9.35527677110023381e-01
9.35527677110023381e-01
9.35527677110023381e-01
1.05698225746438590e+00
1.05698225746438590e+00
1.05698225746438590e+00
9.69471593850379731e-01
9.69471593850379731e-01
9.69471593850379731e-01
1.02092251152952063e+00
1.02092251152952063e+00
1.02092251152952063e+00
1.02056685854091400e+00
1.02056685854091400e+00
1.02056685854091400e+00
9.87645837965129392e-01
9.87645837965129392e-01
9.87645837965129392e-01
1.00550456729076143e+00
1.00550456729076143e+00
1.00550456729076143e+00
1.10073030796151783e+00
1.10073030796151783e+00
1.10073030796151783e+00
1.09440239944465589e+00
1.09440239944465589e+00
1.09440239944465589e+00
9.52964207760338078e-01
9.52964207760338078e-01
9.52964207760338078e-01
9.70763528121255992e-01
9.70763528121255992e-01
9.70763528121255992e-01
8.71236185130643492e-01
8.71236185130643492e-01
8.71236185130643492e-01
1.11664993176756600e+00
1.11664993176756600e+00
1.11664993176756600e+00
1.05594446632546246e+00
1.05594446632546246e+00
1.05594446632546246e+00
1.05319965967447660e+00
1.05319965967447660e+00
1.05319965967447660e+00
1.09683976160221142e+00
1.09683976160221142e+00
1.09683976160221142e+00
9.17531975776500586e-01
9.17531975776500586e-01
9.17531975776500586e-01
9.72977468718482452e-01
9.72977468718482452e-01
9.72977468718482452e-01
1.00402143298728519e+00
1.00402143298728519e+00
1.00402143298728519e+00
1.04333295295664197e+00
1.04333295295664197e+00
1.04333295295664197e+00
9.73258181927057708e-01
9.73258181927057708e-01
9.73258181927057708e-01
1.02774819052337163e+00
1.02774819052337163e+00
1.02774819052337163e+00
8.91877003624053089e-01
8.91877003624053089e-01
8.91877003624053089e-01
9.05496484318877970e-01
9.05496484318877970e-01
9.05496484318877970e-01
1.01911040022450483e+00
1.01911040022450483e+00
1.01911040022450483e+00
1.08449129118949417e+00
1.08449129118949417e+00
1.08449129118949417e+00
1.09026484686410385e+00
1.09026484686410385e+00
1.09026484686410385e+00
9.41321250432477497e-01
9.41321250432477497e-01
9.41321250432477497e-01
9.12196319711327197e-01
9.12196319711327197e-01
9.12196319711327197e-01
1.00890447768168645e+00
1.00890447768168645e+00
1.00890447768168645e+00
1.06695792036214598e+00
1.06695792036214598e+00
1.06695792036214598e+00
1.09106620740939642e+00
1.09106620740939642e+00
1.09106620740939642e+00
9.61638750116262431e-01
9.61638750116262431e-01
9.61638750116262431e-01
9.56803733594039474e-01
9.56803733594039474e-01
9.56803733594039474e-01
1.06421567532538974e+00
1.06421567532538974e+00
1.06421567532538974e+00
1.03110482221088073e+00
1.03110482221088073e+00
1.03110482221088073e+00
1.11087120683371121e+00
1.11087120683371121e+00
1.11087120683371121e+00
9.90333025544187340e-01
9.90333025544187340e-01
9.90333025544187340e-01
8.70365718215602047e-01
8.70365718215602047e-01
8.70365718215602047e-01
9.81248427383092703e-01
9.81248427383092703e-01
9.81248427383092703e-01
9.02602050803167355e-01
9.02602050803167355e-01
9.02602050803167355e-01
1.08039681788798592e+00
1.08039681788798592e+00
1.08039681788798592e+00
1.14767648177579451e+00
1.14767648177579451e+00
1.14767648177579451e+00
1.04479931400939363e+00
1.04479931400939363e+00
1.04479931400939363e+00
1.01349236175841462e+00
1.01349236175841462e+00
1.01349236175841462e+00
9.22183938835061778e-01
9.22183938835061778e-01
9.22183938835061778e-01
1.08369972559239991e+00
1.08369972559239991e+00
1.08369972559239991e+00
1.06839433957194485e+00
1.06839433957194485e+00
1.06839433957194485e+00
1.07411188043839645e+00
1.07411188043839645e+00
1.07411188043839645e+00
9.74296476996143190e-01
9.74296476996143190e-01
9.74296476996143190e-01
9.69046674002156716e-01
9.69046674002156716e-01
9.69046674002156716e-01
1.07332984628904904e+00
1.07332984628904904e+00
1.07332984628904904e+00
9.89805771808932477e-01
9.89805771808932477e-01
9.89805771808932477e-01
1.12446558513645622e+00
1.12446558513645622e+00
1.12446558513645622e+00
9.27297972015659888e-01
9.27297972015659888e-01
9.27297972015659888e-01
9.83645045669406026e-01
9.83645045669406026e-01
9.83645045669406026e-01
9.38342409307700409e-01
9.38342409307700409e-01
9.38342409307700409e-01
9.55487303821795808e-01
9.55487303821795808e-01
9.55487303821795808e-01
9.72066449542970279e-01
9.72066449542970279e-01
9.72066449542970279e-01
9.75356792924102933e-01
9.75356792924102933e-01
9.75356792924102933e-01
1.08365194504301399e+00
1.08365194504301399e+00
1.08365194504301399e+00
1.05492462373724871e+00
1.05492462373724871e+00
1.05492462373724871e+00
1.04280055472684818e+00
1.04280055472684818e+00
1.04280055472684818e+00
9.62185860813067007e-01
9.62185860813067007e-01
9.62185860813067007e-01
9.18423644002084316e-01
9.18423644002084316e-01
9.18423644002084316e-01
9.97763498205777255e-01
9.97763498205777255e-01
9.97763498205777255e-01
1.09839808771827752e+00
1.09839808771827752e+00
1.09839808771827752e+00
9.49022055097809680e-01
9.49022055097809680e-01
9.49022055097809680e-01
1.07213642083367078e+00
1.07213642083367078e+00
1.07213642083367078e+00
1.06922399794211054e+00
1.06922399794211054e+00
1.06922399794211054e+00
1.01567179264539131e+00
1.01567179264539131e+00
1.01567179264539131e+00
9.59176102384404983e-01
9.59176102384404983e-01
9.59176102384404983e-01
8.80926061280457917e-01
8.80926061280457917e-01
8.80926061280457917e-01
9.58520301058948254e-01
9.58520301058948254e-01
9.58520301058948254e-01
9.97812518538040205e-01
9.97812518538040205e-01
9.97812518538040205e-01
9.45158209854889741e-01
9.45158209854889741e-01
9.45158209854889741e-01
1.02293912292912226e+00
1.02293912292912226e+00
1.02293912292912226e+00
1.01588897955887902e+00
1.01588897955887902e+00
1.01588897955887902e+00
9.89306730620020169e-01
9.89306730620020169e-01
9.89306730620020169e-01
9.59091347349489975e-01
9.59091347349489975e-01
9.59091347349489975e-01
9.67014490805880977e-01
9.67014490805880977e-01
9.67014490805880977e-01
1.03112773013156489e+00
1.03112773013156489e+00
1.03112773013156489e+00
1.10519723113443158e+00
1.10519723113443158e+00
1.10519723113443158e+00
9.70543697249363402e-01
9.70543697249363402e-01
9.70543697249363402e-01
1.04817817563628379e+00
1.04817817563628379e+00
1.04817817563628379e+00
9.31170286657838187e-01
9.31170286657838187e-01
9.31170286657838187e-01
8.98381165755274158e-01
8.98381165755274158e-01
8.98381165755274158e-01
1.04126396922455111e+00
1.04126396922455111e+00
1.04126396922455111e+00
1.06405414679412358e+00
1.06405414679412358e+00
1.06405414679412358e+00
9.71547542347208082e-01
9.71547542347208082e-01
9.71547542347208082e-01
1.02436587536592705e+00
1.02436587536592705e+00
1.02436587536592705e+00
9.27707784181617146e-01
9.27707784181617146e-01
9.27707784181617146e-01
9.20045307750486763e-01
9.20045307750486763e-01
9.20045307750486763e-01
1.04146571883404016e+00
1.04146571883404016e+00
1.04146571883404016e+00
1.05103919076909280e+00
1.05103919076909280e+00
1.05103919076909280e+00
1.01346311903135011e+00
1.01346311903135011e+00
1.01346311903135011e+00
8.77825732380491330e-01
8.77825732380491330e-01
8.77825732380491330e-01
9.90901797144260521e-01
9.90901797144260521e-01
9.90901797144260521e-01
1.08156819187897724e+00
1.08156819187897724e+00
1.08156819187897724e+00
1.00240702431181528e+00
1.00240702431181528e+00
1.00240702431181528e+00
1.09702196105059113e+00
1.09702196105059113e+00
1.09702196105059113e+00
1.07908727999361487e+00
1.07908727999361487e+00
1.07908727999361487e+00
1.08978646401846269e+00
1.08978646401846269e+00
1.08978646401846269e+00
9.35774435779934022e-01
9.35774435779934022e-01
9.35774435779934022e-01
1.11082502139770334e+00
1.11082502139770334e+00
1.11082502139770334e+00
9.86597322341402405e-01
9.86597322341402405e-01
9.86597322341402405e-01
9.04890088079772004e-01
9.04890088079772004e-01
9.04890088079772004e-01
9.53778882631903469e-01
9.53778882631903469e-01
9.53778882631903469e-01
9.96169509638528461e-01
9.96169509638528461e-01
9.96169509638528461e-01
9.78623374560518289e-01
9.78623374560518289e-01
9.78623374560518289e-01
9.61901450889458220e-01
9.61901450889458220e-01
9.61901450889458220e-01
9.69740540556072173e-01
9.69740540556072173e-01
9.69740540556072173e-01
1.01211049164004940e+00
1.01211049164004940e+00
1.01211049164004940e+00
1.00040192672466333e+00
1.00040192672466333e+00
1.00040192672466333e+00
1.06097385011363898e+00
1.06097385011363898e+00
1.06097385011363898e+00
1.09768452743643907e+00
1.09768452743643907e+00
1.09768452743643907e+00
9.66827842229733947e-01
9.66827842229733947e-01
9.66827842229733947e-01
1.03299098782275189e+00
1.03299098782275189e+00
1.03299098782275189e+00
7.74272449330960844e-01
7.74272449330960844e-01
7.74272449330960844e-01
1.04293120388787930e+00
1.04293120388787930e+00
1.04293120388787930e+00
9.87642663828598222e-01
9.87642663828598222e-01
9.87642663828598222e-01
9.67047447268422511e-01
9.67047447268422511e-01
9.67047447268422511e-01
1.05762652137272739e+00
1.05762652137272739e+00
1.05762652137272739e+00
9.02494281090812089e-01
9.02494281090812089e-01
9.02494281090812089e-01
9.34263063317774867e-01
9.34263063317774867e-01
9.34263063317774867e-01
9.74156453693816538e-01
9.74156453693816538e-01
9.74156453693816538e-01
1.00877232706349984e+00
1.00877232706349984e+00
1.00877232706349984e+00
1.06329942361921992e+00
1.06329942361921992e+00
1.06329942361921992e+00
1.01013464905987016e+00
1.01013464905987016e+00
1.01013464905987016e+00
1.06933446932358978e+00
1.06933446932358978e+00
1.06933446932358978e+00
9.84274273374238229e-01
9.84274273374238229e-01
9.84274273374238229e-01
7.53784960032206741e-01
7.53784960032206741e-01
7.53784960032206741e-01
1.01234894673867482e+00
1.01234894673867482e+00
1.01234894673867482e+00
9.99931202325265667e-01
9.99931202325265667e-01
9.99931202325265667e-01
1.07451097238063409e+00
1.07451097238063409e+00
1.07451097238063409e+00
9.05159874224923056e-01
9.05159874224923056e-01
9.05159874224923056e-01
9.36265717685541232e-01
9.36265717685541232e-01
9.36265717685541232e-01
1.02762186666646560e+00
1.02762186666646560e+00
1.02762186666646560e+00
9.28353630996449630e-01
9.28353630996449630e-01
9.28353630996449630e-01
1.04520932805097910e+00
1.04520932805097910e+00
1.04520932805097910e+00
1.04117407734911804e+00
1.04117407734911804e+00
1.04117407734911804e+00
1.04810961003139380e+00
1.04810961003139380e+00
1.04810961003139380e+00
1.08436684325993093e+00
1.08436684325993093e+00
1.08436684325993093e+00
1.07014061150646378e+00
1.07014061150646378e+00
1.07014061150646378e+00
1.01125990476395677e+00
1.01125990476395677e+00
1.01125990476395677e+00
9.91797586631057215e-01
9.91797586631057215e-01
9.91797586631057215e-01
9.11205165174155396e-01
9.11205165174155396e-01
9.11205165174155396e-01
9.91092392184193871e-01
9.91092392184193871e-01
9.91092392184193871e-01
9.89980233652696384e-01
9.89980233652696384e-01
9.89980233652696384e-01
1.00299193980845391e+00
1.00299193980845391e+00
1.00299193980845391e+00
1.00136010026646338e+00
1.00136010026646338e+00
1.00136010026646338e+00
1.07548909823555894e+00
1.07548909823555894e+00
1.07548909823555894e+00
9.12432844537506060e-01
9.12432844537506060e-01
9.12432844537506060e-01
1.02164323363503029e+00
1.02164323363503029e+00
1.02164323363503029e+00
1.02464986634644428e+00
1.02464986634644428e+00
1.02464986634644428e+00
9.60182847067900358e-01
9.60182847067900358e-01
9.60182847067900358e-01
1.13561305782007360e+00
1.13561305782007360e+00
1.13561305782007360e+00
1.08337320012314753e+00
1.08337320012314753e+00
1.08337320012314753e+00
9.88589145377609668e-01
9.88589145377609668e-01
9.88589145377609668e-01
1.01636922685169528e+00
1.01636922685169528e+00
1.01636922685169528e+00
1.15642612539488776e+00
1.15642612539488776e+00
1.15642612539488776e+00
1.01431736177042686e+00
1.01431736177042686e+00
1.01431736177042686e+00
1.08731571616411271e+00
1.08731571616411271e+00
1.08731571616411271e+00
9.33098481001313651e-01
9.33098481001313651e-01
9.33098481001313651e-01
8.79331402522330552e-01
8.79331402522330552e-01
8.79331402522330552e-01
1.05719263520222073e+00
1.05719263520222073e+00
1.05719263520222073e+00
9.37737827603268959e-01
9.37737827603268959e-01
9.37737827603268959e-01
1.10475736215350784e+00
1.10475736215350784e+00
1.10475736215350784e+00
1.03133204857863814e+00
1.03133204857863814e+00
1.03133204857863814e+00
1.03515810036143474e+00
1.03515810036143474e+00
1.03515810036143474e+00
9.98823898658721787e-01
9.98823898658721787e-01
9.98823898658721787e-01
1.09472684983556579e+00
1.09472684983556579e+00
1.09472684983556579e+00
1.02796868234942451e+00
1.02796868234942451e+00
1.02796868234942451e+00
9.22854217407223620e-01
9.22854217407223620e-01
9.22854217407223620e-01
9.37274719782834498e-01
9.37274719782834498e-01
9.37274719782834498e-01
1.05973329481985590e+00
1.05973329481985590e+00
1.05973329481985590e+00
1.05780388776282375e+00
1.05780388776282375e+00
1.05780388776282375e+00
1.05043524920374454e+00
1.05043524920374454e+00
1.05043524920374454e+00
1.08820448031464312e+00
1.08820448031464312e+00
1.08820448031464312e+00
9.98515643880187320e-01
9.98515643880187320e-01
9.98515643880187320e-01
1.21992242275265483e+00
1.21992242275265483e+00
1.21992242275265483e+00
1.00699445836708978e+00
1.00699445836708978e+00
1.00699445836708978e+00
9.66787138339877505e-01
9.66787138339877505e-01
9.66787138339877505e-01
9.33963059703536436e-01
9.33963059703536436e-01
9.33963059703536436e-01
1.04315083714719359e+00
1.04315083714719359e+00
1.04315083714719359e+00
1.16177823979565709e+00
1.16177823979565709e+00
1.16177823979565709e+00
1.04046454729222893e+00
1.04046454729222893e+00
1.04046454729222893e+00
9.92468148525566529e-01
9.92468148525566529e-01
9.92468148525566529e-01
9.86627804446466028e-01
9.86627804446466028e-01
9.86627804446466028e-01
9.26415680049792689e-01
9.26415680049792689e-01
9.26415680049792689e-01
1.13843709506445867e+00
1.13843709506445867e+00
1.13843709506445867e+00
1.01883018732123865e+00
1.01883018732123865e+00
1.01883018732123865e+00
1.05399278849168443e+00
1.05399278849168443e+00
1.05399278849168443e+00
1.02082382812398320e+00
1.02082382812398320e+00
1.02082382812398320e+00
1.01601083000965997e+00
1.01601083000965997e+00
1.01601083000965997e+00
1.00342510685353314e+00
1.00342510685353314e+00
1.00342510685353314e+00
1.07209359739674603e+00
1.07209359739674603e+00
1.07209359739674603e+00
8.59493679257350207e-01
8.59493679257350207e-01
8.59493679257350207e-01
9.21273408380937298e-01
9.21273408380937298e-01
9.21273408380937298e-01
9.23103969568840554e-01
9.23103969568840554e-01
9.23103969568840554e-01
9.02097256141745185e-01
9.02097256141745185e-01
9.02097256141745185e-01
1.03325210514280963e+00
1.03325210514280963e+00
1.03325210514280963e+00
1.06682068840996291e+00
1.06682068840996291e+00
1.06682068840996291e+00
1.02261246871175571e+00
1.02261246871175571e+00
1.02261246871175571e+00
1.08535383569092692e+00
1.08535383569092692e+00
1.08535383569092692e+00
9.64965780688050723e-01
9.64965780688050723e-01
9.64965780688050723e-01
1.08039179865419732e+00
1.08039179865419732e+00
1.08039179865419732e+00
9.02145468399665584e-01
9.02145468399665584e-01
9.02145468399665584e-01
1.03826400932703056e+00
1.03826400932703056e+00
1.03826400932703056e+00
9.32106620510053441e-01
9.32106620510053441e-01
9.32106620510053441e-01
9.29419945583591867e-01
9.29419945583591867e-01
9.29419945583591867e-01
1.13806151999972482e+00
1.13806151999972482e+00
1.13806151999972482e+00
9.42470857514093208e-01
9.42470857514093208e-01
9.42470857514093208e-01
1.06521279087532794e+00
1.06521279087532794e+00
1.06521279087532794e+00
1.06877534801207186e+00
1.06877534801207186e+00
1.06877534801207186e+00
9.96605637588676929e-01
9.96605637588676929e-01
9.96605637588676929e-01
1.05895149167526448e+00
1.05895149167526448e+00
1.05895149167526448e+00
1.03463126124647520e+00
1.03463126124647520e+00
1.03463126124647520e+00
1.03989440504547592e+00
1.03989440504547592e+00
1.03989440504547592e+00
1.10373977811552493e+00
1.10373977811552493e+00
1.10373977811552493e+00
8.23523426314032414e-01
8.23523426314032414e-01
8.23523426314032414e-01
1.06633944849382112e+00
1.06633944849382112e+00
1.06633944849382112e+00
9.83539955913057873e-01
9.83539955913057873e-01
9.83539955913057873e-01
1.08158089778853350e+00
1.08158089778853350e+00
1.08158089778853350e+00
9.96595153608695217e-01
9.96595153608695217e-01
9.96595153608695217e-01
8.89846416284020725e-01
8.89846416284020725e-01
8.89846416284020725e-01
9.20634450441984331e-01
9.20634450441984331e-01
9.20634450441984331e-01
1.03839617336988810e+00
1.03839617336988810e+00
1.03839617336988810e+00
9.95358639694697955e-01
9.95358639694697955e-01
9.95358639694697955e-01
8.49191532514680159e-01
8.49191532514680159e-01
8.49191532514680159e-01
9.36558874211858350e-01
9.36558874211858350e-01
9.36558874211858350e-01
9.86519077835914304e-01
9.86519077835914304e-01
9.86519077835914304e-01
1.15120328312744258e+00
1.15120328312744258e+00
1.15120328312744258e+00
9.70982608263279978e-01
9.70982608263279978e-01
9.70982608263279978e-01
1.09719825209058386e+00
1.09719825209058386e+00
1.09719825209058386e+00
9.24371053203249415e-01
9.24371053203249415e-01
9.24371053203249415e-01
1.00907966376835967e+00
1.00907966376835967e+00
1.00907966376835967e+00
9.43676388708339697e-01
9.43676388708339697e-01
9.43676388708339697e-01
9.50952213665226198e-01
9.50952213665226198e-01
9.50952213665226198e-01
1.05808461889129557e+00
1.05808461889129557e+00
1.05808461889129557e+00
9.98672094227382012e-01
9.98672094227382012e-01
9.98672094227382012e-01
1.20372929492041747e+00
1.20372929492041747e+00
1.20372929492041747e+00
1.11264207025736650e+00
1.11264207025736650e+00
1.11264207025736650e+00
9.27737811208488639e-01
9.27737811208488639e-01
9.27737811208488639e-01
9.19160819960956665e-01
9.19160819960956665e-01
9.19160819960956665e-01
8.88520258029857235e-01
8.88520258029857235e-01
8.88520258029857235e-01
1.01346042978567974e+00
1.01346042978567974e+00
1.01346042978567974e+00
1.07338901806878662e+00
1.07338901806878662e+00
1.07338901806878662e+00
1.06381215267606311e+00
1.06381215267606311e+00
1.06381215267606311e+00
1.02138757992880636e+00
1.02138757992880636e+00
1.02138757992880636e+00
1.08603914666053525e+00
1.08603914666053525e+00
1.08603914666053525e+00
8.78801981441198921e-01
8.78801981441198921e-01
8.78801981441198921e-01
9.92850288867754505e-01
9.92850288867754505e-01
9.92850288867754505e-01
9.93242970715981666e-01
9.93242970715981666e-01
9.93242970715981666e-01
1.01943832324787698e+00
1.01943832324787698e+00
1.01943832324787698e+00
1.16454776096957913e+00
1.16454776096957913e+00
1.16454776096957913e+00
1.03361367382984493e+00
1.03361367382984493e+00
1.03361367382984493e+00
1.00513019130421855e+00
1.00513019130421855e+00
1.00513019130421855e+00
1.02617358272612003e+00
1.02617358272612003e+00
1.02617358272612003e+00
9.20943557924506773e-01
9.20943557924506773e-01
9.20943557924506773e-01
9.19200465188229843e-01
9.19200465188229843e-01
9.19200465188229843e-01
9.02954446104939912e-01
9.02954446104939912e-01
9.02954446104939912e-01
1.06244363848764767e+00
1.06244363848764767e+00
1.06244363848764767e+00
1.03347771900071272e+00
1.03347771900071272e+00
1.03347771900071272e+00
1.13367958190029161e+00
1.13367958190029161e+00
1.13367958190029161e+00
9.68294747604731443e-01
9.68294747604731443e-01
9.68294747604731443e-01
1.04587395566531138e+00
1.04587395566531138e+00
1.04587395566531138e+00
1.01483615542509265e+00
1.01483615542509265e+00
1.01483615542509265e+00
1.05805630284005381e+00
1.05805630284005381e+00
1.05805630284005381e+00
1.07982433512809273e+00
1.07982433512809273e+00
1.07982433512809273e+00
9.27909646783843356e-01
9.27909646783843356e-01
9.27909646783843356e-01
1.04545290229274301e+00
1.04545290229274301e+00
1.04545290229274301e+00
1.03043526591165113e+00
1.03043526591165113e+00
1.03043526591165113e+00
9.33187276621584738e-01
9.33187276621584738e-01
9.33187276621584738e-01
8.96464257876712911e-01
8.96464257876712911e-01
8.96464257876712911e-01
9.98465910015974734e-01
9.98465910015974734e-01
9.98465910015974734e-01
1.03249999633842826e+00
1.03249999633842826e+00
1.03249999633842826e+00
1.08467001292104603e+00
1.08467001292104603e+00
1.08467001292104603e+00
9.23429054142383743e-01
9.23429054142383743e-01
9.23429054142383743e-01
1.12318180280084268e+00
1.12318180280084268e+00
1.12318180280084268e+00
1.07414653119820835e+00
1.07414653119820835e+00
1.07414653119820835e+00
1.12452770813596148e+00
1.12452770813596148e+00
1.12452770813596148e+00
1.11903999661331088e+00
1.11903999661331088e+00
1.11903999661331088e+00
9.56305807558544219e-01
9.56305807558544219e-01
9.56305807558544219e-01
9.76841923137127144e-01
9.76841923137127144e-01
9.76841923137127144e-01
1.01445810351667220e+00
1.01445810351667220e+00
1.01445810351667220e+00
9.97731652660509782e-01
9.97731652660509782e-01
9.97731652660509782e-01
9.39031384255039847e-01
9.39031384255039847e-01
9.39031384255039847e-01
1.08275871896430731e+00
1.08275871896430731e+00
1.08275871896430731e+00
1.03085756021830544e+00
1.03085756021830544e+00
1.03085756021830544e+00
1.20108570121073077e+00
1.20108570121073077e+00
1.20108570121073077e+00
9.64759417485423820e-01
9.64759417485423820e-01
9.64759417485423820e-01
1.02877315263148983e+00
1.02877315263148983e+00
1.02877315263148983e+00
1.01611604903870711e+00
1.01611604903870711e+00
1.01611604903870711e+00
9.38751282991530100e-01
9.38751282991530100e-01
9.38751282991530100e-01
9.69933566012568527e-01
9.69933566012568527e-01
9.69933566012568527e-01
1.17302027187909652e+00
1.17302027187909652e+00
1.17302027187909652e+00
9.63758067120530360e-01
9.63758067120530360e-01
9.63758067120530360e-01
8.79702504453946155e-01
8.79702504453946155e-01
8.79702504453946155e-01
1.00973912335123117e+00
1.00973912335123117e+00
1.00973912335123117e+00
9.34318827584292411e-01
9.34318827584292411e-01
9.34318827584292411e-01
8.41271602473509295e-01
8.41271602473509295e-01
8.41271602473509295e-01
8.91454537199878105e-01
8.91454537199878105e-01
8.91454537199878105e-01
9.55528766708649502e-01
9.55528766708649502e-01
9.55528766708649502e-01
9.05541975331499938e-01
9.05541975331499938e-01
9.05541975331499938e-01
9.87404852062542804e-01
9.87404852062542804e-01
9.87404852062542804e-01
9.26197934048702431e-01
9.26197934048702431e-01
9.26197934048702431e-01
9.06745632940090807e-01
9.06745632940090807e-01
9.06745632940090807e-01
9.18206343289168059e-01
9.18206343289168059e-01
9.18206343289168059e-01
9.28426321997171677e-01
9.28426321997171677e-01
9.28426321997171677e-01
9.97683679999711637e-01
9.97683679999711637e-01
9.97683679999711637e-01
9.08099676201939876e-01
9.08099676201939876e-01
9.08099676201939876e-01
8.97401509050006263e-01
8.97401509050006263e-01
8.97401509050006263e-01
8.83133971261053419e-01
8.83133971261053419e-01
8.83133971261053419e-01
1.02188250306083139e+00
1.02188250306083139e+00
1.02188250306083139e+00
8.85361592371223804e-01
8.85361592371223804e-01
8.85361592371223804e-01
1.07124374133835487e+00
1.07124374133835487e+00
1.07124374133835487e+00
1.07817489385950283e+00
1.07817489385950283e+00
1.07817489385950283e+00
1.09570265036196890e+00
1.09570265036196890e+00
1.09570265036196890e+00
8.37988563147669230e-01
8.37988563147669230e-01
8.37988563147669230e-01
9.18887497872471926e-01
9.18887497872471926e-01
9.18887497872471926e-01
1.05097552053502530e+00
1.05097552053502530e+00
1.05097552053502530e+00
8.80857675310667609e-01
8.80857675310667609e-01
8.80857675310667609e-01
1.14405530401872513e+00
1.14405530401872513e+00
1.14405530401872513e+00
9.64936916500521047e-01
9.64936916500521047e-01
9.64936916500521047e-01
9.12847600709597917e-01
9.12847600709597917e-01
9.12847600709597917e-01
9.32931352765475008e-01
9.32931352765475008e-01
9.32931352765475008e-01
1.09277302697268475e+00
1.09277302697268475e+00
1.09277302697268475e+00
9.20910354757436100e-01
9.20910354757436100e-01
9.20910354757436100e-01
9.82001999831747741e-01
9.82001999831747741e-01
9.82001999831747741e-01
9.58429298256183837e-01
9.58429298256183837e-01
9.58429298256183837e-01
9.27173051922213332e-01
9.27173051922213332e-01
9.27173051922213332e-01
1.01429162847194432e+00
1.01429162847194432e+00
1.01429162847194432e+00
1.00946088668086187e+00
1.00946088668086187e+00
1.00946088668086187e+00
9.95531124909864507e-01
9.95531124909864507e-01
9.95531124909864507e-01
1.04646827714572788e+00
1.04646827714572788e+00
1.04646827714572788e+00
9.41283220812170862e-01
9.41283220812170862e-01
9.41283220812170862e-01
9.29632631313684232e-01
9.29632631313684232e-01
9.29632631313684232e-01
9.95949541858586862e-01
9.95949541858586862e-01
9.95949541858586862e-01
9.03197280683627146e-01
9.03197280683627146e-01
9.03197280683627146e-01
1.03086150884793915e+00
1.03086150884793915e+00
1.03086150884793915e+00
1.01004482814485286e+00
1.01004482814485286e+00
1.01004482814485286e+00
1.02072640464216557e+00
1.02072640464216557e+00
1.02072640464216557e+00
1.10360658831173564e+00
1.10360658831173564e+00
1.10360658831173564e+00
9.43893684348081297e-01
9.43893684348081297e-01
9.43893684348081297e-01
9.65654223685801893e-01
9.65654223685801893e-01
9.65654223685801893e-01
8.98653711923960041e-01
8.98653711923960041e-01
8.98653711923960041e-01
9.43184193198502108e-01
9.43184193198502108e-01
9.43184193198502108e-01
1.04172867278276127e+00
1.04172867278276127e+00
1.04172867278276127e+00
1.16384835822020882e+00
1.16384835822020882e+00
1.16384835822020882e+00
9.60778243327978010e-01
9.60778243327978010e-01
9.60778243327978010e-01
9.52097496859593995e-01
9.52097496859593995e-01
9.52097496859593995e-01
1.00639587546379827e+00
1.00639587546379827e+00
1.00639587546379827e+00
9.52577162685843692e-01
9.52577162685843692e-01
9.52577162685843692e-01
9.08564430817373703e-01
9.08564430817373703e-01
9.08564430817373703e-01
8.43871559834344032e-01
8.43871559834344032e-01
8.43871559834344032e-01
9.99223800040463073e-01
9.99223800040463073e-01
9.99223800040463073e-01
9.49096005773007345e-01
9.49096005773007345e-01
9.49096005773007345e-01
1.03186202480511491e+00
1.03186202480511491e+00
1.03186202480511491e+00
1.01974058272629220e+00
1.01974058272629220e+00
1.01974058272629220e+00
8.67640635168700158e-01
8.67640635168700158e-01
8.67640635168700158e-01
9.61097697752227975e-01
9.61097697752227975e-01
9.61097697752227975e-01
1.07513663965207362e+00
1.07513663965207362e+00
1.07513663965207362e+00
9.93881335358922757e-01
9.93881335358922757e-01
9.93881335358922757e-01
1.00767109332468907e+00
1.00767109332468907e+00
1.00767109332468907e+00
7.95277360755133333e-01
7.95277360755133333e-01
7.95277360755133333e-01
1.09914067382424330e+00
1.09914067382424330e+00
1.09914067382424330e+00
1.01793046735372550e+00
1.01793046735372550e+00
1.01793046735372550e+00
1.08134194417774787e+00
1.08134194417774787e+00
1.08134194417774787e+00
1.00130642808928449e+00
1.00130642808928449e+00
1.00130642808928449e+00
9.09072614312945948e-01
9.09072614312945948e-01
9.09072614312945948e-01
1.00841903830759527e+00
1.00841903830759527e+00
1.00841903830759527e+00
9.57978929833991355e-01
9.57978929833991355e-01
9.57978929833991355e-01
1.01060263384110627e+00
1.01060263384110627e+00
1.01060263384110627e+00
9.30344919405799109e-01
9.30344919405799109e-01
9.30344919405799109e-01
9.10570967867392667e-01
9.10570967867392667e-01
9.10570967867392667e-01
9.84230934615013986e-01
9.84230934615013986e-01
9.84230934615013986e-01
9.88217181824656121e-01
9.88217181824656121e-01
9.88217181824656121e-01
9.77705014018833918e-01
9.77705014018833918e-01
9.77705014018833918e-01
8.18341150084853419e-01
8.18341150084853419e-01
8.18341150084853419e-01
9.21149154368638978e-01
9.21149154368638978e-01
9.21149154368638978e-01
1.08769946129156714e+00
1.08769946129156714e+00
1.08769946129156714e+00
1.00837699747844023e+00
1.00837699747844023e+00
1.00837699747844023e+00
1.06592113082262818e+00
1.06592113082262818e+00
1.06592113082262818e+00
9.41515677910506166e-01
9.41515677910506166e-01
9.41515677910506166e-01
9.42433944173532101e-01
9.42433944173532101e-01
9.42433944173532101e-01
1.02883978964897116e+00
1.02883978964897116e+00
1.02883978964897116e+00
1.13133710580494062e+00
1.13133710580494062e+00
1.13133710580494062e+00
1.00963992613178277e+00
1.00963992613178277e+00
1.00963992613178277e+00
9.31683067042306745e-01
9.31683067042306745e-01
9.31683067042306745e-01
9.45051994258704897e-01
9.45051994258704897e-01
9.45051994258704897e-01
9.93914875023127808e-01
9.93914875023127808e-01
9.93914875023127808e-01
1.11339798806774137e+00
1.11339798806774137e+00
1.11339798806774137e+00
8.51541620504002950e-01
8.51541620504002950e-01
8.51541620504002950e-01
9.58881271372551081e-01
9.58881271372551081e-01
9.58881271372551081e-01
9.90404616181016495e-01
9.90404616181016495e-01
9.90404616181016495e-01
1.00314841557226053e+00
1.00314841557226053e+00
1.00314841557226053e+00
1.02234202967259780e+00
1.02234202967259780e+00
1.02234202967259780e+00
9.98786428839563589e-01
9.98786428839563589e-01
9.98786428839563589e-01
1.02652559183806047e+00
1.02652559183806047e+00
1.02652559183806047e+00
8.87644914448725730e-01
8.87644914448725730e-01
8.87644914448725730e-01
1.09189928250351675e+00
1.09189928250351675e+00
1.09189928250351675e+00
1.01001698263990503e+00
1.01001698263990503e+00
1.01001698263990503e+00
1.03998186665431791e+00
1.03998186665431791e+00
1.03998186665431791e+00
1.09678711873463963e+00
1.09678711873463963e+00
1.09678711873463963e+00
1.00307150489378016e+00
1.00307150489378016e+00
1.00307150489378016e+00
1.09763297676512495e+00
1.09763297676512495e+00
1.09763297676512495e+00
1.01687250611177449e+00
1.01687250611177449e+00
1.01687250611177449e+00
1.04737840054724130e+00
1.04737840054724130e+00
1.04737840054724130e+00
1.10915994551927466e+00
1.10915994551927466e+00
1.10915994551927466e+00
9.36506202039947055e-01
9.36506202039947055e-01
9.36506202039947055e-01
1.09431327216302554e+00
1.09431327216302554e+00
1.09431327216302554e+00
8.57215082011411722e-01
8.57215082011411722e-01
8.57215082011411722e-01
8.53108019504429604e-01
8.53108019504429604e-01
8.53108019504429604e-01
1.01079506894097926e+00
1.01079506894097926e+00
1.01079506894097926e+00
9.70603455235657386e-01
9.70603455235657386e-01
9.70603455235657386e-01
1.11159557129373665e+00
1.11159557129373665e+00
1.11159557129373665e+00
9.32022184288369804e-01
9.32022184288369804e-01
9.32022184288369804e-01
1.02022366038008405e+00
1.02022366038008405e+00
1.02022366038008405e+00
1.05630828732941828e+00
1.05630828732941828e+00
1.05630828732941828e+00
1.05349077783601386e+00
1.05349077783601386e+00
1.05349077783601386e+00
9.77647370008638661e-01
9.77647370008638661e-01
9.77647370008638661e-01
1.05178036499430783e+00
1.05178036499430783e+00
1.05178036499430783e+00
1.06607753700363883e+00
1.06607753700363883e+00
1.06607753700363883e+00
9.30293743988686361e-01
9.30293743988686361e-01
9.30293743988686361e-01
9.76525604934840419e-01
9.76525604934840419e-01
9.76525604934840419e-01
8.91757501018464960e-01
8.91757501018464960e-01
8.91757501018464960e-01
8.78116442172010236e-01
8.78116442172010236e-01
8.78116442172010236e-01
9.81716925256325812e-01
9.81716925256325812e-01
9.81716925256325812e-01
9.58985364064115497e-01
9.58985364064115497e-01
9.58985364064115497e-01
1.02524147077136996e+00
1.02524147077136996e+00
1.02524147077136996e+00
1.03671253538500863e+00
1.03671253538500863e+00
1.03671253538500863e+00
1.03361968654358582e+00
1.03361968654358582e+00
1.03361968654358582e+00
8.14830247764444571e-01
8.14830247764444571e-01
8.14830247764444571e-01
9.43006113281332770e-01
9.43006113281332770e-01
9.43006113281332770e-01
1.05710600094207008e+00
1.05710600094207008e+00
1.05710600094207008e+00
8.48579661153302744e-01
8.48579661153302744e-01
8.48579661153302744e-01
8.43878782876203659e-01
8.43878782876203659e-01
8.43878782876203659e-01
9.46631101792742680e-01
9.46631101792742680e-01
9.46631101792742680e-01
9.52722485153337906e-01
9.52722485153337906e-01
9.52722485153337906e-01
8.55963031322406254e-01
8.55963031322406254e-01
8.55963031322406254e-01
1.10560935827381535e+00
1.10560935827381535e+00
1.10560935827381535e+00
1.03995841802115896e+00
1.03995841802115896e+00
1.03995841802115896e+00
1.11626891715970045e+00
1.11626891715970045e+00
1.11626891715970045e+00
1.08718477901711941e+00
1.08718477901711941e+00
1.08718477901711941e+00
9.25152865597497209e-01
9.25152865597497209e-01
9.25152865597497209e-01
1.00558383255890393e+00
1.00558383255890393e+00
1.00558383255890393e+00
9.18508723230360702e-01
9.18508723230360702e-01
9.18508723230360702e-01
9.96101734167125774e-01
9.96101734167125774e-01
9.96101734167125774e-01
9.83798321145047283e-01
9.83798321145047283e-01
9.83798321145047283e-01
1.05242532139864542e+00
1.05242532139864542e+00
1.05242532139864542e+00
1.01041399627545192e+00
1.01041399627545192e+00
1.01041399627545192e+00
1.07682904190827844e+00
1.07682904190827844e+00
1.07682904190827844e+00
1.08362348676514841e+00
1.08362348676514841e+00
1.08362348676514841e+00
1.04899259041520398e+00
1.04899259041520398e+00
1.04899259041520398e+00
9.90712724944688095e-01
9.90712724944688095e-01
9.90712724944688095e-01
1.03755492661386262e+00
1.03755492661386262e+00
1.03755492661386262e+00
1.06346494327525298e+00
1.06346494327525298e+00
1.06346494327525298e+00
9.32759253835807822e-01
9.32759253835807822e-01
9.32759253835807822e-01
1.00228413651095538e+00
1.00228413651095538e+00
1.00228413651095538e+00
1.00983744121734387e+00
1.00983744121734387e+00
1.00983744121734387e+00
1.11242686968139970e+00
1.11242686968139970e+00
1.11242686968139970e+00
1.05128447873612774e+00
1.05128447873612774e+00
1.05128447873612774e+00
8.83480077975817846e-01
8.83480077975817846e-01
8.83480077975817846e-01
1.00944218458366675e+00
1.00944218458366675e+00
1.00944218458366675e+00
1.04664405384723169e+00
1.04664405384723169e+00
1.04664405384723169e+00
1.02249855009197987e+00
1.02249855009197987e+00
1.02249855009197987e+00
8.04857193885816447e-01
8.04857193885816447e-01
8.04857193885816447e-01
9.81755769020121072e-01
9.81755769020121072e-01
9.81755769020121072e-01
9.50653274589871033e-01
9.50653274589871033e-01
9.50653274589871033e-01
1.02412216076756213e+00
1.02412216076756213e+00
1.02412216076756213e+00
1.08299391890811014e+00
1.08299391890811014e+00
1.08299391890811014e+00
1.00251140862997379e+00
1.00251140862997379e+00
1.00251140862997379e+00
8.57806889994270128e-01
8.57806889994270128e-01
8.57806889994270128e-01
8.01790770316139101e-01
8.01790770316139101e-01
8.01790770316139101e-01
9.77042026838600308e-01
9.77042026838600308e-01
9.77042026838600308e-01
9.58002144792106547e-01
9.58002144792106547e-01
9.58002144792106547e-01
9.73299512247805310e-01
9.73299512247805310e-01
9.73299512247805310e-01
1.04324597903187044e+00
1.04324597903187044e+00
1.04324597903187044e+00
1.03294207624003009e+00
1.03294207624003009e+00
1.03294207624003009e+00
1.05569328206003910e+00
1.05569328206003910e+00
1.05569328206003910e+00
8.55619125956036508e-01
8.55619125956036508e-01
8.55619125956036508e-01
8.94260800387395194e-01
8.94260800387395194e-01
8.94260800387395194e-01
1.07906739785189942e+00
1.07906739785189942e+00
1.07906739785189942e+00
9.93061112895338272e-01
9.93061112895338272e-01
9.93061112895338272e-01
9.78536639285039200e-01
9.78536639285039200e-01
9.78536639285039200e-01
1.11485018544009518e+00
1.11485018544009518e+00
1.11485018544009518e+00
1.00663728639745331e+00
1.00663728639745331e+00
1.00663728639745331e+00
9.67882446600198398e-01
9.67882446600198398e-01
9.67882446600198398e-01
9.59325677516468134e-01
9.59325677516468134e-01
9.59325677516468134e-01
1.06243048992534472e+00
1.06243048992534472e+00
1.06243048992534472e+00
1.06241044225976156e+00
1.06241044225976156e+00
1.06241044225976156e+00
1.10229647803675035e+00
1.10229647803675035e+00
1.10229647803675035e+00
8.49479927428963499e-01
8.49479927428963499e-01
8.49479927428963499e-01
9.13940494857380492e-01
9.13940494857380492e-01
9.13940494857380492e-01
9.57443053745573036e-01
9.57443053745573036e-01
9.57443053745573036e-01
1.02443574217160127e+00
1.02443574217160127e+00
1.02443574217160127e+00
1.05371703616036516e+00
1.05371703616036516e+00
1.05371703616036516e+00
1.01412935042737118e+00
1.01412935042737118e+00
1.01412935042737118e+00
1.04364130813540634e+00
1.04364130813540634e+00
1.04364130813540634e+00
1.06989728818965757e+00
1.06989728818965757e+00
1.06989728818965757e+00
9.20159768426516367e-01
9.20159768426516367e-01
9.20159768426516367e-01
1.02230224726172136e+00
1.02230224726172136e+00
1.02230224726172136e+00
1.07789189533623353e+00
1.07789189533623353e+00
1.07789189533623353e+00
1.03173579731054565e+00
1.03173579731054565e+00
1.03173579731054565e+00
1.02766871006583815e+00
1.02766871006583815e+00
1.02766871006583815e+00
8.84430506311431164e-01
8.84430506311431164e-01
8.84430506311431164e-01
1.11364186731912462e+00
1.11364186731912462e+00
1.11364186731912462e+00
9.90711621081900584e-01
9.90711621081900584e-01
9.90711621081900584e-01
1.05603131325447763e+00
1.05603131325447763e+00
1.05603131325447763e+00
1.08093926954673125e+00
1.08093926954673125e+00
1.08093926954673125e+00
1.04494375673261386e+00
1.04494375673261386e+00
1.04494375673261386e+00
1.02528500356934882e+00
1.02528500356934882e+00
1.02528500356934882e+00
9.92230492348219806e-01
9.92230492348219806e-01
9.92230492348219806e-01
9.07893000299454633e-01
9.07893000299454633e-01
9.07893000299454633e-01
1.01106704913545142e+00
1.01106704913545142e+00
1.01106704913545142e+00
9.69184615680961814e-01
9.69184615680961814e-01
9.69184615680961814e-01
1.05976273655199993e+00
1.05976273655199993e+00
1.05976273655199993e+00
9.73614289798564236e-01
9.73614289798564236e-01
9.73614289798564236e-01
1.00064115121694286e+00
1.00064115121694286e+00
1.00064115121694286e+00
1.07656788411848492e+00
1.07656788411848492e+00
1.07656788411848492e+00
8.50303750366813049e-01
8.50303750366813049e-01
8.50303750366813049e-01
1.02010105478779933e+00
1.02010105478779933e+00
1.02010105478779933e+00
1.01751313849653235e+00
1.01751313849653235e+00
1.01751313849653235e+00
1.08395991394960500e+00
1.08395991394960500e+00
1.08395991394960500e+00
1.00772988230750515e+00
1.00772988230750515e+00
1.00772988230750515e+00
1.05893509986028045e+00
1.05893509986028045e+00
1.05893509986028045e+00
1.10305483334466192e+00
1.10305483334466192e+00
1.10305483334466192e+00
1.02775422386798043e+00
1.02775422386798043e+00
1.02775422386798043e+00
9.80808474521496221e-01
9.80808474521496221e-01
9.80808474521496221e-01
1.11908379854692730e+00
1.11908379854692730e+00
1.11908379854692730e+00
1.03686220660090900e+00
1.03686220660090900e+00
1.03686220660090900e+00
9.89825743611563058e-01
9.89825743611563058e-01
9.89825743611563058e-01
8.79315839944313615e-01
8.79315839944313615e-01
8.79315839944313615e-01
1.03563239802252416e+00
1.03563239802252416e+00
1.03563239802252416e+00
1.03248962426301838e+00
1.03248962426301838e+00
1.03248962426301838e+00
1.00756526942972058e+00
1.00756526942972058e+00
1.00756526942972058e+00
9.24546563111252606e-01
9.24546563111252606e-01
9.24546563111252606e-01
1.08242757394986255e+00
1.08242757394986255e+00
1.08242757394986255e+00
1.02076945008660847e+00
1.02076945008660847e+00
1.02076945008660847e+00
1.04950998771661475e+00
1.04950998771661475e+00
1.04950998771661475e+00
9.78573053359178768e-01
9.78573053359178768e-01
9.78573053359178768e-01
1.05029002660435200e+00
1.05029002660435200e+00
1.05029002660435200e+00
1.10048902835148055e+00
1.10048902835148055e+00
1.10048902835148055e+00
1.04771329930876544e+00
1.04771329930876544e+00
1.04771329930876544e+00
1.12470035047464045e+00
1.12470035047464045e+00
1.12470035047464045e+00
1.05087522959859481e+00
1.05087522959859481e+00
1.05087522959859481e+00
1.09462912271947999e+00
1.09462912271947999e+00
1.09462912271947999e+00
1.06783451178720745e+00
1.06783451178720745e+00
1.06783451178720745e+00
1.04829414488869777e+00
1.04829414488869777e+00
1.04829414488869777e+00
1.11221147213741944e+00
1.11221147213741944e+00
1.11221147213741944e+00
1.04202985069373222e+00
1.04202985069373222e+00
1.04202985069373222e+00
1.02886882090429999e+00
1.02886882090429999e+00
1.02886882090429999e+00
9.59922008876279653e-01
9.59922008876279653e-01
9.59922008876279653e-01
8.99538830085496066e-01
8.99538830085496066e-01
8.99538830085496066e-01
9.71284950504631039e-01
9.71284950504631039e-01
9.71284950504631039e-01
8.29724854226053465e-01
8.29724854226053465e-01
8.29724854226053465e-01
7.91625309485824546e-01
7.91625309485824546e-01
7.91625309485824546e-01
1.07221226596628272e+00
1.07221226596628272e+00
1.07221226596628272e+00
1.00896738395102914e+00
1.00896738395102914e+00
1.00896738395102914e+00
9.76959716552459279e-01
9.76959716552459279e-01
9.76959716552459279e-01
9.42192398761697136e-01
9.42192398761697136e-01
9.42192398761697136e-01
9.93121549774837353e-01
9.93121549774837353e-01
9.93121549774837353e-01
9.31362170519868471e-01
9.31362170519868471e-01
9.31362170519868471e-01
1.02218425629388965e+00
1.02218425629388965e+00
1.02218425629388965e+00
9.63310222340997169e-01
9.63310222340997169e-01
9.63310222340997169e-01
1.01283467346202483e+00
1.01283467346202483e+00
1.01283467346202483e+00
1.07354318579679120e+00
1.07354318579679120e+00
1.07354318579679120e+00
9.27463800631640134e-01
9.27463800631640134e-01
9.27463800631640134e-01
9.95224906226770734e-01
9.95224906226770734e-01
9.95224906226770734e-01
9.85606611759481388e-01
9.85606611759481388e-01
9.85606611759481388e-01
9.84395690941335277e-01
9.84395690941335277e-01
9.84395690941335277e-01
1.08114718598998460e+00
1.08114718598998460e+00
1.08114718598998460e+00
9.52634792439874589e-01
9.52634792439874589e-01
9.52634792439874589e-01
9.07458548452504843e-01
9.07458548452504843e-01
9.07458548452504843e-01
8.91441211839850256e-01
8.91441211839850256e-01
8.91441211839850256e-01
1.01252705309709956e+00
1.01252705309709956e+00
1.01252705309709956e+00
1.12801652795225005e+00
1.12801652795225005e+00
1.12801652795225005e+00
9.57002761332467533e-01
9.57002761332467533e-01
9.57002761332467533e-01
9.58218491084979362e-01
9.58218491084979362e-01
9.58218491084979362e-01
9.24964996352285462e-01
9.24964996352285462e-01
9.24964996352285462e-01
1.04267898647359103e+00
1.04267898647359103e+00
1.04267898647359103e+00
9.91585963906540413e-01
9.91585963906540413e-01
9.91585963906540413e-01
9.41604296293159448e-01
9.41604296293159448e-01
9.41604296293159448e-01
9.85398759970931515e-01
9.85398759970931515e-01
9.85398759970931515e-01
9.44920030729798133e-01
9.44920030729798133e-01
9.44920030729798133e-01
8.98898254292851862e-01
8.98898254292851862e-01
8.98898254292851862e-01
8.74366334818663438e-01
8.74366334818663438e-01
8.74366334818663438e-01
9.65427678402735467e-01
9.65427678402735467e-01
9.65427678402735467e-01
9.24056207664316509e-01
9.24056207664316509e-01
9.24056207664316509e-01
8.97507869206822018e-01
8.97507869206822018e-01
8.97507869206822018e-01
1.07208479848512162e+00
1.07208479848512162e+00
1.07208479848512162e+00
8.56519066390023287e-01
8.56519066390023287e-01
8.56519066390023287e-01
9.23006587308507820e-01
9.23006587308507820e-01
9.23006587308507820e-01
9.17377553955130542e-01
9.17377553955130542e-01
9.17377553955130542e-01
9.79470818583892733e-01
9.79470818583892733e-01
9.79470818583892733e-01
9.63758163291397962e-01
9.63758163291397962e-01
9.63758163291397962e-01
9.56238350152970318e-01
9.56238350152970318e-01
9.56238350152970318e-01
9.78403281285232462e-01
9.78403281285232462e-01
9.78403281285232462e-01
8.02018206334118355e-01
8.02018206334118355e-01
8.02018206334118355e-01
8.64113026003235030e-01
8.64113026003235030e-01
8.64113026003235030e-01
1.11958938654704143e+00
1.11958938654704143e+00
1.11958938654704143e+00
8.95742638855851370e-01
8.95742638855851370e-01
8.95742638855851370e-01
8.80300956444502014e-01
8.80300956444502014e-01
8.80300956444502014e-01
1.09291565102318255e+00
1.09291565102318255e+00
1.09291565102318255e+00
9.44004304373764480e-01
9.44004304373764480e-01
9.44004304373764480e-01
9.64155417269706660e-01
9.64155417269706660e-01
9.64155417269706660e-01
8.38691116642838574e-01
8.38691116642838574e-01
8.38691116642838574e-01
1.02192288667270836e+00
1.02192288667270836e+00
1.02192288667270836e+00
1.03437427376137148e+00
1.03437427376137148e+00
1.03437427376137148e+00
1.01074718975353983e+00
1.01074718975353983e+00
1.01074718975353983e+00
1.02704360012830898e+00
1.02704360012830898e+00
1.02704360012830898e+00
1.02156829530225601e+00
1.02156829530225601e+00
1.02156829530225601e+00
1.02269999415167190e+00
1.02269999415167190e+00
1.02269999415167190e+00
9.13527525961294606e-01
9.13527525961294606e-01
9.13527525961294606e-01
9.71453624215512068e-01
9.71453624215512068e-01
9.71453624215512068e-01
9.75840984401656231e-01
9.75840984401656231e-01
9.75840984401656231e-01
9.89686947835120567e-01
9.89686947835120567e-01
9.89686947835120567e-01
1.05781713728998250e+00
1.05781713728998250e+00
1.05781713728998250e+00
1.04426060685766187e+00
1.04426060685766187e+00
1.04426060685766187e+00
8.86072590636850954e-01
8.86072590636850954e-01
8.86072590636850954e-01
9.42751365737932279e-01
9.42751365737932279e-01
9.42751365737932279e-01
9.62121715467845862e-01
9.62121715467845862e-01
9.62121715467845862e-01
1.01376749014110823e+00
1.01376749014110823e+00
1.01376749014110823e+00
9.72507652164561254e-01
9.72507652164561254e-01
9.72507652164561254e-01
9.85572398777613712e-01
9.85572398777613712e-01
9.85572398777613712e-01
9.43187921871486590e-01
9.43187921871486590e-01
9.43187921871486590e-01
9.62188285016820410e-01
9.62188285016820410e-01
9.62188285016820410e-01
1.06876087918811358e+00
1.06876087918811358e+00
1.06876087918811358e+00
1.01117105626162207e+00
1.01117105626162207e+00
1.01117105626162207e+00
9.95593116865801875e-01
9.95593116865801875e-01
9.95593116865801875e-01
8.27456359998019919e-01
8.27456359998019919e-01
8.27456359998019919e-01
8.78861818208472312e-01
8.78861818208472312e-01
8.78861818208472312e-01
9.63557626519483068e-01
9.63557626519483068e-01
9.63557626519483068e-01
9.33448443000161165e-01
9.33448443000161165e-01
9.33448443000161165e-01
9.31798214231566613e-01
9.31798214231566613e-01
9.31798214231566613e-01
9.42224451290296194e-01
9.42224451290296194e-01
9.42224451290296194e-01
1.04124735166190918e+00
1.04124735166190918e+00
1.04124735166190918e+00
9.75291685980827605e-01
9.75291685980827605e-01
9.75291685980827605e-01
1.04676181195162821e+00
1.04676181195162821e+00
1.04676181195162821e+00
8.64540543121927962e-01
8.64540543121927962e-01
8.64540543121927962e-01
1.01919578107093889e+00
1.01919578107093889e+00
1.01919578107093889e+00
1.00413487179613381e+00
1.00413487179613381e+00
1.00413487179613381e+00
9.88599995274622612e-01
9.88599995274622612e-01
9.88599995274622612e-01
1.03506681130134659e+00
1.03506681130134659e+00
1.03506681130134659e+00
1.05331084635366823e+00
1.05331084635366823e+00
1.05331084635366823e+00
1.09296645662253078e+00
1.09296645662253078e+00
1.09296645662253078e+00
9.60817815012682264e-01
9.60817815012682264e-01
9.60817815012682264e-01
1.00686142722729532e+00
1.00686142722729532e+00
1.00686142722729532e+00
1.02164692456763317e+00
1.02164692456763317e+00
1.02164692456763317e+00
9.58315380987530108e-01
9.58315380987530108e-01
9.58315380987530108e-01
1.04739346260463750e+00
1.04739346260463750e+00
1.04739346260463750e+00
1.09691959323527577e+00
1.09691959323527577e+00
1.09691959323527577e+00
1.07340559373111910e+00
1.07340559373111910e+00
1.07340559373111910e+00
9.79410942349420943e-01
9.79410942349420943e-01
9.79410942349420943e-01
8.22727115179338608e-01
8.22727115179338608e-01
8.22727115179338608e-01
1.01147062284931755e+00
1.01147062284931755e+00
1.01147062284931755e+00
9.18929760477521063e-01
9.18929760477521063e-01
9.18929760477521063e-01
1.09541998972693699e+00
1.09541998972693699e+00
1.09541998972693699e+00
1.04486833787396116e+00
1.04486833787396116e+00
1.04486833787396116e+00
9.11483924122718392e-01
9.11483924122718392e-01
9.11483924122718392e-01
1.06040855548675617e+00
1.06040855548675617e+00
1.06040855548675617e+00
8.46836085953251771e-01
8.46836085953251771e-01
8.46836085953251771e-01
8.69510551018891187e-01
8.69510551018891187e-01
8.69510551018891187e-01
1.10205927958456318e+00
1.10205927958456318e+00
1.10205927958456318e+00
8.78058804903886769e-01
8.78058804903886769e-01
8.78058804903886769e-01
9.58088478313379066e-01
9.58088478313379066e-01
9.58088478313379066e-01
9.42885600876645302e-01
9.42885600876645302e-01
9.42885600876645302e-01
9.22012926569528601e-01
9.22012926569528601e-01
9.22012926569528601e-01
1.06778765605111658e+00
1.06778765605111658e+00
1.06778765605111658e+00
1.10900532636453275e+00
1.10900532636453275e+00
1.10900532636453275e+00
1.03818092652799931e+00
1.03818092652799931e+00
1.03818092652799931e+00
1.08424374227436005e+00
1.08424374227436005e+00
1.08424374227436005e+00
9.96147124249856963e-01
9.96147124249856963e-01
9.96147124249856963e-01
9.94282712927231360e-01
9.94282712927231360e-01
9.94282712927231360e-01
9.97960476662887230e-01
9.97960476662887230e-01
9.97960476662887230e-01
1.11826853486962485e+00
1.11826853486962485e+00
1.11826853486962485e+00
1.08763551908060396e+00
1.08763551908060396e+00
1.08763551908060396e+00
9.66010398208314802e-01
9.66010398208314802e-01
9.66010398208314802e-01
9.96930276671539217e-01
9.96930276671539217e-01
9.96930276671539217e-01
1.04994623579479129e+00
1.04994623579479129e+00
1.04994623579479129e+00
9.36796815164926411e-01
9.36796815164926411e-01
9.36796815164926411e-01
1.09468973124053393e+00
1.09468973124053393e+00
1.09468973124053393e+00
1.03610588380948587e+00
1.03610588380948587e+00
1.03610588380948587e+00
9.71779341070469482e-01
9.71779341070469482e-01
9.71779341070469482e-01
9.35063643293297608e-01
9.35063643293297608e-01
9.35063643293297608e-01
1.14834387888920708e+00
1.14834387888920708e+00
1.14834387888920708e+00
9.76014350475161607e-01
9.76014350475161607e-01
9.76014350475161607e-01
1.00223284037955152e+00
1.00223284037955152e+00
1.00223284037955152e+00
9.65696465804754545e-01
9.65696465804754545e-01
9.65696465804754545e-01
1.00522408648531436e+00
1.00522408648531436e+00
1.00522408648531436e+00
9.00397973106258354e-01
9.00397973106258354e-01
9.00397973106258354e-01
9.29301819054449529e-01
9.29301819054449529e-01
9.29301819054449529e-01
1.01583881793291186e+00
1.01583881793291186e+00
1.01583881793291186e+00
1.07846345938794341e+00
1.07846345938794341e+00
1.07846345938794341e+00
1.05874205854007175e+00
1.05874205854007175e+00
1.05874205854007175e+00
1.06447404570681248e+00
1.06447404570681248e+00
1.06447404570681248e+00
1.04435578244434635e+00
1.04435578244434635e+00
1.04435578244434635e+00
1.24649324552100449e+00
1.24649324552100449e+00
1.24649324552100449e+00
9.74901714073333370e-01
9.74901714073333370e-01
9.74901714073333370e-01
1.06904485575271790e+00
1.06904485575271790e+00
1.06904485575271790e+00
1.05617992081041034e+00
1.05617992081041034e+00
1.05617992081041034e+00
1.03611852418010963e+00
1.03611852418010963e+00
1.03611852418010963e+00
1.03230448593388768e+00
1.03230448593388768e+00
1.03230448593388768e+00
9.63945343213870154e-01
9.63945343213870154e-01
9.63945343213870154e-01
9.23940506141863072e-01
9.23940506141863072e-01
9.23940506141863072e-01
1.06879453561500837e+00
1.06879453561500837e+00
1.06879453561500837e+00
9.85633235811628761e-01
9.85633235811628761e-01
9.85633235811628761e-01
1.06718345077363019e+00
1.06718345077363019e+00
1.06718345077363019e+00
9.97565312742429877e-01
9.97565312742429877e-01
9.97565312742429877e-01
1.04989610290244606e+00
1.04989610290244606e+00
1.04989610290244606e+00
9.36999628900813231e-01
9.36999628900813231e-01
9.36999628900813231e-01
9.30012600454188876e-01
9.30012600454188876e-01
9.30012600454188876e-01
9.29091547756522140e-01
9.29091547756522140e-01
9.29091547756522140e-01
8.11257649947193182e-01
8.11257649947193182e-01
8.11257649947193182e-01
8.67472930100891437e-01
8.67472930100891437e-01
8.67472930100891437e-01
1.04195980792292153e+00
1.04195980792292153e+00
1.04195980792292153e+00
9.59178845231814292e-01
9.59178845231814292e-01
9.59178845231814292e-01
1.01694872823034022e+00
1.01694872823034022e+00
1.01694872823034022e+00
9.45235683215500444e-01
9.45235683215500444e-01
9.45235683215500444e-01
8.77529293945556010e-01
8.77529293945556010e-01
8.77529293945556010e-01
9.52780764779465272e-01
9.52780764779465272e-01
9.52780764779465272e-01
9.66642028028280142e-01
9.66642028028280142e-01
9.66642028028280142e-01
1.09864579957756958e+00
1.09864579957756958e+00
1.09864579957756958e+00
1.03081350949571426e+00
1.03081350949571426e+00
1.03081350949571426e+00
1.06209081098367175e+00
1.06209081098367175e+00
1.06209081098367175e+00
1.04939682349086194e+00
1.04939682349086194e+00
1.04939682349086194e+00
1.05282615851735084e+00
1.05282615851735084e+00
1.05282615851735084e+00
1.03032985389412923e+00
1.03032985389412923e+00
1.03032985389412923e+00
8.55099455565456079e-01
8.55099455565456079e-01
8.55099455565456079e-01
1.10083330598327178e+00
1.10083330598327178e+00
1.10083330598327178e+00
9.29871658771386667e-01
9.29871658771386667e-01
9.29871658771386667e-01
9.84251755094407099e-01
9.84251755094407099e-01
9.84251755094407099e-01
1.06446965502613500e+00
1.06446965502613500e+00
1.06446965502613500e+00
1.11514828417875744e+00
1.11514828417875744e+00
1.11514828417875744e+00
1.04974024707657976e+00
1.04974024707657976e+00
1.04974024707657976e+00
1.03955940440835137e+00
1.03955940440835137e+00
1.03955940440835137e+00
1.06720496494234673e+00
1.06720496494234673e+00
1.06720496494234673e+00
1.02738930043921939e+00
1.02738930043921939e+00
1.02738930043921939e+00
9.57938718982243032e-01
9.57938718982243032e-01
9.57938718982243032e-01
1.06321272394047495e+00
1.06321272394047495e+00
1.06321272394047495e+00
9.97367927537345156e-01
9.97367927537345156e-01
9.97367927537345156e-01
9.36343691070925743e-01
9.36343691070925743e-01
9.36343691070925743e-01
1.10473605897510252e+00
1.10473605897510252e+00
1.10473605897510252e+00
1.04867159171387825e+00
1.04867159171387825e+00
1.04867159171387825e+00
8.74732125482633127e-01
8.74732125482633127e-01
8.74732125482633127e-01
8.57996314582770259e-01
8.57996314582770259e-01
8.57996314582770259e-01
1.00104838806451513e+00
1.00104838806451513e+00
1.00104838806451513e+00
9.30567432788715010e-01
9.30567432788715010e-01
9.30567432788715010e-01
9.16686286569707409e-01
9.16686286569707409e-01
9.16686286569707409e-01
9.45844894478501397e-01
9.45844894478501397e-01
9.45844894478501397e-01
9.76822872202412928e-01
9.76822872202412928e-01
9.76822872202412928e-01
9.49402242388326156e-01
9.49402242388326156e-01
9.49402242388326156e-01
9.53587103117974455e-01
9.53587103117974455e-01
9.53587103117974455e-01
9.92407035657689618e-01
9.92407035657689618e-01
9.92407035657689618e-01
1.01401864764809679e+00
1.01401864764809679e+00
1.01401864764809679e+00
1.23855968145123052e+00
1.23855968145123052e+00
1.23855968145123052e+00
9.34842672448442213e-01
9.34842672448442213e-01
9.34842672448442213e-01
8.93558144168187352e-01
8.93558144168187352e-01
8.93558144168187352e-01
9.84426372978929876e-01
9.84426372978929876e-01
9.84426372978929876e-01
8.78792665352548963e-01
8.78792665352548963e-01
8.78792665352548963e-01
9.88715565448984868e-01
9.88715565448984868e-01
9.88715565448984868e-01
1.06100490797993197e+00
1.06100490797993197e+00
1.06100490797993197e+00
1.05368148836051079e+00
1.05368148836051079e+00
1.05368148836051079e+00
9.57107118283135661e-01
9.57107118283135661e-01
9.57107118283135661e-01
1.07998608022301257e+00
1.07998608022301257e+00
1.07998608022301257e+00
9.07880793044791856e-01
9.07880793044791856e-01
9.07880793044791856e-01
1.08209118627869749e+00
1.08209118627869749e+00
1.08209118627869749e+00
1.05866491939261254e+00
1.05866491939261254e+00
1.05866491939261254e+00
9.72551066711931145e-01
9.72551066711931145e-01
9.72551066711931145e-01
1.01115486100817376e+00
1.01115486100817376e+00
1.01115486100817376e+00
9.66457127076655986e-01
9.66457127076655986e-01
9.66457127076655986e-01
1.06794290609505804e+00
1.06794290609505804e+00
1.06794290609505804e+00
9.07639893655342034e-01
9.07639893655342034e-01
9.07639893655342034e-01
9.72733824525178536e-01
9.72733824525178536e-01
9.72733824525178536e-01
9.11630407565420242e-01
9.11630407565420242e-01
9.11630407565420242e-01
9.97498970672227259e-01
9.97498970672227259e-01
9.97498970672227259e-01
9.46635497118508362e-01
9.46635497118508362e-01
9.46635497118508362e-01
1.00204466256581615e+00
1.00204466256581615e+00
1.00204466256581615e+00
9.60974565207437736e-01
9.60974565207437736e-01
9.60974565207437736e-01
9.63848400984626430e-01
9.63848400984626430e-01
9.63848400984626430e-01
9.37723202622646190e-01
9.37723202622646190e-01
9.37723202622646190e-01
9.35160029134536774e-01
9.35160029134536774e-01
9.35160029134536774e-01
8.78087263905089399e-01
8.78087263905089399e-01
8.78087263905089399e-01
8.87549014232520861e-01
8.87549014232520861e-01
8.87549014232520861e-01
1.06317166671755925e+00
1.06317166671755925e+00
1.06317166671755925e+00
8.84352461846996230e-01
8.84352461846996230e-01
8.84352461846996230e-01
1.04261959494677425e+00
1.04261959494677425e+00
1.04261959494677425e+00
9.22749952018122266e-01
9.22749952018122266e-01
9.22749952018122266e-01
1.07285526994018054e+00
1.07285526994018054e+00
1.07285526994018054e+00
9.23257068518945068e-01
9.23257068518945068e-01
9.23257068518945068e-01
1.02324406393193867e+00
1.02324406393193867e+00
1.02324406393193867e+00
9.05598247437432224e-01
9.05598247437432224e-01
9.05598247437432224e-01
9.02076983642073338e-01
9.02076983642073338e-01
9.02076983642073338e-01
1.15971441675103559e+00
1.15971441675103559e+00
1.15971441675103559e+00
1.09926197405548853e+00
1.09926197405548853e+00
1.09926197405548853e+00
1.05627036823904463e+00
1.05627036823904463e+00
1.05627036823904463e+00
9.55683726060225003e-01
9.55683726060225003e-01
9.55683726060225003e-01
1.14830817527155427e+00
1.14830817527155427e+00
1.14830817527155427e+00
9.87724483127469632e-01
9.87724483127469632e-01
9.87724483127469632e-01
9.81057526020556181e-01
9.81057526020556181e-01
9.81057526020556181e-01
9.30075235140369827e-01
9.30075235140369827e-01
9.30075235140369827e-01
8.97125002303043484e-01
8.97125002303043484e-01
8.97125002303043484e-01
1.08807394760536980e+00
1.08807394760536980e+00
1.08807394760536980e+00
1.06984190114195221e+00
1.06984190114195221e+00
1.06984190114195221e+00
9.57449827411757437e-01
9.57449827411757437e-01
9.57449827411757437e-01
9.72394833423738003e-01
9.72394833423738003e-01
9.72394833423738003e-01
1.05092702386976167e+00
1.05092702386976167e+00
1.05092702386976167e+00
9.43215498455900136e-01
9.43215498455900136e-01
9.43215498455900136e-01
9.38612483760126293e-01
9.38612483760126293e-01
9.38612483760126293e-01
1.04596736329421702e+00
1.04596736329421702e+00
1.04596736329421702e+00
9.70127629078858633e-01
9.70127629078858633e-01
9.70127629078858633e-01
9.12371409092767705e-01
9.12371409092767705e-01
9.12371409092767705e-01
1.00206857807666916e+00
1.00206857807666916e+00
1.00206857807666916e+00
1.06643499887420790e+00
1.06643499887420790e+00
1.06643499887420790e+00
1.02137005174038342e+00
1.02137005174038342e+00
1.02137005174038342e+00
9.82191107960062038e-01
9.82191107960062038e-01
9.82191107960062038e-01
9.71609293283455688e-01
9.71609293283455688e-01
9.71609293283455688e-01
8.93496819817730770e-01
8.93496819817730770e-01
8.93496819817730770e-01
9.48391808686563920e-01
9.48391808686563920e-01
9.48391808686563920e-01
1.00199157520646920e+00
1.00199157520646920e+00
1.00199157520646920e+00
9.34860859277323542e-01
9.34860859277323542e-01
9.34860859277323542e-01
1.08426299944050886e+00
1.08426299944050886e+00
1.08426299944050886e+00
9.22161298330960388e-01
9.22161298330960388e-01
9.22161298330960388e-01
8.48672513721168253e-01
8.48672513721168253e-01
8.48672513721168253e-01
1.00337560503343437e+00
1.00337560503343437e+00
1.00337560503343437e+00
1.17407838594768732e+00
1.17407838594768732e+00
1.17407838594768732e+00
9.68261204129160946e-01
9.68261204129160946e-01
9.68261204129160946e-01
1.04530967714892542e+00
1.04530967714892542e+00
1.04530967714892542e+00
9.20658249685736951e-01
9.20658249685736951e-01
9.20658249685736951e-01
1.04762657860259223e+00
1.04762657860259223e+00
1.04762657860259223e+00
9.63998695143103879e-01
9.63998695143103879e-01
9.63998695143103879e-01
1.07122794851626857e+00
1.07122794851626857e+00
1.07122794851626857e+00
1.06565972221752348e+00
1.06565972221752348e+00
1.06565972221752348e+00
1.06325266785095063e+00
1.06325266785095063e+00
1.06325266785095063e+00
1.09098279182403224e+00
1.09098279182403224e+00
1.09098279182403224e+00
8.45283790956521397e-01
8.45283790956521397e-01
8.45283790956521397e-01
8.90560873497781569e-01
8.90560873497781569e-01
8.90560873497781569e-01
9.15169590899111873e-01
9.15169590899111873e-01
9.15169590899111873e-01
1.12363088200138650e+00
1.12363088200138650e+00
1.12363088200138650e+00
9.80657529671223993e-01
9.80657529671223993e-01
9.80657529671223993e-01
1.06686376366981617e+00
1.06686376366981617e+00
1.06686376366981617e+00
1.04396900630294009e+00
1.04396900630294009e+00
1.04396900630294009e+00
9.30911794027356798e-01
9.30911794027356798e-01
9.30911794027356798e-01
1.00438002180252073e+00
1.00438002180252073e+00
1.00438002180252073e+00
9.78557511555174675e-01
9.78557511555174675e-01
9.78557511555174675e-01
9.22359380718303812e-01
9.22359380718303812e-01
9.22359380718303812e-01
9.74507247757455231e-01
9.74507247757455231e-01
9.74507247757455231e-01
9.46297132809068464e-01
9.46297132809068464e-01
9.46297132809068464e-01
9.39939513887519396e-01
9.39939513887519396e-01
9.39939513887519396e-01
1.03792248427626332e+00
1.03792248427626332e+00
1.03792248427626332e+00
9.61467553805100295e-01
9.61467553805100295e-01
9.61467553805100295e-01
9.18903128956946591e-01
9.18903128956946591e-01
9.18903128956946591e-01
9.09049694915194717e-01
9.09049694915194717e-01
9.09049694915194717e-01
1.07164853185217157e+00
1.07164853185217157e+00
1.07164853185217157e+00
9.24840127207692153e-01
9.24840127207692153e-01
9.24840127207692153e-01
1.06235969376524864e+00
1.06235969376524864e+00
1.06235969376524864e+00
9.08131012489865164e-01
9.08131012489865164e-01
9.08131012489865164e-01
1.00063596385117815e+00
1.00063596385117815e+00
1.00063596385117815e+00
9.28882287639522741e-01
9.28882287639522741e-01
9.28882287639522741e-01
1.01245506987647027e+00
1.01245506987647027e+00
1.01245506987647027e+00
8.95417447251941945e-01
8.95417447251941945e-01
8.95417447251941945e-01
1.05070261308005408e+00
1.05070261308005408e+00
1.05070261308005408e+00
1.01962466692700349e+00
1.01962466692700349e+00
1.01962466692700349e+00
1.03003277534735194e+00
1.03003277534735194e+00
1.03003277534735194e+00
1.03777424853127176e+00
1.03777424853127176e+00
1.03777424853127176e+00
1.10304725146544036e+00
1.10304725146544036e+00
1.10304725146544036e+00
1.19297298012219155e+00
1.19297298012219155e+00
1.19297298012219155e+00
9.83648837121770869e-01
9.83648837121770869e-01
9.83648837121770869e-01
1.04045812059113607e+00
1.04045812059113607e+00
1.04045812059113607e+00
9.95723862219462630e-01
9.95723862219462630e-01
9.95723862219462630e-01
9.54258755022844185e-01
9.54258755022844185e-01
9.54258755022844185e-01
1.00084291471998044e+00
1.00084291471998044e+00
1.00084291471998044e+00
1.09518913636141058e+00
1.09518913636141058e+00
1.09518913636141058e+00
8.87664602007355974e-01
8.87664602007355974e-01
8.87664602007355974e-01
8.48136716742630914e-01
8.48136716742630914e-01
8.48136716742630914e-01
9.33709390215946011e-01
9.33709390215946011e-01
9.33709390215946011e-01
9.93803157667293213e-01
9.93803157667293213e-01
9.93803157667293213e-01
9.07346294099626083e-01
9.07346294099626083e-01
9.07346294099626083e-01
9.08129158344019083e-01
9.08129158344019083e-01
9.08129158344019083e-01
1.09105248487524209e+00
1.09105248487524209e+00
1.09105248487524209e+00
9.13659632160095492e-01
9.13659632160095492e-01
9.13659632160095492e-01
1.01366784463604453e+00
1.01366784463604453e+00
1.01366784463604453e+00
9.82713769415858862e-01
9.82713769415858862e-01
9.82713769415858862e-01
9.31633918454923937e-01
9.31633918454923937e-01
9.31633918454923937e-01
1.08461412299948523e+00
1.08461412299948523e+00
1.08461412299948523e+00
1.09606843425491141e+00
1.09606843425491141e+00
1.09606843425491141e+00
1.05976731439331306e+00
1.05976731439331306e+00
1.05976731439331306e+00
9.19911048457394354e-01
9.19911048457394354e-01
9.19911048457394354e-01
1.20453993765686951e+00
1.20453993765686951e+00
1.20453993765686951e+00
9.99812995124026216e-01
9.99812995124026216e-01
9.99812995124026216e-01
8.71155192238214804e-01
8.71155192238214804e-01
8.71155192238214804e-01
9.40040753384476124e-01
9.40040753384476124e-01
9.40040753384476124e-01
9.13879667614628577e-01
9.13879667614628577e-01
9.13879667614628577e-01


        </DataArray>

      </PointData>

      <CellData/>

      <Points>

        <DataArray type="Float64" NumberOfComponents="3" format="ascii">

0.045396278685451208 0.37335516217484921 0 0.095193429167380869 0.34706075402205372 0 0.08628144269722221 0.39999974570760682 0 0.55158829735710835 0.24438139657768829 0 0.56238206809764923 0.29626424335307311 0 0.51371286675838745 0.27492022896106327 0 0.90324651396166034 0.78182913440948876 0 0.95313496640149964 0.78172210120551022 0 0.91823413878607574 0.8316336155135422 0 0.35734152258140173 0.45364745076473911 0 0.30936757174870949 0.4823540594895247 0 0.30105435468064079 0.43538700586074641 0 0.57685186786456055 0.68015001521488094 0 0.62419143301756608 0.70167484906838873 0 0.59329989081147261 0.73801529915239183 0 0.67228187977851617 0.58387115639584652 0 0.72598370095931708 0.60130952856352926 0 0.68828919945127753 0.63507098816724472 0 0.91823413878607574 0.8316336155135422 0 0.95313496640149964 0.78172210120551022 0 0.96608260887514119 0.82638992214330065 0 0.72598370095931708 0.60130952856352926 0 0.67228187977851617 0.58387115639584652 0 0.72219777468854007 0.55274578832773036 0 0.33477710856986692 0.40125536742221463 0 0.35734152258140173 0.45364745076473911 0 0.30105435468064079 0.43538700586074641 0 0.095193429167380869 0.34706075402205372 0 0.045396278685451208 0.37335516217484921 0 0.044817949168197632 0.32295671268078391 0 0.8246204827096576 0.95818836661386264 0 0.84360738243626232 0.90862147881433675 0 0.87348587564327129 0.95717441133561487 0 0.90011516599611796 0.42721526287528039 0 0.95312441851197016 0.4280417684424796 0 0.9143241462135312 0.47056519256566559 0 0.75085425653037818 0.34471616597401339 0 0.71641571149007788 0.38432272985112448 0 0.71236340107984786 0.3295169019878878 0 0.1225941061546777 0.91340007374259535 0 0.079082782798763573 0.95477239955126714 0 0.078796133656434481 0.89721863941538449 0 0.54823975024879701 0.72320703166517397 0 0.57685186786456055 0.68015001521488094 0 0.59329989081147261 0.73801529915239183 0 0.17082455476986819 0.045531505552603213 0 0.1687258507709474 0.095490813383686562 0 0.1200099315339016 0.077653443122240873 0 0.59952343892079241 0.3349683879484272 0 0.54635254922475573 0.35734152257798829 0 0.56238206809764923 0.29626424335307311 0 0.9143241462135312 0.47056519256566559 0 0.95312441851197016 0.4280417684424796 0 0.9580541599203376 0.48181378126810881 0 0.1225941061546777 0.91340007374259535 0 0.13320778151830709 0.95944723287864619 0 0.079082782798763573 0.95477239955126714 0 0.17082455476986819 0.045531505552603213 0 0.1200099315339016 0.077653443122240873 0 0.1238664383937038 0.033505412743579259 0 0.42325220661233459 0.72520358334629376 0 0.37890157410416908 0.7149524408337472 0 0.41249613505695182 0.66923494817944618 0 0.14287628545576181 0.65276572538170352 0 0.093940149608076021 0.64983258879466355 0 0.13260578469676379 0.60532077463569189 0 0.28848698890447688 0.8655815931859091 0 0.249745795115841 0.91026158950624625 0 0.2405582946985993 0.85489218398726852 0 0.71641571149007788 0.38432272985112448 0 0.67937323217120238 0.35450114370967301 0 0.71236340107984786 0.3295169019878878 0 0.67228187977851617 0.58387115639584652 0 0.68367699194708442 0.52759220806038765 0 0.72219777468854007 0.55274578832773036 0 0.56238206809764923 0.29626424335307311 0 0.52110691462239711 0.31861945236618822 0 0.51371286675838745 0.27492022896106327 0 0.87101575915054075 0.1152914960286778 0 0.91876238748899386 0.096953581977407333 0 0.92014482768696004 0.1484082597947631 0 0.78701141937333097 0.4863596872951117 0 0.72954688042895111 0.49740099102570179 0 0.75975091809660233 0.45451657770763643 0 0.44809161090723337 0.9184635160862028 0 0.46415692004836528 0.87018306883313112 0 0.49512499483819977 0.91684168198255889 0 0.046462992154567742 0.1238465640393773 0 0.090499517102997543 0.1610819462962175 0 0.043292679013788873 0.1749851196480692 0 0.88027718961491597 0.16890685394504701 0 0.87101575915054075 0.1152914960286778 0 0.92014482768696004 0.1484082597947631 0 0.85586139568210273 0.24241578171305911 0 0.914145818033962 0.25128824713029141 0 0.86914026372019537 0.28879235390796121 0 0.92323088348980031 0.95980805865613994 0 0.89945650522467213 0.91642856392935101 0 0.95179169119040075 0.92010412261493535 0 0.52110691462239711 0.31861945236618822 0 0.47454023424457747 0.31084499390883802 0 0.51371286675838745 0.27492022896106327 0 0.85745557322751398 0.59382087560199759 0 0.90646186263273854 0.59961706802362691 0 0.86737199778504614 0.6412725358480037 0 0.84360738243626232 0.90862147881433675 0 0.89945650522467213 0.91642856392935101 0 0.87348587564327129 0.95717441133561487 0 0.95179169119040075 0.92010412261493535 0 0.89945650522467213 0.91642856392935101 0 0.91953900968354996 0.88153445228216598 0 0.54747816624180645 0.91667945069908963 0 0.51129147390510576 0.87929668389199678 0 0.57044601068512168 0.86987314095495238 0 0.72954688042895111 0.49740099102570179 0 0.72145771991900087 0.44262707722827099 0 0.75975091809660233 0.45451657770763643 0 0.60271272297068568 0.78469958023635233 0 0.56699899717172553 0.82281570466110421 0 0.55883976872793484 0.76757105289738425 0 0.093940149608076021 0.64983258879466355 0 0.084358795237786804 0.59408416098681427 0 0.13260578469676379 0.60532077463569189 0 0.46415692004836528 0.87018306883313112 0 0.51129147390510576 0.87929668389199678 0 0.49512499483819977 0.91684168198255889 0 0.68828919945127753 0.63507098816724472 0 0.72598370095931708 0.60130952856352926 0 0.73900568460309535 0.64813217424351133 0 0.63870019447380344 0.62757797182747166 0 0.67228187977851617 0.58387115639584652 0 0.68828919945127753 0.63507098816724472 0 0.68367699194708442 0.52759220806038765 0 0.68604905144552053 0.47156028487647722 0 0.72954688042895111 0.49740099102570179 0 0.61063151535650173 0.1284580669285102 0 0.65043995921956044 0.092703552080504709 0 0.65595996795162048 0.1431711648397975 0 0.48249303566887242 0.13213388349025171 0 0.45013046781376442 0.086245515831997188 0 0.50022331039198309 0.08482622204910871 0 0.57044601068512168 0.86987314095495238 0 0.51129147390510576 0.87929668389199678 0 0.53431166281711107 0.84131213868127375 0 0.54635254922475573 0.35734152257798829 0 0.52110691462239711 0.31861945236618822 0 0.56238206809764923 0.29626424335307311 0 0.090499517102997543 0.1610819462962175 0 0.046462992154567742 0.1238465640393773 0 0.09329329492433043 0.1139934779461087 0 0.63338708357124918 0.22394301413887571 0 0.64947331774475359 0.27349824373396953 0 0.59599109452070609 0.25416509842380841 0 0.68604905144552053 0.47156028487647722 0 0.72145771991900087 0.44262707722827099 0 0.72954688042895111 0.49740099102570179 0 0.70387702584996836 0.6818720668349656 0 0.68828919945127753 0.63507098816724472 0 0.73900568460309535 0.64813217424351133 0 0.084676328930990946 0.44829771481711927 0 0.1295934160234555 0.47655361622238979 0 0.07931114857148161 0.48664108117523919 0 0.249745795115841 0.91026158950624625 0 0.28848698890447688 0.8655815931859091 0 0.30167211282385148 0.91342906052452066 0 0.42325220661233459 0.72520358334629376 0 0.41249613505695182 0.66923494817944618 0 0.44549576247412542 0.69274794457143685 0 0.26428576092257272 0.7706480622485874 0 0.25122976573731842 0.723697220139219 0 0.30062627780373408 0.73511104613025546 0 0.64947331774475359 0.27349824373396953 0 0.61178777491340275 0.29319077260630311 0 0.59599109452070609 0.25416509842380841 0 0.37864745099008412 0.4118322119547283 0 0.35734152258140173 0.45364745076473911 0 0.33477710856986692 0.40125536742221463 0 0.35734152258140173 0.45364745076473911 0 0.34999999999999998 0.5 0 0.30936757174870949 0.4823540594895247 0 0.45364745078062202 0.64265847742375892 0 0.5 0.65000000000000002 0 0.48490105552598978 0.68779036798958981 0 0.64265847748500704 0.45364745096912412 0 0.62135254930833539 0.41183221236546752 0 0.67555362698366894 0.42684150091669459 0 0.5463525490313631 0.64265847748484872 0 0.58816778769119094 0.62135254926717065 0 0.57685186786456055 0.68015001521488094 0 0.45364745098269782 0.35734152251058271 0 0.41183221239241502 0.37864745067208611 0 0.42668514034547439 0.32616646409264177 0 0.58816778798847702 0.37864745094882041 0 0.54635254922475573 0.35734152257798829 0 0.59952343892079241 0.3349683879484272 0 0.95925571407652455 0.67731513989524772 0 1 0.69999999999921003 0 0.96042199323752997 0.73144888142456899 0 0.88027718961491597 0.16890685394504701 0 0.92014482768696004 0.1484082597947631 0 0.92603671991779968 0.1991855166745444 0 0.36650098499977241 0.63349901458153279 0 0.4118322119679112 0.62135254901949388 0 0.41249613505695182 0.66923494817944618 0 0.63870019447380344 0.62757797182747166 0 0.62135254905149107 0.58816778798804847 0 0.67228187977851617 0.58387115639584652 0 0.5 0.34999999999999998 0 0.47454023424457747 0.31084499390883802 0 0.52110691462239711 0.31861945236618822 0 0.65000000000000002 0.5 0 0.68604905144552053 0.47156028487647722 0 0.68367699194708442 0.52759220806038765 0 0.64265847742471593 0.54635254921643284 0 0.68367699194708442 0.52759220806038765 0 0.67228187977851617 0.58387115639584652 0 0.90646186263273854 0.59961706802362691 0 0.91560204435319836 0.65433464099873195 0 0.86737199778504614 0.6412725358480037 0 0.72954688042895111 0.49740099102570179 0 0.78701141937333097 0.4863596872951117 0 0.76096025256858746 0.52796642590137544 0 0.33473256778295157 0.69966066530847337 0 0.32284559676280822 0.65058020017585083 0 0.37079653456609218 0.67396836105764935 0 0.29999999999926641 0 0 0.34999999999912063 0 0 0.33020383807770792 0.046654937372080638 0 0.56238206809764923 0.29626424335307311 0 0.55158829735710835 0.24438139657768829 0 0.59599109452070609 0.25416509842380841 0 0.88635534601829558 0.21061780232281321 0 0.88027718961491597 0.16890685394504701 0 0.92603671991779968 0.1991855166745444 0 0.56699899717172553 0.82281570466110421 0 0.52658050753761221 0.80158066360080016 0 0.55883976872793484 0.76757105289738425 0 0.28369470181328738 0.68968160933688383 0 0.32284559676280822 0.65058020017585083 0 0.33473256778295157 0.69966066530847337 0 0.249745795115841 0.91026158950624625 0 0.20683218871455439 0.88845749477989999 0 0.2405582946985993 0.85489218398726852 0 0.086697256245001186 0.29232435988395161 0 0.095193429167380869 0.34706075402205372 0 0.044817949168197632 0.32295671268078391 0 0.32284559676280822 0.65058020017585083 0 0.28369470181328738 0.68968160933688383 0 0.26971691023508132 0.64273159393780088 0 0.71641571149007788 0.38432272985112448 0 0.75085425653037818 0.34471616597401339 0 0.76714445234970097 0.37785816942828421 0 0.45364745078062202 0.64265847742375892 0 0.48490105552598978 0.68779036798958981 0 0.44549576247412542 0.69274794457143685 0 0.099135177913415973 0.52012888817318326 0 0.048250905711434373 0.52194809630973238 0 0.07931114857148161 0.48664108117523919 0 0.914145818033962 0.25128824713029141 0 0.91514717792368905 0.30253716940241521 0 0.86914026372019537 0.28879235390796121 0 0.048250905711434373 0.52194809630973238 0 0.099135177913415973 0.52012888817318326 0 0.078148865113969124 0.55418568717746686 0 0.27458677319886232 0.04345509109650416 0 0.29999999999926641 0 0 0.33020383807770792 0.046654937372080638 0 0.32284559676280822 0.65058020017585083 0 0.36650098499977241 0.63349901458153279 0 0.37079653456609218 0.67396836105764935 0 0.13032052621771259 0.78219668480394955 0 0.086536573980427411 0.75140197551090404 0 0.12769248279288201 0.72672148533534586 0 0.57685186786456055 0.68015001521488094 0 0.58816778769119094 0.62135254926717065 0 0.6168283205305255 0.66038768182163321 0 0.45013046781376442 0.086245515831997188 0 0.48249303566887242 0.13213388349025171 0 0.43167747128525941 0.12639597047857831 0 0.68367699194708442 0.52759220806038765 0 0.72954688042895111 0.49740099102570179 0 0.72219777468854007 0.55274578832773036 0 0.65043995921956044 0.092703552080504709 0 0.61063151535650173 0.1284580669285102 0 0.59779804093187627 0.083380612143778121 0 0.42668514034547439 0.32616646409264177 0 0.41183221239241502 0.37864745067208611 0 0.38919855926755931 0.33606363419588281 0 0.67555362698366894 0.42684150091669459 0 0.62135254930833539 0.41183221236546752 0 0.66517332939226004 0.38844132890927102 0 0.08628144269722221 0.39999974570760682 0 0.095193429167380869 0.34706075402205372 0 0.1226851172606513 0.38263634438698069 0 0.47454023424457747 0.31084499390883802 0 0.47099363149017859 0.26434123964165279 0 0.51371286675838745 0.27492022896106327 0 0.36650098499977241 0.63349901458153279 0 0.41249613505695182 0.66923494817944618 0 0.37079653456609218 0.67396836105764935 0 0.92218078330803088 0.70406624354773717 0 0.95925571407652455 0.67731513989524772 0 0.96042199323752997 0.73144888142456899 0 0.31211009819520708 0.78283704572875701 0 0.26428576092257272 0.7706480622485874 0 0.30062627780373408 0.73511104613025546 0 0.35734152250828449 0.54635254901022923 0 0.37864745070398431 0.58816778765148903 0 0.32769283214427358 0.57058194179315103 0 0.1295934160234555 0.47655361622238979 0 0.084676328930990946 0.44829771481711927 0 0.12645441543072941 0.42459780729406471 0 0.85586139568210273 0.24241578171305911 0 0.88635534601829558 0.21061780232281321 0 0.914145818033962 0.25128824713029141 0 0.1295934160234555 0.47655361622238979 0 0.099135177913415973 0.52012888817318326 0 0.07931114857148161 0.48664108117523919 0 0.37864745070398431 0.58816778765148903 0 0.33724946221203828 0.60862080124685558 0 0.32769283214427358 0.57058194179315103 0 0.2423074995471827 0.54911097790611185 0 0.19722044663029201 0.53655267188017308 0 0.23040888050354941 0.50217182647226344 0 0.41249613505695182 0.66923494817944618 0 0.37890157410416908 0.7149524408337472 0 0.37079653456609218 0.67396836105764935 0 0.25122976573731842 0.723697220139219 0 0.28369470181328738 0.68968160933688383 0 0.30062627780373408 0.73511104613025546 0 0.33473256778295157 0.69966066530847337 0 0.37890157410416908 0.7149524408337472 0 0.34657064131600679 0.74821336164430585 0 0.72219777468854007 0.55274578832773036 0 0.72954688042895111 0.49740099102570179 0 0.76096025256858746 0.52796642590137544 0 0.9576641080255659 0.075211555245367073 0 0.91876238748899386 0.096953581977407333 0 0.92128973660660529 0.046450182502675907 0 0.781288108565516 0.12725693326621829 0 0.75000024196736592 0.086290204234965612 0 0.78836649178003415 0.079761454737770535 0 0.086536573980427411 0.75140197551090404 0 0.13032052621771259 0.78219668480394955 0 0.080889106072974254 0.80187427521317889 0 0.95904393918813025 0.86859389399837217 0 0.91823413878607574 0.8316336155135422 0 0.96608260887514119 0.82638992214330065 0 0.84360738243626232 0.90862147881433675 0 0.8246204827096576 0.95818836661386264 0 0.80251746205330432 0.92485161004608274 0 0.30062627780373408 0.73511104613025546 0 0.33473256778295157 0.69966066530847337 0 0.34657064131600679 0.74821336164430585 0 0.75000024196736592 0.086290204234965612 0 0.781288108565516 0.12725693326621829 0 0.73086698082406532 0.12567501296637351 0 0.79760581102748462 0.88617889053938992 0 0.76120355616150315 0.91743779977535223 0 0.75132465244709956 0.87087186864640975 0 0.16904504879648469 0.92144669420012559 0 0.13320778151830709 0.95944723287864619 0 0.1225941061546777 0.91340007374259535 0 0.57044601068512168 0.86987314095495238 0 0.61182686273854792 0.82934024363962044 0 0.62469373338335865 0.87652917741682901 0 0.95312441851197016 0.4280417684424796 0 0.90011516599611796 0.42721526287528039 0 0.92487414761692099 0.38746282296849172 0 0.91823413878607574 0.8316336155135422 0 0.95904393918813025 0.86859389399837217 0 0.91953900968354996 0.88153445228216598 0 0.60271272297068568 0.78469958023635233 0 0.61182686273854792 0.82934024363962044 0 0.56699899717172553 0.82281570466110421 0 0.92218078330803088 0.70406624354773717 0 0.88043209328530214 0.68744495006864015 0 0.91560204435319836 0.65433464099873195 0 0.76120355616150315 0.91743779977535223 0 0.71723288590496792 0.90431602374920672 0 0.75132465244709956 0.87087186864640975 0 0.27480339701924422 0.51505499509332231 0 0.2423074995471827 0.54911097790611185 0 0.23040888050354941 0.50217182647226344 0 0.29806451797012701 0.60606944101743643 0 0.2848509896301491 0.56084705287358017 0 0.32769283214427358 0.57058194179315103 0 0.72380332109952672 0.95325727168637431 0 0.71723288590496792 0.90431602374920672 0 0.76120355616150315 0.91743779977535223 0 0.13032052621771259 0.78219668480394955 0 0.12769248279288201 0.72672148533534586 0 0.16994890750234659 0.74808226729095184 0 0.086697256245001186 0.29232435988395161 0 0.044817949168197632 0.32295671268078391 0 0.041945110588267227 0.27336592719494252 0 0.67937323217120238 0.35450114370967301 0 0.71641571149007788 0.38432272985112448 0 0.66517332939226004 0.38844132890927102 0 0.079082782798763573 0.95477239955126714 0 0.041450047375335961 0.92470385240153519 0 0.078796133656434481 0.89721863941538449 0 0.13320778151830709 0.95944723287864619 0 0.16904504879648469 0.92144669420012559 0 0.1793968477965549 0.96234370287551196 0 0.65595996795162048 0.1431711648397975 0 0.65043995921956044 0.092703552080504709 0 0.6873971128182198 0.1216257713005645 0 0.1200099315339016 0.077653443122240873 0 0.078497705665231093 0.044342115043052181 0 0.1238664383937038 0.033505412743579259 0 0.64271250948253922 0.32120932146972808 0 0.64947331774475359 0.27349824373396953 0 0.67889035133130005 0.3150107979018632 0 0.35803394673857158 0.79557160693288465 0 0.31211009819520708 0.78283704572875701 0 0.34657064131600679 0.74821336164430585 0 0.27480339701924422 0.51505499509332231 0 0.31576613202503789 0.52834815541418179 0 0.2848509896301491 0.56084705287358017 0 0.92128973660660529 0.046450182502675907 0 0.91876238748899386 0.096953581977407333 0 0.88688964959594552 0.07605690132245442 0 0.093940149608076021 0.64983258879466355 0 0.14287628545576181 0.65276572538170352 0 0.12310494445153269 0.68659664419727984 0 0.68828919945127753 0.63507098816724472 0 0.70387702584996836 0.6818720668349656 0 0.65623031960550648 0.67118302373025429 0 0.70388689716415764 0.085777455944805403 0 0.75000024196736592 0.086290204234965612 0 0.73086698082406532 0.12567501296637351 0 0.27458677319886232 0.04345509109650416 0 0.33020383807770792 0.046654937372080638 0 0.29436532469989618 0.087509409999987256 0 0.33724946221203828 0.60862080124685558 0 0.29806451797012701 0.60606944101743643 0 0.32769283214427358 0.57058194179315103 0 0.31211009819520708 0.78283704572875701 0 0.30062627780373408 0.73511104613025546 0 0.34657064131600679 0.74821336164430585 0 0.61182686273854792 0.82934024363962044 0 0.57044601068512168 0.86987314095495238 0 0.56699899717172553 0.82281570466110421 0 0.90646186263273854 0.59961706802362691 0 0.85745557322751398 0.59382087560199759 0 0.87892422412296911 0.56338380428852253 0 0.28369470181328738 0.68968160933688383 0 0.33473256778295157 0.69966066530847337 0 0.30062627780373408 0.73511104613025546 0 0.471842169466482 0.7339583471671004 0 0.42325220661233459 0.72520358334629376 0 0.44549576247412542 0.69274794457143685 0 0 0.60000000000138687 0 0.041695690289667853 0.57511597037253481 0 0.044230989505697503 0.62511561136417471 0 0.48490105552598978 0.68779036798958981 0 0.471842169466482 0.7339583471671004 0 0.44549576247412542 0.69274794457143685 0 0.82216895576638893 0.047827917734555719 0 0.82139569446423799 0.098505836339831232 0 0.78836649178003415 0.079761454737770535 0 0.88574841371222357 0.38241489490992692 0 0.87667931237060925 0.33600880471748801 0 0.92062852947853768 0.34700876435878553 0 0.044230989505697503 0.62511561136417471 0 0.041695690289667853 0.57511597037253481 0 0.084358795237786804 0.59408416098681427 0 0.89945650522467213 0.91642856392935101 0 0.92323088348980031 0.95980805865613994 0 0.87348587564327129 0.95717441133561487 0 0.27547749886119471 0.9573159879648806 0 0.249745795115841 0.91026158950624625 0 0.30167211282385148 0.91342906052452066 0 0.093940149608076021 0.64983258879466355 0 0.044230989505697503 0.62511561136417471 0 0.084358795237786804 0.59408416098681427 0 0.2423074995471827 0.54911097790611185 0 0.27480339701924422 0.51505499509332231 0 0.2848509896301491 0.56084705287358017 0 0.70388689716415764 0.085777455944805403 0 0.725285539739003 0.042855270814581459 0 0.75000024196736592 0.086290204234965612 0 0.92218078330803088 0.70406624354773717 0 0.91560204435319836 0.65433464099873195 0 0.95925571407652455 0.67731513989524772 0 0.72380332109952672 0.95325727168637431 0 0.7000000000006934 1 0 0.67050590439878832 0.95866514850374962 0 0.042979225210542149 0.77508851587403038 0 0.086536573980427411 0.75140197551090404 0 0.080889106072974254 0.80187427521317889 0 0.25000000000104028 1 0 0.226446184634465 0.96008041577753644 0 0.27547749886119471 0.9573159879648806 0 0.33108658951373471 0.22752039782590491 0 0.37839515703678761 0.24039460833477799 0 0.34376728772688131 0.27428188743988902 0 0.78663319108556085 0.83744400322556323 0 0.77530719228240685 0.78958355124470847 0 0.82204322357744997 0.80362822556551139 0 0.041253068969294072 0.82505446993099607 0 0.042979225210542149 0.77508851587403038 0 0.080889106072974254 0.80187427521317889 0 0.65000000000104008 1 0 0.62282970694394424 0.95784004819930335 0 0.67050590439878832 0.95866514850374962 0 0.69850973727558974 0.28331582783127618 0 0.72697660274813125 0.25013020121300722 0 0.73950473375542025 0.29752653822589281 0 0.70387702584996836 0.6818720668349656 0 0.71724308466278397 0.72847618089464294 0 0.67046397607576003 0.71563419910606552 0 0 0.65000000000104008 0 0 0.60000000000138687 0 0.044230989505697503 0.62511561136417471 0 0.27547749886119471 0.9573159879648806 0 0.226446184634465 0.96008041577753644 0 0.249745795115841 0.91026158950624625 0 0.33020383807770792 0.046654937372080638 0 0.34999999999912063 0 0 0.37515892292865338 0.02963056172629553 0 0.72598370095931708 0.60130952856352926 0 0.77613019678972694 0.61442996883449097 0 0.73900568460309535 0.64813217424351133 0 0.308813255607987 0.30795898324078141 0 0.29679510437185269 0.2614526680727729 0 0.34376728772688131 0.27428188743988902 0 0.084676328930990946 0.44829771481711927 0 0.08628144269722221 0.39999974570760682 0 0.12645441543072941 0.42459780729406471 0 0.34376728772688131 0.27428188743988902 0 0.39412459449315229 0.29081407784202468 0 0.35448760274322261 0.32067657220971041 0 0.33108658951373471 0.22752039782590491 0 0.36574169503779902 0.1934314895932287 0 0.37839515703678761 0.24039460833477799 0 0.8332610413043825 0.85195548467094984 0 0.78663319108556085 0.83744400322556323 0 0.82204322357744997 0.80362822556551139 0 0.77613019678972694 0.61442996883449097 0 0.78742698540995471 0.66125569026062014 0 0.73900568460309535 0.64813217424351133 0 0.28369470181328738 0.68968160933688383 0 0.2369016187652471 0.6773051654083222 0 0.26971691023508132 0.64273159393780088 0 0.4195989183438848 0.043126601695698451 0 0.47458799995669187 0.043045137298084693 0 0.45013046781376442 0.086245515831997188 0 0.30105435468064079 0.43538700586074641 0 0.30936757174870949 0.4823540594895247 0 0.26429748197621128 0.46791468270143599 0 0.65000000000104008 1 0 0.60000000000138687 1 0 0.62282970694394424 0.95784004819930335 0 0.70388689716415764 0.085777455944805403 0 0.67494708607177112 0.043074418337180953 0 0.725285539739003 0.042855270814581459 0 0.57477434084313928 0.95672999821796889 0 0.52490914958749124 0.9583025525425668 0 0.54747816624180645 0.91667945069908963 0 0.29679510437185269 0.2614526680727729 0 0.33108658951373471 0.22752039782590491 0 0.34376728772688131 0.27428188743988902 0 0.043303531092998407 0.42430408369435968 0 0.08628144269722221 0.39999974570760682 0 0.084676328930990946 0.44829771481711927 0 0.95676890054449426 0.57512153927507914 0 0.90646186263273854 0.59961706802362691 0 0.9146532297943637 0.54979451485530073 0 0.041873086397989527 0.47259057028333379 0 0.043303531092998407 0.42430408369435968 0 0.084676328930990946 0.44829771481711927 0 0.32546610047556102 0.95681198156149772 0 0.30000000000124832 1 0 0.27547749886119471 0.9573159879648806 0 0.958984369262458 0.52750260598276144 0 0.95676890054449426 0.57512153927507914 0 0.9146532297943637 0.54979451485530073 0 0.72697660274813125 0.25013020121300722 0 0.77368243834988404 0.26338452677407342 0 0.73950473375542025 0.29752653822589281 0 0.42547956711856899 0.25093749777835372 0 0.45932064624376689 0.21919650604458929 0 0.47099363149017859 0.26434123964165279 0 0.37839515703678761 0.24039460833477799 0 0.42547956711856899 0.25093749777835372 0 0.39412459449315229 0.29081407784202468 0 0 0.7000000000006934 0 0 0.65000000000104008 0 0.043190802401482709 0.67573864890106461 0 0.67494708607177112 0.043074418337180953 0 0.69999999999921003 0 0 0.725285539739003 0.042855270814581459 0 0.041695690289667853 0.57511597037253481 0 0 0.55000000000173355 0 0.048250905711434373 0.52194809630973238 0 0.4195989183438848 0.043126601695698451 0 0.44999999999882923 0 0 0.47458799995669187 0.043045137298084693 0 0.57477434084313928 0.95672999821796889 0 0.55000000000173355 1 0 0.52490914958749124 0.9583025525425668 0 0.7000000000006934 1 0 0.65000000000104008 1 0 0.67050590439878832 0.95866514850374962 0 0.47482264833919668 0.95812481984236575 0 0.45000000000187229 1 0 0.42485774666253578 0.9571008829692299 0 0.958984369262458 0.52750260598276144 0 1 0.5499999999988151 0 0.95676890054449426 0.57512153927507914 0 0.041873086397989527 0.47259057028333379 0 0 0.45000000000187229 0 0.043303531092998407 0.42430408369435968 0 0.52500439185100245 0.041601305030130667 0 0.5499999999988151 0 0 0.57501949604497837 0.040793846835497673 0 0.43821850675871532 0.77365075625746837 0 0.39205752157714058 0.76121507238098352 0 0.42325220661233459 0.72520358334629376 0 0.30000000000124832 1 0 0.25000000000104028 1 0 0.27547749886119471 0.9573159879648806 0 0.35000000000145642 1 0 0.30000000000124832 1 0 0.32546610047556102 0.95681198156149772 0 0.9594820642527262 0.32414170018469329 0 0.96425864534991756 0.37431808246015269 0 0.92062852947853768 0.34700876435878553 0 0.67046397607576003 0.71563419910606552 0 0.63665510147631188 0.74970907512354268 0 0.62419143301756608 0.70167484906838873 0 0.043190802401482709 0.67573864890106461 0 0 0.65000000000104008 0 0.044230989505697503 0.62511561136417471 0 0.41259791254724759 0.2063711171850828 0 0.45932064624376689 0.21919650604458929 0 0.42547956711856899 0.25093749777835372 0 0.47458799995669187 0.043045137298084693 0 0.52500439185100245 0.041601305030130667 0 0.50022331039198309 0.08482622204910871 0 0.40400196463545568 0.80779405347688682 0 0.35803394673857158 0.79557160693288465 0 0.39205752157714058 0.76121507238098352 0 0.042979225210542149 0.77508851587403038 0 0.043278092147004753 0.72515954203661614 0 0.086536573980427411 0.75140197551090404 0 0.78570149777237552 0.31070581661539898 0 0.79844501191759076 0.35530604439194691 0 0.75085425653037818 0.34471616597401339 0 0.7523269991583279 0.69485480280021827 0 0.71724308466278397 0.72847618089464294 0 0.70387702584996836 0.6818720668349656 0 0.95676890054449426 0.57512153927507914 0 0.9573294635603885 0.62404107340216075 0 0.90646186263273854 0.59961706802362691 0 0.62500064197699601 0.042717205165360379 0 0.67494708607177112 0.043074418337180953 0 0.65043995921956044 0.092703552080504709 0 0.043303531092998407 0.42430408369435968 0 0.045396278685451208 0.37335516217484921 0 0.08628144269722221 0.39999974570760682 0 0.22392218278066409 0.63062211814817326 0 0.2108699794659287 0.58414698475168703 0 0.25604444491736661 0.59703227949720872 0 0.59758325871734785 0.91553410728099183 0 0.54747816624180645 0.91667945069908963 0 0.57044601068512168 0.86987314095495238 0 0.45013046781376442 0.086245515831997188 0 0.47458799995669187 0.043045137298084693 0 0.50022331039198309 0.08482622204910871 0 0 0.75000000000034661 0 0.043278092147004753 0.72515954203661614 0 0.042979225210542149 0.77508851587403038 0 0.32546610047556102 0.95681198156149772 0 0.27547749886119471 0.9573159879648806 0 0.30167211282385148 0.91342906052452066 0 0.42485774666253578 0.9571008829692299 0 0.37512391149682839 0.95676234790034853 0 0.39998267273679378 0.91505342693840552 0 0.47482264833919668 0.95812481984236575 0 0.42485774666253578 0.9571008829692299 0 0.44809161090723337 0.9184635160862028 0 0.82407221792128116 0.45143645534149679 0 0.83417138920290468 0.49935506278966202 0 0.78701141937333097 0.4863596872951117 0 0.78742698540995471 0.66125569026062014 0 0.7523269991583279 0.69485480280021827 0 0.73900568460309535 0.64813217424351133 0 0.95689954658273657 0.27521466662033728 0 0.9594820642527262 0.32414170018469329 0 0.91514717792368905 0.30253716940241521 0 0.40400196463545568 0.80779405347688682 0 0.39205752157714058 0.76121507238098352 0 0.43821850675871532 0.77365075625746837 0 0.71724308466278397 0.72847618089464294 0 0.68213816195750132 0.76210419066593182 0 0.67046397607576003 0.71563419910606552 0 0.086536573980427411 0.75140197551090404 0 0.085395568307063185 0.70246357202764831 0 0.12769248279288201 0.72672148533534586 0 0.52658050753761221 0.80158066360080016 0 0.48502593405217709 0.78590889853764323 0 0.51678723713650809 0.75544698268289645 0 0.80006821241160297 0.53440514447721599 0 0.81066929581266534 0.58062244154194254 0 0.76597697594051217 0.56892051838111724 0 0.76597697594051217 0.56892051838111724 0 0.77613019678972694 0.61442996883449097 0 0.72598370095931708 0.60130952856352926 0 0.57477434084313928 0.95672999821796889 0 0.54747816624180645 0.91667945069908963 0 0.59758325871734785 0.91553410728099183 0 0.086536573980427411 0.75140197551090404 0 0.043278092147004753 0.72515954203661614 0 0.085395568307063185 0.70246357202764831 0 0.42325220661233459 0.72520358334629376 0 0.39205752157714058 0.76121507238098352 0 0.37890157410416908 0.7149524408337472 0 0.68213816195750132 0.76210419066593182 0 0.63665510147631188 0.74970907512354268 0 0.67046397607576003 0.71563419910606552 0 0.68213816195750132 0.76210419066593182 0 0.6470679622688148 0.79569466377309839 0 0.63665510147631188 0.74970907512354268 0 0.725285539739003 0.042855270814581459 0 0.77287901323217156 0.041989546370536798 0 0.75000024196736592 0.086290204234965612 0 0.041278391492516713 0.22499115991508919 0 0 0.20000000000083221 0 0.043292679013788873 0.1749851196480692 0 0.77287901323217156 0.041989546370536798 0 0.79999999999947335 0 0 0.82216895576638893 0.047827917734555719 0 0.41259791254724759 0.2063711171850828 0 0.44691493017038658 0.17292842948016621 0 0.45932064624376689 0.21919650604458929 0 0.36574169503779902 0.1934314895932287 0 0.41259791254724759 0.2063711171850828 0 0.37839515703678761 0.24039460833477799 0 0.17082455476986819 0.045531505552603213 0 0.19999999999955789 0 0 0.22425375258037719 0.039809946896071528 0 0.95861957711044454 0.17501806068598341 0 1 0.19999999999955789 0 0.95964561239974433 0.22527027991937451 0 0.77368243834988404 0.26338452677407342 0 0.78570149777237552 0.31070581661539898 0 0.73950473375542025 0.29752653822589281 0 0.65043995921956044 0.092703552080504709 0 0.67494708607177112 0.043074418337180953 0 0.70388689716415764 0.085777455944805403 0 0.7523269991583279 0.69485480280021827 0 0.70387702584996836 0.6818720668349656 0 0.73900568460309535 0.64813217424351133 0 0 0.50000000000205869 0 0.041873086397989527 0.47259057028333379 0 0.048250905711434373 0.52194809630973238 0 0.50000000000205869 1 0 0.47482264833919668 0.95812481984236575 0 0.52490914958749124 0.9583025525425668 0 0.49999999999869432 0 0 0.52500439185100245 0.041601305030130667 0 0.47458799995669187 0.043045137298084693 0 0.95904393918813025 0.86859389399837217 0 0.95179169119040075 0.92010412261493535 0 0.91953900968354996 0.88153445228216598 0 0.34376728772688131 0.27428188743988902 0 0.37839515703678761 0.24039460833477799 0 0.39412459449315229 0.29081407784202468 0 0.45932064624376689 0.21919650604458929 0 0.49372894318698451 0.1853018249770636 0 0.50516362734325326 0.2311435220952355 0 0.22392218278066409 0.63062211814817326 0 0.25604444491736661 0.59703227949720872 0 0.26971691023508132 0.64273159393780088 0 0.40000000000166441 1 0 0.37512391149682839 0.95676234790034853 0 0.42485774666253578 0.9571008829692299 0 1 0.59999999999894682 0 0.9573294635603885 0.62404107340216075 0 0.95676890054449426 0.57512153927507914 0 0 0.40000000000166441 0 0.045396278685451208 0.37335516217484921 0 0.043303531092998407 0.42430408369435968 0 0.59999999999894682 0 0 0.62500064197699601 0.042717205165360379 0 0.57501949604497837 0.040793846835497673 0 0.90646186263273854 0.59961706802362691 0 0.9573294635603885 0.62404107340216075 0 0.91560204435319836 0.65433464099873195 0 0.95689954658273657 0.27521466662033728 0 1 0.29999999999926641 0 0.9594820642527262 0.32414170018469329 0 0.62500064197699601 0.042717205165360379 0 0.64999999999907843 0 0 0.67494708607177112 0.043074418337180953 0 0.74999999999934175 0 0 0.77287901323217156 0.041989546370536798 0 0.725285539739003 0.042855270814581459 0 0.39998267273679378 0.91505342693840552 0 0.37512391149682839 0.95676234790034853 0 0.35141857864979442 0.91632396264433091 0 0.8332610413043825 0.85195548467094984 0 0.79760581102748462 0.88617889053938992 0 0.78663319108556085 0.83744400322556323 0 0.045396278685451208 0.37335516217484921 0 0 0.35000000000145642 0 0.044817949168197632 0.32295671268078391 0 0 0.60000000000138687 0 0 0.55000000000173355 0 0.041695690289667853 0.57511597037253481 0 0.3999999999989749 0 0 0.44999999999882923 0 0 0.4195989183438848 0.043126601695698451 0 1 0.3999999999989749 0 1 0.44999999999882923 0 0.95312441851197016 0.4280417684424796 0 0.60000000000138687 1 0 0.55000000000173355 1 0 0.57477434084313928 0.95672999821796889 0 0.45932064624376689 0.21919650604458929 0 0.50516362734325326 0.2311435220952355 0 0.47099363149017859 0.26434123964165279 0 0.78570149777237552 0.31070581661539898 0 0.75085425653037818 0.34471616597401339 0 0.73950473375542025 0.29752653822589281 0 0.25122976573731842 0.723697220139219 0 0.2369016187652471 0.6773051654083222 0 0.28369470181328738 0.68968160933688383 0 0.36574169503779902 0.1934314895932287 0 0.4001137819986687 0.159862903385251 0 0.41259791254724759 0.2063711171850828 0 0.68105401381692787 0.2367246345384757 0 0.72697660274813125 0.25013020121300722 0 0.69850973727558974 0.28331582783127618 0 0.50000000000205869 1 0 0.45000000000187229 1 0 0.47482264833919668 0.95812481984236575 0 0 0.50000000000205869 0 0 0.45000000000187229 0 0.041873086397989527 0.47259057028333379 0 1 0.49999999999869432 0 1 0.5499999999988151 0 0.958984369262458 0.52750260598276144 0 0.49999999999869432 0 0 0.5499999999988151 0 0 0.52500439185100245 0.041601305030130667 0 0.60000000000138687 1 0 0.57477434084313928 0.95672999821796889 0 0.62282970694394424 0.95784004819930335 0 0.32256467478101009 0.82987344535239382 0 0.31211009819520708 0.78283704572875701 0 0.35803394673857158 0.79557160693288465 0 0.2369016187652471 0.6773051654083222 0 0.22392218278066409 0.63062211814817326 0 0.26971691023508132 0.64273159393780088 0 0.50516362734325326 0.2311435220952355 0 0.54016027696726976 0.1979478583885344 0 0.55158829735710835 0.24438139657768829 0 0 0.75000000000034661 0 0 0.7000000000006934 0 0.043278092147004753 0.72515954203661614 0 0.25000000000104028 1 0 0.20000000000083221 1 0 0.226446184634465 0.96008041577753644 0 0.40000000000166441 1 0 0.35000000000145642 1 0 0.37512391149682839 0.95676234790034853 0 0.75000000000034661 1 0 0.7000000000006934 1 0 0.72380332109952672 0.95325727168637431 0 1 0.59999999999894682 0 1 0.64999999999907843 0 0.9573294635603885 0.62404107340216075 0 1 0.74999999999934175 0 1 0.79999999999947335 0 0.95313496640149964 0.78172210120551022 0 0.24999999999941211 0 0 0.29999999999926641 0 0 0.27458677319886232 0.04345509109650416 0 0 0.25000000000104028 0 0 0.20000000000083221 0 0.041278391492516713 0.22499115991508919 0 0 0.40000000000166441 0 0 0.35000000000145642 0 0.045396278685451208 0.37335516217484921 0 1 0.24999999999941211 0 1 0.29999999999926641 0 0.95689954658273657 0.27521466662033728 0 0.59999999999894682 0 0 0.64999999999907843 0 0 0.62500064197699601 0.042717205165360379 0 0.74999999999934175 0 0 0.79999999999947335 0 0 0.77287901323217156 0.041989546370536798 0 0.24999999999941211 0 0 0.27458677319886232 0.04345509109650416 0 0.22425375258037719 0.039809946896071528 0 1 0.24999999999941211 0 0.95689954658273657 0.27521466662033728 0 0.95964561239974433 0.22527027991937451 0 0.76597697594051217 0.56892051838111724 0 0.81066929581266534 0.58062244154194254 0 0.77613019678972694 0.61442996883449097 0 0.78570149777237552 0.31070581661539898 0 0.83249236507827296 0.32391400365673018 0 0.79844501191759076 0.35530604439194691 0 0.78701141937333097 0.4863596872951117 0 0.83417138920290468 0.49935506278966202 0 0.80006821241160297 0.53440514447721599 0 0.79844501191759076 0.35530604439194691 0 0.84339696167179956 0.37104459320349098 0 0.8077240271188989 0.40392117147345141 0 0.16418627115288961 0.57126003086402255 0 0.19722044663029201 0.53655267188017308 0 0.2108699794659287 0.58414698475168703 0 0.041253068969294072 0.82505446993099607 0 0 0.79999999999999982 0 0.042979225210542149 0.77508851587403038 0 0.41259791254724759 0.2063711171850828 0 0.42547956711856899 0.25093749777835372 0 0.37839515703678761 0.24039460833477799 0 0.1498004539760914 0.52431375509026656 0 0.18488173396532959 0.4893689995204325 0 0.19722044663029201 0.53655267188017308 0 0.3681616852440931 0.84083004841831832 0 0.35803394673857158 0.79557160693288465 0 0.40400196463545568 0.80779405347688682 0 0.043278092147004753 0.72515954203661614 0 0 0.7000000000006934 0 0.043190802401482709 0.67573864890106461 0 0.63665510147631188 0.74970907512354268 0 0.6470679622688148 0.79569466377309839 0 0.60271272297068568 0.78469958023635233 0 0.27586158209009137 0.81823123128621722 0 0.26428576092257272 0.7706480622485874 0 0.31211009819520708 0.78283704572875701 0 0.64271250948253922 0.32120932146972808 0 0.61178777491340275 0.29319077260630311 0 0.64947331774475359 0.27349824373396953 0 0.085395568307063185 0.70246357202764831 0 0.043190802401482709 0.67573864890106461 0 0.093940149608076021 0.64983258879466355 0 0.7523269991583279 0.69485480280021827 0 0.76393843310071285 0.74197760515878497 0 0.71724308466278397 0.72847618089464294 0 0 0.55000000000173355 0 0 0.50000000000205869 0 0.048250905711434373 0.52194809630973238 0 0.44999999999882923 0 0 0.49999999999869432 0 0 0.47458799995669187 0.043045137298084693 0 0.55000000000173355 1 0 0.50000000000205869 1 0 0.52490914958749124 0.9583025525425668 0 0.51678723713650809 0.75544698268289645 0 0.48502593405217709 0.78590889853764323 0 0.471842169466482 0.7339583471671004 0 0.77368243834988404 0.26338452677407342 0 0.82051551323253635 0.27659011682778328 0 0.78570149777237552 0.31070581661539898 0 0 0.84999999999965292 0 0.041253068969294072 0.82505446993099607 0 0.039556463471678689 0.8749605126401907 0 1 0.14999999999970359 0 0.95861957711044454 0.17501806068598341 0 0.95847083245351472 0.12503748630457351 0 0.78742698540995471 0.66125569026062014 0 0.79902786143333038 0.70836608403309909 0 0.7523269991583279 0.69485480280021827 0 0.43821850675871532 0.77365075625746837 0 0.42325220661233459 0.72520358334629376 0 0.471842169466482 0.7339583471671004 0 0.45000000000187229 1 0 0.40000000000166441 1 0 0.42485774666253578 0.9571008829692299 0 1 0.5499999999988151 0 1 0.59999999999894682 0 0.95676890054449426 0.57512153927507914 0 0 0.45000000000187229 0 0 0.40000000000166441 0 0.043303531092998407 0.42430408369435968 0 0.5499999999988151 0 0 0.59999999999894682 0 0 0.57501949604497837 0.040793846835497673 0 0.8077240271188989 0.40392117147345141 0 0.85476900704125003 0.41847365778417001 0 0.82407221792128116 0.45143645534149679 0 1 0.29999999999926641 0 1 0.34999999999912063 0 0.9594820642527262 0.32414170018469329 0 0.17740148787797921 0.61819480490631962 0 0.2108699794659287 0.58414698475168703 0 0.22392218278066409 0.63062211814817326 0 0.64999999999907843 0 0 0.69999999999921003 0 0 0.67494708607177112 0.043074418337180953 0 0.69999999999921003 0 0 0.74999999999934175 0 0 0.725285539739003 0.042855270814581459 0 0 0.15000000000062411 0 0.046462992154567742 0.1238465640393773 0 0.043292679013788873 0.1749851196480692 0 0.84999999999960507 0 0 0.87256721763064804 0.039592335857390283 0 0.82216895576638893 0.047827917734555719 0 0 0.35000000000145642 0 0 0.30000000000124832 0 0.044817949168197632 0.32295671268078391 0 0 0.79999999999999982 0 0 0.75000000000034661 0 0.042979225210542149 0.77508851587403038 0 0.37512391149682839 0.95676234790034853 0 0.35000000000145642 1 0 0.32546610047556102 0.95681198156149772 0 0 0.20000000000083221 0 0 0.15000000000062411 0 0.043292679013788873 0.1749851196480692 0 0.79999999999947335 0 0 0.84999999999960507 0 0 0.82216895576638893 0.047827917734555719 0 0.71724308466278397 0.72847618089464294 0 0.72880356381820699 0.77560521466259491 0 0.68213816195750132 0.76210419066593182 0 0.45107811670233677 0.82029010820527981 0 0.43821850675871532 0.77365075625746837 0 0.48502593405217709 0.78590889853764323 0 0 0.84999999999965292 0 0 0.79999999999999982 0 0.041253068969294072 0.82505446993099607 0 0.84999999999965292 1 0 0.79999999999999982 1 0 0.8246204827096576 0.95818836661386264 0 0.14999999999970359 0 0 0.19999999999955789 0 0 0.17082455476986819 0.045531505552603213 0 1 0.14999999999970359 0 1 0.19999999999955789 0 0.95861957711044454 0.17501806068598341 0 0.58566394056543802 0.2098087108728203 0 0.62111509824638977 0.17681761550029351 0 0.63338708357124918 0.22394301413887571 0 0.9576641080255659 0.075211555245367073 0 0.95847083245351472 0.12503748630457351 0 0.91876238748899386 0.096953581977407333 0 0.41259791254724759 0.2063711171850828 0 0.4001137819986687 0.159862903385251 0 0.44691493017038658 0.17292842948016621 0 0.19999999999955789 0 0 0.24999999999941211 0 0 0.22425375258037719 0.039809946896071528 0 1 0.19999999999955789 0 1 0.24999999999941211 0 0.95964561239974433 0.22527027991937451 0 0.45932064624376689 0.21919650604458929 0 0.44691493017038658 0.17292842948016621 0 0.49372894318698451 0.1853018249770636 0 0.68213816195750132 0.76210419066593182 0 0.69369820020450235 0.80925436245211924 0 0.6470679622688148 0.79569466377309839 0 0.8332610413043825 0.85195548467094984 0 0.84360738243626232 0.90862147881433675 0 0.79760581102748462 0.88617889053938992 0 0.041450047375335961 0.92470385240153519 0 0 0.89999999999958358 0 0.039556463471678689 0.8749605126401907 0 0.9576641080255659 0.075211555245367073 0 1 0.099999999999814668 0 0.95847083245351472 0.12503748630457351 0 0.19094817228430611 0.66476077372461984 0 0.22392218278066409 0.63062211814817326 0 0.2369016187652471 0.6773051654083222 0 0.6470679622688148 0.79569466377309839 0 0.61182686273854792 0.82934024363962044 0 0.60271272297068568 0.78469958023635233 0 0 0.89999999999958358 0 0 0.84999999999965292 0 0.039556463471678689 0.8749605126401907 0 1 0.099999999999814668 0 1 0.14999999999970359 0 0.95847083245351472 0.12503748630457351 0 0.86905826382711893 0.81741461395684978 0 0.87937337662726822 0.86627320223067628 0 0.8332610413043825 0.85195548467094984 0 0.63338708357124918 0.22394301413887571 0 0.6679657043633036 0.19000774533597739 0 0.68105401381692787 0.2367246345384757 0 0.81063664368583455 0.7556786250676879 0 0.85736300927939646 0.76969307522730945 0 0.82204322357744997 0.80362822556551139 0 0.27586158209009137 0.81823123128621722 0 0.31211009819520708 0.78283704572875701 0 0.32256467478101009 0.82987344535239382 0 0.308813255607987 0.30795898324078141 0 0.34376728772688131 0.27428188743988902 0 0.35448760274322261 0.32067657220971041 0 0.085395568307063185 0.70246357202764831 0 0.043278092147004753 0.72515954203661614 0 0.043190802401482709 0.67573864890106461 0 0.15000000000062411 1 0 0.10000000000041601 1 0 0.13320778151830709 0.95944723287864619 0 1 0.84999999999960507 0 1 0.89999999999973679 0 0.95904393918813025 0.86859389399837217 0 0 0.15000000000062411 0 0 0.10000000000041601 0 0.046462992154567742 0.1238465640393773 0 0.84999999999960507 0 0 0.89999999999973679 0 0 0.87256721763064804 0.039592335857390283 0 0.82407221792128116 0.45143645534149679 0 0.86866244560929884 0.46555808453349418 0 0.83417138920290468 0.49935506278966202 0 0.50516362734325326 0.2311435220952355 0 0.49372894318698451 0.1853018249770636 0 0.54016027696726976 0.1979478583885344 0 0 0.94999999999979179 0 0 0.89999999999958358 0 0.041450047375335961 0.92470385240153519 0 0.94999999999979179 1 0 0.89999999999958358 1 0 0.92323088348980031 0.95980805865613994 0 0.049999999999899652 0 0 0.099999999999814668 0 0 0.078497705665231093 0.044342115043052181 0 1 0.049999999999899652 0 1 0.099999999999814668 0 0.9576641080255659 0.075211555245367073 0 0.1498004539760914 0.52431375509026656 0 0.19722044663029201 0.53655267188017308 0 0.16418627115288961 0.57126003086402255 0 0.55158829735710835 0.24438139657768829 0 0.54016027696726976 0.1979478583885344 0 0.58566394056543802 0.2098087108728203 0 0.1688483468874416 0.2704851293808202 0 0.2158827433059799 0.28291812180966353 0 0.18167068815541229 0.3172871949451509 0 0.78570149777237552 0.31070581661539898 0 0.82051551323253635 0.27659011682778328 0 0.83249236507827296 0.32391400365673018 0 0.49624132478598998 0.83299450029751487 0 0.48502593405217709 0.78590889853764323 0 0.52658050753761221 0.80158066360080016 0 0.7523269991583279 0.69485480280021827 0 0.79902786143333038 0.70836608403309909 0 0.76393843310071285 0.74197760515878497 0 0.80006821241160297 0.53440514447721599 0 0.84367338466678743 0.54737151998453304 0 0.81066929581266534 0.58062244154194254 0 0.17831661838250501 0.14120588524839731 0 0.1687258507709474 0.095490813383686562 0 0.21371242976322291 0.11025941475718409 0 0.32256467478101009 0.82987344535239382 0 0.35803394673857158 0.79557160693288465 0 0.3681616852440931 0.84083004841831832 0 0.79844501191759076 0.35530604439194691 0 0.83249236507827296 0.32391400365673018 0 0.84339696167179956 0.37104459320349098 0 0.13447191220747651 0.30507586359841071 0 0.1688483468874416 0.2704851293808202 0 0.18167068815541229 0.3172871949451509 0 0.29679510437185269 0.2614526680727729 0 0.2844201450795385 0.21471784711976349 0 0.33108658951373471 0.22752039782590491 0 0.16418627115288961 0.57126003086402255 0 0.2108699794659287 0.58414698475168703 0 0.17740148787797921 0.61819480490631962 0 0.28752430618081892 0.38793161926470882 0 0.33477710856986692 0.40125536742221463 0 0.30105435468064079 0.43538700586074641 0 0.35141857864979442 0.91632396264433091 0 0.32546610047556102 0.95681198156149772 0 0.30167211282385148 0.91342906052452066 0 0.57477434084313928 0.95672999821796889 0 0.59758325871734785 0.91553410728099183 0 0.62282970694394424 0.95784004819930335 0 0.093940149608076021 0.64983258879466355 0 0.043190802401482709 0.67573864890106461 0 0.044230989505697503 0.62511561136417471 0 0.40400196463545568 0.80779405347688682 0 0.43821850675871532 0.77365075625746837 0 0.45107811670233677 0.82029010820527981 0 0.8332610413043825 0.85195548467094984 0 0.87937337662726822 0.86627320223067628 0 0.84360738243626232 0.90862147881433675 0 0.8077240271188989 0.40392117147345141 0 0.84339696167179956 0.37104459320349098 0 0.85476900704125003 0.41847365778417001 0 0.35141857864979442 0.91632396264433091 0 0.37512391149682839 0.95676234790034853 0 0.32546610047556102 0.95681198156149772 0 0.17740148787797921 0.61819480490631962 0 0.22392218278066409 0.63062211814817326 0 0.19094817228430611 0.66476077372461984 0 0.33108658951373471 0.22752039782590491 0 0.31881596505099857 0.1806022236252886 0 0.36574169503779902 0.1934314895932287 0 0.71724308466278397 0.72847618089464294 0 0.76393843310071285 0.74197760515878497 0 0.72880356381820699 0.77560521466259491 0 0.68105401381692787 0.2367246345384757 0 0.71485974850635436 0.20302173631701789 0 0.72697660274813125 0.25013020121300722 0 0.1223486977679816 0.25869419840486191 0 0.1688483468874416 0.2704851293808202 0 0.13447191220747651 0.30507586359841071 0 0.77530719228240685 0.78958355124470847 0 0.81063664368583455 0.7556786250676879 0 0.82204322357744997 0.80362822556551139 0 0.68213816195750132 0.76210419066593182 0 0.72880356381820699 0.77560521466259491 0 0.69369820020450235 0.80925436245211924 0 0.6470679622688148 0.79569466377309839 0 0.6587173009471784 0.8426064063201526 0 0.61182686273854792 0.82934024363962044 0 0.63338708357124918 0.22394301413887571 0 0.62111509824638977 0.17681761550029351 0 0.6679657043633036 0.19000774533597739 0 0.82051551323253635 0.27659011682778328 0 0.80860651863157174 0.22919479276744681 0 0.85586139568210273 0.24241578171305911 0 0.15903316155193251 0.87592122887974944 0 0.1938261651588826 0.84091855678399297 0 0.20683218871455439 0.88845749477989999 0 0.20414334562883829 0.71181395789046409 0 0.2369016187652471 0.6773051654083222 0 0.25122976573731842 0.723697220139219 0 0.83135074708648937 0.14727879406695771 0 0.79638090455430577 0.1818047831815022 0 0.781288108565516 0.12725693326621829 0 0.9580541599203376 0.48181378126810881 0 0.958984369262458 0.52750260598276144 0 0.9237696379272724 0.5117909495458477 0 0.25325117912208478 0.42131329289111269 0 0.28752430618081892 0.38793161926470882 0 0.30105435468064079 0.43538700586074641 0 0.86905826382711893 0.81741461395684978 0 0.8332610413043825 0.85195548467094984 0 0.82204322357744997 0.80362822556551139 0 0.82407221792128116 0.45143645534149679 0 0.85476900704125003 0.41847365778417001 0 0.86866244560929884 0.46555808453349418 0 0.8459722039838562 0.72194057435968506 0 0.89090334707434615 0.73578105705175578 0 0.85736300927939646 0.76969307522730945 0 0.8437044172193231 0.19491917217346441 0 0.88027718961491597 0.16890685394504701 0 0.88635534601829558 0.21061780232281321 0 0.42485774666253578 0.9571008829692299 0 0.39998267273679378 0.91505342693840552 0 0.44809161090723337 0.9184635160862028 0 0.086697256245001186 0.29232435988395161 0 0.13447191220747651 0.30507586359841071 0 0.095193429167380869 0.34706075402205372 0 0.77613019678972694 0.61442996883449097 0 0.82222332964830347 0.6276275375781708 0 0.78742698540995471 0.66125569026062014 0 0.1812962633161006 0.79380832389456712 0 0.1481500207506371 0.83036676638067253 0 0.13032052621771259 0.78219668480394955 0 0.68105401381692787 0.2367246345384757 0 0.6679657043633036 0.19000774533597739 0 0.71485974850635436 0.20302173631701789 0 0.19094817228430611 0.66476077372461984 0 0.2369016187652471 0.6773051654083222 0 0.20414334562883829 0.71181395789046409 0 0.18167068815541229 0.3172871949451509 0 0.2158827433059799 0.28291812180966353 0 0.22869853433708259 0.32926601157252972 0 0.72697660274813125 0.25013020121300722 0 0.76158241945162342 0.21609838150487781 0 0.77368243834988404 0.26338452677407342 0 0.24121819135329231 0.37549898587490399 0 0.28752430618081892 0.38793161926470882 0 0.25325117912208478 0.42131329289111269 0 0.20715947445539931 0.40932976035952551 0 0.25325117912208478 0.42131329289111269 0 0.2189427238830364 0.45502863173210578 0 0.36574169503779902 0.1934314895932287 0 0.35333958142636562 0.14635843173201121 0 0.4001137819986687 0.159862903385251 0 0.85736300927939646 0.76969307522730945 0 0.90324651396166034 0.78182913440948876 0 0.86905826382711893 0.81741461395684978 0 0.2161463982504187 0.75902301619278723 0 0.25122976573731842 0.723697220139219 0 0.26428576092257272 0.7706480622485874 0 0.84360738243626232 0.90862147881433675 0 0.87937337662726822 0.86627320223067628 0 0.89945650522467213 0.91642856392935101 0 0.80860651863157174 0.22919479276744681 0 0.8437044172193231 0.19491917217346441 0 0.85586139568210273 0.24241578171305911 0 0.86905826382711893 0.81741461395684978 0 0.91823413878607574 0.8316336155135422 0 0.87937337662726822 0.86627320223067628 0 0.17312930619985761 0.44343305340039502 0 0.2189427238830364 0.45502863173210578 0 0.18488173396532959 0.4893689995204325 0 0.77368243834988404 0.26338452677407342 0 0.80860651863157174 0.22919479276744681 0 0.82051551323253635 0.27659011682778328 0 0.22859704820774959 0.8059026383813449 0 0.26428576092257272 0.7706480622485874 0 0.27586158209009137 0.81823123128621722 0 0.77613019678972694 0.61442996883449097 0 0.81066929581266534 0.58062244154194254 0 0.82222332964830347 0.6276275375781708 0 0.95964561239974433 0.22527027991937451 0 0.95689954658273657 0.27521466662033728 0 0.914145818033962 0.25128824713029141 0 0.45107811670233677 0.82029010820527981 0 0.48502593405217709 0.78590889853764323 0 0.49624132478598998 0.83299450029751487 0 0.8459722039838562 0.72194057435968506 0 0.85736300927939646 0.76969307522730945 0 0.81063664368583455 0.7556786250676879 0 0.80006821241160297 0.53440514447721599 0 0.83417138920290468 0.49935506278966202 0 0.84367338466678743 0.54737151998453304 0 0.15903316155193251 0.87592122887974944 0 0.20683218871455439 0.88845749477989999 0 0.16904504879648469 0.92144669420012559 0 0.6470679622688148 0.79569466377309839 0 0.69369820020450235 0.80925436245211924 0 0.6587173009471784 0.8426064063201526 0 0.33108658951373471 0.22752039782590491 0 0.2844201450795385 0.21471784711976349 0 0.31881596505099857 0.1806022236252886 0 0.62135254930833539 0.41183221236546752 0 0.58816778798847702 0.37864745094882041 0 0.63317152700801582 0.36470905770339551 0 0.41183221239241502 0.37864745067208611 0 0.37864745099008412 0.4118322119547283 0 0.36470988198035698 0.36684004543984189 0 0.37864745070398431 0.58816778765148903 0 0.4118322119679112 0.62135254901949388 0 0.36650098499977241 0.63349901458153279 0 0.58816778769119094 0.62135254926717065 0 0.62135254905149107 0.58816778798804847 0 0.63870019447380344 0.62757797182747166 0 0.1295934160234555 0.47655361622238979 0 0.18488173396532959 0.4893689995204325 0 0.1498004539760914 0.52431375509026656 0 0.781288108565516 0.12725693326621829 0 0.79638090455430577 0.1818047831815022 0 0.74930607584838227 0.1691845749765449 0 0.78742698540995471 0.66125569026062014 0 0.83388619085208182 0.67474124461845175 0 0.79902786143333038 0.70836608403309909 0 0.27586158209009137 0.81823123128621722 0 0.32256467478101009 0.82987344535239382 0 0.28848698890447688 0.8655815931859091 0 0.046462992154567742 0.1238465640393773 0 0.039926062821361949 0.072354143845604971 0 0.077380076123279753 0.081182952542592834 0 0.83135074708648937 0.14727879406695771 0 0.781288108565516 0.12725693326621829 0 0.82139569446423799 0.098505836339831232 0 0.2032932043406433 0.2360695538196145 0 0.1562135798751694 0.22330849058415511 0 0.1908854579234916 0.18880988001155199 0 0.58566394056543802 0.2098087108728203 0 0.57447111750545876 0.16388025523968561 0 0.62111509824638977 0.17681761550029351 0 0.1315008951001343 0.1280517926605359 0 0.14351347079908941 0.1759058857568731 0 0.090499517102997543 0.1610819462962175 0 0.5 0.65000000000000002 0 0.5463525490313631 0.64265847748484872 0 0.52918375858331101 0.68428362906404994 0 0.65000000000000002 0.5 0 0.64265847748500704 0.45364745096912412 0 0.68604905144552053 0.47156028487647722 0 0.5 0.34999999999999998 0 0.45364745098269782 0.35734152251058271 0 0.47454023424457747 0.31084499390883802 0 0.34999999999999998 0.5 0 0.35734152250828449 0.54635254901022923 0 0.31576613202503789 0.52834815541418179 0 0.40400196463545568 0.80779405347688682 0 0.45107811670233677 0.82029010820527981 0 0.41456652458338428 0.85177860555425955 0 0.1498004539760914 0.52431375509026656 0 0.16418627115288961 0.57126003086402255 0 0.11730375641754059 0.55965132004506968 0 0.85736300927939646 0.76969307522730945 0 0.89090334707434615 0.73578105705175578 0 0.90324651396166034 0.78182913440948876 0 0.2161463982504187 0.75902301619278723 0 0.26428576092257272 0.7706480622485874 0 0.22859704820774959 0.8059026383813449 0 0.86905826382711893 0.81741461395684978 0 0.90324651396166034 0.78182913440948876 0 0.91823413878607574 0.8316336155135422 0 0.20414334562883829 0.71181395789046409 0 0.25122976573731842 0.723697220139219 0 0.2161463982504187 0.75902301619278723 0 0.32088034466556331 0.35421247799751099 0 0.27496691826781949 0.34167494523959069 0 0.308813255607987 0.30795898324078141 0 0.2161463982504187 0.75902301619278723 0 0.22859704820774959 0.8059026383813449 0 0.1812962633161006 0.79380832389456712 0 0.54635254922475573 0.35734152257798829 0 0.5 0.34999999999999998 0 0.52110691462239711 0.31861945236618822 0 0.4118322119679112 0.62135254901949388 0 0.45364745078062202 0.64265847742375892 0 0.41249613505695182 0.66923494817944618 0 0.2377208955941435 0.20202212844970219 0 0.1908854579234916 0.18880988001155199 0 0.22543957329241071 0.1550991836928455 0 0.62135254905149107 0.58816778798804847 0 0.64265847742471593 0.54635254921643284 0 0.67228187977851617 0.58387115639584652 0 0.72697660274813125 0.25013020121300722 0 0.71485974850635436 0.20302173631701789 0 0.76158241945162342 0.21609838150487781 0 0.1223486977679816 0.25869419840486191 0 0.13447191220747651 0.30507586359841071 0 0.086697256245001186 0.29232435988395161 0 0.64265847742471593 0.54635254921643284 0 0.65000000000000002 0.5 0 0.68367699194708442 0.52759220806038765 0 0.1687258507709474 0.095490813383686562 0 0.1315008951001343 0.1280517926605359 0 0.1200099315339016 0.077653443122240873 0 0.17831661838250501 0.14120588524839731 0 0.1315008951001343 0.1280517926605359 0 0.1687258507709474 0.095490813383686562 0 0.27209961697692719 0.16769178946820121 0 0.2377208955941435 0.20202212844970219 0 0.22543957329241071 0.1550991836928455 0 0.1908854579234916 0.18880988001155199 0 0.14351347079908941 0.1759058857568731 0 0.17831661838250501 0.14120588524839731 0 0.77368243834988404 0.26338452677407342 0 0.76158241945162342 0.21609838150487781 0 0.80860651863157174 0.22919479276744681 0 0.1481500207506371 0.83036676638067253 0 0.15903316155193251 0.87592122887974944 0 0.1161422387149683 0.86547059657908199 0 0.84339696167179956 0.37104459320349098 0 0.83249236507827296 0.32391400365673018 0 0.87667931237060925 0.33600880471748801 0 0.81066929581266534 0.58062244154194254 0 0.84367338466678743 0.54737151998453304 0 0.85745557322751398 0.59382087560199759 0 0.1481500207506371 0.83036676638067253 0 0.1938261651588826 0.84091855678399297 0 0.15903316155193251 0.87592122887974944 0 0.77530719228240685 0.78958355124470847 0 0.78663319108556085 0.83744400322556323 0 0.74011092496818875 0.82319986864412131 0 0.20683218871455439 0.88845749477989999 0 0.1938261651588826 0.84091855678399297 0 0.2405582946985993 0.85489218398726852 0 0.72880356381820699 0.77560521466259491 0 0.76393843310071285 0.74197760515878497 0 0.77530719228240685 0.78958355124470847 0 0.36574169503779902 0.1934314895932287 0 0.31881596505099857 0.1806022236252886 0 0.35333958142636562 0.14635843173201121 0 0.8437044172193231 0.19491917217346441 0 0.83135074708648937 0.14727879406695771 0 0.88027718961491597 0.16890685394504701 0 0.79902786143333038 0.70836608403309909 0 0.83388619085208182 0.67474124461845175 0 0.8459722039838562 0.72194057435968506 0 0.8437044172193231 0.19491917217346441 0 0.79638090455430577 0.1818047831815022 0 0.83135074708648937 0.14727879406695771 0 0.80860651863157174 0.22919479276744681 0 0.76158241945162342 0.21609838150487781 0 0.79638090455430577 0.1818047831815022 0 0.61178777491340275 0.29319077260630311 0 0.56238206809764923 0.29626424335307311 0 0.59599109452070609 0.25416509842380841 0 0.78742698540995471 0.66125569026062014 0 0.82222332964830347 0.6276275375781708 0 0.83388619085208182 0.67474124461845175 0 0.1812962633161006 0.79380832389456712 0 0.1938261651588826 0.84091855678399297 0 0.1481500207506371 0.83036676638067253 0 0.1812962633161006 0.79380832389456712 0 0.22859704820774959 0.8059026383813449 0 0.1938261651588826 0.84091855678399297 0 0.1562135798751694 0.22330849058415511 0 0.1688483468874416 0.2704851293808202 0 0.1223486977679816 0.25869419840486191 0 0.71485974850635436 0.20302173631701789 0 0.6679657043633036 0.19000774533597739 0 0.7018173421871472 0.15912511383809999 0 0.17740148787797921 0.61819480490631962 0 0.19094817228430611 0.66476077372461984 0 0.14287628545576181 0.65276572538170352 0 0.36470988198035698 0.36684004543984189 0 0.32088034466556331 0.35421247799751099 0 0.35448760274322261 0.32067657220971041 0 0.83417138920290468 0.49935506278966202 0 0.86866244560929884 0.46555808453349418 0 0.88184482393306052 0.51496423190039953 0 0.308813255607987 0.30795898324078141 0 0.2625532574273699 0.29535512737037573 0 0.29679510437185269 0.2614526680727729 0 0.67077258370200354 0.88902991999225311 0 0.70516154553489196 0.85665462594482489 0 0.71723288590496792 0.90431602374920672 0 0.2032932043406433 0.2360695538196145 0 0.1688483468874416 0.2704851293808202 0 0.1562135798751694 0.22330849058415511 0 0.29679510437185269 0.2614526680727729 0 0.25012614838952452 0.2487875290004842 0 0.2844201450795385 0.21471784711976349 0 0.49372894318698451 0.1853018249770636 0 0.44691493017038658 0.17292842948016621 0 0.48249303566887242 0.13213388349025171 0 0.17831661838250501 0.14120588524839731 0 0.14351347079908941 0.1759058857568731 0 0.1315008951001343 0.1280517926605359 0 0.2032932043406433 0.2360695538196145 0 0.2158827433059799 0.28291812180966353 0 0.1688483468874416 0.2704851293808202 0 0.80860651863157174 0.22919479276744681 0 0.79638090455430577 0.1818047831815022 0 0.8437044172193231 0.19491917217346441 0 0.8459722039838562 0.72194057435968506 0 0.83388619085208182 0.67474124461845175 0 0.88043209328530214 0.68744495006864015 0 0.91514717792368905 0.30253716940241521 0 0.87667931237060925 0.33600880471748801 0 0.86914026372019537 0.28879235390796121 0 0.37864745070398431 0.58816778765148903 0 0.36650098499977241 0.63349901458153279 0 0.33724946221203828 0.60862080124685558 0 0.8459722039838562 0.72194057435968506 0 0.88043209328530214 0.68744495006864015 0 0.89090334707434615 0.73578105705175578 0 0.36470988198035698 0.36684004543984189 0 0.37864745099008412 0.4118322119547283 0 0.33477710856986692 0.40125536742221463 0 0.4001137819986687 0.159862903385251 0 0.35333958142636562 0.14635843173201121 0 0.38584632601418228 0.1131800506791984 0 0.6587173009471784 0.8426064063201526 0 0.69369820020450235 0.80925436245211924 0 0.70516154553489196 0.85665462594482489 0 0.17831661838250501 0.14120588524839731 0 0.21371242976322291 0.11025941475718409 0 0.22543957329241071 0.1550991836928455 0 0.89090334707434615 0.73578105705175578 0 0.88043209328530214 0.68744495006864015 0 0.92218078330803088 0.70406624354773717 0 0.1908854579234916 0.18880988001155199 0 0.1562135798751694 0.22330849058415511 0 0.14351347079908941 0.1759058857568731 0 0.58566394056543802 0.2098087108728203 0 0.54016027696726976 0.1979478583885344 0 0.57447111750545876 0.16388025523968561 0 0.3681616852440931 0.84083004841831832 0 0.40400196463545568 0.80779405347688682 0 0.41456652458338428 0.85177860555425955 0 0.38584632601418228 0.1131800506791984 0 0.35333958142636562 0.14635843173201121 0 0.34072008036207702 0.099098754250516286 0 0.31881596505099857 0.1806022236252886 0 0.2844201450795385 0.21471784711976349 0 0.27209961697692719 0.16769178946820121 0 0.24121819135329231 0.37549898587490399 0 0.25325117912208478 0.42131329289111269 0 0.20715947445539931 0.40932976035952551 0 0.6587173009471784 0.8426064063201526 0 0.70516154553489196 0.85665462594482489 0 0.67077258370200354 0.88902991999225311 0 0.8437044172193231 0.19491917217346441 0 0.88635534601829558 0.21061780232281321 0 0.85586139568210273 0.24241578171305911 0 0.25012614838952452 0.2487875290004842 0 0.2625532574273699 0.29535512737037573 0 0.2158827433059799 0.28291812180966353 0 0.27586158209009137 0.81823123128621722 0 0.28848698890447688 0.8655815931859091 0 0.2405582946985993 0.85489218398726852 0 0.34999999999999998 0.5 0 0.31576613202503789 0.52834815541418179 0 0.30936757174870949 0.4823540594895247 0 0.37675468828568498 0.069132711627988425 0 0.34072008036207702 0.099098754250516286 0 0.33020383807770792 0.046654937372080638 0 0.22859704820774959 0.8059026383813449 0 0.27586158209009137 0.81823123128621722 0 0.2405582946985993 0.85489218398726852 0 0.86866244560929884 0.46555808453349418 0 0.90011516599611796 0.42721526287528039 0 0.9143241462135312 0.47056519256566559 0 0.20715947445539931 0.40932976035952551 0 0.2189427238830364 0.45502863173210578 0 0.17312930619985761 0.44343305340039502 0 0.5 0.65000000000000002 0 0.52918375858331101 0.68428362906404994 0 0.48490105552598978 0.68779036798958981 0 0.68604905144552053 0.47156028487647722 0 0.64265847748500704 0.45364745096912412 0 0.67555362698366894 0.42684150091669459 0 0.63317152700801582 0.36470905770339551 0 0.58816778798847702 0.37864745094882041 0 0.59952343892079241 0.3349683879484272 0 0.64947331774475359 0.27349824373396953 0 0.69850973727558974 0.28331582783127618 0 0.67889035133130005 0.3150107979018632 0 0.52918375858331101 0.68428362906404994 0 0.5463525490313631 0.64265847748484872 0 0.57685186786456055 0.68015001521488094 0 0.61063151535650173 0.1284580669285102 0 0.56288191494810635 0.1177334652194388 0 0.59779804093187627 0.083380612143778121 0 0.47454023424457747 0.31084499390883802 0 0.45364745098269782 0.35734152251058271 0 0.42668514034547439 0.32616646409264177 0 0.45107811670233677 0.82029010820527981 0 0.46415692004836528 0.87018306883313112 0 0.41456652458338428 0.85177860555425955 0 0.17312930619985761 0.44343305340039502 0 0.18488173396532959 0.4893689995204325 0 0.1295934160234555 0.47655361622238979 0 0.46415692004836528 0.87018306883313112 0 0.49624132478598998 0.83299450029751487 0 0.51129147390510576 0.87929668389199678 0 0.82222332964830347 0.6276275375781708 0 0.81066929581266534 0.58062244154194254 0 0.85745557322751398 0.59382087560199759 0 0.29679510437185269 0.2614526680727729 0 0.2625532574273699 0.29535512737037573 0 0.25012614838952452 0.2487875290004842 0 0.63317152700801582 0.36470905770339551 0 0.64271250948253922 0.32120932146972808 0 0.67937323217120238 0.35450114370967301 0 0.61063151535650173 0.1284580669285102 0 0.57447111750545876 0.16388025523968561 0 0.56288191494810635 0.1177334652194388 0 0.25012614838952452 0.2487875290004842 0 0.2158827433059799 0.28291812180966353 0 0.2032932043406433 0.2360695538196145 0 0.1295934160234555 0.47655361622238979 0 0.1498004539760914 0.52431375509026656 0 0.099135177913415973 0.52012888817318326 0 0.86866244560929884 0.46555808453349418 0 0.85476900704125003 0.41847365778417001 0 0.90011516599611796 0.42721526287528039 0 0.09329329492433043 0.1139934779461087 0 0.046462992154567742 0.1238465640393773 0 0.077380076123279753 0.081182952542592834 0 0.308813255607987 0.30795898324078141 0 0.27496691826781949 0.34167494523959069 0 0.2625532574273699 0.29535512737037573 0 0.62111509824638977 0.17681761550029351 0 0.57447111750545876 0.16388025523968561 0 0.61063151535650173 0.1284580669285102 0 0.38584632601418228 0.1131800506791984 0 0.34072008036207702 0.099098754250516286 0 0.37675468828568498 0.069132711627988425 0 0.84367338466678743 0.54737151998453304 0 0.83417138920290468 0.49935506278966202 0 0.88184482393306052 0.51496423190039953 0 0.20715947445539931 0.40932976035952551 0 0.17312930619985761 0.44343305340039502 0 0.16236088147219871 0.3966663692298969 0 0.32088034466556331 0.35421247799751099 0 0.33477710856986692 0.40125536742221463 0 0.28752430618081892 0.38793161926470882 0 0.32088034466556331 0.35421247799751099 0 0.308813255607987 0.30795898324078141 0 0.35448760274322261 0.32067657220971041 0 0.32088034466556331 0.35421247799751099 0 0.28752430618081892 0.38793161926470882 0 0.27496691826781949 0.34167494523959069 0 0.044817949168197632 0.32295671268078391 0 0 0.30000000000124832 0 0.041945110588267227 0.27336592719494252 0 0.27496691826781949 0.34167494523959069 0 0.28752430618081892 0.38793161926470882 0 0.24121819135329231 0.37549898587490399 0 0.45107811670233677 0.82029010820527981 0 0.49624132478598998 0.83299450029751487 0 0.46415692004836528 0.87018306883313112 0 0.1938261651588826 0.84091855678399297 0 0.22859704820774959 0.8059026383813449 0 0.2405582946985993 0.85489218398726852 0 0.64271250948253922 0.32120932146972808 0 0.59952343892079241 0.3349683879484272 0 0.61178777491340275 0.29319077260630311 0 0.36470988198035698 0.36684004543984189 0 0.33477710856986692 0.40125536742221463 0 0.32088034466556331 0.35421247799751099 0 0.099135177913415973 0.52012888817318326 0 0.1498004539760914 0.52431375509026656 0 0.11730375641754059 0.55965132004506968 0 0.48249303566887242 0.13213388349025171 0 0.50022331039198309 0.08482622204910871 0 0.52473890353712549 0.1138066857361629 0 0.72145771991900087 0.44262707722827099 0 0.67555362698366894 0.42684150091669459 0 0.71641571149007788 0.38432272985112448 0 0.85736300927939646 0.76969307522730945 0 0.86905826382711893 0.81741461395684978 0 0.82204322357744997 0.80362822556551139 0 0 0.25000000000104028 0 0.041278391492516713 0.22499115991508919 0 0.041945110588267227 0.27336592719494252 0 0.79902786143333038 0.70836608403309909 0 0.8459722039838562 0.72194057435968506 0 0.81063664368583455 0.7556786250676879 0 0.090499517102997543 0.1610819462962175 0 0.14351347079908941 0.1759058857568731 0 0.1106134038801895 0.2114835736645129 0 0.86866244560929884 0.46555808453349418 0 0.9143241462135312 0.47056519256566559 0 0.88184482393306052 0.51496423190039953 0 0.33724946221203828 0.60862080124685558 0 0.36650098499977241 0.63349901458153279 0 0.32284559676280822 0.65058020017585083 0 0.72145771991900087 0.44262707722827099 0 0.71641571149007788 0.38432272985112448 0 0.76141480252372085 0.41569539738195288 0 0.6679657043633036 0.19000774533597739 0 0.62111509824638977 0.17681761550029351 0 0.65595996795162048 0.1431711648397975 0 0.76393843310071285 0.74197760515878497 0 0.79902786143333038 0.70836608403309909 0 0.81063664368583455 0.7556786250676879 0 0.2032932043406433 0.2360695538196145 0 0.1908854579234916 0.18880988001155199 0 0.2377208955941435 0.20202212844970219 0 0.63870019447380344 0.62757797182747166 0 0.68828919945127753 0.63507098816724472 0 0.65623031960550648 0.67118302373025429 0 0.63317152700801582 0.36470905770339551 0 0.59952343892079241 0.3349683879484272 0 0.64271250948253922 0.32120932146972808 0 0.30936757174870949 0.4823540594895247 0 0.31576613202503789 0.52834815541418179 0 0.27480339701924422 0.51505499509332231 0 0.1562135798751694 0.22330849058415511 0 0.1223486977679816 0.25869419840486191 0 0.1106134038801895 0.2114835736645129 0 0.68604905144552053 0.47156028487647722 0 0.67555362698366894 0.42684150091669459 0 0.72145771991900087 0.44262707722827099 0 0.48502593405217709 0.78590889853764323 0 0.43821850675871532 0.77365075625746837 0 0.471842169466482 0.7339583471671004 0 0.77530719228240685 0.78958355124470847 0 0.76393843310071285 0.74197760515878497 0 0.81063664368583455 0.7556786250676879 0 0.14351347079908941 0.1759058857568731 0 0.1562135798751694 0.22330849058415511 0 0.1106134038801895 0.2114835736645129 0 0.62111509824638977 0.17681761550029351 0 0.61063151535650173 0.1284580669285102 0 0.65595996795162048 0.1431711648397975 0 0.52918375858331101 0.68428362906404994 0 0.57685186786456055 0.68015001521488094 0 0.54823975024879701 0.72320703166517397 0 0.54016027696726976 0.1979478583885344 0 0.49372894318698451 0.1853018249770636 0 0.52818793375758344 0.1514145846346599 0 0.27209961697692719 0.16769178946820121 0 0.2844201450795385 0.21471784711976349 0 0.2377208955941435 0.20202212844970219 0 0.2844201450795385 0.21471784711976349 0 0.25012614838952452 0.2487875290004842 0 0.2377208955941435 0.20202212844970219 0 0.7018173421871472 0.15912511383809999 0 0.6679657043633036 0.19000774533597739 0 0.65595996795162048 0.1431711648397975 0 0.25012614838952452 0.2487875290004842 0 0.2032932043406433 0.2360695538196145 0 0.2377208955941435 0.20202212844970219 0 0.76158241945162342 0.21609838150487781 0 0.71485974850635436 0.20302173631701789 0 0.74930607584838227 0.1691845749765449 0 0.79638090455430577 0.1818047831815022 0 0.76158241945162342 0.21609838150487781 0 0.74930607584838227 0.1691845749765449 0 0.71485974850635436 0.20302173631701789 0 0.7018173421871472 0.15912511383809999 0 0.74930607584838227 0.1691845749765449 0 0.88027718961491597 0.16890685394504701 0 0.83135074708648937 0.14727879406695771 0 0.87101575915054075 0.1152914960286778 0 0.62500064197699601 0.042717205165360379 0 0.65043995921956044 0.092703552080504709 0 0.59779804093187627 0.083380612143778121 0 0.084358795237786804 0.59408416098681427 0 0.11730375641754059 0.55965132004506968 0 0.13260578469676379 0.60532077463569189 0 0.70388689716415764 0.085777455944805403 0 0.73086698082406532 0.12567501296637351 0 0.6873971128182198 0.1216257713005645 0 0.49372894318698451 0.1853018249770636 0 0.48249303566887242 0.13213388349025171 0 0.52818793375758344 0.1514145846346599 0 0.31881596505099857 0.1806022236252886 0 0.27209961697692719 0.16769178946820121 0 0.3065032166489845 0.13372356207151201 0 0.51129147390510576 0.87929668389199678 0 0.54747816624180645 0.91667945069908963 0 0.49512499483819977 0.91684168198255889 0 0.35333958142636562 0.14635843173201121 0 0.31881596505099857 0.1806022236252886 0 0.3065032166489845 0.13372356207151201 0 0.34072008036207702 0.099098754250516286 0 0.35333958142636562 0.14635843173201121 0 0.3065032166489845 0.13372356207151201 0 0.76141480252372085 0.41569539738195288 0 0.71641571149007788 0.38432272985112448 0 0.76714445234970097 0.37785816942828421 0 0.57447111750545876 0.16388025523968561 0 0.54016027696726976 0.1979478583885344 0 0.52818793375758344 0.1514145846346599 0 0.2625532574273699 0.29535512737037573 0 0.27496691826781949 0.34167494523959069 0 0.22869853433708259 0.32926601157252972 0 0.27496691826781949 0.34167494523959069 0 0.24121819135329231 0.37549898587490399 0 0.22869853433708259 0.32926601157252972 0 0.70516154553489196 0.85665462594482489 0 0.69369820020450235 0.80925436245211924 0 0.74011092496818875 0.82319986864412131 0 0.72880356381820699 0.77560521466259491 0 0.77530719228240685 0.78958355124470847 0 0.74011092496818875 0.82319986864412131 0 0.56288191494810635 0.1177334652194388 0 0.57447111750545876 0.16388025523968561 0 0.52818793375758344 0.1514145846346599 0 0.2158827433059799 0.28291812180966353 0 0.2625532574273699 0.29535512737037573 0 0.22869853433708259 0.32926601157252972 0 0.1908854579234916 0.18880988001155199 0 0.17831661838250501 0.14120588524839731 0 0.22543957329241071 0.1550991836928455 0 0.078497705665231093 0.044342115043052181 0 0.1200099315339016 0.077653443122240873 0 0.077380076123279753 0.081182952542592834 0 0.095193429167380869 0.34706075402205372 0 0.13447191220747651 0.30507586359841071 0 0.14759089761968719 0.3509122631260736 0 0.2108699794659287 0.58414698475168703 0 0.19722044663029201 0.53655267188017308 0 0.2423074995471827 0.54911097790611185 0 0.69369820020450235 0.80925436245211924 0 0.72880356381820699 0.77560521466259491 0 0.74011092496818875 0.82319986864412131 0 0.83135074708648937 0.14727879406695771 0 0.82139569446423799 0.098505836339831232 0 0.87101575915054075 0.1152914960286778 0 0.70387702584996836 0.6818720668349656 0 0.67046397607576003 0.71563419910606552 0 0.65623031960550648 0.67118302373025429 0 0.1947831112321787 0.36316009751801342 0 0.16236088147219871 0.3966663692298969 0 0.14759089761968719 0.3509122631260736 0 0.95689954658273657 0.27521466662033728 0 0.91514717792368905 0.30253716940241521 0 0.914145818033962 0.25128824713029141 0 0.18167068815541229 0.3172871949451509 0 0.22869853433708259 0.32926601157252972 0 0.1947831112321787 0.36316009751801342 0 0.91560204435319836 0.65433464099873195 0 0.88043209328530214 0.68744495006864015 0 0.86737199778504614 0.6412725358480037 0 0.84999999999965292 1 0 0.8246204827096576 0.95818836661386264 0 0.87348587564327129 0.95717441133561487 0 0.20715947445539931 0.40932976035952551 0 0.16236088147219871 0.3966663692298969 0 0.1947831112321787 0.36316009751801342 0 0.82051551323253635 0.27659011682778328 0 0.85586139568210273 0.24241578171305911 0 0.86914026372019537 0.28879235390796121 0 0.87667931237060925 0.33600880471748801 0 0.83249236507827296 0.32391400365673018 0 0.86914026372019537 0.28879235390796121 0 0.4195989183438848 0.043126601695698451 0 0.37675468828568498 0.069132711627988425 0 0.37515892292865338 0.02963056172629553 0 0.92323088348980031 0.95980805865613994 0 0.89999999999958358 1 0 0.87348587564327129 0.95717441133561487 0 0.27209961697692719 0.16769178946820121 0 0.22543957329241071 0.1550991836928455 0 0.26035521598548989 0.12213849306585089 0 0.82139569446423799 0.098505836339831232 0 0.781288108565516 0.12725693326621829 0 0.78836649178003415 0.079761454737770535 0 0.59758325871734785 0.91553410728099183 0 0.57044601068512168 0.86987314095495238 0 0.62469373338335865 0.87652917741682901 0 0.3065032166489845 0.13372356207151201 0 0.27209961697692719 0.16769178946820121 0 0.26035521598548989 0.12213849306585089 0 0.78663319108556085 0.83744400322556323 0 0.79760581102748462 0.88617889053938992 0 0.75132465244709956 0.87087186864640975 0 0.70516154553489196 0.85665462594482489 0 0.74011092496818875 0.82319986864412131 0 0.75132465244709956 0.87087186864640975 0 0.22543957329241071 0.1550991836928455 0 0.21371242976322291 0.11025941475718409 0 0.26035521598548989 0.12213849306585089 0 0.22869853433708259 0.32926601157252972 0 0.24121819135329231 0.37549898587490399 0 0.1947831112321787 0.36316009751801342 0 0.71641571149007788 0.38432272985112448 0 0.67555362698366894 0.42684150091669459 0 0.66517332939226004 0.38844132890927102 0 0.33020383807770792 0.046654937372080638 0 0.34072008036207702 0.099098754250516286 0 0.29436532469989618 0.087509409999987256 0 0.24121819135329231 0.37549898587490399 0 0.20715947445539931 0.40932976035952551 0 0.1947831112321787 0.36316009751801342 0 0.18167068815541229 0.3172871949451509 0 0.1947831112321787 0.36316009751801342 0 0.14759089761968719 0.3509122631260736 0 0.9143241462135312 0.47056519256566559 0 0.9580541599203376 0.48181378126810881 0 0.9237696379272724 0.5117909495458477 0 0.25325117912208478 0.42131329289111269 0 0.30105435468064079 0.43538700586074641 0 0.26429748197621128 0.46791468270143599 0 0.82139569446423799 0.098505836339831232 0 0.82216895576638893 0.047827917734555719 0 0.853016395635531 0.075593267172701595 0 0.39205752157714058 0.76121507238098352 0 0.35803394673857158 0.79557160693288465 0 0.34657064131600679 0.74821336164430585 0 0.10000000000041601 1 0 0.050000000000207989 1 0 0.079082782798763573 0.95477239955126714 0 1 0.89999999999973679 0 1 0.94999999999986839 0 0.95179169119040075 0.92010412261493535 0 0 0.10000000000041601 0 0 0.050000000000207989 0 0.039926062821361949 0.072354143845604971 0 0.89999999999973679 0 0 0.94999999999986839 0 0 0.92128973660660529 0.046450182502675907 0 0.74011092496818875 0.82319986864412131 0 0.78663319108556085 0.83744400322556323 0 0.75132465244709956 0.87087186864640975 0 0.41249613505695182 0.66923494817944618 0 0.45364745078062202 0.64265847742375892 0 0.44549576247412542 0.69274794457143685 0 0.92487414761692099 0.38746282296849172 0 0.88574841371222357 0.38241489490992692 0 0.92062852947853768 0.34700876435878553 0 0.83249236507827296 0.32391400365673018 0 0.82051551323253635 0.27659011682778328 0 0.86914026372019537 0.28879235390796121 0 0.15903316155193251 0.87592122887974944 0 0.16904504879648469 0.92144669420012559 0 0.1225941061546777 0.91340007374259535 0 0.88043209328530214 0.68744495006864015 0 0.83388619085208182 0.67474124461845175 0 0.86737199778504614 0.6412725358480037 0 0.1812962633161006 0.79380832389456712 0 0.13032052621771259 0.78219668480394955 0 0.16994890750234659 0.74808226729095184 0 0.11730375641754059 0.55965132004506968 0 0.084358795237786804 0.59408416098681427 0 0.078148865113969124 0.55418568717746686 0 0.20414334562883829 0.71181395789046409 0 0.2161463982504187 0.75902301619278723 0 0.16994890750234659 0.74808226729095184 0 0.82222332964830347 0.6276275375781708 0 0.85745557322751398 0.59382087560199759 0 0.86737199778504614 0.6412725358480037 0 0 0.30000000000124832 0 0 0.25000000000104028 0 0.041945110588267227 0.27336592719494252 0 0.13447191220747651 0.30507586359841071 0 0.18167068815541229 0.3172871949451509 0 0.14759089761968719 0.3509122631260736 0 0.47482264833919668 0.95812481984236575 0 0.44809161090723337 0.9184635160862028 0 0.49512499483819977 0.91684168198255889 0 0.95312441851197016 0.4280417684424796 0 1 0.44999999999882923 0 0.9580541599203376 0.48181378126810881 0 1 0.49999999999869432 0 0.958984369262458 0.52750260598276144 0 0.9580541599203376 0.48181378126810881 0 0.11730375641754059 0.55965132004506968 0 0.16418627115288961 0.57126003086402255 0 0.13260578469676379 0.60532077463569189 0 0.17740148787797921 0.61819480490631962 0 0.14287628545576181 0.65276572538170352 0 0.13260578469676379 0.60532077463569189 0 0.30936757174870949 0.4823540594895247 0 0.27480339701924422 0.51505499509332231 0 0.26429748197621128 0.46791468270143599 0 0.6587173009471784 0.8426064063201526 0 0.67077258370200354 0.88902991999225311 0 0.62469373338335865 0.87652917741682901 0 0.17312930619985761 0.44343305340039502 0 0.1295934160234555 0.47655361622238979 0 0.12645441543072941 0.42459780729406471 0 0.20414334562883829 0.71181395789046409 0 0.16994890750234659 0.74808226729095184 0 0.1604486902667418 0.69825763163569143 0 0.43167747128525941 0.12639597047857831 0 0.38584632601418228 0.1131800506791984 0 0.41172058133126332 0.082396653063404574 0 0.71723288590496792 0.90431602374920672 0 0.70516154553489196 0.85665462594482489 0 0.75132465244709956 0.87087186864640975 0 0.95313496640149964 0.78172210120551022 0 1 0.79999999999947335 0 0.96608260887514119 0.82638992214330065 0 0.25604444491736661 0.59703227949720872 0 0.2108699794659287 0.58414698475168703 0 0.2423074995471827 0.54911097790611185 0 0.89999999999958358 1 0 0.84999999999965292 1 0 0.87348587564327129 0.95717441133561487 0 0.30167211282385148 0.91342906052452066 0 0.28848698890447688 0.8655815931859091 0 0.33320259325766682 0.87426651443103465 0 0.69850973727558974 0.28331582783127618 0 0.73950473375542025 0.29752653822589281 0 0.71236340107984786 0.3295169019878878 0 0.34072008036207702 0.099098754250516286 0 0.3065032166489845 0.13372356207151201 0 0.29436532469989618 0.087509409999987256 0 0.4001137819986687 0.159862903385251 0 0.38584632601418228 0.1131800506791984 0 0.43167747128525941 0.12639597047857831 0 1 0.84999999999960507 0 0.95904393918813025 0.86859389399837217 0 0.96608260887514119 0.82638992214330065 0 0.19722044663029201 0.53655267188017308 0 0.18488173396532959 0.4893689995204325 0 0.23040888050354941 0.50217182647226344 0 0.50516362734325326 0.2311435220952355 0 0.55158829735710835 0.24438139657768829 0 0.51371286675838745 0.27492022896106327 0 0.48249303566887242 0.13213388349025171 0 0.44691493017038658 0.17292842948016621 0 0.43167747128525941 0.12639597047857831 0 0.35141857864979442 0.91632396264433091 0 0.30167211282385148 0.91342906052452066 0 0.33320259325766682 0.87426651443103465 0 0.91560204435319836 0.65433464099873195 0 0.9573294635603885 0.62404107340216075 0 0.95925571407652455 0.67731513989524772 0 0.59779804093187627 0.083380612143778121 0 0.56288191494810635 0.1177334652194388 0 0.54833755324855737 0.07939687727850997 0 0.3065032166489845 0.13372356207151201 0 0.26035521598548989 0.12213849306585089 0 0.29436532469989618 0.087509409999987256 0 0.71723288590496792 0.90431602374920672 0 0.72380332109952672 0.95325727168637431 0 0.68592650189256854 0.92340416053048568 0 0.39412459449315229 0.29081407784202468 0 0.42547956711856899 0.25093749777835372 0 0.43836463353839039 0.28862085465270221 0 0.63338708357124918 0.22394301413887571 0 0.68105401381692787 0.2367246345384757 0 0.64947331774475359 0.27349824373396953 0 0.50022331039198309 0.08482622204910871 0 0.52500439185100245 0.041601305030130667 0 0.54833755324855737 0.07939687727850997 0 0.42668514034547439 0.32616646409264177 0 0.39412459449315229 0.29081407784202468 0 0.43836463353839039 0.28862085465270221 0 0.57501949604497837 0.040793846835497673 0 0.62500064197699601 0.042717205165360379 0 0.59779804093187627 0.083380612143778121 0 0.54747816624180645 0.91667945069908963 0 0.52490914958749124 0.9583025525425668 0 0.49512499483819977 0.91684168198255889 0 0.83388619085208182 0.67474124461845175 0 0.82222332964830347 0.6276275375781708 0 0.86737199778504614 0.6412725358480037 0 0.95312441851197016 0.4280417684424796 0 0.92487414761692099 0.38746282296849172 0 0.96425864534991756 0.37431808246015269 0 1 0.64999999999907843 0 1 0.69999999999921003 0 0.95925571407652455 0.67731513989524772 0 0.1315008951001343 0.1280517926605359 0 0.090499517102997543 0.1610819462962175 0 0.09329329492433043 0.1139934779461087 0 0.67046397607576003 0.71563419910606552 0 0.62419143301756608 0.70167484906838873 0 0.65623031960550648 0.67118302373025429 0 0.72380332109952672 0.95325727168637431 0 0.76120355616150315 0.91743779977535223 0 0.77644581214580399 0.96078718619433512 0 0.084358795237786804 0.59408416098681427 0 0.041695690289667853 0.57511597037253481 0 0.078148865113969124 0.55418568717746686 0 0.1161422387149683 0.86547059657908199 0 0.15903316155193251 0.87592122887974944 0 0.1225941061546777 0.91340007374259535 0 0.14999999999970359 0 0 0.17082455476986819 0.045531505552603213 0 0.1238664383937038 0.033505412743579259 0 0.26429748197621128 0.46791468270143599 0 0.27480339701924422 0.51505499509332231 0 0.23040888050354941 0.50217182647226344 0 0.078497705665231093 0.044342115043052181 0 0.099999999999814668 0 0 0.1238664383937038 0.033505412743579259 0 0.58816778769119094 0.62135254926717065 0 0.63870019447380344 0.62757797182747166 0 0.6168283205305255 0.66038768182163321 0 0.95964561239974433 0.22527027991937451 0 0.914145818033962 0.25128824713029141 0 0.92603671991779968 0.1991855166745444 0 0.62419143301756608 0.70167484906838873 0 0.57685186786456055 0.68015001521488094 0 0.6168283205305255 0.66038768182163321 0 0.13320778151830709 0.95944723287864619 0 0.10000000000041601 1 0 0.079082782798763573 0.95477239955126714 0 0.95904393918813025 0.86859389399837217 0 1 0.89999999999973679 0 0.95179169119040075 0.92010412261493535 0 0.046462992154567742 0.1238465640393773 0 0 0.10000000000041601 0 0.039926062821361949 0.072354143845604971 0 0.87256721763064804 0.039592335857390283 0 0.89999999999973679 0 0 0.92128973660660529 0.046450182502675907 0 0.91876238748899386 0.096953581977407333 0 0.95847083245351472 0.12503748630457351 0 0.92014482768696004 0.1484082597947631 0 1 0.69999999999921003 0 1 0.74999999999934175 0 0.96042199323752997 0.73144888142456899 0 0.32256467478101009 0.82987344535239382 0 0.3681616852440931 0.84083004841831832 0 0.33320259325766682 0.87426651443103465 0 0.35448760274322261 0.32067657220971041 0 0.39412459449315229 0.29081407784202468 0 0.38919855926755931 0.33606363419588281 0 0.8077240271188989 0.40392117147345141 0 0.76141480252372085 0.41569539738195288 0 0.76714445234970097 0.37785816942828421 0 0.2161463982504187 0.75902301619278723 0 0.1812962633161006 0.79380832389456712 0 0.16994890750234659 0.74808226729095184 0 0.62419143301756608 0.70167484906838873 0 0.63665510147631188 0.74970907512354268 0 0.59329989081147261 0.73801529915239183 0 0.67050590439878832 0.95866514850374962 0 0.62282970694394424 0.95784004819930335 0 0.64391761147589655 0.9195510983038373 0 0.12645441543072941 0.42459780729406471 0 0.08628144269722221 0.39999974570760682 0 0.1226851172606513 0.38263634438698069 0 0.16236088147219871 0.3966663692298969 0 0.17312930619985761 0.44343305340039502 0 0.12645441543072941 0.42459780729406471 0 0.75000000000034661 1 0 0.72380332109952672 0.95325727168637431 0 0.77644581214580399 0.96078718619433512 0 0.9594820642527262 0.32414170018469329 0 1 0.34999999999912063 0 0.96425864534991756 0.37431808246015269 0 0.2189427238830364 0.45502863173210578 0 0.25325117912208478 0.42131329289111269 0 0.26429748197621128 0.46791468270143599 0 0.96425864534991756 0.37431808246015269 0 0.92487414761692099 0.38746282296849172 0 0.92062852947853768 0.34700876435878553 0 0.16418627115288961 0.57126003086402255 0 0.17740148787797921 0.61819480490631962 0 0.13260578469676379 0.60532077463569189 0 0.61182686273854792 0.82934024363962044 0 0.6587173009471784 0.8426064063201526 0 0.62469373338335865 0.87652917741682901 0 0.78701141937333097 0.4863596872951117 0 0.80006821241160297 0.53440514447721599 0 0.76096025256858746 0.52796642590137544 0 1 0.3999999999989749 0 0.95312441851197016 0.4280417684424796 0 0.96425864534991756 0.37431808246015269 0 0.92487414761692099 0.38746282296849172 0 0.90011516599611796 0.42721526287528039 0 0.88574841371222357 0.38241489490992692 0 0.226446184634465 0.96008041577753644 0 0.1793968477965549 0.96234370287551196 0 0.20823450653860051 0.92462317548637118 0 0.8246204827096576 0.95818836661386264 0 0.79999999999999982 1 0 0.77644581214580399 0.96078718619433512 0 0.226446184634465 0.96008041577753644 0 0.20000000000083221 1 0 0.1793968477965549 0.96234370287551196 0 0.37890157410416908 0.7149524408337472 0 0.39205752157714058 0.76121507238098352 0 0.34657064131600679 0.74821336164430585 0 0.58566394056543802 0.2098087108728203 0 0.63338708357124918 0.22394301413887571 0 0.59599109452070609 0.25416509842380841 0 0.14287628545576181 0.65276572538170352 0 0.19094817228430611 0.66476077372461984 0 0.1604486902667418 0.69825763163569143 0 0.15000000000062411 1 0 0.13320778151830709 0.95944723287864619 0 0.1793968477965549 0.96234370287551196 0 0.914145818033962 0.25128824713029141 0 0.88635534601829558 0.21061780232281321 0 0.92603671991779968 0.1991855166745444 0 0.1106134038801895 0.2114835736645129 0 0.1223486977679816 0.25869419840486191 0 0.079185158514327877 0.243474468220131 0 0.16994890750234659 0.74808226729095184 0 0.12769248279288201 0.72672148533534586 0 0.1604486902667418 0.69825763163569143 0 0.781288108565516 0.12725693326621829 0 0.74930607584838227 0.1691845749765449 0 0.73086698082406532 0.12567501296637351 0 0.39412459449315229 0.29081407784202468 0 0.42668514034547439 0.32616646409264177 0 0.38919855926755931 0.33606363419588281 0 0.048250905711434373 0.52194809630973238 0 0.041873086397989527 0.47259057028333379 0 0.07931114857148161 0.48664108117523919 0 0.82407221792128116 0.45143645534149679 0 0.78701141937333097 0.4863596872951117 0 0.78927306009656339 0.44019515911906121 0 0.041253068969294072 0.82505446993099607 0 0.080889106072974254 0.80187427521317889 0 0.076715938302104131 0.84905817394603778 0 0.085395568307063185 0.70246357202764831 0 0.093940149608076021 0.64983258879466355 0 0.12310494445153269 0.68659664419727984 0 0.79844501191759076 0.35530604439194691 0 0.8077240271188989 0.40392117147345141 0 0.76714445234970097 0.37785816942828421 0 0.45013046781376442 0.086245515831997188 0 0.43167747128525941 0.12639597047857831 0 0.41172058133126332 0.082396653063404574 0 0.77287901323217156 0.041989546370536798 0 0.82216895576638893 0.047827917734555719 0 0.78836649178003415 0.079761454737770535 0 0.37675468828568498 0.069132711627988425 0 0.33020383807770792 0.046654937372080638 0 0.37515892292865338 0.02963056172629553 0 0.84339696167179956 0.37104459320349098 0 0.87667931237060925 0.33600880471748801 0 0.88574841371222357 0.38241489490992692 0 0.37890157410416908 0.7149524408337472 0 0.33473256778295157 0.69966066530847337 0 0.37079653456609218 0.67396836105764935 0 0.90011516599611796 0.42721526287528039 0 0.85476900704125003 0.41847365778417001 0 0.88574841371222357 0.38241489490992692 0 0.3999999999989749 0 0 0.4195989183438848 0.043126601695698451 0 0.37515892292865338 0.02963056172629553 0 0.080889106072974254 0.80187427521317889 0 0.13032052621771259 0.78219668480394955 0 0.1103329914269283 0.82705543859900488 0 0.65043995921956044 0.092703552080504709 0 0.70388689716415764 0.085777455944805403 0 0.6873971128182198 0.1216257713005645 0 0.2189427238830364 0.45502863173210578 0 0.26429748197621128 0.46791468270143599 0 0.23040888050354941 0.50217182647226344 0 1 1 0 0.94999999999979179 1 0 0.96339745962140277 0.9633974596214232 0 1 0.94999999999986839 0 1 1 0 0.96339745962140277 0.9633974596214232 0 0.050000000000207989 1 0 0 1 0 0.03660254037858459 0.96339745962141543 0 0 1 0 0 0.94999999999979179 0 0.03660254037858459 0.96339745962141543 0 0 0.050000000000207989 0 0 0 0 0.036602540378321891 0.036602540378404519 0 0.94999999999986839 0 0 1 0 0 0.96339745962160295 0.036602540378334887 0 0 0 0 0.049999999999899652 0 0 0.036602540378321891 0.036602540378404519 0 1 0 0 1 0.049999999999899652 0 0.96339745962160295 0.036602540378334887 0 0.44691493017038658 0.17292842948016621 0 0.4001137819986687 0.159862903385251 0 0.43167747128525941 0.12639597047857831 0 0.76597697594051217 0.56892051838111724 0 0.72598370095931708 0.60130952856352926 0 0.72219777468854007 0.55274578832773036 0 0.87937337662726822 0.86627320223067628 0 0.91823413878607574 0.8316336155135422 0 0.91953900968354996 0.88153445228216598 0 0.88184482393306052 0.51496423190039953 0 0.9146532297943637 0.54979451485530073 0 0.87892422412296911 0.56338380428852253 0 0.49624132478598998 0.83299450029751487 0 0.52658050753761221 0.80158066360080016 0 0.53431166281711107 0.84131213868127375 0 0.54823975024879701 0.72320703166517397 0 0.51678723713650809 0.75544698268289645 0 0.51052784273365992 0.71661544304345504 0 0.41183221239241502 0.37864745067208611 0 0.36470988198035698 0.36684004543984189 0 0.38919855926755931 0.33606363419588281 0 0.62135254930833539 0.41183221236546752 0 0.63317152700801582 0.36470905770339551 0 0.66517332939226004 0.38844132890927102 0 0.72380332109952672 0.95325727168637431 0 0.67050590439878832 0.95866514850374962 0 0.68592650189256854 0.92340416053048568 0 0.3681616852440931 0.84083004841831832 0 0.41456652458338428 0.85177860555425955 0 0.38008277838748239 0.8815801154353875 0 0.9146532297943637 0.54979451485530073 0 0.90646186263273854 0.59961706802362691 0 0.87892422412296911 0.56338380428852253 0 0.13032052621771259 0.78219668480394955 0 0.1481500207506371 0.83036676638067253 0 0.1103329914269283 0.82705543859900488 0 1 0.44999999999882923 0 1 0.49999999999869432 0 0.9580541599203376 0.48181378126810881 0 0.57501949604497837 0.040793846835497673 0 0.59779804093187627 0.083380612143778121 0 0.54833755324855737 0.07939687727850997 0 0.84367338466678743 0.54737151998453304 0 0.88184482393306052 0.51496423190039953 0 0.87892422412296911 0.56338380428852253 0 0.043292679013788873 0.1749851196480692 0 0.090499517102997543 0.1610819462962175 0 0.072228091112011145 0.1999875902574284 0 0.32284559676280822 0.65058020017585083 0 0.26971691023508132 0.64273159393780088 0 0.29806451797012701 0.60606944101743643 0 0.1106134038801895 0.2114835736645129 0 0.079185158514327877 0.243474468220131 0 0.072228091112011145 0.1999875902574284 0 0.1200099315339016 0.077653443122240873 0 0.1315008951001343 0.1280517926605359 0 0.09329329492433043 0.1139934779461087 0 0.095193429167380869 0.34706075402205372 0 0.14759089761968719 0.3509122631260736 0 0.1226851172606513 0.38263634438698069 0 0.52918375858331101 0.68428362906404994 0 0.54823975024879701 0.72320703166517397 0 0.51052784273365992 0.71661544304345504 0 1 0.79999999999947335 0 1 0.84999999999960507 0 0.96608260887514119 0.82638992214330065 0 0.61178777491340275 0.29319077260630311 0 0.59952343892079241 0.3349683879484272 0 0.56238206809764923 0.29626424335307311 0 0.8246204827096576 0.95818836661386264 0 0.77644581214580399 0.96078718619433512 0 0.80251746205330432 0.92485161004608274 0 0.37675468828568498 0.069132711627988425 0 0.4195989183438848 0.043126601695698451 0 0.41172058133126332 0.082396653063404574 0 0.1161422387149683 0.86547059657908199 0 0.1225941061546777 0.91340007374259535 0 0.078796133656434481 0.89721863941538449 0 0.38008277838748239 0.8815801154353875 0 0.41456652458338428 0.85177860555425955 0 0.42474130150357958 0.88911288490696561 0 0.79760581102748462 0.88617889053938992 0 0.84360738243626232 0.90862147881433675 0 0.80251746205330432 0.92485161004608274 0 0.18488173396532959 0.4893689995204325 0 0.2189427238830364 0.45502863173210578 0 0.23040888050354941 0.50217182647226344 0 0.041450047375335961 0.92470385240153519 0 0.039556463471678689 0.8749605126401907 0 0.078796133656434481 0.89721863941538449 0 0.76597697594051217 0.56892051838111724 0 0.72219777468854007 0.55274578832773036 0 0.76096025256858746 0.52796642590137544 0 0.52818793375758344 0.1514145846346599 0 0.48249303566887242 0.13213388349025171 0 0.52473890353712549 0.1138066857361629 0 0.9573294635603885 0.62404107340216075 0 1 0.64999999999907843 0 0.95925571407652455 0.67731513989524772 0 0.68105401381692787 0.2367246345384757 0 0.69850973727558974 0.28331582783127618 0 0.64947331774475359 0.27349824373396953 0 0.099135177913415973 0.52012888817318326 0 0.11730375641754059 0.55965132004506968 0 0.078148865113969124 0.55418568717746686 0 0.041945110588267227 0.27336592719494252 0 0.041278391492516713 0.22499115991508919 0 0.079185158514327877 0.243474468220131 0 0.78701141937333097 0.4863596872951117 0 0.75975091809660233 0.45451657770763643 0 0.78927306009656339 0.44019515911906121 0 0.47099363149017859 0.26434123964165279 0 0.50516362734325326 0.2311435220952355 0 0.51371286675838745 0.27492022896106327 0 0.87667931237060925 0.33600880471748801 0 0.91514717792368905 0.30253716940241521 0 0.92062852947853768 0.34700876435878553 0 0.28848698890447688 0.8655815931859091 0 0.32256467478101009 0.82987344535239382 0 0.33320259325766682 0.87426651443103465 0 0.1161422387149683 0.86547059657908199 0 0.078796133656434481 0.89721863941538449 0 0.076715938302104131 0.84905817394603778 0 0.89090334707434615 0.73578105705175578 0 0.92218078330803088 0.70406624354773717 0 0.92783794273818598 0.75059792589460483 0 0.51678723713650809 0.75544698268289645 0 0.54823975024879701 0.72320703166517397 0 0.55883976872793484 0.76757105289738425 0 0.52658050753761221 0.80158066360080016 0 0.56699899717172553 0.82281570466110421 0 0.53431166281711107 0.84131213868127375 0 0.62469373338335865 0.87652917741682901 0 0.67077258370200354 0.88902991999225311 0 0.64391761147589655 0.9195510983038373 0 0.099999999999814668 0 0 0.14999999999970359 0 0 0.1238664383937038 0.033505412743579259 0 0.26035521598548989 0.12213849306585089 0 0.21371242976322291 0.11025941475718409 0 0.24456225820181879 0.079082973689590705 0 0.65623031960550648 0.67118302373025429 0 0.62419143301756608 0.70167484906838873 0 0.6168283205305255 0.66038768182163321 0 0.63870019447380344 0.62757797182747166 0 0.65623031960550648 0.67118302373025429 0 0.6168283205305255 0.66038768182163321 0 0.25604444491736661 0.59703227949720872 0 0.2423074995471827 0.54911097790611185 0 0.2848509896301491 0.56084705287358017 0 0.50022331039198309 0.08482622204910871 0 0.54833755324855737 0.07939687727850997 0 0.52473890353712549 0.1138066857361629 0 0.25604444491736661 0.59703227949720872 0 0.2848509896301491 0.56084705287358017 0 0.29806451797012701 0.60606944101743643 0 0.74930607584838227 0.1691845749765449 0 0.7018173421871472 0.15912511383809999 0 0.73086698082406532 0.12567501296637351 0 0.1793968477965549 0.96234370287551196 0 0.16904504879648469 0.92144669420012559 0 0.20823450653860051 0.92462317548637118 0 0.52490914958749124 0.9583025525425668 0 0.47482264833919668 0.95812481984236575 0 0.49512499483819977 0.91684168198255889 0 1 0.74999999999934175 0 0.95313496640149964 0.78172210120551022 0 0.96042199323752997 0.73144888142456899 0 0.16236088147219871 0.3966663692298969 0 0.12645441543072941 0.42459780729406471 0 0.1226851172606513 0.38263634438698069 0 0.91514717792368905 0.30253716940241521 0 0.9594820642527262 0.32414170018469329 0 0.92062852947853768 0.34700876435878553 0 0.67050590439878832 0.95866514850374962 0 0.64391761147589655 0.9195510983038373 0 0.68592650189256854 0.92340416053048568 0 0.086697256245001186 0.29232435988395161 0 0.041945110588267227 0.27336592719494252 0 0.079185158514327877 0.243474468220131 0 0.19094817228430611 0.66476077372461984 0 0.20414334562883829 0.71181395789046409 0 0.1604486902667418 0.69825763163569143 0 0.1223486977679816 0.25869419840486191 0 0.086697256245001186 0.29232435988395161 0 0.079185158514327877 0.243474468220131 0 0.95847083245351472 0.12503748630457351 0 0.95861957711044454 0.17501806068598341 0 0.92014482768696004 0.1484082597947631 0 0.27458677319886232 0.04345509109650416 0 0.29436532469989618 0.087509409999987256 0 0.24456225820181879 0.079082973689590705 0 0.22425375258037719 0.039809946896071528 0 0.27458677319886232 0.04345509109650416 0 0.24456225820181879 0.079082973689590705 0 0.52658050753761221 0.80158066360080016 0 0.51678723713650809 0.75544698268289645 0 0.55883976872793484 0.76757105289738425 0 0.29436532469989618 0.087509409999987256 0 0.26035521598548989 0.12213849306585089 0 0.24456225820181879 0.079082973689590705 0 0.33724946221203828 0.60862080124685558 0 0.32284559676280822 0.65058020017585083 0 0.29806451797012701 0.60606944101743643 0 0.95313496640149964 0.78172210120551022 0 0.90324651396166034 0.78182913440948876 0 0.92783794273818598 0.75059792589460483 0 0.51678723713650809 0.75544698268289645 0 0.471842169466482 0.7339583471671004 0 0.51052784273365992 0.71661544304345504 0 0.24456225820181879 0.079082973689590705 0 0.21371242976322291 0.11025941475718409 0 0.2012234693289052 0.072030776964876586 0 0.73950473375542025 0.29752653822589281 0 0.75085425653037818 0.34471616597401339 0 0.71236340107984786 0.3295169019878878 0 0.078796133656434481 0.89721863941538449 0 0.039556463471678689 0.8749605126401907 0 0.076715938302104131 0.84905817394603778 0 0.33320259325766682 0.87426651443103465 0 0.3681616852440931 0.84083004841831832 0 0.38008277838748239 0.8815801154353875 0 0.72145771991900087 0.44262707722827099 0 0.76141480252372085 0.41569539738195288 0 0.75975091809660233 0.45451657770763643 0 0.471842169466482 0.7339583471671004 0 0.48490105552598978 0.68779036798958981 0 0.51052784273365992 0.71661544304345504 0 0.52500439185100245 0.041601305030130667 0 0.57501949604497837 0.040793846835497673 0 0.54833755324855737 0.07939687727850997 0 0.59758325871734785 0.91553410728099183 0 0.62469373338335865 0.87652917741682901 0 0.64391761147589655 0.9195510983038373 0 0.79999999999999982 1 0 0.75000000000034661 1 0 0.77644581214580399 0.96078718619433512 0 0.80006821241160297 0.53440514447721599 0 0.76597697594051217 0.56892051838111724 0 0.76096025256858746 0.52796642590137544 0 0.041695690289667853 0.57511597037253481 0 0.048250905711434373 0.52194809630973238 0 0.078148865113969124 0.55418568717746686 0 0.55158829735710835 0.24438139657768829 0 0.58566394056543802 0.2098087108728203 0 0.59599109452070609 0.25416509842380841 0 0.87256721763064804 0.039592335857390283 0 0.92128973660660529 0.046450182502675907 0 0.88688964959594552 0.07605690132245442 0 1 0.34999999999912063 0 1 0.3999999999989749 0 0.96425864534991756 0.37431808246015269 0 0.63665510147631188 0.74970907512354268 0 0.60271272297068568 0.78469958023635233 0 0.59329989081147261 0.73801529915239183 0 0.20000000000083221 1 0 0.15000000000062411 1 0 0.1793968477965549 0.96234370287551196 0 0.85476900704125003 0.41847365778417001 0 0.84339696167179956 0.37104459320349098 0 0.88574841371222357 0.38241489490992692 0 0.079185158514327877 0.243474468220131 0 0.041278391492516713 0.22499115991508919 0 0.072228091112011145 0.1999875902574284 0 0.076715938302104131 0.84905817394603778 0 0.080889106072974254 0.80187427521317889 0 0.1103329914269283 0.82705543859900488 0 0.92014482768696004 0.1484082597947631 0 0.95861957711044454 0.17501806068598341 0 0.92603671991779968 0.1991855166745444 0 0.73086698082406532 0.12567501296637351 0 0.7018173421871472 0.15912511383809999 0 0.6873971128182198 0.1216257713005645 0 0.26971691023508132 0.64273159393780088 0 0.25604444491736661 0.59703227949720872 0 0.29806451797012701 0.60606944101743643 0 0.22425375258037719 0.039809946896071528 0 0.24456225820181879 0.079082973689590705 0 0.2012234693289052 0.072030776964876586 0 0.76120355616150315 0.91743779977535223 0 0.79760581102748462 0.88617889053938992 0 0.80251746205330432 0.92485161004608274 0 0.60271272297068568 0.78469958023635233 0 0.55883976872793484 0.76757105289738425 0 0.59329989081147261 0.73801529915239183 0 0.56699899717172553 0.82281570466110421 0 0.57044601068512168 0.86987314095495238 0 0.53431166281711107 0.84131213868127375 0 0.69850973727558974 0.28331582783127618 0 0.71236340107984786 0.3295169019878878 0 0.67889035133130005 0.3150107979018632 0 0.62282970694394424 0.95784004819930335 0 0.59758325871734785 0.91553410728099183 0 0.64391761147589655 0.9195510983038373 0 0.46415692004836528 0.87018306883313112 0 0.44809161090723337 0.9184635160862028 0 0.42474130150357958 0.88911288490696561 0 0.1687258507709474 0.095490813383686562 0 0.17082455476986819 0.045531505552603213 0 0.2012234693289052 0.072030776964876586 0 0.47099363149017859 0.26434123964165279 0 0.47454023424457747 0.31084499390883802 0 0.43836463353839039 0.28862085465270221 0 0.82216895576638893 0.047827917734555719 0 0.87256721763064804 0.039592335857390283 0 0.853016395635531 0.075593267172701595 0 0.090499517102997543 0.1610819462962175 0 0.1106134038801895 0.2114835736645129 0 0.072228091112011145 0.1999875902574284 0 0.20683218871455439 0.88845749477989999 0 0.249745795115841 0.91026158950624625 0 0.20823450653860051 0.92462317548637118 0 0.41456652458338428 0.85177860555425955 0 0.46415692004836528 0.87018306883313112 0 0.42474130150357958 0.88911288490696561 0 0.39998267273679378 0.91505342693840552 0 0.35141857864979442 0.91632396264433091 0 0.38008277838748239 0.8815801154353875 0 0.76141480252372085 0.41569539738195288 0 0.8077240271188989 0.40392117147345141 0 0.78927306009656339 0.44019515911906121 0 0.92218078330803088 0.70406624354773717 0 0.96042199323752997 0.73144888142456899 0 0.92783794273818598 0.75059792589460483 0 0.14287628545576181 0.65276572538170352 0 0.1604486902667418 0.69825763163569143 0 0.12310494445153269 0.68659664419727984 0 0.249745795115841 0.91026158950624625 0 0.226446184634465 0.96008041577753644 0 0.20823450653860051 0.92462317548637118 0 0.9146532297943637 0.54979451485530073 0 0.88184482393306052 0.51496423190039953 0 0.9237696379272724 0.5117909495458477 0 0.42547956711856899 0.25093749777835372 0 0.47099363149017859 0.26434123964165279 0 0.43836463353839039 0.28862085465270221 0 0.4195989183438848 0.043126601695698451 0 0.45013046781376442 0.086245515831997188 0 0.41172058133126332 0.082396653063404574 0 0.77644581214580399 0.96078718619433512 0 0.76120355616150315 0.91743779977535223 0 0.80251746205330432 0.92485161004608274 0 0.47454023424457747 0.31084499390883802 0 0.42668514034547439 0.32616646409264177 0 0.43836463353839039 0.28862085465270221 0 0.039926062821361949 0.072354143845604971 0 0 0.050000000000207989 0 0.036602540378321891 0.036602540378404519 0 0.079082782798763573 0.95477239955126714 0 0.050000000000207989 1 0 0.03660254037858459 0.96339745962141543 0 0.95179169119040075 0.92010412261493535 0 1 0.94999999999986839 0 0.96339745962140277 0.9633974596214232 0 0.92128973660660529 0.046450182502675907 0 0.94999999999986839 0 0 0.96339745962160295 0.036602540378334887 0 0.12769248279288201 0.72672148533534586 0 0.085395568307063185 0.70246357202764831 0 0.12310494445153269 0.68659664419727984 0 0.89945650522467213 0.91642856392935101 0 0.87937337662726822 0.86627320223067628 0 0.91953900968354996 0.88153445228216598 0 0.36470988198035698 0.36684004543984189 0 0.35448760274322261 0.32067657220971041 0 0.38919855926755931 0.33606363419588281 0 0.63317152700801582 0.36470905770339551 0 0.67937323217120238 0.35450114370967301 0 0.66517332939226004 0.38844132890927102 0 0.039556463471678689 0.8749605126401907 0 0.041253068969294072 0.82505446993099607 0 0.076715938302104131 0.84905817394603778 0 0.51129147390510576 0.87929668389199678 0 0.49624132478598998 0.83299450029751487 0 0.53431166281711107 0.84131213868127375 0 0.14759089761968719 0.3509122631260736 0 0.16236088147219871 0.3966663692298969 0 0.1226851172606513 0.38263634438698069 0 0.39998267273679378 0.91505342693840552 0 0.38008277838748239 0.8815801154353875 0 0.42474130150357958 0.88911288490696561 0 0.38584632601418228 0.1131800506791984 0 0.37675468828568498 0.069132711627988425 0 0.41172058133126332 0.082396653063404574 0 0.87101575915054075 0.1152914960286778 0 0.82139569446423799 0.098505836339831232 0 0.853016395635531 0.075593267172701595 0 0.21371242976322291 0.11025941475718409 0 0.1687258507709474 0.095490813383686562 0 0.2012234693289052 0.072030776964876586 0 0.041278391492516713 0.22499115991508919 0 0.043292679013788873 0.1749851196480692 0 0.072228091112011145 0.1999875902574284 0 0.90324651396166034 0.78182913440948876 0 0.89090334707434615 0.73578105705175578 0 0.92783794273818598 0.75059792589460483 0 0.94999999999979179 1 0 0.92323088348980031 0.95980805865613994 0 0.96339745962140277 0.9633974596214232 0 0 0.94999999999979179 0 0.041450047375335961 0.92470385240153519 0 0.03660254037858459 0.96339745962141543 0 0.049999999999899652 0 0 0.078497705665231093 0.044342115043052181 0 0.036602540378321891 0.036602540378404519 0 1 0.049999999999899652 0 0.9576641080255659 0.075211555245367073 0 0.96339745962160295 0.036602540378334887 0 0.55883976872793484 0.76757105289738425 0 0.54823975024879701 0.72320703166517397 0 0.59329989081147261 0.73801529915239183 0 0.95861957711044454 0.17501806068598341 0 0.95964561239974433 0.22527027991937451 0 0.92603671991779968 0.1991855166745444 0 0.88184482393306052 0.51496423190039953 0 0.9143241462135312 0.47056519256566559 0 0.9237696379272724 0.5117909495458477 0 0.17082455476986819 0.045531505552603213 0 0.22425375258037719 0.039809946896071528 0 0.2012234693289052 0.072030776964876586 0 0.75000024196736592 0.086290204234965612 0 0.77287901323217156 0.041989546370536798 0 0.78836649178003415 0.079761454737770535 0 0.31576613202503789 0.52834815541418179 0 0.35734152250828449 0.54635254901022923 0 0.32769283214427358 0.57058194179315103 0 0.041873086397989527 0.47259057028333379 0 0.084676328930990946 0.44829771481711927 0 0.07931114857148161 0.48664108117523919 0 0.958984369262458 0.52750260598276144 0 0.9146532297943637 0.54979451485530073 0 0.9237696379272724 0.5117909495458477 0 0.75085425653037818 0.34471616597401339 0 0.79844501191759076 0.35530604439194691 0 0.76714445234970097 0.37785816942828421 0 0.34999999999912063 0 0 0.3999999999989749 0 0 0.37515892292865338 0.02963056172629553 0 0.85745557322751398 0.59382087560199759 0 0.84367338466678743 0.54737151998453304 0 0.87892422412296911 0.56338380428852253 0 0.8077240271188989 0.40392117147345141 0 0.82407221792128116 0.45143645534149679 0 0.78927306009656339 0.44019515911906121 0 0.35141857864979442 0.91632396264433091 0 0.33320259325766682 0.87426651443103465 0 0.38008277838748239 0.8815801154353875 0 0.7018173421871472 0.15912511383809999 0 0.65595996795162048 0.1431711648397975 0 0.6873971128182198 0.1216257713005645 0 0.67937323217120238 0.35450114370967301 0 0.64271250948253922 0.32120932146972808 0 0.67889035133130005 0.3150107979018632 0 0.91876238748899386 0.096953581977407333 0 0.87101575915054075 0.1152914960286778 0 0.88688964959594552 0.07605690132245442 0 0.56288191494810635 0.1177334652194388 0 0.52818793375758344 0.1514145846346599 0 0.52473890353712549 0.1138066857361629 0 0.48490105552598978 0.68779036798958981 0 0.52918375858331101 0.68428362906404994 0 0.51052784273365992 0.71661544304345504 0 0.16904504879648469 0.92144669420012559 0 0.20683218871455439 0.88845749477989999 0 0.20823450653860051 0.92462317548637118 0 0.1481500207506371 0.83036676638067253 0 0.1161422387149683 0.86547059657908199 0 0.1103329914269283 0.82705543859900488 0 0.44809161090723337 0.9184635160862028 0 0.39998267273679378 0.91505342693840552 0 0.42474130150357958 0.88911288490696561 0 0.67077258370200354 0.88902991999225311 0 0.71723288590496792 0.90431602374920672 0 0.68592650189256854 0.92340416053048568 0 0.041450047375335961 0.92470385240153519 0 0.079082782798763573 0.95477239955126714 0 0.03660254037858459 0.96339745962141543 0 0.92323088348980031 0.95980805865613994 0 0.95179169119040075 0.92010412261493535 0 0.96339745962140277 0.9633974596214232 0 0.078497705665231093 0.044342115043052181 0 0.039926062821361949 0.072354143845604971 0 0.036602540378321891 0.036602540378404519 0 0.9576641080255659 0.075211555245367073 0 0.92128973660660529 0.046450182502675907 0 0.96339745962160295 0.036602540378334887 0 0.54833755324855737 0.07939687727850997 0 0.56288191494810635 0.1177334652194388 0 0.52473890353712549 0.1138066857361629 0 0.64391761147589655 0.9195510983038373 0 0.67077258370200354 0.88902991999225311 0 0.68592650189256854 0.92340416053048568 0 0.2848509896301491 0.56084705287358017 0 0.31576613202503789 0.52834815541418179 0 0.32769283214427358 0.57058194179315103 0 0.1604486902667418 0.69825763163569143 0 0.12769248279288201 0.72672148533534586 0 0.12310494445153269 0.68659664419727984 0 0.039926062821361949 0.072354143845604971 0 0.078497705665231093 0.044342115043052181 0 0.077380076123279753 0.081182952542592834 0 0.1200099315339016 0.077653443122240873 0 0.09329329492433043 0.1139934779461087 0 0.077380076123279753 0.081182952542592834 0 0.96042199323752997 0.73144888142456899 0 0.95313496640149964 0.78172210120551022 0 0.92783794273818598 0.75059792589460483 0 0.75975091809660233 0.45451657770763643 0 0.76141480252372085 0.41569539738195288 0 0.78927306009656339 0.44019515911906121 0 0.71236340107984786 0.3295169019878878 0 0.67937323217120238 0.35450114370967301 0 0.67889035133130005 0.3150107979018632 0 0.1161422387149683 0.86547059657908199 0 0.076715938302104131 0.84905817394603778 0 0.1103329914269283 0.82705543859900488 0 0.87101575915054075 0.1152914960286778 0 0.853016395635531 0.075593267172701595 0 0.88688964959594552 0.07605690132245442 0 0.853016395635531 0.075593267172701595 0 0.87256721763064804 0.039592335857390283 0 0.88688964959594552 0.07605690132245442 0 

        </DataArray>

      </Points>

      <Cells>

        <DataArray type="Int32" Name="connectivity" format="ascii">

0 1 2 3 4 5 6 7 8 9 10 11 12 13 14 15 16 17 18 19 20 21 22 23 24 25 26 27 28 29 30 31 32 33 34 35 36 37 38 39 40 41 42 43 44 45 46 47 48 49 50 51 52 53 54 55 56 57 58 59 60 61 62 63 64 65 66 67 68 69 70 71 72 73 74 75 76 77 78 79 80 81 82 83 84 85 86 87 88 89 90 91 92 93 94 95 96 97 98 99 100 101 102 103 104 105 106 107 108 109 110 111 112 113 114 115 116 117 118 119 120 121 122 123 124 125 126 127 128 129 130 131 132 133 134 135 136 137 138 139 140 141 142 143 144 145 146 147 148 149 150 151 152 153 154 155 156 157 158 159 160 161 162 163 164 165 166 167 168 169 170 171 172 173 174 175 176 177 178 179 180 181 182 183 184 185 186 187 188 189 190 191 192 193 194 195 196 197 198 199 200 201 202 203 204 205 206 207 208 209 210 211 212 213 214 215 216 217 218 219 220 221 222 223 224 225 226 227 228 229 230 231 232 233 234 235 236 237 238 239 240 241 242 243 244 245 246 247 248 249 250 251 252 253 254 255 256 257 258 259 260 261 262 263 264 265 266 267 268 269 270 271 272 273 274 275 276 277 278 279 280 281 282 283 284 285 286 287 288 289 290 291 292 293 294 295 296 297 298 299 300 301 302 303 304 305 306 307 308 309 310 311 312 313 314 315 316 317 318 319 320 321 322 323 324 325 326 327 328 329 330 331 332 333 334 335 336 337 338 339 340 341 342 343 344 345 346 347 348 349 350 351 352 353 354 355 356 357 358 359 360 361 362 363 364 365 366 367 368 369 370 371 372 373 374 375 376 377 378 379 380 381 382 383 384 385 386 387 388 389 390 391 392 393 394 395 396 397 398 399 400 401 402 403 404 405 406 407 408 409 410 411 412 413 414 415 416 417 418 419 420 421 422 423 424 425 426 427 428 429 430 431 432 433 434 435 436 437 438 439 440 441 442 443 444 445 446 447 448 449 450 451 452 453 454 455 456 457 458 459 460 461 462 463 464 465 466 467 468 469 470 471 472 473 474 475 476 477 478 479 480 481 482 483 484 485 486 487 488 489 490 491 492 493 494 495 496 497 498 499 500 501 502 503 504 505 506 507 508 509 510 511 512 513 514 515 516 517 518 519 520 521 522 523 524 525 526 527 528 529 530 531 532 533 534 535 536 537 538 539 540 541 542 543 544 545 546 547 548 549 550 551 552 553 554 555 556 557 558 559 560 561 562 563 564 565 566 567 568 569 570 571 572 573 574 575 576 577 578 579 580 581 582 583 584 585 586 587 588 589 590 591 592 593 594 595 596 597 598 599 600 601 602 603 604 605 606 607 608 609 610 611 612 613 614 615 616 617 618 619 620 621 622 623 624 625 626 627 628 629 630 631 632 633 634 635 636 637 638 639 640 641 642 643 644 645 646 647 648 649 650 651 652 653 654 655 656 657 658 659 660 661 662 663 664 665 666 667 668 669 670 671 672 673 674 675 676 677 678 679 680 681 682 683 684 685 686 687 688 689 690 691 692 693 694 695 696 697 698 699 700 701 702 703 704 705 706 707 708 709 710 711 712 713 714 715 716 717 718 719 720 721 722 723 724 725 726 727 728 729 730 731 732 733 734 735 736 737 738 739 740 741 742 743 744 745 746 747 748 749 750 751 752 753 754 755 756 757 758 759 760 761 762 763 764 765 766 767 768 769 770 771 772 773 774 775 776 777 778 779 780 781 782 783 784 785 786 787 788 789 790 791 792 793 794 795 796 797 798 799 800 801 802 803 804 805 806 807 808 809 810 811 812 813 814 815 816 817 818 819 820 821 822 823 824 825 826 827 828 829 830 831 832 833 834 835 836 837 838 839 840 841 842 843 844 845 846 847 848 849 850 851 852 853 854 855 856 857 858 859 860 861 862 863 864 865 866 867 868 869 870 871 872 873 874 875 876 877 878 879 880 881 882 883 884 885 886 887 888 889 890 891 892 893 894 895 896 897 898 899 900 901 902 903 904 905 906 907 908 909 910 911 912 913 914 915 916 917 918 919 920 921 922 923 924 925 926 927 928 929 930 931 932 933 934 935 936 937 938 939 940 941 942 943 944 945 946 947 948 949 950 951 952 953 954 955 956 957 958 959 960 961 962 963 964 965 966 967 968 969 970 971 972 973 974 975 976 977 978 979 980 981 982 983 984 985 986 987 988 989 990 991 992 993 994 995 996 997 998 999 1000 1001 1002 1003 1004 1005 1006 1007 1008 1009 1010 1011 1012 1013 1014 1015 1016 1017 1018 1019 1020 1021 1022 1023 1024 1025 1026 1027 1028 1029 1030 1031 1032 1033 1034 1035 1036 1037 1038 1039 1040 1041 1042 1043 1044 1045 1046 1047 1048 1049 1050 1051 1052 1053 1054 1055 1056 1057 1058 1059 1060 1061 1062 1063 1064 1065 1066 1067 1068 1069 1070 1071 1072 1073 1074 1075 1076 1077 1078 1079 1080 1081 1082 1083 1084 1085 1086 1087 1088 1089 1090 1091 1092 1093 1094 1095 1096 1097 1098 1099 1100 1101 1102 1103 1104 1105 1106 1107 1108 1109 1110 1111 1112 1113 1114 1115 1116 1117 1118 1119 1120 1121 1122 1123 1124 1125 1126 1127 1128 1129 1130 1131 1132 1133 1134 1135 1136 1137 1138 1139 1140 1141 1142 1143 1144 1145 1146 1147 1148 1149 1150 1151 1152 1153 1154 1155 1156 1157 1158 1159 1160 1161 1162 1163 1164 1165 1166 1167 1168 1169 1170 1171 1172 1173 1174 1175 1176 1177 1178 1179 1180 1181 1182 1183 1184 1185 1186 1187 1188 1189 1190 1191 1192 1193 1194 1195 1196 1197 1198 1199 1200 1201 1202 1203 1204 1205 1206 1207 1208 1209 1210 1211 1212 1213 1214 1215 1216 1217 1218 1219 1220 1221 1222 1223 1224 1225 1226 1227 1228 1229 1230 1231 1232 1233 1234 1235 1236 1237 1238 1239 1240 1241 1242 1243 1244 1245 1246 1247 1248 1249 1250 1251 1252 1253 1254 1255 1256 1257 1258 1259 1260 1261 1262 1263 1264 1265 1266 1267 1268 1269 1270 1271 1272 1273 1274 1275 1276 1277 1278 1279 1280 1281 1282 1283 1284 1285 1286 1287 1288 1289 1290 1291 1292 1293 1294 1295 1296 1297 1298 1299 1300 1301 1302 1303 1304 1305 1306 1307 1308 1309 1310 1311 1312 1313 1314 1315 1316 1317 1318 1319 1320 1321 1322 1323 1324 1325 1326 1327 1328 1329 1330 1331 1332 1333 1334 1335 1336 1337 1338 1339 1340 1341 1342 1343 1344 1345 1346 1347 1348 1349 1350 1351 1352 1353 1354 1355 1356 1357 1358 1359 1360 1361 1362 1363 1364 1365 1366 1367 1368 1369 1370 1371 1372 1373 1374 1375 1376 1377 1378 1379 1380 1381 1382 1383 1384 1385 1386 1387 1388 1389 1390 1391 1392 1393 1394 1395 1396 1397 1398 1399 1400 1401 1402 1403 1404 1405 1406 1407 1408 1409 1410 1411 1412 1413 1414 1415 1416 1417 1418 1419 1420 1421 1422 1423 1424 1425 1426 1427 1428 1429 1430 1431 1432 1433 1434 1435 1436 1437 1438 1439 1440 1441 1442 1443 1444 1445 1446 1447 1448 1449 1450 1451 1452 1453 1454 1455 1456 1457 1458 1459 1460 1461 1462 1463 1464 1465 1466 1467 1468 1469 1470 1471 1472 1473 1474 1475 1476 1477 1478 1479 1480 1481 1482 1483 1484 1485 1486 1487 1488 1489 1490 1491 1492 1493 1494 1495 1496 1497 1498 1499 1500 1501 1502 1503 1504 1505 1506 1507 1508 1509 1510 1511 1512 1513 1514 1515 1516 1517 1518 1519 1520 1521 1522 1523 1524 1525 1526 1527 1528 1529 1530 1531 1532 1533 1534 1535 1536 1537 1538 1539 1540 1541 1542 1543 1544 1545 1546 1547 1548 1549 1550 1551 1552 1553 1554 1555 1556 1557 1558 1559 1560 1561 1562 1563 1564 1565 1566 1567 1568 1569 1570 1571 1572 1573 1574 1575 1576 1577 1578 1579 1580 1581 1582 1583 1584 1585 1586 1587 1588 1589 1590 1591 1592 1593 1594 1595 1596 1597 1598 1599 1600 1601 1602 1603 1604 1605 1606 1607 1608 1609 1610 1611 1612 1613 1614 1615 1616 1617 1618 1619 1620 1621 1622 1623 1624 1625 1626 1627 1628 1629 1630 1631 1632 1633 1634 1635 1636 1637 1638 1639 1640 1641 1642 1643 1644 1645 1646 1647 1648 1649 1650 1651 1652 1653 1654 1655 1656 1657 1658 1659 1660 1661 1662 1663 1664 1665 1666 1667 1668 1669 1670 1671 1672 1673 1674 1675 1676 1677 1678 1679 1680 1681 1682 1683 1684 1685 1686 1687 1688 1689 1690 1691 1692 1693 1694 1695 1696 1697 1698 1699 1700 1701 1702 1703 1704 1705 1706 1707 1708 1709 1710 1711 1712 1713 1714 1715 1716 1717 1718 1719 1720 1721 1722 1723 1724 1725 1726 1727 1728 1729 1730 1731 1732 1733 1734 1735 1736 1737 1738 1739 1740 1741 1742 1743 1744 1745 1746 1747 1748 1749 1750 1751 1752 1753 1754 1755 1756 1757 1758 1759 1760 1761 1762 1763 1764 1765 1766 1767 1768 1769 1770 1771 1772 1773 1774 1775 1776 1777 1778 1779 1780 1781 1782 1783 1784 1785 1786 1787 1788 1789 1790 1791 1792 1793 1794 1795 1796 1797 1798 1799 1800 1801 1802 1803 1804 1805 1806 1807 1808 1809 1810 1811 1812 1813 1814 1815 1816 1817 1818 1819 1820 1821 1822 1823 1824 1825 1826 1827 1828 1829 1830 1831 1832 1833 1834 1835 1836 1837 1838 1839 1840 1841 1842 1843 1844 1845 1846 1847 1848 1849 1850 1851 1852 1853 1854 1855 1856 1857 1858 1859 1860 1861 1862 1863 1864 1865 1866 1867 1868 1869 1870 1871 1872 1873 1874 1875 1876 1877 1878 1879 1880 1881 1882 1883 1884 1885 1886 1887 1888 1889 1890 1891 1892 1893 1894 1895 1896 1897 1898 1899 1900 1901 1902 1903 1904 1905 1906 1907 1908 1909 1910 1911 1912 1913 1914 1915 1916 1917 1918 1919 1920 1921 1922 1923 1924 1925 1926 1927 1928 1929 1930 1931 1932 1933 1934 1935 1936 1937 1938 1939 1940 1941 1942 1943 1944 1945 1946 1947 1948 1949 1950 1951 1952 1953 1954 1955 1956 1957 1958 1959 1960 1961 1962 1963 1964 1965 1966 1967 1968 1969 1970 1971 1972 1973 1974 1975 1976 1977 1978 1979 1980 1981 1982 1983 1984 1985 1986 1987 1988 1989 1990 1991 1992 1993 1994 1995 1996 1997 1998 1999 2000 2001 2002 2003 2004 2005 2006 2007 2008 2009 2010 2011 2012 2013 2014 2015 2016 2017 2018 2019 2020 2021 2022 2023 2024 2025 2026 2027 2028 2029 2030 2031 2032 2033 2034 2035 2036 2037 2038 2039 2040 2041 2042 2043 2044 2045 2046 2047 2048 2049 2050 2051 2052 2053 2054 2055 2056 2057 2058 2059 2060 2061 2062 2063 2064 2065 2066 2067 2068 2069 2070 2071 2072 2073 2074 2075 2076 2077 2078 2079 2080 2081 2082 2083 2084 2085 2086 2087 2088 2089 2090 2091 2092 2093 2094 2095 2096 2097 2098 2099 2100 2101 2102 2103 2104 2105 2106 2107 2108 2109 2110 2111 2112 2113 2114 2115 2116 2117 2118 2119 2120 2121 2122 2123 2124 2125 2126 2127 2128 2129 2130 2131 2132 2133 2134 2135 2136 2137 2138 2139 2140 2141 2142 2143 2144 2145 2146 2147 2148 2149 2150 2151 2152 2153 2154 2155 2156 2157 2158 2159 2160 2161 2162 2163 2164 2165 2166 2167 2168 2169 2170 2171 2172 2173 2174 2175 2176 2177 2178 2179 2180 2181 2182 2183 2184 2185 2186 2187 2188 2189 2190 2191 2192 2193 2194 2195 2196 2197 2198 2199 2200 2201 2202 2203 2204 2205 2206 2207 2208 2209 2210 2211 2212 2213 2214 2215 2216 2217 2218 2219 2220 2221 2222 2223 2224 2225 2226 2227 2228 2229 2230 2231 2232 2233 2234 2235 2236 2237 2238 2239 2240 2241 2242 2243 2244 2245 2246 2247 2248 2249 2250 2251 2252 2253 2254 2255 2256 2257 2258 2259 2260 2261 2262 2263 2264 2265 2266 2267 2268 2269 2270 2271 2272 2273 2274 2275 2276 2277 2278 2279 2280 2281 2282 2283 2284 2285 2286 2287 2288 2289 2290 2291 2292 2293 2294 2295 2296 2297 2298 2299 2300 2301 2302 2303 2304 2305 2306 2307 2308 2309 2310 2311 2312 2313 2314 2315 2316 2317 2318 2319 2320 2321 2322 2323 2324 2325 2326 2327 2328 2329 2330 2331 2332 2333 2334 2335 2336 2337 2338 2339 2340 2341 2342 2343 2344 2345 2346 2347 2348 2349 2350 2351 2352 2353 2354 2355 2356 2357 2358 2359 2360 2361 2362 2363 2364 2365 2366 2367 2368 2369 2370 2371 2372 2373 2374 2375 2376 2377 2378 2379 2380 2381 2382 2383 2384 2385 2386 2387 2388 2389 2390 2391 2392 2393 2394 2395 2396 2397 2398 2399 2400 2401 2402 2403 2404 2405 2406 2407 2408 2409 2410 2411 2412 2413 2414 2415 2416 2417 2418 2419 2420 2421 2422 2423 2424 2425 2426 2427 2428 2429 2430 2431 2432 2433 2434 2435 2436 2437 2438 2439 2440 2441 2442 2443 2444 2445 2446 2447 2448 2449 2450 2451 2452 2453 2454 2455 2456 2457 2458 2459 2460 2461 2462 2463 2464 2465 2466 2467 2468 2469 2470 2471 2472 2473 2474 2475 2476 2477 2478 2479 2480 2481 2482 2483 2484 2485 2486 2487 2488 2489 2490 2491 2492 2493 2494 2495 2496 2497 2498 2499 2500 2501 2502 2503 2504 2505 2506 2507 2508 2509 2510 2511 2512 2513 2514 2515 2516 2517 2518 2519 2520 2521 2522 2523 2524 2525 2526 2527 2528 2529 2530 2531 2532 2533 2534 2535 2536 2537 2538 2539 2540 2541 2542 2543 2544 2545 2546 2547 2548 2549 2550 2551 2552 2553 2554 2555 2556 2557 2558 2559 2560 2561 2562 2563 2564 2565 2566 2567 2568 2569 2570 2571 2572 2573 2574 2575 2576 2577 2578 2579 2580 2581 2582 2583 2584 2585 2586 2587 2588 2589 2590 2591 2592 2593 2594 2595 2596 2597 2598 2599 2600 2601 2602 2603 2604 2605 2606 2607 2608 2609 2610 2611 2612 2613 2614 2615 2616 2617 2618 2619 2620 2621 2622 2623 2624 2625 2626 2627 2628 2629 2630 2631 2632 2633 2634 2635 2636 2637 2638 2639 2640 2641 2642 2643 2644 2645 2646 2647 2648 2649 2650 2651 2652 2653 2654 2655 2656 2657 2658 2659 2660 2661 2662 2663 2664 2665 2666 2667 2668 2669 2670 2671 2672 2673 2674 2675 2676 2677 2678 2679 2680 2681 2682 2683 2684 2685 2686 2687 2688 2689 2690 2691 2692 2693 2694 2695 2696 2697 2698 2699 2700 2701 2702 2703 2704 2705 2706 2707 2708 2709 2710 2711 2712 2713 2714 2715 2716 2717 2718 2719 2720 2721 2722 2723 2724 2725 2726 2727 2728 2729 2730 2731 2732 2733 2734 2735 2736 2737 2738 2739 2740 2741 2742 2743 2744 2745 2746 2747 2748 2749 2750 2751 2752 2753 2754 2755 2756 2757 2758 2759 2760 2761 2762 2763 2764 2765 2766 2767 2768 2769 2770 2771 2772 2773 2774 2775 2776 2777 2778 2779 2780 2781 2782 2783 2784 2785 2786 2787 2788 2789 2790 2791 2792 2793 2794 2795 2796 2797 2798 2799 2800 2801 2802 2803 2804 2805 2806 2807 2808 2809 2810 2811 2812 2813 2814 2815 2816 2817 2818 2819 2820 2821 2822 2823 2824 2825 

        </DataArray>

        <DataArray type="Int32" Name="offsets" format="ascii">

3 6 9 12 15 18 21 24 27 30 33 36 39 42 45 48 51 54 57 60 63 66 69 72 75 78 81 84 87 90 93 96 99 102 105 108 111 114 117 120 123 126 129 132 135 138 141 144 147 150 153 156 159 162 165 168 171 174 177 180 183 186 189 192 195 198 201 204 207 210 213 216 219 222 225 228 231 234 237 240 243 246 249 252 255 258 261 264 267 270 273 276 279 282 285 288 291 294 297 300 303 306 309 312 315 318 321 324 327 330 333 336 339 342 345 348 351 354 357 360 363 366 369 372 375 378 381 384 387 390 393 396 399 402 405 408 411 414 417 420 423 426 429 432 435 438 441 444 447 450 453 456 459 462 465 468 471 474 477 480 483 486 489 492 495 498 501 504 507 510 513 516 519 522 525 528 531 534 537 540 543 546 549 552 555 558 561 564 567 570 573 576 579 582 585 588 591 594 597 600 603 606 609 612 615 618 621 624 627 630 633 636 639 642 645 648 651 654 657 660 663 666 669 672 675 678 681 684 687 690 693 696 699 702 705 708 711 714 717 720 723 726 729 732 735 738 741 744 747 750 753 756 759 762 765 768 771 774 777 780 783 786 789 792 795 798 801 804 807 810 813 816 819 822 825 828 831 834 837 840 843 846 849 852 855 858 861 864 867 870 873 876 879 882 885 888 891 894 897 900 903 906 909 912 915 918 921 924 927 930 933 936 939 942 945 948 951 954 957 960 963 966 969 972 975 978 981 984 987 990 993 996 999 1002 1005 1008 1011 1014 1017 1020 1023 1026 1029 1032 1035 1038 1041 1044 1047 1050 1053 1056 1059 1062 1065 1068 1071 1074 1077 1080 1083 1086 1089 1092 1095 1098 1101 1104 1107 1110 1113 1116 1119 1122 1125 1128 1131 1134 1137 1140 1143 1146 1149 1152 1155 1158 1161 1164 1167 1170 1173 1176 1179 1182 1185 1188 1191 1194 1197 1200 1203 1206 1209 1212 1215 1218 1221 1224 1227 1230 1233 1236 1239 1242 1245 1248 1251 1254 1257 1260 1263 1266 1269 1272 1275 1278 1281 1284 1287 1290 1293 1296 1299 1302 1305 1308 1311 1314 1317 1320 1323 1326 1329 1332 1335 1338 1341 1344 1347 1350 1353 1356 1359 1362 1365 1368 1371 1374 1377 1380 1383 1386 1389 1392 1395 1398 1401 1404 1407 1410 1413 1416 1419 1422 1425 1428 1431 1434 1437 1440 1443 1446 1449 1452 1455 1458 1461 1464 1467 1470 1473 1476 1479 1482 1485 1488 1491 1494 1497 1500 1503 1506 1509 1512 1515 1518 1521 1524 1527 1530 1533 1536 1539 1542 1545 1548 1551 1554 1557 1560 1563 1566 1569 1572 1575 1578 1581 1584 1587 1590 1593 1596 1599 1602 1605 1608 1611 1614 1617 1620 1623 1626 1629 1632 1635 1638 1641 1644 1647 1650 1653 1656 1659 1662 1665 1668 1671 1674 1677 1680 1683 1686 1689 1692 1695 1698 1701 1704 1707 1710 1713 1716 1719 1722 1725 1728 1731 1734 1737 1740 1743 1746 1749 1752 1755 1758 1761 1764 1767 1770 1773 1776 1779 1782 1785 1788 1791 1794 1797 1800 1803 1806 1809 1812 1815 1818 1821 1824 1827 1830 1833 1836 1839 1842 1845 1848 1851 1854 1857 1860 1863 1866 1869 1872 1875 1878 1881 1884 1887 1890 1893 1896 1899 1902 1905 1908 1911 1914 1917 1920 1923 1926 1929 1932 1935 1938 1941 1944 1947 1950 1953 1956 1959 1962 1965 1968 1971 1974 1977 1980 1983 1986 1989 1992 1995 1998 2001 2004 2007 2010 2013 2016 2019 2022 2025 2028 2031 2034 2037 2040 2043 2046 2049 2052 2055 2058 2061 2064 2067 2070 2073 2076 2079 2082 2085 2088 2091 2094 2097 2100 2103 2106 2109 2112 2115 2118 2121 2124 2127 2130 2133 2136 2139 2142 2145 2148 2151 2154 2157 2160 2163 2166 2169 2172 2175 2178 2181 2184 2187 2190 2193 2196 2199 2202 2205 2208 2211 2214 2217 2220 2223 2226 2229 2232 2235 2238 2241 2244 2247 2250 2253 2256 2259 2262 2265 2268 2271 2274 2277 2280 2283 2286 2289 2292 2295 2298 2301 2304 2307 2310 2313 2316 2319 2322 2325 2328 2331 2334 2337 2340 2343 2346 2349 2352 2355 2358 2361 2364 2367 2370 2373 2376 2379 2382 2385 2388 2391 2394 2397 2400 2403 2406 2409 2412 2415 2418 2421 2424 2427 2430 2433 2436 2439 2442 2445 2448 2451 2454 2457 2460 2463 2466 2469 2472 2475 2478 2481 2484 2487 2490 2493 2496 2499 2502 2505 2508 2511 2514 2517 2520 2523 2526 2529 2532 2535 2538 2541 2544 2547 2550 2553 2556 2559 2562 2565 2568 2571 2574 2577 2580 2583 2586 2589 2592 2595 2598 2601 2604 2607 2610 2613 2616 2619 2622 2625 2628 2631 2634 2637 2640 2643 2646 2649 2652 2655 2658 2661 2664 2667 2670 2673 2676 2679 2682 2685 2688 2691 2694 2697 2700 2703 2706 2709 2712 2715 2718 2721 2724 2727 2730 2733 2736 2739 2742 2745 2748 2751 2754 2757 2760 2763 2766 2769 2772 2775 2778 2781 2784 2787 2790 2793 2796 2799 2802 2805 2808 2811 2814 2817 2820 2823 2826 

        </DataArray>

        <DataArray type="Int32" Name="types" format="ascii">

5 5 5 5 5 5 5 5 5 5 5 5 5 5 5 5 5 5 5 5 5 5 5 5 5 5 5 5 5 5 5 5 5 5 5 5 5 5 5 5 5 5 5 5 5 5 5 5 5 5 5 5 5 5 5 5 5 5 5 5 5 5 5 5 5 5 5 5 5 5 5 5 5 5 5 5 5 5 5 5 5 5 5 5 5 5 5 5 5 5 5 5 5 5 5 5 5 5 5 5 5 5 5 5 5 5 5 5 5 5 5 5 5 5 5 5 5 5 5 5 5 5 5 5 5 5 5 5 5 5 5 5 5 5 5 5 5 5 5 5 5 5 5 5 5 5 5 5 5 5 5 5 5 5 5 5 5 5 5 5 5 5 5 5 5 5 5 5 5 5 5 5 5 5 5 5 5 5 5 5 5 5 5 5 5 5 5 5 5 5 5 5 5 5 5 5 5 5 5 5 5 5 5 5 5 5 5 5 5 5 5 5 5 5 5 5 5 5 5 5 5 5 5 5 5 5 5 5 5 5 5 5 5 5 5 5 5 5 5 5 5 5 5 5 5 5 5 5 5 5 5 5 5 5 5 5 5 5 5 5 5 5 5 5 5 5 5 5 5 5 5 5 5 5 5 5 5 5 5 5 5 5 5 5 5 5 5 5 5 5 5 5 5 5 5 5 5 5 5 5 5 5 5 5 5 5 5 5 5 5 5 5 5 5 5 5 5 5 5 5 5 5 5 5 5 5 5 5 5 5 5 5 5 5 5 5 5 5 5 5 5 5 5 5 5 5 5 5 5 5 5 5 5 5 5 5 5 5 5 5 5 5 5 5 5 5 5 5 5 5 5 5 5 5 5 5 5 5 5 5 5 5 5 5 5 5 5 5 5 5 5 5 5 5 5 5 5 5 5 5 5 5 5 5 5 5 5 5 5 5 5 5 5 5 5 5 5 5 5 5 5 5 5 5 5 5 5 5 5 5 5 5 5 5 5 5 5 5 5 5 5 5 5 5 5 5 5 5 5 5 5 5 5 5 5 5 5 5 5 5 5 5 5 5 5 5 5 5 5 5 5 5 5 5 5 5 5 5 5 5 5 5 5 5 5 5 5 5 5 5 5 5 5 5 5 5 5 5 5 5 5 5 5 5 5 5 5 5 5 5 5 5 5 5 5 5 5 5 5 5 5 5 5 5 5 5 5 5 5 5 5 5 5 5 5 5 5 5 5 5 5 5 5 5 5 5 5 5 5 5 5 5 5 5 5 5 5 5 5 5 5 5 5 5 5 5 5 5 5 5 5 5 5 5 5 5 5 5 5 5 5 5 5 5 5 5 5 5 5 5 5 5 5 5 5 5 5 5 5 5 5 5 5 5 5 5 5 5 5 5 5 5 5 5 5 5 5 5 5 5 5 5 5 5 5 5 5 5 5 5 5 5 5 5 5 5 5 5 5 5 5 5 5 5 5 5 5 5 5 5 5 5 5 5 5 5 5 5 5 5 5 5 5 5 5 5 5 5 5 5 5 5 5 5 5 5 5 5 5 5 5 5 5 5 5 5 5 5 5 5 5 5 5 5 5 5 5 5 5 5 5 5 5 5 5 5 5 5 5 5 5 5 5 5 5 5 5 5 5 5 5 5 5 5 5 5 5 5 5 5 5 5 5 5 5 5 5 5 5 5 5 5 5 5 5 5 5 5 5 5 5 5 5 5 5 5 5 5 5 5 5 5 5 5 5 5 5 5 5 5 5 5 5 5 5 5 5 5 5 5 5 5 5 5 5 5 5 5 5 5 5 5 5 5 5 5 5 5 5 5 5 5 5 5 5 5 5 5 5 5 5 5 5 5 5 5 5 5 5 5 5 5 5 5 5 5 5 5 5 5 5 5 5 5 5 5 5 5 5 5 5 5 5 5 5 5 5 5 5 5 5 5 5 5 5 5 5 5 5 5 5 5 5 5 5 5 5 5 5 5 5 5 5 5 5 5 5 5 5 5 5 5 5 5 5 5 5 5 5 5 5 5 5 5 5 5 5 5 5 5 5 5 5 5 5 5 5 5 5 5 5 5 5 5 5 5 5 5 5 5 5 5 5 5 5 5 5 5 5 5 5 5 5 5 5 5 5 5 5 5 5 5 

        </DataArray>

      </Cells>

    </Piece>

  </UnstructuredGrid>

</VTKFile>

