<?xml version="1.0"?>

<VTKFile type="UnstructuredGrid" version="0.1">

  <UnstructuredGrid>

    <Piece NumberOfPoints="2826" NumberOfCells="942">

      <PointData>

        <DataArray type="Float64" Name="K" format="ascii">

9.18495093337996060e-01
9.18495093337996060e-01
9.18495093337996060e-01
1.06089322691553778e+00
1.06089322691553778e+00
1.06089322691553778e+00
9.51877910723279208e-01
9.51877910723279208e-01
9.51877910723279208e-01
9.66024019293304392e-01
9.66024019293304392e-01
9.66024019293304392e-01
9.98195223935017806e-01
9.98195223935017806e-01
9.98195223935017806e-01
9.23935525054915496e-01
9.23935525054915496e-01
9.23935525054915496e-01
9.11363569425446274e-01
9.11363569425446274e-01
9.11363569425446274e-01
9.52584571467305574e-01
9.52584571467305574e-01
9.52584571467305574e-01
9.91433401808946679e-01
9.91433401808946679e-01
9.91433401808946679e-01
9.47548348861467993e-01
9.47548348861467993e-01
9.47548348861467993e-01
9.94962599425640803e-01
9.94962599425640803e-01
9.94962599425640803e-01
9.66188470887544670e-01
9.66188470887544670e-01
9.66188470887544670e-01
9.60190978791655825e-01
9.60190978791655825e-01
9.60190978791655825e-01
9.60939399987402965e-01
9.60939399987402965e-01
9.60939399987402965e-01
9.60504030621742388e-01
9.60504030621742388e-01
9.60504030621742388e-01
1.02916156457575636e+00
1.02916156457575636e+00
1.02916156457575636e+00
1.10129890391050078e+00
1.10129890391050078e+00
1.10129890391050078e+00
9.51849567002563512e-01
9.51849567002563512e-01
9.51849567002563512e-01
9.32543286574644248e-01
9.32543286574644248e-01
9.32543286574644248e-01
1.01209133894146008e+00
1.01209133894146008e+00
1.01209133894146008e+00
9.60568790432369757e-01
9.60568790432369757e-01
9.60568790432369757e-01
1.02397417976157534e+00
1.02397417976157534e+00
1.02397417976157534e+00
1.06043626356269605e+00
1.06043626356269605e+00
1.06043626356269605e+00
9.56783098427034795e-01
9.56783098427034795e-01
9.56783098427034795e-01
9.38358379334363391e-01
9.38358379334363391e-01
9.38358379334363391e-01
1.10240946184968513e+00
1.10240946184968513e+00
1.10240946184968513e+00
1.08830430754642471e+00
1.08830430754642471e+00
1.08830430754642471e+00
9.25501565916726054e-01
9.25501565916726054e-01
9.25501565916726054e-01
9.84596807044667122e-01
9.84596807044667122e-01
9.84596807044667122e-01
9.71581569153690872e-01
9.71581569153690872e-01
9.71581569153690872e-01
1.03313556722498090e+00
1.03313556722498090e+00
1.03313556722498090e+00
1.05903325247531699e+00
1.05903325247531699e+00
1.05903325247531699e+00
1.02748695948158120e+00
1.02748695948158120e+00
1.02748695948158120e+00
1.11327191870188313e+00
1.11327191870188313e+00
1.11327191870188313e+00
9.31716990925043453e-01
9.31716990925043453e-01
9.31716990925043453e-01
1.01987687519842751e+00
1.01987687519842751e+00
1.01987687519842751e+00
1.03723600999477661e+00
1.03723600999477661e+00
1.03723600999477661e+00
9.93344362956174787e-01
9.93344362956174787e-01
9.93344362956174787e-01
8.94036680428010877e-01
8.94036680428010877e-01
8.94036680428010877e-01
9.27767600915704649e-01
9.27767600915704649e-01
9.27767600915704649e-01
1.03386256407578236e+00
1.03386256407578236e+00
1.03386256407578236e+00
9.71450990648000556e-01
9.71450990648000556e-01
9.71450990648000556e-01
9.45353633570294005e-01
9.45353633570294005e-01
9.45353633570294005e-01
8.99254379833955397e-01
8.99254379833955397e-01
8.99254379833955397e-01
9.17840129828071394e-01
9.17840129828071394e-01
9.17840129828071394e-01
9.33335654171301043e-01
9.33335654171301043e-01
9.33335654171301043e-01
9.26591334791708854e-01
9.26591334791708854e-01
9.26591334791708854e-01
9.79990348379290110e-01
9.79990348379290110e-01
9.79990348379290110e-01
1.12921309026558792e+00
1.12921309026558792e+00
1.12921309026558792e+00
1.00259594631438631e+00
1.00259594631438631e+00
1.00259594631438631e+00
9.56673212270368611e-01
9.56673212270368611e-01
9.56673212270368611e-01
8.93316631435479236e-01
8.93316631435479236e-01
8.93316631435479236e-01
9.04281029322802743e-01
9.04281029322802743e-01
9.04281029322802743e-01
9.49599495386239112e-01
9.49599495386239112e-01
9.49599495386239112e-01
1.08640999719385811e+00
1.08640999719385811e+00
1.08640999719385811e+00
9.94359788701089431e-01
9.94359788701089431e-01
9.94359788701089431e-01
1.07947042914250124e+00
1.07947042914250124e+00
1.07947042914250124e+00
1.00156608598039876e+00
1.00156608598039876e+00
1.00156608598039876e+00
1.03542611976013688e+00
1.03542611976013688e+00
1.03542611976013688e+00
9.81688555867032964e-01
9.81688555867032964e-01
9.81688555867032964e-01
1.09186947002191070e+00
1.09186947002191070e+00
1.09186947002191070e+00
8.87039160238446533e-01
8.87039160238446533e-01
8.87039160238446533e-01
1.04445202834032802e+00
1.04445202834032802e+00
1.04445202834032802e+00
1.09939956639480374e+00
1.09939956639480374e+00
1.09939956639480374e+00
1.01933251403971781e+00
1.01933251403971781e+00
1.01933251403971781e+00
8.36319309894280050e-01
8.36319309894280050e-01
8.36319309894280050e-01
1.00151604938310412e+00
1.00151604938310412e+00
1.00151604938310412e+00
1.01292639235947202e+00
1.01292639235947202e+00
1.01292639235947202e+00
9.00375905464320669e-01
9.00375905464320669e-01
9.00375905464320669e-01
1.14248024787341240e+00
1.14248024787341240e+00
1.14248024787341240e+00
9.15754209103819661e-01
9.15754209103819661e-01
9.15754209103819661e-01
9.11777976783610500e-01
9.11777976783610500e-01
9.11777976783610500e-01
9.07679765306429465e-01
9.07679765306429465e-01
9.07679765306429465e-01
9.41705296324944929e-01
9.41705296324944929e-01
9.41705296324944929e-01
9.42092297710061866e-01
9.42092297710061866e-01
9.42092297710061866e-01
1.09097849115386936e+00
1.09097849115386936e+00
1.09097849115386936e+00
1.02930359621785805e+00
1.02930359621785805e+00
1.02930359621785805e+00
1.02047376166427695e+00
1.02047376166427695e+00
1.02047376166427695e+00
8.92600886724761677e-01
8.92600886724761677e-01
8.92600886724761677e-01
9.28894697432180783e-01
9.28894697432180783e-01
9.28894697432180783e-01
1.01920855994676329e+00
1.01920855994676329e+00
1.01920855994676329e+00
9.40306308197776275e-01
9.40306308197776275e-01
9.40306308197776275e-01
9.03493255300825471e-01
9.03493255300825471e-01
9.03493255300825471e-01
9.54026101193770071e-01
9.54026101193770071e-01
9.54026101193770071e-01
1.06612467342550010e+00
1.06612467342550010e+00
1.06612467342550010e+00
9.44121374345338604e-01
9.44121374345338604e-01
9.44121374345338604e-01
1.05738633095928103e+00
1.05738633095928103e+00
1.05738633095928103e+00
9.91936718648673832e-01
9.91936718648673832e-01
9.91936718648673832e-01
1.03310270269625137e+00
1.03310270269625137e+00
1.03310270269625137e+00
9.61733492340049678e-01
9.61733492340049678e-01
9.61733492340049678e-01
1.02523170046080203e+00
1.02523170046080203e+00
1.02523170046080203e+00
1.01397021265804699e+00
1.01397021265804699e+00
1.01397021265804699e+00
9.46224986988813965e-01
9.46224986988813965e-01
9.46224986988813965e-01
9.40586298082059957e-01
9.40586298082059957e-01
9.40586298082059957e-01
9.47765788477933913e-01
9.47765788477933913e-01
9.47765788477933913e-01
1.03777528417054166e+00
1.03777528417054166e+00
1.03777528417054166e+00
8.71452083718843751e-01
8.71452083718843751e-01
8.71452083718843751e-01
8.96799931711066756e-01
8.96799931711066756e-01
8.96799931711066756e-01
1.10261697087084221e+00
1.10261697087084221e+00
1.10261697087084221e+00
9.89720314599028761e-01
9.89720314599028761e-01
9.89720314599028761e-01
8.69323970441070792e-01
8.69323970441070792e-01
8.69323970441070792e-01
1.03231466079830758e+00
1.03231466079830758e+00
1.03231466079830758e+00
1.04296195071903375e+00
1.04296195071903375e+00
1.04296195071903375e+00
9.61511046941080583e-01
9.61511046941080583e-01
9.61511046941080583e-01
1.07394213753988432e+00
1.07394213753988432e+00
1.07394213753988432e+00
9.85419724718749945e-01
9.85419724718749945e-01
9.85419724718749945e-01
1.02910217797412673e+00
1.02910217797412673e+00
1.02910217797412673e+00
1.10607342000085218e+00
1.10607342000085218e+00
1.10607342000085218e+00
9.69205125651172783e-01
9.69205125651172783e-01
9.69205125651172783e-01
1.02920275349502099e+00
1.02920275349502099e+00
1.02920275349502099e+00
9.35319285702862713e-01
9.35319285702862713e-01
9.35319285702862713e-01
9.45122356182352630e-01
9.45122356182352630e-01
9.45122356182352630e-01
1.06244613098522667e+00
1.06244613098522667e+00
1.06244613098522667e+00
9.83812690677609902e-01
9.83812690677609902e-01
9.83812690677609902e-01
9.89484467808873003e-01
9.89484467808873003e-01
9.89484467808873003e-01
9.21303044567742702e-01
9.21303044567742702e-01
9.21303044567742702e-01
9.84054778847055278e-01
9.84054778847055278e-01
9.84054778847055278e-01
9.58039585237617120e-01
9.58039585237617120e-01
9.58039585237617120e-01
9.79100505603966775e-01
9.79100505603966775e-01
9.79100505603966775e-01
9.70900370809127944e-01
9.70900370809127944e-01
9.70900370809127944e-01
9.08391679176475675e-01
9.08391679176475675e-01
9.08391679176475675e-01
1.00663860839376906e+00
1.00663860839376906e+00
1.00663860839376906e+00
9.97975878666011562e-01
9.97975878666011562e-01
9.97975878666011562e-01
9.71076273737433882e-01
9.71076273737433882e-01
9.71076273737433882e-01
9.81506064793562838e-01
9.81506064793562838e-01
9.81506064793562838e-01
8.83792165468771929e-01
8.83792165468771929e-01
8.83792165468771929e-01
1.01968662806008092e+00
1.01968662806008092e+00
1.01968662806008092e+00
1.08853091091291798e+00
1.08853091091291798e+00
1.08853091091291798e+00
1.05107332291602718e+00
1.05107332291602718e+00
1.05107332291602718e+00
1.04673540803231657e+00
1.04673540803231657e+00
1.04673540803231657e+00
1.02906529902497001e+00
1.02906529902497001e+00
1.02906529902497001e+00
9.57553061235012049e-01
9.57553061235012049e-01
9.57553061235012049e-01
9.13991167514097369e-01
9.13991167514097369e-01
9.13991167514097369e-01
1.01320132550207753e+00
1.01320132550207753e+00
1.01320132550207753e+00
9.37171985026667764e-01
9.37171985026667764e-01
9.37171985026667764e-01
9.25616819523950918e-01
9.25616819523950918e-01
9.25616819523950918e-01
1.04715392975917632e+00
1.04715392975917632e+00
1.04715392975917632e+00
1.02499013305199727e+00
1.02499013305199727e+00
1.02499013305199727e+00
9.09902825176164054e-01
9.09902825176164054e-01
9.09902825176164054e-01
1.08675000294196655e+00
1.08675000294196655e+00
1.08675000294196655e+00
1.12459046685443265e+00
1.12459046685443265e+00
1.12459046685443265e+00
9.95071868451237407e-01
9.95071868451237407e-01
9.95071868451237407e-01
8.99938806699419169e-01
8.99938806699419169e-01
8.99938806699419169e-01
9.77174239297535885e-01
9.77174239297535885e-01
9.77174239297535885e-01
1.00002604049171451e+00
1.00002604049171451e+00
1.00002604049171451e+00
1.01302866465367436e+00
1.01302866465367436e+00
1.01302866465367436e+00
9.64743144624642279e-01
9.64743144624642279e-01
9.64743144624642279e-01
9.91802756548572861e-01
9.91802756548572861e-01
9.91802756548572861e-01
9.49552723232718221e-01
9.49552723232718221e-01
9.49552723232718221e-01
9.69933978987870038e-01
9.69933978987870038e-01
9.69933978987870038e-01
9.75711153168672740e-01
9.75711153168672740e-01
9.75711153168672740e-01
1.08601692529859140e+00
1.08601692529859140e+00
1.08601692529859140e+00
1.02926733361879807e+00
1.02926733361879807e+00
1.02926733361879807e+00
1.01041545834733304e+00
1.01041545834733304e+00
1.01041545834733304e+00
9.71934706661375936e-01
9.71934706661375936e-01
9.71934706661375936e-01
1.05511617649898559e+00
1.05511617649898559e+00
1.05511617649898559e+00
1.00459552055295864e+00
1.00459552055295864e+00
1.00459552055295864e+00
1.06068845183546756e+00
1.06068845183546756e+00
1.06068845183546756e+00
1.02817883121346898e+00
1.02817883121346898e+00
1.02817883121346898e+00
1.11526040906633295e+00
1.11526040906633295e+00
1.11526040906633295e+00
9.93850079220626625e-01
9.93850079220626625e-01
9.93850079220626625e-01
8.76581278935173014e-01
8.76581278935173014e-01
8.76581278935173014e-01
1.07223587422110733e+00
1.07223587422110733e+00
1.07223587422110733e+00
9.24227133229523545e-01
9.24227133229523545e-01
9.24227133229523545e-01
9.45002300105377779e-01
9.45002300105377779e-01
9.45002300105377779e-01
1.05862332058572939e+00
1.05862332058572939e+00
1.05862332058572939e+00
1.02624183827433746e+00
1.02624183827433746e+00
1.02624183827433746e+00
8.71744567299417739e-01
8.71744567299417739e-01
8.71744567299417739e-01
9.98726436785833283e-01
9.98726436785833283e-01
9.98726436785833283e-01
1.02132954641536156e+00
1.02132954641536156e+00
1.02132954641536156e+00
9.08648741265306037e-01
9.08648741265306037e-01
9.08648741265306037e-01
1.11106746834033476e+00
1.11106746834033476e+00
1.11106746834033476e+00
9.98997024010463419e-01
9.98997024010463419e-01
9.98997024010463419e-01
1.08574335694642565e+00
1.08574335694642565e+00
1.08574335694642565e+00
1.01095777524520147e+00
1.01095777524520147e+00
1.01095777524520147e+00
9.65278186715525788e-01
9.65278186715525788e-01
9.65278186715525788e-01
9.53236335793914535e-01
9.53236335793914535e-01
9.53236335793914535e-01
9.44557847013890783e-01
9.44557847013890783e-01
9.44557847013890783e-01
1.06392106184987090e+00
1.06392106184987090e+00
1.06392106184987090e+00
1.01183856924107496e+00
1.01183856924107496e+00
1.01183856924107496e+00
1.01791856407105152e+00
1.01791856407105152e+00
1.01791856407105152e+00
9.23856886737196681e-01
9.23856886737196681e-01
9.23856886737196681e-01
9.22263806256755858e-01
9.22263806256755858e-01
9.22263806256755858e-01
9.61011633522786290e-01
9.61011633522786290e-01
9.61011633522786290e-01
9.84531278965280920e-01
9.84531278965280920e-01
9.84531278965280920e-01
1.00561709454416492e+00
1.00561709454416492e+00
1.00561709454416492e+00
1.01259846841617063e+00
1.01259846841617063e+00
1.01259846841617063e+00
1.04253899029812125e+00
1.04253899029812125e+00
1.04253899029812125e+00
9.40057245289454557e-01
9.40057245289454557e-01
9.40057245289454557e-01
9.57833377983651868e-01
9.57833377983651868e-01
9.57833377983651868e-01
9.03422390800394881e-01
9.03422390800394881e-01
9.03422390800394881e-01
9.69849146340328927e-01
9.69849146340328927e-01
9.69849146340328927e-01
9.44672720927991594e-01
9.44672720927991594e-01
9.44672720927991594e-01
1.00150392874204708e+00
1.00150392874204708e+00
1.00150392874204708e+00
1.08269460105905946e+00
1.08269460105905946e+00
1.08269460105905946e+00
1.03566187231851914e+00
1.03566187231851914e+00
1.03566187231851914e+00
9.49986308735167095e-01
9.49986308735167095e-01
9.49986308735167095e-01
1.03307192365724898e+00
1.03307192365724898e+00
1.03307192365724898e+00
9.47668981691760282e-01
9.47668981691760282e-01
9.47668981691760282e-01
9.27905543991067172e-01
9.27905543991067172e-01
9.27905543991067172e-01
1.00462865505806187e+00
1.00462865505806187e+00
1.00462865505806187e+00
1.03878994798905122e+00
1.03878994798905122e+00
1.03878994798905122e+00
9.10415047952365053e-01
9.10415047952365053e-01
9.10415047952365053e-01
9.10028677331709668e-01
9.10028677331709668e-01
9.10028677331709668e-01
8.49826140235355743e-01
8.49826140235355743e-01
8.49826140235355743e-01
8.12751188476183994e-01
8.12751188476183994e-01
8.12751188476183994e-01
8.70254305246393689e-01
8.70254305246393689e-01
8.70254305246393689e-01
9.32961183857919263e-01
9.32961183857919263e-01
9.32961183857919263e-01
9.62810791530205767e-01
9.62810791530205767e-01
9.62810791530205767e-01
9.56404184596286955e-01
9.56404184596286955e-01
9.56404184596286955e-01
1.00820673626706592e+00
1.00820673626706592e+00
1.00820673626706592e+00
1.03880533790500773e+00
1.03880533790500773e+00
1.03880533790500773e+00
1.06431546052958970e+00
1.06431546052958970e+00
1.06431546052958970e+00
8.67161693015143675e-01
8.67161693015143675e-01
8.67161693015143675e-01
8.56674423337255964e-01
8.56674423337255964e-01
8.56674423337255964e-01
9.00911391964263175e-01
9.00911391964263175e-01
9.00911391964263175e-01
9.15398969595654144e-01
9.15398969595654144e-01
9.15398969595654144e-01
9.01107895884482257e-01
9.01107895884482257e-01
9.01107895884482257e-01
9.39341899894080901e-01
9.39341899894080901e-01
9.39341899894080901e-01
9.52586379838479713e-01
9.52586379838479713e-01
9.52586379838479713e-01
9.30380607655498237e-01
9.30380607655498237e-01
9.30380607655498237e-01
9.94781544986102495e-01
9.94781544986102495e-01
9.94781544986102495e-01
9.95722145917544710e-01
9.95722145917544710e-01
9.95722145917544710e-01
8.93041429818304033e-01
8.93041429818304033e-01
8.93041429818304033e-01
7.88275171852294454e-01
7.88275171852294454e-01
7.88275171852294454e-01
1.04175056957110912e+00
1.04175056957110912e+00
1.04175056957110912e+00
1.02802439188558292e+00
1.02802439188558292e+00
1.02802439188558292e+00
9.54117074254622222e-01
9.54117074254622222e-01
9.54117074254622222e-01
1.03290190002371718e+00
1.03290190002371718e+00
1.03290190002371718e+00
9.62838774035774114e-01
9.62838774035774114e-01
9.62838774035774114e-01
1.00642312987290339e+00
1.00642312987290339e+00
1.00642312987290339e+00
8.59726666301787290e-01
8.59726666301787290e-01
8.59726666301787290e-01
9.69116655755199341e-01
9.69116655755199341e-01
9.69116655755199341e-01
1.01063728489515037e+00
1.01063728489515037e+00
1.01063728489515037e+00
8.54158335416926873e-01
8.54158335416926873e-01
8.54158335416926873e-01
1.00020413072375369e+00
1.00020413072375369e+00
1.00020413072375369e+00
1.02141820453594190e+00
1.02141820453594190e+00
1.02141820453594190e+00
1.00200797627084959e+00
1.00200797627084959e+00
1.00200797627084959e+00
9.68512235393570342e-01
9.68512235393570342e-01
9.68512235393570342e-01
8.99772100799628660e-01
8.99772100799628660e-01
8.99772100799628660e-01
1.01753383749771631e+00
1.01753383749771631e+00
1.01753383749771631e+00
1.06346612506581817e+00
1.06346612506581817e+00
1.06346612506581817e+00
9.79690255651499697e-01
9.79690255651499697e-01
9.79690255651499697e-01
9.32370464756517747e-01
9.32370464756517747e-01
9.32370464756517747e-01
9.85182270221415246e-01
9.85182270221415246e-01
9.85182270221415246e-01
1.06197407437343361e+00
1.06197407437343361e+00
1.06197407437343361e+00
1.03835800997151417e+00
1.03835800997151417e+00
1.03835800997151417e+00
9.39453244007415367e-01
9.39453244007415367e-01
9.39453244007415367e-01
1.00143011718546382e+00
1.00143011718546382e+00
1.00143011718546382e+00
9.47044323711192515e-01
9.47044323711192515e-01
9.47044323711192515e-01
9.71144020162125532e-01
9.71144020162125532e-01
9.71144020162125532e-01
9.08209343622603416e-01
9.08209343622603416e-01
9.08209343622603416e-01
8.18777304235717929e-01
8.18777304235717929e-01
8.18777304235717929e-01
8.71354369572684972e-01
8.71354369572684972e-01
8.71354369572684972e-01
8.38645036769962049e-01
8.38645036769962049e-01
8.38645036769962049e-01
1.01219475152984528e+00
1.01219475152984528e+00
1.01219475152984528e+00
1.01350863486708676e+00
1.01350863486708676e+00
1.01350863486708676e+00
1.07304810171527665e+00
1.07304810171527665e+00
1.07304810171527665e+00
9.11857323714318935e-01
9.11857323714318935e-01
9.11857323714318935e-01
1.03615292754779875e+00
1.03615292754779875e+00
1.03615292754779875e+00
9.15905929292625709e-01
9.15905929292625709e-01
9.15905929292625709e-01
9.12098404620699799e-01
9.12098404620699799e-01
9.12098404620699799e-01
8.76136239430602370e-01
8.76136239430602370e-01
8.76136239430602370e-01
9.09640480946953600e-01
9.09640480946953600e-01
9.09640480946953600e-01
9.73945842715241872e-01
9.73945842715241872e-01
9.73945842715241872e-01
9.52091736462785554e-01
9.52091736462785554e-01
9.52091736462785554e-01
9.76447985969689625e-01
9.76447985969689625e-01
9.76447985969689625e-01
1.04794058271637391e+00
1.04794058271637391e+00
1.04794058271637391e+00
9.62429212802543677e-01
9.62429212802543677e-01
9.62429212802543677e-01
9.82824248623164531e-01
9.82824248623164531e-01
9.82824248623164531e-01
1.02621209729339502e+00
1.02621209729339502e+00
1.02621209729339502e+00
9.68128771532911769e-01
9.68128771532911769e-01
9.68128771532911769e-01
9.71278946506189955e-01
9.71278946506189955e-01
9.71278946506189955e-01
1.01069239919256892e+00
1.01069239919256892e+00
1.01069239919256892e+00
1.07845701255172477e+00
1.07845701255172477e+00
1.07845701255172477e+00
9.32667868759101681e-01
9.32667868759101681e-01
9.32667868759101681e-01
1.00553844892566935e+00
1.00553844892566935e+00
1.00553844892566935e+00
1.01039350246523507e+00
1.01039350246523507e+00
1.01039350246523507e+00
1.01260793667818838e+00
1.01260793667818838e+00
1.01260793667818838e+00
8.25466358134193334e-01
8.25466358134193334e-01
8.25466358134193334e-01
7.93439282058585604e-01
7.93439282058585604e-01
7.93439282058585604e-01
9.22673817254142214e-01
9.22673817254142214e-01
9.22673817254142214e-01
7.95823322044131864e-01
7.95823322044131864e-01
7.95823322044131864e-01
9.87373117174496495e-01
9.87373117174496495e-01
9.87373117174496495e-01
9.18697333453916798e-01
9.18697333453916798e-01
9.18697333453916798e-01
8.96529908803119224e-01
8.96529908803119224e-01
8.96529908803119224e-01
1.03906070403544315e+00
1.03906070403544315e+00
1.03906070403544315e+00
8.00987220747594098e-01
8.00987220747594098e-01
8.00987220747594098e-01
9.27811326969771533e-01
9.27811326969771533e-01
9.27811326969771533e-01
1.05436354665255716e+00
1.05436354665255716e+00
1.05436354665255716e+00
1.10592012121327765e+00
1.10592012121327765e+00
1.10592012121327765e+00
8.86784059932644197e-01
8.86784059932644197e-01
8.86784059932644197e-01
9.09275052382047755e-01
9.09275052382047755e-01
9.09275052382047755e-01
9.84179886657766345e-01
9.84179886657766345e-01
9.84179886657766345e-01
9.30616345959871083e-01
9.30616345959871083e-01
9.30616345959871083e-01
9.48993576691684382e-01
9.48993576691684382e-01
9.48993576691684382e-01
1.04043635041300830e+00
1.04043635041300830e+00
1.04043635041300830e+00
8.99514585150000934e-01
8.99514585150000934e-01
8.99514585150000934e-01
9.54372817505725779e-01
9.54372817505725779e-01
9.54372817505725779e-01
9.51460387114519301e-01
9.51460387114519301e-01
9.51460387114519301e-01
1.09756715384675285e+00
1.09756715384675285e+00
1.09756715384675285e+00
1.02973798543261919e+00
1.02973798543261919e+00
1.02973798543261919e+00
8.88777805785430419e-01
8.88777805785430419e-01
8.88777805785430419e-01
1.00908895530413356e+00
1.00908895530413356e+00
1.00908895530413356e+00
9.84228255002286723e-01
9.84228255002286723e-01
9.84228255002286723e-01
1.13853579719667719e+00
1.13853579719667719e+00
1.13853579719667719e+00
7.80865657181896267e-01
7.80865657181896267e-01
7.80865657181896267e-01
1.04776871502326085e+00
1.04776871502326085e+00
1.04776871502326085e+00
1.07969886390658543e+00
1.07969886390658543e+00
1.07969886390658543e+00
8.96563983076596682e-01
8.96563983076596682e-01
8.96563983076596682e-01
8.99194022241264990e-01
8.99194022241264990e-01
8.99194022241264990e-01
1.03978092114169285e+00
1.03978092114169285e+00
1.03978092114169285e+00
1.04419008047821515e+00
1.04419008047821515e+00
1.04419008047821515e+00
1.02715366000470443e+00
1.02715366000470443e+00
1.02715366000470443e+00
9.87564233602507779e-01
9.87564233602507779e-01
9.87564233602507779e-01
9.36355874715578240e-01
9.36355874715578240e-01
9.36355874715578240e-01
8.43239420207827273e-01
8.43239420207827273e-01
8.43239420207827273e-01
8.79720935982929997e-01
8.79720935982929997e-01
8.79720935982929997e-01
9.20889842613474841e-01
9.20889842613474841e-01
9.20889842613474841e-01
8.80529186406876607e-01
8.80529186406876607e-01
8.80529186406876607e-01
9.21317443570169980e-01
9.21317443570169980e-01
9.21317443570169980e-01
9.05279714687683423e-01
9.05279714687683423e-01
9.05279714687683423e-01
8.78832472106260254e-01
8.78832472106260254e-01
8.78832472106260254e-01
9.71476836162851409e-01
9.71476836162851409e-01
9.71476836162851409e-01
9.05914018024265189e-01
9.05914018024265189e-01
9.05914018024265189e-01
9.85070560162205178e-01
9.85070560162205178e-01
9.85070560162205178e-01
8.86984901288790040e-01
8.86984901288790040e-01
8.86984901288790040e-01
8.54631607036657859e-01
8.54631607036657859e-01
8.54631607036657859e-01
8.19514311451076338e-01
8.19514311451076338e-01
8.19514311451076338e-01
1.05853010478686826e+00
1.05853010478686826e+00
1.05853010478686826e+00
9.04537533060817522e-01
9.04537533060817522e-01
9.04537533060817522e-01
1.01877673209484199e+00
1.01877673209484199e+00
1.01877673209484199e+00
1.01137660682560337e+00
1.01137660682560337e+00
1.01137660682560337e+00
1.01791294422785361e+00
1.01791294422785361e+00
1.01791294422785361e+00
9.57814492255450567e-01
9.57814492255450567e-01
9.57814492255450567e-01
1.11440262124039480e+00
1.11440262124039480e+00
1.11440262124039480e+00
9.98517614297480427e-01
9.98517614297480427e-01
9.98517614297480427e-01
7.09661357670697823e-01
7.09661357670697823e-01
7.09661357670697823e-01
1.01961600274923914e+00
1.01961600274923914e+00
1.01961600274923914e+00
9.40040078133083545e-01
9.40040078133083545e-01
9.40040078133083545e-01
1.04947395938513588e+00
1.04947395938513588e+00
1.04947395938513588e+00
1.00209092609156136e+00
1.00209092609156136e+00
1.00209092609156136e+00
8.97565817299499025e-01
8.97565817299499025e-01
8.97565817299499025e-01
8.07818178039861445e-01
8.07818178039861445e-01
8.07818178039861445e-01
9.97287011016185221e-01
9.97287011016185221e-01
9.97287011016185221e-01
9.29525072513788020e-01
9.29525072513788020e-01
9.29525072513788020e-01
9.01888212620160057e-01
9.01888212620160057e-01
9.01888212620160057e-01
8.94677121952581755e-01
8.94677121952581755e-01
8.94677121952581755e-01
1.01191321990260641e+00
1.01191321990260641e+00
1.01191321990260641e+00
1.02822349612303543e+00
1.02822349612303543e+00
1.02822349612303543e+00
9.05618473224589104e-01
9.05618473224589104e-01
9.05618473224589104e-01
1.07821506609900242e+00
1.07821506609900242e+00
1.07821506609900242e+00
1.07476046922851198e+00
1.07476046922851198e+00
1.07476046922851198e+00
1.09733923592949822e+00
1.09733923592949822e+00
1.09733923592949822e+00
9.49392196565934987e-01
9.49392196565934987e-01
9.49392196565934987e-01
1.01277539891809876e+00
1.01277539891809876e+00
1.01277539891809876e+00
9.12188943337412739e-01
9.12188943337412739e-01
9.12188943337412739e-01
9.26756624902116077e-01
9.26756624902116077e-01
9.26756624902116077e-01
1.02531501638661515e+00
1.02531501638661515e+00
1.02531501638661515e+00
9.60175675237778803e-01
9.60175675237778803e-01
9.60175675237778803e-01
8.41487977343745919e-01
8.41487977343745919e-01
8.41487977343745919e-01
1.01355049852443968e+00
1.01355049852443968e+00
1.01355049852443968e+00
9.28346218504206289e-01
9.28346218504206289e-01
9.28346218504206289e-01
1.01732295925526528e+00
1.01732295925526528e+00
1.01732295925526528e+00
9.80413267757479612e-01
9.80413267757479612e-01
9.80413267757479612e-01
9.11819753637026165e-01
9.11819753637026165e-01
9.11819753637026165e-01
9.54297807515148033e-01
9.54297807515148033e-01
9.54297807515148033e-01
9.00396238814956340e-01
9.00396238814956340e-01
9.00396238814956340e-01
9.48039715648478665e-01
9.48039715648478665e-01
9.48039715648478665e-01
9.76053720678551673e-01
9.76053720678551673e-01
9.76053720678551673e-01
1.12852923651750459e+00
1.12852923651750459e+00
1.12852923651750459e+00
1.04400990544924488e+00
1.04400990544924488e+00
1.04400990544924488e+00
1.05739483941620138e+00
1.05739483941620138e+00
1.05739483941620138e+00
9.97132824113864391e-01
9.97132824113864391e-01
9.97132824113864391e-01
9.14826325919128824e-01
9.14826325919128824e-01
9.14826325919128824e-01
1.05841428025712059e+00
1.05841428025712059e+00
1.05841428025712059e+00
8.97737180800538881e-01
8.97737180800538881e-01
8.97737180800538881e-01
1.13204071623175806e+00
1.13204071623175806e+00
1.13204071623175806e+00
9.96385715906221714e-01
9.96385715906221714e-01
9.96385715906221714e-01
9.25424283096079714e-01
9.25424283096079714e-01
9.25424283096079714e-01
8.90433377481100408e-01
8.90433377481100408e-01
8.90433377481100408e-01
8.94069848670031697e-01
8.94069848670031697e-01
8.94069848670031697e-01
9.53583228715016107e-01
9.53583228715016107e-01
9.53583228715016107e-01
1.00399929443518543e+00
1.00399929443518543e+00
1.00399929443518543e+00
1.09191801494635099e+00
1.09191801494635099e+00
1.09191801494635099e+00
9.15281632261002231e-01
9.15281632261002231e-01
9.15281632261002231e-01
9.19054753822528214e-01
9.19054753822528214e-01
9.19054753822528214e-01
8.89062824694165088e-01
8.89062824694165088e-01
8.89062824694165088e-01
1.06229688663768074e+00
1.06229688663768074e+00
1.06229688663768074e+00
1.11408123717262275e+00
1.11408123717262275e+00
1.11408123717262275e+00
9.85004998315221925e-01
9.85004998315221925e-01
9.85004998315221925e-01
1.06684119356652984e+00
1.06684119356652984e+00
1.06684119356652984e+00
9.78647269863840208e-01
9.78647269863840208e-01
9.78647269863840208e-01
1.01678104796081237e+00
1.01678104796081237e+00
1.01678104796081237e+00
9.03676144203735432e-01
9.03676144203735432e-01
9.03676144203735432e-01
9.84493531870536454e-01
9.84493531870536454e-01
9.84493531870536454e-01
1.03018334991577332e+00
1.03018334991577332e+00
1.03018334991577332e+00
1.04340676738646221e+00
1.04340676738646221e+00
1.04340676738646221e+00
9.67002927954214719e-01
9.67002927954214719e-01
9.67002927954214719e-01
1.06301004497161311e+00
1.06301004497161311e+00
1.06301004497161311e+00
9.68399999348031781e-01
9.68399999348031781e-01
9.68399999348031781e-01
9.70964316041661446e-01
9.70964316041661446e-01
9.70964316041661446e-01
9.08203201614378619e-01
9.08203201614378619e-01
9.08203201614378619e-01
1.02174896702319806e+00
1.02174896702319806e+00
1.02174896702319806e+00
1.08086603545097937e+00
1.08086603545097937e+00
1.08086603545097937e+00
1.06457077435593628e+00
1.06457077435593628e+00
1.06457077435593628e+00
8.95908666805861564e-01
8.95908666805861564e-01
8.95908666805861564e-01
9.57122056673506361e-01
9.57122056673506361e-01
9.57122056673506361e-01
9.16948547118029644e-01
9.16948547118029644e-01
9.16948547118029644e-01
1.03948758035895183e+00
1.03948758035895183e+00
1.03948758035895183e+00
9.33761263101272276e-01
9.33761263101272276e-01
9.33761263101272276e-01
9.46588244624787967e-01
9.46588244624787967e-01
9.46588244624787967e-01
9.93907638972972629e-01
9.93907638972972629e-01
9.93907638972972629e-01
1.02730472358124580e+00
1.02730472358124580e+00
1.02730472358124580e+00
1.05569633135069374e+00
1.05569633135069374e+00
1.05569633135069374e+00
9.41419079392259550e-01
9.41419079392259550e-01
9.41419079392259550e-01
9.97426035129500232e-01
9.97426035129500232e-01
9.97426035129500232e-01
1.00809982801422660e+00
1.00809982801422660e+00
1.00809982801422660e+00
8.99951065723621491e-01
8.99951065723621491e-01
8.99951065723621491e-01
1.04062868633388650e+00
1.04062868633388650e+00
1.04062868633388650e+00
9.41308873575912308e-01
9.41308873575912308e-01
9.41308873575912308e-01
9.26075211995865843e-01
9.26075211995865843e-01
9.26075211995865843e-01
9.80969865428547139e-01
9.80969865428547139e-01
9.80969865428547139e-01
9.70341496200819553e-01
9.70341496200819553e-01
9.70341496200819553e-01
9.83434264218345455e-01
9.83434264218345455e-01
9.83434264218345455e-01
1.03330706365013714e+00
1.03330706365013714e+00
1.03330706365013714e+00
1.03455845459174722e+00
1.03455845459174722e+00
1.03455845459174722e+00
9.97794802624601407e-01
9.97794802624601407e-01
9.97794802624601407e-01
1.01199950376094572e+00
1.01199950376094572e+00
1.01199950376094572e+00
1.12688544934207147e+00
1.12688544934207147e+00
1.12688544934207147e+00
1.01924902368247805e+00
1.01924902368247805e+00
1.01924902368247805e+00
9.59911427424064656e-01
9.59911427424064656e-01
9.59911427424064656e-01
1.01140476462225637e+00
1.01140476462225637e+00
1.01140476462225637e+00
1.00645417827700778e+00
1.00645417827700778e+00
1.00645417827700778e+00
9.39588217678541726e-01
9.39588217678541726e-01
9.39588217678541726e-01
1.09329086025169775e+00
1.09329086025169775e+00
1.09329086025169775e+00
1.03875031334571521e+00
1.03875031334571521e+00
1.03875031334571521e+00
1.09908476017517942e+00
1.09908476017517942e+00
1.09908476017517942e+00
9.18430646559024955e-01
9.18430646559024955e-01
9.18430646559024955e-01
9.64384276907940707e-01
9.64384276907940707e-01
9.64384276907940707e-01
1.01259057657091089e+00
1.01259057657091089e+00
1.01259057657091089e+00
9.17933833488669637e-01
9.17933833488669637e-01
9.17933833488669637e-01
1.11299807519133243e+00
1.11299807519133243e+00
1.11299807519133243e+00
1.06926266873168019e+00
1.06926266873168019e+00
1.06926266873168019e+00
8.67579598578383404e-01
8.67579598578383404e-01
8.67579598578383404e-01
1.06621979203442052e+00
1.06621979203442052e+00
1.06621979203442052e+00
1.01544673608497349e+00
1.01544673608497349e+00
1.01544673608497349e+00
9.34748707207184837e-01
9.34748707207184837e-01
9.34748707207184837e-01
1.04291817899037609e+00
1.04291817899037609e+00
1.04291817899037609e+00
9.10160649064034488e-01
9.10160649064034488e-01
9.10160649064034488e-01
9.80259911592440192e-01
9.80259911592440192e-01
9.80259911592440192e-01
1.00773117925291578e+00
1.00773117925291578e+00
1.00773117925291578e+00
1.05901245661535626e+00
1.05901245661535626e+00
1.05901245661535626e+00
9.69937321158532373e-01
9.69937321158532373e-01
9.69937321158532373e-01
1.09211756584721975e+00
1.09211756584721975e+00
1.09211756584721975e+00
9.11485677370654002e-01
9.11485677370654002e-01
9.11485677370654002e-01
9.95248654425755719e-01
9.95248654425755719e-01
9.95248654425755719e-01
1.08859629963845506e+00
1.08859629963845506e+00
1.08859629963845506e+00
9.15027952502345254e-01
9.15027952502345254e-01
9.15027952502345254e-01
1.15529325295390217e+00
1.15529325295390217e+00
1.15529325295390217e+00
1.03295281353443191e+00
1.03295281353443191e+00
1.03295281353443191e+00
9.59570438601188624e-01
9.59570438601188624e-01
9.59570438601188624e-01
1.13786061378405856e+00
1.13786061378405856e+00
1.13786061378405856e+00
9.72094121691441049e-01
9.72094121691441049e-01
9.72094121691441049e-01
1.11769135411539233e+00
1.11769135411539233e+00
1.11769135411539233e+00
9.99240793350638867e-01
9.99240793350638867e-01
9.99240793350638867e-01
1.10640967605184559e+00
1.10640967605184559e+00
1.10640967605184559e+00
9.16463421428375113e-01
9.16463421428375113e-01
9.16463421428375113e-01
1.06222664765109842e+00
1.06222664765109842e+00
1.06222664765109842e+00
1.14389835755117297e+00
1.14389835755117297e+00
1.14389835755117297e+00
1.04188730759598625e+00
1.04188730759598625e+00
1.04188730759598625e+00
1.07251776631091333e+00
1.07251776631091333e+00
1.07251776631091333e+00
8.96883923930227756e-01
8.96883923930227756e-01
8.96883923930227756e-01
9.54844748904817298e-01
9.54844748904817298e-01
9.54844748904817298e-01
9.12150752646236684e-01
9.12150752646236684e-01
9.12150752646236684e-01
9.09869015795084835e-01
9.09869015795084835e-01
9.09869015795084835e-01
1.01706192030921683e+00
1.01706192030921683e+00
1.01706192030921683e+00
1.04978698717574992e+00
1.04978698717574992e+00
1.04978698717574992e+00
1.02105129221201762e+00
1.02105129221201762e+00
1.02105129221201762e+00
1.09432005293882728e+00
1.09432005293882728e+00
1.09432005293882728e+00
9.46589573258867722e-01
9.46589573258867722e-01
9.46589573258867722e-01
8.67956321164509159e-01
8.67956321164509159e-01
8.67956321164509159e-01
9.23454790647384116e-01
9.23454790647384116e-01
9.23454790647384116e-01
9.93051148197923728e-01
9.93051148197923728e-01
9.93051148197923728e-01
8.83662714153218176e-01
8.83662714153218176e-01
8.83662714153218176e-01
1.01695139206289165e+00
1.01695139206289165e+00
1.01695139206289165e+00
9.76951408368055274e-01
9.76951408368055274e-01
9.76951408368055274e-01
9.90630103837291554e-01
9.90630103837291554e-01
9.90630103837291554e-01
1.02796414287447835e+00
1.02796414287447835e+00
1.02796414287447835e+00
9.61729756798304414e-01
9.61729756798304414e-01
9.61729756798304414e-01
9.37952810065977527e-01
9.37952810065977527e-01
9.37952810065977527e-01
9.23157879107579737e-01
9.23157879107579737e-01
9.23157879107579737e-01
9.04524722364917433e-01
9.04524722364917433e-01
9.04524722364917433e-01
1.03936307260753003e+00
1.03936307260753003e+00
1.03936307260753003e+00
1.00482743116887008e+00
1.00482743116887008e+00
1.00482743116887008e+00
9.14113264208581078e-01
9.14113264208581078e-01
9.14113264208581078e-01
9.82211216147031774e-01
9.82211216147031774e-01
9.82211216147031774e-01
9.66858641843944211e-01
9.66858641843944211e-01
9.66858641843944211e-01
8.87405807677040470e-01
8.87405807677040470e-01
8.87405807677040470e-01
1.00209691065885220e+00
1.00209691065885220e+00
1.00209691065885220e+00
9.18559416291764852e-01
9.18559416291764852e-01
9.18559416291764852e-01
1.00727079214840898e+00
1.00727079214840898e+00
1.00727079214840898e+00
9.63018421227103461e-01
9.63018421227103461e-01
9.63018421227103461e-01
1.08576309384893221e+00
1.08576309384893221e+00
1.08576309384893221e+00
1.01409818968629861e+00
1.01409818968629861e+00
1.01409818968629861e+00
1.04866770494504946e+00
1.04866770494504946e+00
1.04866770494504946e+00
1.04774014448209640e+00
1.04774014448209640e+00
1.04774014448209640e+00
1.04299003308497062e+00
1.04299003308497062e+00
1.04299003308497062e+00
9.82428729743301754e-01
9.82428729743301754e-01
9.82428729743301754e-01
9.14366635173364584e-01
9.14366635173364584e-01
9.14366635173364584e-01
9.04644040624178025e-01
9.04644040624178025e-01
9.04644040624178025e-01
9.93272123877702584e-01
9.93272123877702584e-01
9.93272123877702584e-01
1.00855158115727606e+00
1.00855158115727606e+00
1.00855158115727606e+00
8.96739201244082462e-01
8.96739201244082462e-01
8.96739201244082462e-01
1.03524749269202632e+00
1.03524749269202632e+00
1.03524749269202632e+00
9.89743273019377479e-01
9.89743273019377479e-01
9.89743273019377479e-01
1.13181754494430953e+00
1.13181754494430953e+00
1.13181754494430953e+00
1.07597195995863393e+00
1.07597195995863393e+00
1.07597195995863393e+00
8.88379385777876562e-01
8.88379385777876562e-01
8.88379385777876562e-01
1.09890504802082112e+00
1.09890504802082112e+00
1.09890504802082112e+00
9.75304101332136186e-01
9.75304101332136186e-01
9.75304101332136186e-01
9.55502506644742788e-01
9.55502506644742788e-01
9.55502506644742788e-01
9.96615939482649926e-01
9.96615939482649926e-01
9.96615939482649926e-01
1.03976729381020094e+00
1.03976729381020094e+00
1.03976729381020094e+00
1.05596818407570625e+00
1.05596818407570625e+00
1.05596818407570625e+00
1.11016574151269731e+00
1.11016574151269731e+00
1.11016574151269731e+00
1.01137176904157311e+00
1.01137176904157311e+00
1.01137176904157311e+00
1.02428697522940304e+00
1.02428697522940304e+00
1.02428697522940304e+00
1.04872700077923575e+00
1.04872700077923575e+00
1.04872700077923575e+00
1.00790298084926477e+00
1.00790298084926477e+00
1.00790298084926477e+00
1.01413146996178205e+00
1.01413146996178205e+00
1.01413146996178205e+00
1.06015252093002887e+00
1.06015252093002887e+00
1.06015252093002887e+00
9.76354867441488805e-01
9.76354867441488805e-01
9.76354867441488805e-01
1.03452529210790001e+00
1.03452529210790001e+00
1.03452529210790001e+00
1.08741400538978028e+00
1.08741400538978028e+00
1.08741400538978028e+00
9.01907664838324630e-01
9.01907664838324630e-01
9.01907664838324630e-01
9.55901047134949167e-01
9.55901047134949167e-01
9.55901047134949167e-01
1.02275055498995560e+00
1.02275055498995560e+00
1.02275055498995560e+00
1.05410825473990366e+00
1.05410825473990366e+00
1.05410825473990366e+00
9.63564483075360134e-01
9.63564483075360134e-01
9.63564483075360134e-01
1.12661190056113214e+00
1.12661190056113214e+00
1.12661190056113214e+00
9.97214545794907981e-01
9.97214545794907981e-01
9.97214545794907981e-01
1.00159666880711029e+00
1.00159666880711029e+00
1.00159666880711029e+00
9.58705984200482697e-01
9.58705984200482697e-01
9.58705984200482697e-01
1.00250056711588353e+00
1.00250056711588353e+00
1.00250056711588353e+00
1.01686486751381544e+00
1.01686486751381544e+00
1.01686486751381544e+00
9.73128956113341492e-01
9.73128956113341492e-01
9.73128956113341492e-01
9.65582614081542667e-01
9.65582614081542667e-01
9.65582614081542667e-01
1.04297154641396062e+00
1.04297154641396062e+00
1.04297154641396062e+00
1.04990468529265391e+00
1.04990468529265391e+00
1.04990468529265391e+00
1.02621972420920704e+00
1.02621972420920704e+00
1.02621972420920704e+00
1.04639331766403321e+00
1.04639331766403321e+00
1.04639331766403321e+00
9.52842241053473371e-01
9.52842241053473371e-01
9.52842241053473371e-01
9.13928283085353677e-01
9.13928283085353677e-01
9.13928283085353677e-01
1.00214579963542549e+00
1.00214579963542549e+00
1.00214579963542549e+00
1.00624233696677923e+00
1.00624233696677923e+00
1.00624233696677923e+00
1.03772411242967322e+00
1.03772411242967322e+00
1.03772411242967322e+00
9.69144091661643059e-01
9.69144091661643059e-01
9.69144091661643059e-01
8.83036595663224122e-01
8.83036595663224122e-01
8.83036595663224122e-01
9.65099285212084101e-01
9.65099285212084101e-01
9.65099285212084101e-01
9.73226206097525970e-01
9.73226206097525970e-01
9.73226206097525970e-01
1.02569462655778243e+00
1.02569462655778243e+00
1.02569462655778243e+00
9.60625714403492204e-01
9.60625714403492204e-01
9.60625714403492204e-01
1.00478880859833053e+00
1.00478880859833053e+00
1.00478880859833053e+00
1.04407076854750325e+00
1.04407076854750325e+00
1.04407076854750325e+00
9.72456551212753539e-01
9.72456551212753539e-01
9.72456551212753539e-01
1.09619318782139730e+00
1.09619318782139730e+00
1.09619318782139730e+00
9.64559353902357586e-01
9.64559353902357586e-01
9.64559353902357586e-01
8.80886080552318207e-01
8.80886080552318207e-01
8.80886080552318207e-01
1.03375069626350946e+00
1.03375069626350946e+00
1.03375069626350946e+00
9.28391379462110478e-01
9.28391379462110478e-01
9.28391379462110478e-01
9.45440242173991363e-01
9.45440242173991363e-01
9.45440242173991363e-01
1.01021018336852331e+00
1.01021018336852331e+00
1.01021018336852331e+00
9.64730160097078016e-01
9.64730160097078016e-01
9.64730160097078016e-01
9.68074259939525006e-01
9.68074259939525006e-01
9.68074259939525006e-01
9.05368618125784730e-01
9.05368618125784730e-01
9.05368618125784730e-01
8.88915190512656883e-01
8.88915190512656883e-01
8.88915190512656883e-01
9.59272536862893599e-01
9.59272536862893599e-01
9.59272536862893599e-01
1.09781266167469793e+00
1.09781266167469793e+00
1.09781266167469793e+00
9.13447604313481487e-01
9.13447604313481487e-01
9.13447604313481487e-01
1.00020023770699384e+00
1.00020023770699384e+00
1.00020023770699384e+00
1.02773477251815004e+00
1.02773477251815004e+00
1.02773477251815004e+00
9.98315529409166680e-01
9.98315529409166680e-01
9.98315529409166680e-01
8.87666650579074457e-01
8.87666650579074457e-01
8.87666650579074457e-01
8.82777984520242809e-01
8.82777984520242809e-01
8.82777984520242809e-01
9.83438531566346197e-01
9.83438531566346197e-01
9.83438531566346197e-01
1.05435166872726027e+00
1.05435166872726027e+00
1.05435166872726027e+00
9.02815882090792554e-01
9.02815882090792554e-01
9.02815882090792554e-01
1.00067583326127685e+00
1.00067583326127685e+00
1.00067583326127685e+00
1.05111354210054819e+00
1.05111354210054819e+00
1.05111354210054819e+00
1.03483688703585308e+00
1.03483688703585308e+00
1.03483688703585308e+00
1.06305700985758045e+00
1.06305700985758045e+00
1.06305700985758045e+00
8.83778601597961511e-01
8.83778601597961511e-01
8.83778601597961511e-01
1.08156050706550233e+00
1.08156050706550233e+00
1.08156050706550233e+00
8.96396189528299581e-01
8.96396189528299581e-01
8.96396189528299581e-01
8.84937807802967491e-01
8.84937807802967491e-01
8.84937807802967491e-01
8.82377241863359640e-01
8.82377241863359640e-01
8.82377241863359640e-01
9.97150941060695573e-01
9.97150941060695573e-01
9.97150941060695573e-01
9.35540369852355336e-01
9.35540369852355336e-01
9.35540369852355336e-01
1.08729766726595489e+00
1.08729766726595489e+00
1.08729766726595489e+00
9.46652507698208967e-01
9.46652507698208967e-01
9.46652507698208967e-01
1.03933240855130449e+00
1.03933240855130449e+00
1.03933240855130449e+00
1.01966617375960844e+00
1.01966617375960844e+00
1.01966617375960844e+00
9.81985392571295468e-01
9.81985392571295468e-01
9.81985392571295468e-01
1.02291308717248408e+00
1.02291308717248408e+00
1.02291308717248408e+00
1.00112158743783120e+00
1.00112158743783120e+00
1.00112158743783120e+00
9.44979197342186716e-01
9.44979197342186716e-01
9.44979197342186716e-01
1.02112971710113243e+00
1.02112971710113243e+00
1.02112971710113243e+00
1.01163229186158921e+00
1.01163229186158921e+00
1.01163229186158921e+00
1.04069673925986117e+00
1.04069673925986117e+00
1.04069673925986117e+00
1.11455673179887982e+00
1.11455673179887982e+00
1.11455673179887982e+00
1.03004612916891181e+00
1.03004612916891181e+00
1.03004612916891181e+00
1.00979026022834995e+00
1.00979026022834995e+00
1.00979026022834995e+00
1.00940451087444383e+00
1.00940451087444383e+00
1.00940451087444383e+00
1.08747741158649736e+00
1.08747741158649736e+00
1.08747741158649736e+00
1.06047493518465918e+00
1.06047493518465918e+00
1.06047493518465918e+00
8.70102234682640363e-01
8.70102234682640363e-01
8.70102234682640363e-01
1.13147128441314981e+00
1.13147128441314981e+00
1.13147128441314981e+00
1.08861811030692457e+00
1.08861811030692457e+00
1.08861811030692457e+00
1.00418162597256955e+00
1.00418162597256955e+00
1.00418162597256955e+00
9.14156239007363869e-01
9.14156239007363869e-01
9.14156239007363869e-01
9.63668014680312823e-01
9.63668014680312823e-01
9.63668014680312823e-01
1.07126458042925465e+00
1.07126458042925465e+00
1.07126458042925465e+00
9.84338000696189930e-01
9.84338000696189930e-01
9.84338000696189930e-01
8.91827452368674112e-01
8.91827452368674112e-01
8.91827452368674112e-01
9.63560642851925997e-01
9.63560642851925997e-01
9.63560642851925997e-01
1.03361764181020410e+00
1.03361764181020410e+00
1.03361764181020410e+00
9.79480201144184992e-01
9.79480201144184992e-01
9.79480201144184992e-01
9.34931685914906385e-01
9.34931685914906385e-01
9.34931685914906385e-01
1.02801333886267177e+00
1.02801333886267177e+00
1.02801333886267177e+00
9.31437497024308669e-01
9.31437497024308669e-01
9.31437497024308669e-01
9.90615880277409211e-01
9.90615880277409211e-01
9.90615880277409211e-01
9.84277285987576578e-01
9.84277285987576578e-01
9.84277285987576578e-01
9.90832952484719032e-01
9.90832952484719032e-01
9.90832952484719032e-01
9.84578229712092745e-01
9.84578229712092745e-01
9.84578229712092745e-01
9.65762324374575432e-01
9.65762324374575432e-01
9.65762324374575432e-01
1.06174660846077784e+00
1.06174660846077784e+00
1.06174660846077784e+00
1.02136391792447490e+00
1.02136391792447490e+00
1.02136391792447490e+00
1.04117916007816369e+00
1.04117916007816369e+00
1.04117916007816369e+00
8.81680406717547993e-01
8.81680406717547993e-01
8.81680406717547993e-01
9.91082563058883537e-01
9.91082563058883537e-01
9.91082563058883537e-01
1.05617377818152147e+00
1.05617377818152147e+00
1.05617377818152147e+00
9.35070996781484087e-01
9.35070996781484087e-01
9.35070996781484087e-01
9.37872812850100046e-01
9.37872812850100046e-01
9.37872812850100046e-01
9.77575267008696458e-01
9.77575267008696458e-01
9.77575267008696458e-01
1.06246296884068481e+00
1.06246296884068481e+00
1.06246296884068481e+00
8.72015815520698512e-01
8.72015815520698512e-01
8.72015815520698512e-01
9.42008879134467625e-01
9.42008879134467625e-01
9.42008879134467625e-01
1.00688218227710546e+00
1.00688218227710546e+00
1.00688218227710546e+00
1.03380721046818724e+00
1.03380721046818724e+00
1.03380721046818724e+00
1.09509594865283910e+00
1.09509594865283910e+00
1.09509594865283910e+00
1.00936807892232605e+00
1.00936807892232605e+00
1.00936807892232605e+00
1.04043964730424321e+00
1.04043964730424321e+00
1.04043964730424321e+00
9.91077696875649283e-01
9.91077696875649283e-01
9.91077696875649283e-01
9.24152631248591705e-01
9.24152631248591705e-01
9.24152631248591705e-01
8.82076266168458134e-01
8.82076266168458134e-01
8.82076266168458134e-01
9.08872214603343886e-01
9.08872214603343886e-01
9.08872214603343886e-01
1.00948764539350511e+00
1.00948764539350511e+00
1.00948764539350511e+00
1.06766961997450660e+00
1.06766961997450660e+00
1.06766961997450660e+00
1.08504725223987131e+00
1.08504725223987131e+00
1.08504725223987131e+00
9.64628071782896224e-01
9.64628071782896224e-01
9.64628071782896224e-01
9.44385240155556471e-01
9.44385240155556471e-01
9.44385240155556471e-01
8.81693061462428651e-01
8.81693061462428651e-01
8.81693061462428651e-01
9.48044233220081800e-01
9.48044233220081800e-01
9.48044233220081800e-01
9.72606177721385690e-01
9.72606177721385690e-01
9.72606177721385690e-01
9.58675550696146850e-01
9.58675550696146850e-01
9.58675550696146850e-01
1.14046241331457510e+00
1.14046241331457510e+00
1.14046241331457510e+00
1.06042948607681908e+00
1.06042948607681908e+00
1.06042948607681908e+00
9.92783328738235493e-01
9.92783328738235493e-01
9.92783328738235493e-01
1.07466801739983420e+00
1.07466801739983420e+00
1.07466801739983420e+00
9.83846717634451640e-01
9.83846717634451640e-01
9.83846717634451640e-01
1.03738526951101706e+00
1.03738526951101706e+00
1.03738526951101706e+00
9.74353741519625172e-01
9.74353741519625172e-01
9.74353741519625172e-01
1.05669980933080332e+00
1.05669980933080332e+00
1.05669980933080332e+00
8.92992254573639732e-01
8.92992254573639732e-01
8.92992254573639732e-01
1.08732633684369473e+00
1.08732633684369473e+00
1.08732633684369473e+00
9.07678312718588232e-01
9.07678312718588232e-01
9.07678312718588232e-01
1.07639844248895544e+00
1.07639844248895544e+00
1.07639844248895544e+00
1.00736705694943240e+00
1.00736705694943240e+00
1.00736705694943240e+00
9.81023300655504249e-01
9.81023300655504249e-01
9.81023300655504249e-01
9.87426233937141129e-01
9.87426233937141129e-01
9.87426233937141129e-01
9.02963465094251738e-01
9.02963465094251738e-01
9.02963465094251738e-01
1.05627987238439491e+00
1.05627987238439491e+00
1.05627987238439491e+00
1.05064878206171541e+00
1.05064878206171541e+00
1.05064878206171541e+00
1.00525915262730892e+00
1.00525915262730892e+00
1.00525915262730892e+00
1.08570387658941137e+00
1.08570387658941137e+00
1.08570387658941137e+00
8.76920578266546347e-01
8.76920578266546347e-01
8.76920578266546347e-01
9.61231846825953640e-01
9.61231846825953640e-01
9.61231846825953640e-01
9.74468469969784090e-01
9.74468469969784090e-01
9.74468469969784090e-01
1.06743072250843340e+00
1.06743072250843340e+00
1.06743072250843340e+00
1.05164732924295667e+00
1.05164732924295667e+00
1.05164732924295667e+00
9.61136555368628631e-01
9.61136555368628631e-01
9.61136555368628631e-01
8.91944073525171577e-01
8.91944073525171577e-01
8.91944073525171577e-01
1.04363158604879991e+00
1.04363158604879991e+00
1.04363158604879991e+00
9.05861544027050991e-01
9.05861544027050991e-01
9.05861544027050991e-01
9.83196980773939799e-01
9.83196980773939799e-01
9.83196980773939799e-01
9.63254586219554843e-01
9.63254586219554843e-01
9.63254586219554843e-01
9.96645970133309800e-01
9.96645970133309800e-01
9.96645970133309800e-01
8.20359386416260827e-01
8.20359386416260827e-01
8.20359386416260827e-01
9.84365356280849535e-01
9.84365356280849535e-01
9.84365356280849535e-01
9.69035728174097000e-01
9.69035728174097000e-01
9.69035728174097000e-01
1.04302619667470164e+00
1.04302619667470164e+00
1.04302619667470164e+00
1.04097122732221736e+00
1.04097122732221736e+00
1.04097122732221736e+00
8.64947961652297259e-01
8.64947961652297259e-01
8.64947961652297259e-01
9.78791557850162697e-01
9.78791557850162697e-01
9.78791557850162697e-01
1.01938293067633445e+00
1.01938293067633445e+00
1.01938293067633445e+00
1.05199101928449990e+00
1.05199101928449990e+00
1.05199101928449990e+00
9.66190806978152072e-01
9.66190806978152072e-01
9.66190806978152072e-01
1.07637335305952120e+00
1.07637335305952120e+00
1.07637335305952120e+00
1.00889011166525289e+00
1.00889011166525289e+00
1.00889011166525289e+00
9.26809681097104598e-01
9.26809681097104598e-01
9.26809681097104598e-01
1.00249041979306863e+00
1.00249041979306863e+00
1.00249041979306863e+00
1.02767009990265490e+00
1.02767009990265490e+00
1.02767009990265490e+00
1.12449451073697260e+00
1.12449451073697260e+00
1.12449451073697260e+00
1.02345547194390618e+00
1.02345547194390618e+00
1.02345547194390618e+00
8.48298522504616015e-01
8.48298522504616015e-01
8.48298522504616015e-01
9.77361122934816029e-01
9.77361122934816029e-01
9.77361122934816029e-01
9.39861786433561663e-01
9.39861786433561663e-01
9.39861786433561663e-01
9.88521134605776952e-01
9.88521134605776952e-01
9.88521134605776952e-01
1.06100566727698786e+00
1.06100566727698786e+00
1.06100566727698786e+00
1.01659066560372002e+00
1.01659066560372002e+00
1.01659066560372002e+00
9.97416016885902645e-01
9.97416016885902645e-01
9.97416016885902645e-01
9.34543041094566207e-01
9.34543041094566207e-01
9.34543041094566207e-01
9.97611118942861475e-01
9.97611118942861475e-01
9.97611118942861475e-01
1.08948513074088416e+00
1.08948513074088416e+00
1.08948513074088416e+00
9.18573123713736561e-01
9.18573123713736561e-01
9.18573123713736561e-01
9.97204827839416774e-01
9.97204827839416774e-01
9.97204827839416774e-01
9.84616309237996479e-01
9.84616309237996479e-01
9.84616309237996479e-01
1.12631599435922714e+00
1.12631599435922714e+00
1.12631599435922714e+00
1.05204636081455072e+00
1.05204636081455072e+00
1.05204636081455072e+00
9.76937586758328869e-01
9.76937586758328869e-01
9.76937586758328869e-01
9.75691661129754806e-01
9.75691661129754806e-01
9.75691661129754806e-01
1.00638723604874247e+00
1.00638723604874247e+00
1.00638723604874247e+00
9.65175030340626683e-01
9.65175030340626683e-01
9.65175030340626683e-01
1.03633552293982500e+00
1.03633552293982500e+00
1.03633552293982500e+00
9.54595757774810760e-01
9.54595757774810760e-01
9.54595757774810760e-01
8.97629585812814934e-01
8.97629585812814934e-01
8.97629585812814934e-01
9.27146271217266338e-01
9.27146271217266338e-01
9.27146271217266338e-01
9.84450715714075053e-01
9.84450715714075053e-01
9.84450715714075053e-01
9.33437444616224132e-01
9.33437444616224132e-01
9.33437444616224132e-01
1.06985817566603592e+00
1.06985817566603592e+00
1.06985817566603592e+00
9.53746398057307987e-01
9.53746398057307987e-01
9.53746398057307987e-01
1.02136380143086480e+00
1.02136380143086480e+00
1.02136380143086480e+00
9.37368581112608790e-01
9.37368581112608790e-01
9.37368581112608790e-01
9.96200865524440426e-01
9.96200865524440426e-01
9.96200865524440426e-01
8.73519839085426741e-01
8.73519839085426741e-01
8.73519839085426741e-01
1.01716828727081521e+00
1.01716828727081521e+00
1.01716828727081521e+00
9.23189634073123599e-01
9.23189634073123599e-01
9.23189634073123599e-01
9.90657474842314478e-01
9.90657474842314478e-01
9.90657474842314478e-01
9.83032256980836072e-01
9.83032256980836072e-01
9.83032256980836072e-01
9.46011030304545475e-01
9.46011030304545475e-01
9.46011030304545475e-01
9.83808100710685696e-01
9.83808100710685696e-01
9.83808100710685696e-01
1.04935391212452922e+00
1.04935391212452922e+00
1.04935391212452922e+00
9.61290033521321585e-01
9.61290033521321585e-01
9.61290033521321585e-01
9.46476256166881580e-01
9.46476256166881580e-01
9.46476256166881580e-01
1.02077121479117050e+00
1.02077121479117050e+00
1.02077121479117050e+00
1.02066547178425004e+00
1.02066547178425004e+00
1.02066547178425004e+00
9.62868392733200684e-01
9.62868392733200684e-01
9.62868392733200684e-01
9.46211448196101701e-01
9.46211448196101701e-01
9.46211448196101701e-01
9.99435614295737240e-01
9.99435614295737240e-01
9.99435614295737240e-01
9.91298244367086578e-01
9.91298244367086578e-01
9.91298244367086578e-01
1.00698980685942852e+00
1.00698980685942852e+00
1.00698980685942852e+00
9.01926209228082643e-01
9.01926209228082643e-01
9.01926209228082643e-01
8.99912802765549302e-01
8.99912802765549302e-01
8.99912802765549302e-01
1.02868779135169008e+00
1.02868779135169008e+00
1.02868779135169008e+00
1.01231068253620404e+00
1.01231068253620404e+00
1.01231068253620404e+00
1.01595602273314101e+00
1.01595602273314101e+00
1.01595602273314101e+00
9.57413619078085643e-01
9.57413619078085643e-01
9.57413619078085643e-01
1.01095261985912277e+00
1.01095261985912277e+00
1.01095261985912277e+00
9.86048803210708202e-01
9.86048803210708202e-01
9.86048803210708202e-01
1.00180956550190570e+00
1.00180956550190570e+00
1.00180956550190570e+00
9.71351711854502087e-01
9.71351711854502087e-01
9.71351711854502087e-01
9.27969434179756414e-01
9.27969434179756414e-01
9.27969434179756414e-01
9.18646347851720613e-01
9.18646347851720613e-01
9.18646347851720613e-01
1.01865793930064585e+00
1.01865793930064585e+00
1.01865793930064585e+00
8.74921353093677467e-01
8.74921353093677467e-01
8.74921353093677467e-01
1.06445925680113351e+00
1.06445925680113351e+00
1.06445925680113351e+00
1.00880678787243561e+00
1.00880678787243561e+00
1.00880678787243561e+00
9.60771871982503467e-01
9.60771871982503467e-01
9.60771871982503467e-01
9.32912971056832130e-01
9.32912971056832130e-01
9.32912971056832130e-01
9.78153381825533241e-01
9.78153381825533241e-01
9.78153381825533241e-01
9.11848738204919407e-01
9.11848738204919407e-01
9.11848738204919407e-01
9.87900563927342157e-01
9.87900563927342157e-01
9.87900563927342157e-01
9.50527180673004901e-01
9.50527180673004901e-01
9.50527180673004901e-01
9.07425335372249120e-01
9.07425335372249120e-01
9.07425335372249120e-01
9.48698957539996335e-01
9.48698957539996335e-01
9.48698957539996335e-01
1.00232628023240844e+00
1.00232628023240844e+00
1.00232628023240844e+00
8.75400931425334372e-01
8.75400931425334372e-01
8.75400931425334372e-01
9.89957245276005704e-01
9.89957245276005704e-01
9.89957245276005704e-01
8.72528247595047324e-01
8.72528247595047324e-01
8.72528247595047324e-01
1.07576806561840010e+00
1.07576806561840010e+00
1.07576806561840010e+00
1.00741908658756607e+00
1.00741908658756607e+00
1.00741908658756607e+00
1.00039153700207151e+00
1.00039153700207151e+00
1.00039153700207151e+00
9.07571368419337166e-01
9.07571368419337166e-01
9.07571368419337166e-01
1.04108245893391649e+00
1.04108245893391649e+00
1.04108245893391649e+00
9.53018361614274334e-01
9.53018361614274334e-01
9.53018361614274334e-01
1.00871554218258708e+00
1.00871554218258708e+00
1.00871554218258708e+00
1.01142848833476329e+00
1.01142848833476329e+00
1.01142848833476329e+00
9.68687880962292303e-01
9.68687880962292303e-01
9.68687880962292303e-01
1.01001474128427238e+00
1.01001474128427238e+00
1.01001474128427238e+00
8.58279060560103724e-01
8.58279060560103724e-01
8.58279060560103724e-01
1.00403562384680600e+00
1.00403562384680600e+00
1.00403562384680600e+00
1.06439132020834037e+00
1.06439132020834037e+00
1.06439132020834037e+00
9.26483951668353511e-01
9.26483951668353511e-01
9.26483951668353511e-01
9.64201407357562879e-01
9.64201407357562879e-01
9.64201407357562879e-01
1.07288233585252990e+00
1.07288233585252990e+00
1.07288233585252990e+00
9.84855904575053342e-01
9.84855904575053342e-01
9.84855904575053342e-01
1.01193024703102585e+00
1.01193024703102585e+00
1.01193024703102585e+00
9.34230794777336282e-01
9.34230794777336282e-01
9.34230794777336282e-01
9.11116960703329926e-01
9.11116960703329926e-01
9.11116960703329926e-01
8.65221790275590652e-01
8.65221790275590652e-01
8.65221790275590652e-01
9.37684997357223771e-01
9.37684997357223771e-01
9.37684997357223771e-01
1.03799705820754640e+00
1.03799705820754640e+00
1.03799705820754640e+00
1.01128134065511821e+00
1.01128134065511821e+00
1.01128134065511821e+00
1.01703635516397228e+00
1.01703635516397228e+00
1.01703635516397228e+00
9.82664538228681272e-01
9.82664538228681272e-01
9.82664538228681272e-01
9.51253188209547740e-01
9.51253188209547740e-01
9.51253188209547740e-01
1.09771065659458955e+00
1.09771065659458955e+00
1.09771065659458955e+00
9.49441915253599444e-01
9.49441915253599444e-01
9.49441915253599444e-01
1.03094404065933976e+00
1.03094404065933976e+00
1.03094404065933976e+00
9.02087465897871144e-01
9.02087465897871144e-01
9.02087465897871144e-01
9.57957038916409931e-01
9.57957038916409931e-01
9.57957038916409931e-01
9.29996250767849086e-01
9.29996250767849086e-01
9.29996250767849086e-01
9.07334077784166304e-01
9.07334077784166304e-01
9.07334077784166304e-01
9.54280539074571221e-01
9.54280539074571221e-01
9.54280539074571221e-01
9.79350498897200716e-01
9.79350498897200716e-01
9.79350498897200716e-01
1.03489458253624411e+00
1.03489458253624411e+00
1.03489458253624411e+00
9.38138188861953881e-01
9.38138188861953881e-01
9.38138188861953881e-01
9.94521872898645021e-01
9.94521872898645021e-01
9.94521872898645021e-01
9.31665597290960878e-01
9.31665597290960878e-01
9.31665597290960878e-01
9.49644031845333636e-01
9.49644031845333636e-01
9.49644031845333636e-01
9.89116296645709103e-01
9.89116296645709103e-01
9.89116296645709103e-01
9.86847954789827009e-01
9.86847954789827009e-01
9.86847954789827009e-01
8.45623297619531478e-01
8.45623297619531478e-01
8.45623297619531478e-01
9.82945917015786153e-01
9.82945917015786153e-01
9.82945917015786153e-01
9.52152240853964771e-01
9.52152240853964771e-01
9.52152240853964771e-01
9.51331069887744407e-01
9.51331069887744407e-01
9.51331069887744407e-01
9.35874596109428802e-01
9.35874596109428802e-01
9.35874596109428802e-01
1.05098109735787237e+00
1.05098109735787237e+00
1.05098109735787237e+00
9.69000926619177583e-01
9.69000926619177583e-01
9.69000926619177583e-01
9.69715054496503415e-01
9.69715054496503415e-01
9.69715054496503415e-01
1.02022201800185730e+00
1.02022201800185730e+00
1.02022201800185730e+00
9.07214372304573469e-01
9.07214372304573469e-01
9.07214372304573469e-01
1.01681124952861457e+00
1.01681124952861457e+00
1.01681124952861457e+00
8.67002375915726819e-01
8.67002375915726819e-01
8.67002375915726819e-01
9.92816924298499437e-01
9.92816924298499437e-01
9.92816924298499437e-01
1.09558683742918661e+00
1.09558683742918661e+00
1.09558683742918661e+00
9.77711841809714155e-01
9.77711841809714155e-01
9.77711841809714155e-01
9.91011449523593546e-01
9.91011449523593546e-01
9.91011449523593546e-01
9.76029318374165511e-01
9.76029318374165511e-01
9.76029318374165511e-01
1.13989538902617182e+00
1.13989538902617182e+00
1.13989538902617182e+00
9.26314190526700054e-01
9.26314190526700054e-01
9.26314190526700054e-01
1.00574129190612438e+00
1.00574129190612438e+00
1.00574129190612438e+00
9.51622291609752868e-01
9.51622291609752868e-01
9.51622291609752868e-01
1.00898059789447370e+00
1.00898059789447370e+00
1.00898059789447370e+00
9.27187232423834162e-01
9.27187232423834162e-01
9.27187232423834162e-01
9.44705268767672135e-01
9.44705268767672135e-01
9.44705268767672135e-01
9.72667221664825665e-01
9.72667221664825665e-01
9.72667221664825665e-01
9.11152235103646513e-01
9.11152235103646513e-01
9.11152235103646513e-01
9.29983297555483479e-01
9.29983297555483479e-01
9.29983297555483479e-01
1.01494167260357204e+00
1.01494167260357204e+00
1.01494167260357204e+00
9.63383794070291843e-01
9.63383794070291843e-01
9.63383794070291843e-01
9.33467066648546617e-01
9.33467066648546617e-01
9.33467066648546617e-01
9.79465859880760847e-01
9.79465859880760847e-01
9.79465859880760847e-01
1.01593830175306232e+00
1.01593830175306232e+00
1.01593830175306232e+00
9.73943085533508501e-01
9.73943085533508501e-01
9.73943085533508501e-01
1.01989177866923253e+00
1.01989177866923253e+00
1.01989177866923253e+00
1.04906380767716101e+00
1.04906380767716101e+00
1.04906380767716101e+00
1.11177133131733097e+00
1.11177133131733097e+00
1.11177133131733097e+00
1.11885496664831408e+00
1.11885496664831408e+00
1.11885496664831408e+00
9.69243950520658926e-01
9.69243950520658926e-01
9.69243950520658926e-01
9.95849418866755376e-01
9.95849418866755376e-01
9.95849418866755376e-01
1.03093940889327396e+00
1.03093940889327396e+00
1.03093940889327396e+00
1.05748492608114386e+00
1.05748492608114386e+00
1.05748492608114386e+00
9.98682889423566977e-01
9.98682889423566977e-01
9.98682889423566977e-01
9.00728086087159707e-01
9.00728086087159707e-01
9.00728086087159707e-01
9.91020537903470444e-01
9.91020537903470444e-01
9.91020537903470444e-01
9.88217470142861543e-01
9.88217470142861543e-01
9.88217470142861543e-01
9.56309161459799273e-01
9.56309161459799273e-01
9.56309161459799273e-01
1.08905826444651654e+00
1.08905826444651654e+00
1.08905826444651654e+00
9.54487474606645403e-01
9.54487474606645403e-01
9.54487474606645403e-01
1.00315161242563167e+00
1.00315161242563167e+00
1.00315161242563167e+00
1.10564269170995444e+00
1.10564269170995444e+00
1.10564269170995444e+00
1.04613747402038748e+00
1.04613747402038748e+00
1.04613747402038748e+00
9.64611273915672252e-01
9.64611273915672252e-01
9.64611273915672252e-01
1.00691200052376661e+00
1.00691200052376661e+00
1.00691200052376661e+00
1.04633797049001154e+00
1.04633797049001154e+00
1.04633797049001154e+00
1.00074479334374122e+00
1.00074479334374122e+00
1.00074479334374122e+00
1.02905743278434048e+00
1.02905743278434048e+00
1.02905743278434048e+00
9.41124184708530653e-01
9.41124184708530653e-01
9.41124184708530653e-01
9.17536760407360652e-01
9.17536760407360652e-01
9.17536760407360652e-01
9.34650253695654132e-01
9.34650253695654132e-01
9.34650253695654132e-01
9.55171237372148929e-01
9.55171237372148929e-01
9.55171237372148929e-01
9.22632845640357413e-01
9.22632845640357413e-01
9.22632845640357413e-01
1.04966341225219506e+00
1.04966341225219506e+00
1.04966341225219506e+00
9.98209970644190481e-01
9.98209970644190481e-01
9.98209970644190481e-01
1.06642815875977881e+00
1.06642815875977881e+00
1.06642815875977881e+00
1.08446051134057053e+00
1.08446051134057053e+00
1.08446051134057053e+00
9.30576145376989183e-01
9.30576145376989183e-01
9.30576145376989183e-01
9.51543249803571412e-01
9.51543249803571412e-01
9.51543249803571412e-01
9.65331802672607431e-01
9.65331802672607431e-01
9.65331802672607431e-01
9.78021337759652387e-01
9.78021337759652387e-01
9.78021337759652387e-01
1.05084794761025346e+00
1.05084794761025346e+00
1.05084794761025346e+00
9.51969556871796629e-01
9.51969556871796629e-01
9.51969556871796629e-01
9.01949684964882370e-01
9.01949684964882370e-01
9.01949684964882370e-01
1.01024475285301785e+00
1.01024475285301785e+00
1.01024475285301785e+00
9.43112164059752844e-01
9.43112164059752844e-01
9.43112164059752844e-01
1.00515253177218677e+00
1.00515253177218677e+00
1.00515253177218677e+00
9.73281483117635626e-01
9.73281483117635626e-01
9.73281483117635626e-01
1.05577874267515326e+00
1.05577874267515326e+00
1.05577874267515326e+00
9.00814431817213657e-01
9.00814431817213657e-01
9.00814431817213657e-01
9.48602637726702724e-01
9.48602637726702724e-01
9.48602637726702724e-01
9.50397992025705185e-01
9.50397992025705185e-01
9.50397992025705185e-01
1.07505557062056711e+00
1.07505557062056711e+00
1.07505557062056711e+00
9.76130109826843451e-01
9.76130109826843451e-01
9.76130109826843451e-01
1.03875404866961629e+00
1.03875404866961629e+00
1.03875404866961629e+00
1.06485221302357580e+00
1.06485221302357580e+00
1.06485221302357580e+00
8.95093641432627152e-01
8.95093641432627152e-01
8.95093641432627152e-01
1.00222152586370439e+00
1.00222152586370439e+00
1.00222152586370439e+00
1.13391221592644365e+00
1.13391221592644365e+00
1.13391221592644365e+00
1.01389535418171639e+00
1.01389535418171639e+00
1.01389535418171639e+00
1.05080684710005756e+00
1.05080684710005756e+00
1.05080684710005756e+00
9.57396794229508075e-01
9.57396794229508075e-01
9.57396794229508075e-01
8.98664678243901949e-01
8.98664678243901949e-01
8.98664678243901949e-01
1.03087853877166524e+00
1.03087853877166524e+00
1.03087853877166524e+00
1.07333660293898814e+00
1.07333660293898814e+00
1.07333660293898814e+00
1.00178552119957609e+00
1.00178552119957609e+00
1.00178552119957609e+00
1.00386194847660648e+00
1.00386194847660648e+00
1.00386194847660648e+00
1.06313869036670039e+00
1.06313869036670039e+00
1.06313869036670039e+00
1.02228979127325936e+00
1.02228979127325936e+00
1.02228979127325936e+00
9.81403367951538375e-01
9.81403367951538375e-01
9.81403367951538375e-01
1.05048552445908450e+00
1.05048552445908450e+00
1.05048552445908450e+00
1.07938529651203230e+00
1.07938529651203230e+00
1.07938529651203230e+00
9.98149872724166221e-01
9.98149872724166221e-01
9.98149872724166221e-01
1.07214680816011598e+00
1.07214680816011598e+00
1.07214680816011598e+00
1.03910969818329679e+00
1.03910969818329679e+00
1.03910969818329679e+00
9.25655725533380158e-01
9.25655725533380158e-01
9.25655725533380158e-01
9.51400117042777382e-01
9.51400117042777382e-01
9.51400117042777382e-01
9.93927455467172427e-01
9.93927455467172427e-01
9.93927455467172427e-01
9.25171528102604279e-01
9.25171528102604279e-01
9.25171528102604279e-01
1.12514248075460976e+00
1.12514248075460976e+00
1.12514248075460976e+00
1.14688559016925873e+00
1.14688559016925873e+00
1.14688559016925873e+00


        </DataArray>

      </PointData>

      <CellData/>

      <Points>

        <DataArray type="Float64" NumberOfComponents="3" format="ascii">

0.045396278685451208 0.37335516217484921 0 0.095193429167380869 0.34706075402205372 0 0.08628144269722221 0.39999974570760682 0 0.55158829735710835 0.24438139657768829 0 0.56238206809764923 0.29626424335307311 0 0.51371286675838745 0.27492022896106327 0 0.90324651396166034 0.78182913440948876 0 0.95313496640149964 0.78172210120551022 0 0.91823413878607574 0.8316336155135422 0 0.35734152258140173 0.45364745076473911 0 0.30936757174870949 0.4823540594895247 0 0.30105435468064079 0.43538700586074641 0 0.57685186786456055 0.68015001521488094 0 0.62419143301756608 0.70167484906838873 0 0.59329989081147261 0.73801529915239183 0 0.67228187977851617 0.58387115639584652 0 0.72598370095931708 0.60130952856352926 0 0.68828919945127753 0.63507098816724472 0 0.91823413878607574 0.8316336155135422 0 0.95313496640149964 0.78172210120551022 0 0.96608260887514119 0.82638992214330065 0 0.72598370095931708 0.60130952856352926 0 0.67228187977851617 0.58387115639584652 0 0.72219777468854007 0.55274578832773036 0 0.33477710856986692 0.40125536742221463 0 0.35734152258140173 0.45364745076473911 0 0.30105435468064079 0.43538700586074641 0 0.095193429167380869 0.34706075402205372 0 0.045396278685451208 0.37335516217484921 0 0.044817949168197632 0.32295671268078391 0 0.8246204827096576 0.95818836661386264 0 0.84360738243626232 0.90862147881433675 0 0.87348587564327129 0.95717441133561487 0 0.90011516599611796 0.42721526287528039 0 0.95312441851197016 0.4280417684424796 0 0.9143241462135312 0.47056519256566559 0 0.75085425653037818 0.34471616597401339 0 0.71641571149007788 0.38432272985112448 0 0.71236340107984786 0.3295169019878878 0 0.1225941061546777 0.91340007374259535 0 0.079082782798763573 0.95477239955126714 0 0.078796133656434481 0.89721863941538449 0 0.54823975024879701 0.72320703166517397 0 0.57685186786456055 0.68015001521488094 0 0.59329989081147261 0.73801529915239183 0 0.17082455476986819 0.045531505552603213 0 0.1687258507709474 0.095490813383686562 0 0.1200099315339016 0.077653443122240873 0 0.59952343892079241 0.3349683879484272 0 0.54635254922475573 0.35734152257798829 0 0.56238206809764923 0.29626424335307311 0 0.9143241462135312 0.47056519256566559 0 0.95312441851197016 0.4280417684424796 0 0.9580541599203376 0.48181378126810881 0 0.1225941061546777 0.91340007374259535 0 0.13320778151830709 0.95944723287864619 0 0.079082782798763573 0.95477239955126714 0 0.17082455476986819 0.045531505552603213 0 0.1200099315339016 0.077653443122240873 0 0.1238664383937038 0.033505412743579259 0 0.42325220661233459 0.72520358334629376 0 0.37890157410416908 0.7149524408337472 0 0.41249613505695182 0.66923494817944618 0 0.14287628545576181 0.65276572538170352 0 0.093940149608076021 0.64983258879466355 0 0.13260578469676379 0.60532077463569189 0 0.28848698890447688 0.8655815931859091 0 0.249745795115841 0.91026158950624625 0 0.2405582946985993 0.85489218398726852 0 0.71641571149007788 0.38432272985112448 0 0.67937323217120238 0.35450114370967301 0 0.71236340107984786 0.3295169019878878 0 0.67228187977851617 0.58387115639584652 0 0.68367699194708442 0.52759220806038765 0 0.72219777468854007 0.55274578832773036 0 0.56238206809764923 0.29626424335307311 0 0.52110691462239711 0.31861945236618822 0 0.51371286675838745 0.27492022896106327 0 0.87101575915054075 0.1152914960286778 0 0.91876238748899386 0.096953581977407333 0 0.92014482768696004 0.1484082597947631 0 0.78701141937333097 0.4863596872951117 0 0.72954688042895111 0.49740099102570179 0 0.75975091809660233 0.45451657770763643 0 0.44809161090723337 0.9184635160862028 0 0.46415692004836528 0.87018306883313112 0 0.49512499483819977 0.91684168198255889 0 0.046462992154567742 0.1238465640393773 0 0.090499517102997543 0.1610819462962175 0 0.043292679013788873 0.1749851196480692 0 0.88027718961491597 0.16890685394504701 0 0.87101575915054075 0.1152914960286778 0 0.92014482768696004 0.1484082597947631 0 0.85586139568210273 0.24241578171305911 0 0.914145818033962 0.25128824713029141 0 0.86914026372019537 0.28879235390796121 0 0.92323088348980031 0.95980805865613994 0 0.89945650522467213 0.91642856392935101 0 0.95179169119040075 0.92010412261493535 0 0.52110691462239711 0.31861945236618822 0 0.47454023424457747 0.31084499390883802 0 0.51371286675838745 0.27492022896106327 0 0.85745557322751398 0.59382087560199759 0 0.90646186263273854 0.59961706802362691 0 0.86737199778504614 0.6412725358480037 0 0.84360738243626232 0.90862147881433675 0 0.89945650522467213 0.91642856392935101 0 0.87348587564327129 0.95717441133561487 0 0.95179169119040075 0.92010412261493535 0 0.89945650522467213 0.91642856392935101 0 0.91953900968354996 0.88153445228216598 0 0.54747816624180645 0.91667945069908963 0 0.51129147390510576 0.87929668389199678 0 0.57044601068512168 0.86987314095495238 0 0.72954688042895111 0.49740099102570179 0 0.72145771991900087 0.44262707722827099 0 0.75975091809660233 0.45451657770763643 0 0.60271272297068568 0.78469958023635233 0 0.56699899717172553 0.82281570466110421 0 0.55883976872793484 0.76757105289738425 0 0.093940149608076021 0.64983258879466355 0 0.084358795237786804 0.59408416098681427 0 0.13260578469676379 0.60532077463569189 0 0.46415692004836528 0.87018306883313112 0 0.51129147390510576 0.87929668389199678 0 0.49512499483819977 0.91684168198255889 0 0.68828919945127753 0.63507098816724472 0 0.72598370095931708 0.60130952856352926 0 0.73900568460309535 0.64813217424351133 0 0.63870019447380344 0.62757797182747166 0 0.67228187977851617 0.58387115639584652 0 0.68828919945127753 0.63507098816724472 0 0.68367699194708442 0.52759220806038765 0 0.68604905144552053 0.47156028487647722 0 0.72954688042895111 0.49740099102570179 0 0.61063151535650173 0.1284580669285102 0 0.65043995921956044 0.092703552080504709 0 0.65595996795162048 0.1431711648397975 0 0.48249303566887242 0.13213388349025171 0 0.45013046781376442 0.086245515831997188 0 0.50022331039198309 0.08482622204910871 0 0.57044601068512168 0.86987314095495238 0 0.51129147390510576 0.87929668389199678 0 0.53431166281711107 0.84131213868127375 0 0.54635254922475573 0.35734152257798829 0 0.52110691462239711 0.31861945236618822 0 0.56238206809764923 0.29626424335307311 0 0.090499517102997543 0.1610819462962175 0 0.046462992154567742 0.1238465640393773 0 0.09329329492433043 0.1139934779461087 0 0.63338708357124918 0.22394301413887571 0 0.64947331774475359 0.27349824373396953 0 0.59599109452070609 0.25416509842380841 0 0.68604905144552053 0.47156028487647722 0 0.72145771991900087 0.44262707722827099 0 0.72954688042895111 0.49740099102570179 0 0.70387702584996836 0.6818720668349656 0 0.68828919945127753 0.63507098816724472 0 0.73900568460309535 0.64813217424351133 0 0.084676328930990946 0.44829771481711927 0 0.1295934160234555 0.47655361622238979 0 0.07931114857148161 0.48664108117523919 0 0.249745795115841 0.91026158950624625 0 0.28848698890447688 0.8655815931859091 0 0.30167211282385148 0.91342906052452066 0 0.42325220661233459 0.72520358334629376 0 0.41249613505695182 0.66923494817944618 0 0.44549576247412542 0.69274794457143685 0 0.26428576092257272 0.7706480622485874 0 0.25122976573731842 0.723697220139219 0 0.30062627780373408 0.73511104613025546 0 0.64947331774475359 0.27349824373396953 0 0.61178777491340275 0.29319077260630311 0 0.59599109452070609 0.25416509842380841 0 0.37864745099008412 0.4118322119547283 0 0.35734152258140173 0.45364745076473911 0 0.33477710856986692 0.40125536742221463 0 0.35734152258140173 0.45364745076473911 0 0.34999999999999998 0.5 0 0.30936757174870949 0.4823540594895247 0 0.45364745078062202 0.64265847742375892 0 0.5 0.65000000000000002 0 0.48490105552598978 0.68779036798958981 0 0.64265847748500704 0.45364745096912412 0 0.62135254930833539 0.41183221236546752 0 0.67555362698366894 0.42684150091669459 0 0.5463525490313631 0.64265847748484872 0 0.58816778769119094 0.62135254926717065 0 0.57685186786456055 0.68015001521488094 0 0.45364745098269782 0.35734152251058271 0 0.41183221239241502 0.37864745067208611 0 0.42668514034547439 0.32616646409264177 0 0.58816778798847702 0.37864745094882041 0 0.54635254922475573 0.35734152257798829 0 0.59952343892079241 0.3349683879484272 0 0.95925571407652455 0.67731513989524772 0 1 0.69999999999921003 0 0.96042199323752997 0.73144888142456899 0 0.88027718961491597 0.16890685394504701 0 0.92014482768696004 0.1484082597947631 0 0.92603671991779968 0.1991855166745444 0 0.36650098499977241 0.63349901458153279 0 0.4118322119679112 0.62135254901949388 0 0.41249613505695182 0.66923494817944618 0 0.63870019447380344 0.62757797182747166 0 0.62135254905149107 0.58816778798804847 0 0.67228187977851617 0.58387115639584652 0 0.5 0.34999999999999998 0 0.47454023424457747 0.31084499390883802 0 0.52110691462239711 0.31861945236618822 0 0.65000000000000002 0.5 0 0.68604905144552053 0.47156028487647722 0 0.68367699194708442 0.52759220806038765 0 0.64265847742471593 0.54635254921643284 0 0.68367699194708442 0.52759220806038765 0 0.67228187977851617 0.58387115639584652 0 0.90646186263273854 0.59961706802362691 0 0.91560204435319836 0.65433464099873195 0 0.86737199778504614 0.6412725358480037 0 0.72954688042895111 0.49740099102570179 0 0.78701141937333097 0.4863596872951117 0 0.76096025256858746 0.52796642590137544 0 0.33473256778295157 0.69966066530847337 0 0.32284559676280822 0.65058020017585083 0 0.37079653456609218 0.67396836105764935 0 0.29999999999926641 0 0 0.34999999999912063 0 0 0.33020383807770792 0.046654937372080638 0 0.56238206809764923 0.29626424335307311 0 0.55158829735710835 0.24438139657768829 0 0.59599109452070609 0.25416509842380841 0 0.88635534601829558 0.21061780232281321 0 0.88027718961491597 0.16890685394504701 0 0.92603671991779968 0.1991855166745444 0 0.56699899717172553 0.82281570466110421 0 0.52658050753761221 0.80158066360080016 0 0.55883976872793484 0.76757105289738425 0 0.28369470181328738 0.68968160933688383 0 0.32284559676280822 0.65058020017585083 0 0.33473256778295157 0.69966066530847337 0 0.249745795115841 0.91026158950624625 0 0.20683218871455439 0.88845749477989999 0 0.2405582946985993 0.85489218398726852 0 0.086697256245001186 0.29232435988395161 0 0.095193429167380869 0.34706075402205372 0 0.044817949168197632 0.32295671268078391 0 0.32284559676280822 0.65058020017585083 0 0.28369470181328738 0.68968160933688383 0 0.26971691023508132 0.64273159393780088 0 0.71641571149007788 0.38432272985112448 0 0.75085425653037818 0.34471616597401339 0 0.76714445234970097 0.37785816942828421 0 0.45364745078062202 0.64265847742375892 0 0.48490105552598978 0.68779036798958981 0 0.44549576247412542 0.69274794457143685 0 0.099135177913415973 0.52012888817318326 0 0.048250905711434373 0.52194809630973238 0 0.07931114857148161 0.48664108117523919 0 0.914145818033962 0.25128824713029141 0 0.91514717792368905 0.30253716940241521 0 0.86914026372019537 0.28879235390796121 0 0.048250905711434373 0.52194809630973238 0 0.099135177913415973 0.52012888817318326 0 0.078148865113969124 0.55418568717746686 0 0.27458677319886232 0.04345509109650416 0 0.29999999999926641 0 0 0.33020383807770792 0.046654937372080638 0 0.32284559676280822 0.65058020017585083 0 0.36650098499977241 0.63349901458153279 0 0.37079653456609218 0.67396836105764935 0 0.13032052621771259 0.78219668480394955 0 0.086536573980427411 0.75140197551090404 0 0.12769248279288201 0.72672148533534586 0 0.57685186786456055 0.68015001521488094 0 0.58816778769119094 0.62135254926717065 0 0.6168283205305255 0.66038768182163321 0 0.45013046781376442 0.086245515831997188 0 0.48249303566887242 0.13213388349025171 0 0.43167747128525941 0.12639597047857831 0 0.68367699194708442 0.52759220806038765 0 0.72954688042895111 0.49740099102570179 0 0.72219777468854007 0.55274578832773036 0 0.65043995921956044 0.092703552080504709 0 0.61063151535650173 0.1284580669285102 0 0.59779804093187627 0.083380612143778121 0 0.42668514034547439 0.32616646409264177 0 0.41183221239241502 0.37864745067208611 0 0.38919855926755931 0.33606363419588281 0 0.67555362698366894 0.42684150091669459 0 0.62135254930833539 0.41183221236546752 0 0.66517332939226004 0.38844132890927102 0 0.08628144269722221 0.39999974570760682 0 0.095193429167380869 0.34706075402205372 0 0.1226851172606513 0.38263634438698069 0 0.47454023424457747 0.31084499390883802 0 0.47099363149017859 0.26434123964165279 0 0.51371286675838745 0.27492022896106327 0 0.36650098499977241 0.63349901458153279 0 0.41249613505695182 0.66923494817944618 0 0.37079653456609218 0.67396836105764935 0 0.92218078330803088 0.70406624354773717 0 0.95925571407652455 0.67731513989524772 0 0.96042199323752997 0.73144888142456899 0 0.31211009819520708 0.78283704572875701 0 0.26428576092257272 0.7706480622485874 0 0.30062627780373408 0.73511104613025546 0 0.35734152250828449 0.54635254901022923 0 0.37864745070398431 0.58816778765148903 0 0.32769283214427358 0.57058194179315103 0 0.1295934160234555 0.47655361622238979 0 0.084676328930990946 0.44829771481711927 0 0.12645441543072941 0.42459780729406471 0 0.85586139568210273 0.24241578171305911 0 0.88635534601829558 0.21061780232281321 0 0.914145818033962 0.25128824713029141 0 0.1295934160234555 0.47655361622238979 0 0.099135177913415973 0.52012888817318326 0 0.07931114857148161 0.48664108117523919 0 0.37864745070398431 0.58816778765148903 0 0.33724946221203828 0.60862080124685558 0 0.32769283214427358 0.57058194179315103 0 0.2423074995471827 0.54911097790611185 0 0.19722044663029201 0.53655267188017308 0 0.23040888050354941 0.50217182647226344 0 0.41249613505695182 0.66923494817944618 0 0.37890157410416908 0.7149524408337472 0 0.37079653456609218 0.67396836105764935 0 0.25122976573731842 0.723697220139219 0 0.28369470181328738 0.68968160933688383 0 0.30062627780373408 0.73511104613025546 0 0.33473256778295157 0.69966066530847337 0 0.37890157410416908 0.7149524408337472 0 0.34657064131600679 0.74821336164430585 0 0.72219777468854007 0.55274578832773036 0 0.72954688042895111 0.49740099102570179 0 0.76096025256858746 0.52796642590137544 0 0.9576641080255659 0.075211555245367073 0 0.91876238748899386 0.096953581977407333 0 0.92128973660660529 0.046450182502675907 0 0.781288108565516 0.12725693326621829 0 0.75000024196736592 0.086290204234965612 0 0.78836649178003415 0.079761454737770535 0 0.086536573980427411 0.75140197551090404 0 0.13032052621771259 0.78219668480394955 0 0.080889106072974254 0.80187427521317889 0 0.95904393918813025 0.86859389399837217 0 0.91823413878607574 0.8316336155135422 0 0.96608260887514119 0.82638992214330065 0 0.84360738243626232 0.90862147881433675 0 0.8246204827096576 0.95818836661386264 0 0.80251746205330432 0.92485161004608274 0 0.30062627780373408 0.73511104613025546 0 0.33473256778295157 0.69966066530847337 0 0.34657064131600679 0.74821336164430585 0 0.75000024196736592 0.086290204234965612 0 0.781288108565516 0.12725693326621829 0 0.73086698082406532 0.12567501296637351 0 0.79760581102748462 0.88617889053938992 0 0.76120355616150315 0.91743779977535223 0 0.75132465244709956 0.87087186864640975 0 0.16904504879648469 0.92144669420012559 0 0.13320778151830709 0.95944723287864619 0 0.1225941061546777 0.91340007374259535 0 0.57044601068512168 0.86987314095495238 0 0.61182686273854792 0.82934024363962044 0 0.62469373338335865 0.87652917741682901 0 0.95312441851197016 0.4280417684424796 0 0.90011516599611796 0.42721526287528039 0 0.92487414761692099 0.38746282296849172 0 0.91823413878607574 0.8316336155135422 0 0.95904393918813025 0.86859389399837217 0 0.91953900968354996 0.88153445228216598 0 0.60271272297068568 0.78469958023635233 0 0.61182686273854792 0.82934024363962044 0 0.56699899717172553 0.82281570466110421 0 0.92218078330803088 0.70406624354773717 0 0.88043209328530214 0.68744495006864015 0 0.91560204435319836 0.65433464099873195 0 0.76120355616150315 0.91743779977535223 0 0.71723288590496792 0.90431602374920672 0 0.75132465244709956 0.87087186864640975 0 0.27480339701924422 0.51505499509332231 0 0.2423074995471827 0.54911097790611185 0 0.23040888050354941 0.50217182647226344 0 0.29806451797012701 0.60606944101743643 0 0.2848509896301491 0.56084705287358017 0 0.32769283214427358 0.57058194179315103 0 0.72380332109952672 0.95325727168637431 0 0.71723288590496792 0.90431602374920672 0 0.76120355616150315 0.91743779977535223 0 0.13032052621771259 0.78219668480394955 0 0.12769248279288201 0.72672148533534586 0 0.16994890750234659 0.74808226729095184 0 0.086697256245001186 0.29232435988395161 0 0.044817949168197632 0.32295671268078391 0 0.041945110588267227 0.27336592719494252 0 0.67937323217120238 0.35450114370967301 0 0.71641571149007788 0.38432272985112448 0 0.66517332939226004 0.38844132890927102 0 0.079082782798763573 0.95477239955126714 0 0.041450047375335961 0.92470385240153519 0 0.078796133656434481 0.89721863941538449 0 0.13320778151830709 0.95944723287864619 0 0.16904504879648469 0.92144669420012559 0 0.1793968477965549 0.96234370287551196 0 0.65595996795162048 0.1431711648397975 0 0.65043995921956044 0.092703552080504709 0 0.6873971128182198 0.1216257713005645 0 0.1200099315339016 0.077653443122240873 0 0.078497705665231093 0.044342115043052181 0 0.1238664383937038 0.033505412743579259 0 0.64271250948253922 0.32120932146972808 0 0.64947331774475359 0.27349824373396953 0 0.67889035133130005 0.3150107979018632 0 0.35803394673857158 0.79557160693288465 0 0.31211009819520708 0.78283704572875701 0 0.34657064131600679 0.74821336164430585 0 0.27480339701924422 0.51505499509332231 0 0.31576613202503789 0.52834815541418179 0 0.2848509896301491 0.56084705287358017 0 0.92128973660660529 0.046450182502675907 0 0.91876238748899386 0.096953581977407333 0 0.88688964959594552 0.07605690132245442 0 0.093940149608076021 0.64983258879466355 0 0.14287628545576181 0.65276572538170352 0 0.12310494445153269 0.68659664419727984 0 0.68828919945127753 0.63507098816724472 0 0.70387702584996836 0.6818720668349656 0 0.65623031960550648 0.67118302373025429 0 0.70388689716415764 0.085777455944805403 0 0.75000024196736592 0.086290204234965612 0 0.73086698082406532 0.12567501296637351 0 0.27458677319886232 0.04345509109650416 0 0.33020383807770792 0.046654937372080638 0 0.29436532469989618 0.087509409999987256 0 0.33724946221203828 0.60862080124685558 0 0.29806451797012701 0.60606944101743643 0 0.32769283214427358 0.57058194179315103 0 0.31211009819520708 0.78283704572875701 0 0.30062627780373408 0.73511104613025546 0 0.34657064131600679 0.74821336164430585 0 0.61182686273854792 0.82934024363962044 0 0.57044601068512168 0.86987314095495238 0 0.56699899717172553 0.82281570466110421 0 0.90646186263273854 0.59961706802362691 0 0.85745557322751398 0.59382087560199759 0 0.87892422412296911 0.56338380428852253 0 0.28369470181328738 0.68968160933688383 0 0.33473256778295157 0.69966066530847337 0 0.30062627780373408 0.73511104613025546 0 0.471842169466482 0.7339583471671004 0 0.42325220661233459 0.72520358334629376 0 0.44549576247412542 0.69274794457143685 0 0 0.60000000000138687 0 0.041695690289667853 0.57511597037253481 0 0.044230989505697503 0.62511561136417471 0 0.48490105552598978 0.68779036798958981 0 0.471842169466482 0.7339583471671004 0 0.44549576247412542 0.69274794457143685 0 0.82216895576638893 0.047827917734555719 0 0.82139569446423799 0.098505836339831232 0 0.78836649178003415 0.079761454737770535 0 0.88574841371222357 0.38241489490992692 0 0.87667931237060925 0.33600880471748801 0 0.92062852947853768 0.34700876435878553 0 0.044230989505697503 0.62511561136417471 0 0.041695690289667853 0.57511597037253481 0 0.084358795237786804 0.59408416098681427 0 0.89945650522467213 0.91642856392935101 0 0.92323088348980031 0.95980805865613994 0 0.87348587564327129 0.95717441133561487 0 0.27547749886119471 0.9573159879648806 0 0.249745795115841 0.91026158950624625 0 0.30167211282385148 0.91342906052452066 0 0.093940149608076021 0.64983258879466355 0 0.044230989505697503 0.62511561136417471 0 0.084358795237786804 0.59408416098681427 0 0.2423074995471827 0.54911097790611185 0 0.27480339701924422 0.51505499509332231 0 0.2848509896301491 0.56084705287358017 0 0.70388689716415764 0.085777455944805403 0 0.725285539739003 0.042855270814581459 0 0.75000024196736592 0.086290204234965612 0 0.92218078330803088 0.70406624354773717 0 0.91560204435319836 0.65433464099873195 0 0.95925571407652455 0.67731513989524772 0 0.72380332109952672 0.95325727168637431 0 0.7000000000006934 1 0 0.67050590439878832 0.95866514850374962 0 0.042979225210542149 0.77508851587403038 0 0.086536573980427411 0.75140197551090404 0 0.080889106072974254 0.80187427521317889 0 0.25000000000104028 1 0 0.226446184634465 0.96008041577753644 0 0.27547749886119471 0.9573159879648806 0 0.33108658951373471 0.22752039782590491 0 0.37839515703678761 0.24039460833477799 0 0.34376728772688131 0.27428188743988902 0 0.78663319108556085 0.83744400322556323 0 0.77530719228240685 0.78958355124470847 0 0.82204322357744997 0.80362822556551139 0 0.041253068969294072 0.82505446993099607 0 0.042979225210542149 0.77508851587403038 0 0.080889106072974254 0.80187427521317889 0 0.65000000000104008 1 0 0.62282970694394424 0.95784004819930335 0 0.67050590439878832 0.95866514850374962 0 0.69850973727558974 0.28331582783127618 0 0.72697660274813125 0.25013020121300722 0 0.73950473375542025 0.29752653822589281 0 0.70387702584996836 0.6818720668349656 0 0.71724308466278397 0.72847618089464294 0 0.67046397607576003 0.71563419910606552 0 0 0.65000000000104008 0 0 0.60000000000138687 0 0.044230989505697503 0.62511561136417471 0 0.27547749886119471 0.9573159879648806 0 0.226446184634465 0.96008041577753644 0 0.249745795115841 0.91026158950624625 0 0.33020383807770792 0.046654937372080638 0 0.34999999999912063 0 0 0.37515892292865338 0.02963056172629553 0 0.72598370095931708 0.60130952856352926 0 0.77613019678972694 0.61442996883449097 0 0.73900568460309535 0.64813217424351133 0 0.308813255607987 0.30795898324078141 0 0.29679510437185269 0.2614526680727729 0 0.34376728772688131 0.27428188743988902 0 0.084676328930990946 0.44829771481711927 0 0.08628144269722221 0.39999974570760682 0 0.12645441543072941 0.42459780729406471 0 0.34376728772688131 0.27428188743988902 0 0.39412459449315229 0.29081407784202468 0 0.35448760274322261 0.32067657220971041 0 0.33108658951373471 0.22752039782590491 0 0.36574169503779902 0.1934314895932287 0 0.37839515703678761 0.24039460833477799 0 0.8332610413043825 0.85195548467094984 0 0.78663319108556085 0.83744400322556323 0 0.82204322357744997 0.80362822556551139 0 0.77613019678972694 0.61442996883449097 0 0.78742698540995471 0.66125569026062014 0 0.73900568460309535 0.64813217424351133 0 0.28369470181328738 0.68968160933688383 0 0.2369016187652471 0.6773051654083222 0 0.26971691023508132 0.64273159393780088 0 0.4195989183438848 0.043126601695698451 0 0.47458799995669187 0.043045137298084693 0 0.45013046781376442 0.086245515831997188 0 0.30105435468064079 0.43538700586074641 0 0.30936757174870949 0.4823540594895247 0 0.26429748197621128 0.46791468270143599 0 0.65000000000104008 1 0 0.60000000000138687 1 0 0.62282970694394424 0.95784004819930335 0 0.70388689716415764 0.085777455944805403 0 0.67494708607177112 0.043074418337180953 0 0.725285539739003 0.042855270814581459 0 0.57477434084313928 0.95672999821796889 0 0.52490914958749124 0.9583025525425668 0 0.54747816624180645 0.91667945069908963 0 0.29679510437185269 0.2614526680727729 0 0.33108658951373471 0.22752039782590491 0 0.34376728772688131 0.27428188743988902 0 0.043303531092998407 0.42430408369435968 0 0.08628144269722221 0.39999974570760682 0 0.084676328930990946 0.44829771481711927 0 0.95676890054449426 0.57512153927507914 0 0.90646186263273854 0.59961706802362691 0 0.9146532297943637 0.54979451485530073 0 0.041873086397989527 0.47259057028333379 0 0.043303531092998407 0.42430408369435968 0 0.084676328930990946 0.44829771481711927 0 0.32546610047556102 0.95681198156149772 0 0.30000000000124832 1 0 0.27547749886119471 0.9573159879648806 0 0.958984369262458 0.52750260598276144 0 0.95676890054449426 0.57512153927507914 0 0.9146532297943637 0.54979451485530073 0 0.72697660274813125 0.25013020121300722 0 0.77368243834988404 0.26338452677407342 0 0.73950473375542025 0.29752653822589281 0 0.42547956711856899 0.25093749777835372 0 0.45932064624376689 0.21919650604458929 0 0.47099363149017859 0.26434123964165279 0 0.37839515703678761 0.24039460833477799 0 0.42547956711856899 0.25093749777835372 0 0.39412459449315229 0.29081407784202468 0 0 0.7000000000006934 0 0 0.65000000000104008 0 0.043190802401482709 0.67573864890106461 0 0.67494708607177112 0.043074418337180953 0 0.69999999999921003 0 0 0.725285539739003 0.042855270814581459 0 0.041695690289667853 0.57511597037253481 0 0 0.55000000000173355 0 0.048250905711434373 0.52194809630973238 0 0.4195989183438848 0.043126601695698451 0 0.44999999999882923 0 0 0.47458799995669187 0.043045137298084693 0 0.57477434084313928 0.95672999821796889 0 0.55000000000173355 1 0 0.52490914958749124 0.9583025525425668 0 0.7000000000006934 1 0 0.65000000000104008 1 0 0.67050590439878832 0.95866514850374962 0 0.47482264833919668 0.95812481984236575 0 0.45000000000187229 1 0 0.42485774666253578 0.9571008829692299 0 0.958984369262458 0.52750260598276144 0 1 0.5499999999988151 0 0.95676890054449426 0.57512153927507914 0 0.041873086397989527 0.47259057028333379 0 0 0.45000000000187229 0 0.043303531092998407 0.42430408369435968 0 0.52500439185100245 0.041601305030130667 0 0.5499999999988151 0 0 0.57501949604497837 0.040793846835497673 0 0.43821850675871532 0.77365075625746837 0 0.39205752157714058 0.76121507238098352 0 0.42325220661233459 0.72520358334629376 0 0.30000000000124832 1 0 0.25000000000104028 1 0 0.27547749886119471 0.9573159879648806 0 0.35000000000145642 1 0 0.30000000000124832 1 0 0.32546610047556102 0.95681198156149772 0 0.9594820642527262 0.32414170018469329 0 0.96425864534991756 0.37431808246015269 0 0.92062852947853768 0.34700876435878553 0 0.67046397607576003 0.71563419910606552 0 0.63665510147631188 0.74970907512354268 0 0.62419143301756608 0.70167484906838873 0 0.043190802401482709 0.67573864890106461 0 0 0.65000000000104008 0 0.044230989505697503 0.62511561136417471 0 0.41259791254724759 0.2063711171850828 0 0.45932064624376689 0.21919650604458929 0 0.42547956711856899 0.25093749777835372 0 0.47458799995669187 0.043045137298084693 0 0.52500439185100245 0.041601305030130667 0 0.50022331039198309 0.08482622204910871 0 0.40400196463545568 0.80779405347688682 0 0.35803394673857158 0.79557160693288465 0 0.39205752157714058 0.76121507238098352 0 0.042979225210542149 0.77508851587403038 0 0.043278092147004753 0.72515954203661614 0 0.086536573980427411 0.75140197551090404 0 0.78570149777237552 0.31070581661539898 0 0.79844501191759076 0.35530604439194691 0 0.75085425653037818 0.34471616597401339 0 0.7523269991583279 0.69485480280021827 0 0.71724308466278397 0.72847618089464294 0 0.70387702584996836 0.6818720668349656 0 0.95676890054449426 0.57512153927507914 0 0.9573294635603885 0.62404107340216075 0 0.90646186263273854 0.59961706802362691 0 0.62500064197699601 0.042717205165360379 0 0.67494708607177112 0.043074418337180953 0 0.65043995921956044 0.092703552080504709 0 0.043303531092998407 0.42430408369435968 0 0.045396278685451208 0.37335516217484921 0 0.08628144269722221 0.39999974570760682 0 0.22392218278066409 0.63062211814817326 0 0.2108699794659287 0.58414698475168703 0 0.25604444491736661 0.59703227949720872 0 0.59758325871734785 0.91553410728099183 0 0.54747816624180645 0.91667945069908963 0 0.57044601068512168 0.86987314095495238 0 0.45013046781376442 0.086245515831997188 0 0.47458799995669187 0.043045137298084693 0 0.50022331039198309 0.08482622204910871 0 0 0.75000000000034661 0 0.043278092147004753 0.72515954203661614 0 0.042979225210542149 0.77508851587403038 0 0.32546610047556102 0.95681198156149772 0 0.27547749886119471 0.9573159879648806 0 0.30167211282385148 0.91342906052452066 0 0.42485774666253578 0.9571008829692299 0 0.37512391149682839 0.95676234790034853 0 0.39998267273679378 0.91505342693840552 0 0.47482264833919668 0.95812481984236575 0 0.42485774666253578 0.9571008829692299 0 0.44809161090723337 0.9184635160862028 0 0.82407221792128116 0.45143645534149679 0 0.83417138920290468 0.49935506278966202 0 0.78701141937333097 0.4863596872951117 0 0.78742698540995471 0.66125569026062014 0 0.7523269991583279 0.69485480280021827 0 0.73900568460309535 0.64813217424351133 0 0.95689954658273657 0.27521466662033728 0 0.9594820642527262 0.32414170018469329 0 0.91514717792368905 0.30253716940241521 0 0.40400196463545568 0.80779405347688682 0 0.39205752157714058 0.76121507238098352 0 0.43821850675871532 0.77365075625746837 0 0.71724308466278397 0.72847618089464294 0 0.68213816195750132 0.76210419066593182 0 0.67046397607576003 0.71563419910606552 0 0.086536573980427411 0.75140197551090404 0 0.085395568307063185 0.70246357202764831 0 0.12769248279288201 0.72672148533534586 0 0.52658050753761221 0.80158066360080016 0 0.48502593405217709 0.78590889853764323 0 0.51678723713650809 0.75544698268289645 0 0.80006821241160297 0.53440514447721599 0 0.81066929581266534 0.58062244154194254 0 0.76597697594051217 0.56892051838111724 0 0.76597697594051217 0.56892051838111724 0 0.77613019678972694 0.61442996883449097 0 0.72598370095931708 0.60130952856352926 0 0.57477434084313928 0.95672999821796889 0 0.54747816624180645 0.91667945069908963 0 0.59758325871734785 0.91553410728099183 0 0.086536573980427411 0.75140197551090404 0 0.043278092147004753 0.72515954203661614 0 0.085395568307063185 0.70246357202764831 0 0.42325220661233459 0.72520358334629376 0 0.39205752157714058 0.76121507238098352 0 0.37890157410416908 0.7149524408337472 0 0.68213816195750132 0.76210419066593182 0 0.63665510147631188 0.74970907512354268 0 0.67046397607576003 0.71563419910606552 0 0.68213816195750132 0.76210419066593182 0 0.6470679622688148 0.79569466377309839 0 0.63665510147631188 0.74970907512354268 0 0.725285539739003 0.042855270814581459 0 0.77287901323217156 0.041989546370536798 0 0.75000024196736592 0.086290204234965612 0 0.041278391492516713 0.22499115991508919 0 0 0.20000000000083221 0 0.043292679013788873 0.1749851196480692 0 0.77287901323217156 0.041989546370536798 0 0.79999999999947335 0 0 0.82216895576638893 0.047827917734555719 0 0.41259791254724759 0.2063711171850828 0 0.44691493017038658 0.17292842948016621 0 0.45932064624376689 0.21919650604458929 0 0.36574169503779902 0.1934314895932287 0 0.41259791254724759 0.2063711171850828 0 0.37839515703678761 0.24039460833477799 0 0.17082455476986819 0.045531505552603213 0 0.19999999999955789 0 0 0.22425375258037719 0.039809946896071528 0 0.95861957711044454 0.17501806068598341 0 1 0.19999999999955789 0 0.95964561239974433 0.22527027991937451 0 0.77368243834988404 0.26338452677407342 0 0.78570149777237552 0.31070581661539898 0 0.73950473375542025 0.29752653822589281 0 0.65043995921956044 0.092703552080504709 0 0.67494708607177112 0.043074418337180953 0 0.70388689716415764 0.085777455944805403 0 0.7523269991583279 0.69485480280021827 0 0.70387702584996836 0.6818720668349656 0 0.73900568460309535 0.64813217424351133 0 0 0.50000000000205869 0 0.041873086397989527 0.47259057028333379 0 0.048250905711434373 0.52194809630973238 0 0.50000000000205869 1 0 0.47482264833919668 0.95812481984236575 0 0.52490914958749124 0.9583025525425668 0 0.49999999999869432 0 0 0.52500439185100245 0.041601305030130667 0 0.47458799995669187 0.043045137298084693 0 0.95904393918813025 0.86859389399837217 0 0.95179169119040075 0.92010412261493535 0 0.91953900968354996 0.88153445228216598 0 0.34376728772688131 0.27428188743988902 0 0.37839515703678761 0.24039460833477799 0 0.39412459449315229 0.29081407784202468 0 0.45932064624376689 0.21919650604458929 0 0.49372894318698451 0.1853018249770636 0 0.50516362734325326 0.2311435220952355 0 0.22392218278066409 0.63062211814817326 0 0.25604444491736661 0.59703227949720872 0 0.26971691023508132 0.64273159393780088 0 0.40000000000166441 1 0 0.37512391149682839 0.95676234790034853 0 0.42485774666253578 0.9571008829692299 0 1 0.59999999999894682 0 0.9573294635603885 0.62404107340216075 0 0.95676890054449426 0.57512153927507914 0 0 0.40000000000166441 0 0.045396278685451208 0.37335516217484921 0 0.043303531092998407 0.42430408369435968 0 0.59999999999894682 0 0 0.62500064197699601 0.042717205165360379 0 0.57501949604497837 0.040793846835497673 0 0.90646186263273854 0.59961706802362691 0 0.9573294635603885 0.62404107340216075 0 0.91560204435319836 0.65433464099873195 0 0.95689954658273657 0.27521466662033728 0 1 0.29999999999926641 0 0.9594820642527262 0.32414170018469329 0 0.62500064197699601 0.042717205165360379 0 0.64999999999907843 0 0 0.67494708607177112 0.043074418337180953 0 0.74999999999934175 0 0 0.77287901323217156 0.041989546370536798 0 0.725285539739003 0.042855270814581459 0 0.39998267273679378 0.91505342693840552 0 0.37512391149682839 0.95676234790034853 0 0.35141857864979442 0.91632396264433091 0 0.8332610413043825 0.85195548467094984 0 0.79760581102748462 0.88617889053938992 0 0.78663319108556085 0.83744400322556323 0 0.045396278685451208 0.37335516217484921 0 0 0.35000000000145642 0 0.044817949168197632 0.32295671268078391 0 0 0.60000000000138687 0 0 0.55000000000173355 0 0.041695690289667853 0.57511597037253481 0 0.3999999999989749 0 0 0.44999999999882923 0 0 0.4195989183438848 0.043126601695698451 0 1 0.3999999999989749 0 1 0.44999999999882923 0 0.95312441851197016 0.4280417684424796 0 0.60000000000138687 1 0 0.55000000000173355 1 0 0.57477434084313928 0.95672999821796889 0 0.45932064624376689 0.21919650604458929 0 0.50516362734325326 0.2311435220952355 0 0.47099363149017859 0.26434123964165279 0 0.78570149777237552 0.31070581661539898 0 0.75085425653037818 0.34471616597401339 0 0.73950473375542025 0.29752653822589281 0 0.25122976573731842 0.723697220139219 0 0.2369016187652471 0.6773051654083222 0 0.28369470181328738 0.68968160933688383 0 0.36574169503779902 0.1934314895932287 0 0.4001137819986687 0.159862903385251 0 0.41259791254724759 0.2063711171850828 0 0.68105401381692787 0.2367246345384757 0 0.72697660274813125 0.25013020121300722 0 0.69850973727558974 0.28331582783127618 0 0.50000000000205869 1 0 0.45000000000187229 1 0 0.47482264833919668 0.95812481984236575 0 0 0.50000000000205869 0 0 0.45000000000187229 0 0.041873086397989527 0.47259057028333379 0 1 0.49999999999869432 0 1 0.5499999999988151 0 0.958984369262458 0.52750260598276144 0 0.49999999999869432 0 0 0.5499999999988151 0 0 0.52500439185100245 0.041601305030130667 0 0.60000000000138687 1 0 0.57477434084313928 0.95672999821796889 0 0.62282970694394424 0.95784004819930335 0 0.32256467478101009 0.82987344535239382 0 0.31211009819520708 0.78283704572875701 0 0.35803394673857158 0.79557160693288465 0 0.2369016187652471 0.6773051654083222 0 0.22392218278066409 0.63062211814817326 0 0.26971691023508132 0.64273159393780088 0 0.50516362734325326 0.2311435220952355 0 0.54016027696726976 0.1979478583885344 0 0.55158829735710835 0.24438139657768829 0 0 0.75000000000034661 0 0 0.7000000000006934 0 0.043278092147004753 0.72515954203661614 0 0.25000000000104028 1 0 0.20000000000083221 1 0 0.226446184634465 0.96008041577753644 0 0.40000000000166441 1 0 0.35000000000145642 1 0 0.37512391149682839 0.95676234790034853 0 0.75000000000034661 1 0 0.7000000000006934 1 0 0.72380332109952672 0.95325727168637431 0 1 0.59999999999894682 0 1 0.64999999999907843 0 0.9573294635603885 0.62404107340216075 0 1 0.74999999999934175 0 1 0.79999999999947335 0 0.95313496640149964 0.78172210120551022 0 0.24999999999941211 0 0 0.29999999999926641 0 0 0.27458677319886232 0.04345509109650416 0 0 0.25000000000104028 0 0 0.20000000000083221 0 0.041278391492516713 0.22499115991508919 0 0 0.40000000000166441 0 0 0.35000000000145642 0 0.045396278685451208 0.37335516217484921 0 1 0.24999999999941211 0 1 0.29999999999926641 0 0.95689954658273657 0.27521466662033728 0 0.59999999999894682 0 0 0.64999999999907843 0 0 0.62500064197699601 0.042717205165360379 0 0.74999999999934175 0 0 0.79999999999947335 0 0 0.77287901323217156 0.041989546370536798 0 0.24999999999941211 0 0 0.27458677319886232 0.04345509109650416 0 0.22425375258037719 0.039809946896071528 0 1 0.24999999999941211 0 0.95689954658273657 0.27521466662033728 0 0.95964561239974433 0.22527027991937451 0 0.76597697594051217 0.56892051838111724 0 0.81066929581266534 0.58062244154194254 0 0.77613019678972694 0.61442996883449097 0 0.78570149777237552 0.31070581661539898 0 0.83249236507827296 0.32391400365673018 0 0.79844501191759076 0.35530604439194691 0 0.78701141937333097 0.4863596872951117 0 0.83417138920290468 0.49935506278966202 0 0.80006821241160297 0.53440514447721599 0 0.79844501191759076 0.35530604439194691 0 0.84339696167179956 0.37104459320349098 0 0.8077240271188989 0.40392117147345141 0 0.16418627115288961 0.57126003086402255 0 0.19722044663029201 0.53655267188017308 0 0.2108699794659287 0.58414698475168703 0 0.041253068969294072 0.82505446993099607 0 0 0.79999999999999982 0 0.042979225210542149 0.77508851587403038 0 0.41259791254724759 0.2063711171850828 0 0.42547956711856899 0.25093749777835372 0 0.37839515703678761 0.24039460833477799 0 0.1498004539760914 0.52431375509026656 0 0.18488173396532959 0.4893689995204325 0 0.19722044663029201 0.53655267188017308 0 0.3681616852440931 0.84083004841831832 0 0.35803394673857158 0.79557160693288465 0 0.40400196463545568 0.80779405347688682 0 0.043278092147004753 0.72515954203661614 0 0 0.7000000000006934 0 0.043190802401482709 0.67573864890106461 0 0.63665510147631188 0.74970907512354268 0 0.6470679622688148 0.79569466377309839 0 0.60271272297068568 0.78469958023635233 0 0.27586158209009137 0.81823123128621722 0 0.26428576092257272 0.7706480622485874 0 0.31211009819520708 0.78283704572875701 0 0.64271250948253922 0.32120932146972808 0 0.61178777491340275 0.29319077260630311 0 0.64947331774475359 0.27349824373396953 0 0.085395568307063185 0.70246357202764831 0 0.043190802401482709 0.67573864890106461 0 0.093940149608076021 0.64983258879466355 0 0.7523269991583279 0.69485480280021827 0 0.76393843310071285 0.74197760515878497 0 0.71724308466278397 0.72847618089464294 0 0 0.55000000000173355 0 0 0.50000000000205869 0 0.048250905711434373 0.52194809630973238 0 0.44999999999882923 0 0 0.49999999999869432 0 0 0.47458799995669187 0.043045137298084693 0 0.55000000000173355 1 0 0.50000000000205869 1 0 0.52490914958749124 0.9583025525425668 0 0.51678723713650809 0.75544698268289645 0 0.48502593405217709 0.78590889853764323 0 0.471842169466482 0.7339583471671004 0 0.77368243834988404 0.26338452677407342 0 0.82051551323253635 0.27659011682778328 0 0.78570149777237552 0.31070581661539898 0 0 0.84999999999965292 0 0.041253068969294072 0.82505446993099607 0 0.039556463471678689 0.8749605126401907 0 1 0.14999999999970359 0 0.95861957711044454 0.17501806068598341 0 0.95847083245351472 0.12503748630457351 0 0.78742698540995471 0.66125569026062014 0 0.79902786143333038 0.70836608403309909 0 0.7523269991583279 0.69485480280021827 0 0.43821850675871532 0.77365075625746837 0 0.42325220661233459 0.72520358334629376 0 0.471842169466482 0.7339583471671004 0 0.45000000000187229 1 0 0.40000000000166441 1 0 0.42485774666253578 0.9571008829692299 0 1 0.5499999999988151 0 1 0.59999999999894682 0 0.95676890054449426 0.57512153927507914 0 0 0.45000000000187229 0 0 0.40000000000166441 0 0.043303531092998407 0.42430408369435968 0 0.5499999999988151 0 0 0.59999999999894682 0 0 0.57501949604497837 0.040793846835497673 0 0.8077240271188989 0.40392117147345141 0 0.85476900704125003 0.41847365778417001 0 0.82407221792128116 0.45143645534149679 0 1 0.29999999999926641 0 1 0.34999999999912063 0 0.9594820642527262 0.32414170018469329 0 0.17740148787797921 0.61819480490631962 0 0.2108699794659287 0.58414698475168703 0 0.22392218278066409 0.63062211814817326 0 0.64999999999907843 0 0 0.69999999999921003 0 0 0.67494708607177112 0.043074418337180953 0 0.69999999999921003 0 0 0.74999999999934175 0 0 0.725285539739003 0.042855270814581459 0 0 0.15000000000062411 0 0.046462992154567742 0.1238465640393773 0 0.043292679013788873 0.1749851196480692 0 0.84999999999960507 0 0 0.87256721763064804 0.039592335857390283 0 0.82216895576638893 0.047827917734555719 0 0 0.35000000000145642 0 0 0.30000000000124832 0 0.044817949168197632 0.32295671268078391 0 0 0.79999999999999982 0 0 0.75000000000034661 0 0.042979225210542149 0.77508851587403038 0 0.37512391149682839 0.95676234790034853 0 0.35000000000145642 1 0 0.32546610047556102 0.95681198156149772 0 0 0.20000000000083221 0 0 0.15000000000062411 0 0.043292679013788873 0.1749851196480692 0 0.79999999999947335 0 0 0.84999999999960507 0 0 0.82216895576638893 0.047827917734555719 0 0.71724308466278397 0.72847618089464294 0 0.72880356381820699 0.77560521466259491 0 0.68213816195750132 0.76210419066593182 0 0.45107811670233677 0.82029010820527981 0 0.43821850675871532 0.77365075625746837 0 0.48502593405217709 0.78590889853764323 0 0 0.84999999999965292 0 0 0.79999999999999982 0 0.041253068969294072 0.82505446993099607 0 0.84999999999965292 1 0 0.79999999999999982 1 0 0.8246204827096576 0.95818836661386264 0 0.14999999999970359 0 0 0.19999999999955789 0 0 0.17082455476986819 0.045531505552603213 0 1 0.14999999999970359 0 1 0.19999999999955789 0 0.95861957711044454 0.17501806068598341 0 0.58566394056543802 0.2098087108728203 0 0.62111509824638977 0.17681761550029351 0 0.63338708357124918 0.22394301413887571 0 0.9576641080255659 0.075211555245367073 0 0.95847083245351472 0.12503748630457351 0 0.91876238748899386 0.096953581977407333 0 0.41259791254724759 0.2063711171850828 0 0.4001137819986687 0.159862903385251 0 0.44691493017038658 0.17292842948016621 0 0.19999999999955789 0 0 0.24999999999941211 0 0 0.22425375258037719 0.039809946896071528 0 1 0.19999999999955789 0 1 0.24999999999941211 0 0.95964561239974433 0.22527027991937451 0 0.45932064624376689 0.21919650604458929 0 0.44691493017038658 0.17292842948016621 0 0.49372894318698451 0.1853018249770636 0 0.68213816195750132 0.76210419066593182 0 0.69369820020450235 0.80925436245211924 0 0.6470679622688148 0.79569466377309839 0 0.8332610413043825 0.85195548467094984 0 0.84360738243626232 0.90862147881433675 0 0.79760581102748462 0.88617889053938992 0 0.041450047375335961 0.92470385240153519 0 0 0.89999999999958358 0 0.039556463471678689 0.8749605126401907 0 0.9576641080255659 0.075211555245367073 0 1 0.099999999999814668 0 0.95847083245351472 0.12503748630457351 0 0.19094817228430611 0.66476077372461984 0 0.22392218278066409 0.63062211814817326 0 0.2369016187652471 0.6773051654083222 0 0.6470679622688148 0.79569466377309839 0 0.61182686273854792 0.82934024363962044 0 0.60271272297068568 0.78469958023635233 0 0 0.89999999999958358 0 0 0.84999999999965292 0 0.039556463471678689 0.8749605126401907 0 1 0.099999999999814668 0 1 0.14999999999970359 0 0.95847083245351472 0.12503748630457351 0 0.86905826382711893 0.81741461395684978 0 0.87937337662726822 0.86627320223067628 0 0.8332610413043825 0.85195548467094984 0 0.63338708357124918 0.22394301413887571 0 0.6679657043633036 0.19000774533597739 0 0.68105401381692787 0.2367246345384757 0 0.81063664368583455 0.7556786250676879 0 0.85736300927939646 0.76969307522730945 0 0.82204322357744997 0.80362822556551139 0 0.27586158209009137 0.81823123128621722 0 0.31211009819520708 0.78283704572875701 0 0.32256467478101009 0.82987344535239382 0 0.308813255607987 0.30795898324078141 0 0.34376728772688131 0.27428188743988902 0 0.35448760274322261 0.32067657220971041 0 0.085395568307063185 0.70246357202764831 0 0.043278092147004753 0.72515954203661614 0 0.043190802401482709 0.67573864890106461 0 0.15000000000062411 1 0 0.10000000000041601 1 0 0.13320778151830709 0.95944723287864619 0 1 0.84999999999960507 0 1 0.89999999999973679 0 0.95904393918813025 0.86859389399837217 0 0 0.15000000000062411 0 0 0.10000000000041601 0 0.046462992154567742 0.1238465640393773 0 0.84999999999960507 0 0 0.89999999999973679 0 0 0.87256721763064804 0.039592335857390283 0 0.82407221792128116 0.45143645534149679 0 0.86866244560929884 0.46555808453349418 0 0.83417138920290468 0.49935506278966202 0 0.50516362734325326 0.2311435220952355 0 0.49372894318698451 0.1853018249770636 0 0.54016027696726976 0.1979478583885344 0 0 0.94999999999979179 0 0 0.89999999999958358 0 0.041450047375335961 0.92470385240153519 0 0.94999999999979179 1 0 0.89999999999958358 1 0 0.92323088348980031 0.95980805865613994 0 0.049999999999899652 0 0 0.099999999999814668 0 0 0.078497705665231093 0.044342115043052181 0 1 0.049999999999899652 0 1 0.099999999999814668 0 0.9576641080255659 0.075211555245367073 0 0.1498004539760914 0.52431375509026656 0 0.19722044663029201 0.53655267188017308 0 0.16418627115288961 0.57126003086402255 0 0.55158829735710835 0.24438139657768829 0 0.54016027696726976 0.1979478583885344 0 0.58566394056543802 0.2098087108728203 0 0.1688483468874416 0.2704851293808202 0 0.2158827433059799 0.28291812180966353 0 0.18167068815541229 0.3172871949451509 0 0.78570149777237552 0.31070581661539898 0 0.82051551323253635 0.27659011682778328 0 0.83249236507827296 0.32391400365673018 0 0.49624132478598998 0.83299450029751487 0 0.48502593405217709 0.78590889853764323 0 0.52658050753761221 0.80158066360080016 0 0.7523269991583279 0.69485480280021827 0 0.79902786143333038 0.70836608403309909 0 0.76393843310071285 0.74197760515878497 0 0.80006821241160297 0.53440514447721599 0 0.84367338466678743 0.54737151998453304 0 0.81066929581266534 0.58062244154194254 0 0.17831661838250501 0.14120588524839731 0 0.1687258507709474 0.095490813383686562 0 0.21371242976322291 0.11025941475718409 0 0.32256467478101009 0.82987344535239382 0 0.35803394673857158 0.79557160693288465 0 0.3681616852440931 0.84083004841831832 0 0.79844501191759076 0.35530604439194691 0 0.83249236507827296 0.32391400365673018 0 0.84339696167179956 0.37104459320349098 0 0.13447191220747651 0.30507586359841071 0 0.1688483468874416 0.2704851293808202 0 0.18167068815541229 0.3172871949451509 0 0.29679510437185269 0.2614526680727729 0 0.2844201450795385 0.21471784711976349 0 0.33108658951373471 0.22752039782590491 0 0.16418627115288961 0.57126003086402255 0 0.2108699794659287 0.58414698475168703 0 0.17740148787797921 0.61819480490631962 0 0.28752430618081892 0.38793161926470882 0 0.33477710856986692 0.40125536742221463 0 0.30105435468064079 0.43538700586074641 0 0.35141857864979442 0.91632396264433091 0 0.32546610047556102 0.95681198156149772 0 0.30167211282385148 0.91342906052452066 0 0.57477434084313928 0.95672999821796889 0 0.59758325871734785 0.91553410728099183 0 0.62282970694394424 0.95784004819930335 0 0.093940149608076021 0.64983258879466355 0 0.043190802401482709 0.67573864890106461 0 0.044230989505697503 0.62511561136417471 0 0.40400196463545568 0.80779405347688682 0 0.43821850675871532 0.77365075625746837 0 0.45107811670233677 0.82029010820527981 0 0.8332610413043825 0.85195548467094984 0 0.87937337662726822 0.86627320223067628 0 0.84360738243626232 0.90862147881433675 0 0.8077240271188989 0.40392117147345141 0 0.84339696167179956 0.37104459320349098 0 0.85476900704125003 0.41847365778417001 0 0.35141857864979442 0.91632396264433091 0 0.37512391149682839 0.95676234790034853 0 0.32546610047556102 0.95681198156149772 0 0.17740148787797921 0.61819480490631962 0 0.22392218278066409 0.63062211814817326 0 0.19094817228430611 0.66476077372461984 0 0.33108658951373471 0.22752039782590491 0 0.31881596505099857 0.1806022236252886 0 0.36574169503779902 0.1934314895932287 0 0.71724308466278397 0.72847618089464294 0 0.76393843310071285 0.74197760515878497 0 0.72880356381820699 0.77560521466259491 0 0.68105401381692787 0.2367246345384757 0 0.71485974850635436 0.20302173631701789 0 0.72697660274813125 0.25013020121300722 0 0.1223486977679816 0.25869419840486191 0 0.1688483468874416 0.2704851293808202 0 0.13447191220747651 0.30507586359841071 0 0.77530719228240685 0.78958355124470847 0 0.81063664368583455 0.7556786250676879 0 0.82204322357744997 0.80362822556551139 0 0.68213816195750132 0.76210419066593182 0 0.72880356381820699 0.77560521466259491 0 0.69369820020450235 0.80925436245211924 0 0.6470679622688148 0.79569466377309839 0 0.6587173009471784 0.8426064063201526 0 0.61182686273854792 0.82934024363962044 0 0.63338708357124918 0.22394301413887571 0 0.62111509824638977 0.17681761550029351 0 0.6679657043633036 0.19000774533597739 0 0.82051551323253635 0.27659011682778328 0 0.80860651863157174 0.22919479276744681 0 0.85586139568210273 0.24241578171305911 0 0.15903316155193251 0.87592122887974944 0 0.1938261651588826 0.84091855678399297 0 0.20683218871455439 0.88845749477989999 0 0.20414334562883829 0.71181395789046409 0 0.2369016187652471 0.6773051654083222 0 0.25122976573731842 0.723697220139219 0 0.83135074708648937 0.14727879406695771 0 0.79638090455430577 0.1818047831815022 0 0.781288108565516 0.12725693326621829 0 0.9580541599203376 0.48181378126810881 0 0.958984369262458 0.52750260598276144 0 0.9237696379272724 0.5117909495458477 0 0.25325117912208478 0.42131329289111269 0 0.28752430618081892 0.38793161926470882 0 0.30105435468064079 0.43538700586074641 0 0.86905826382711893 0.81741461395684978 0 0.8332610413043825 0.85195548467094984 0 0.82204322357744997 0.80362822556551139 0 0.82407221792128116 0.45143645534149679 0 0.85476900704125003 0.41847365778417001 0 0.86866244560929884 0.46555808453349418 0 0.8459722039838562 0.72194057435968506 0 0.89090334707434615 0.73578105705175578 0 0.85736300927939646 0.76969307522730945 0 0.8437044172193231 0.19491917217346441 0 0.88027718961491597 0.16890685394504701 0 0.88635534601829558 0.21061780232281321 0 0.42485774666253578 0.9571008829692299 0 0.39998267273679378 0.91505342693840552 0 0.44809161090723337 0.9184635160862028 0 0.086697256245001186 0.29232435988395161 0 0.13447191220747651 0.30507586359841071 0 0.095193429167380869 0.34706075402205372 0 0.77613019678972694 0.61442996883449097 0 0.82222332964830347 0.6276275375781708 0 0.78742698540995471 0.66125569026062014 0 0.1812962633161006 0.79380832389456712 0 0.1481500207506371 0.83036676638067253 0 0.13032052621771259 0.78219668480394955 0 0.68105401381692787 0.2367246345384757 0 0.6679657043633036 0.19000774533597739 0 0.71485974850635436 0.20302173631701789 0 0.19094817228430611 0.66476077372461984 0 0.2369016187652471 0.6773051654083222 0 0.20414334562883829 0.71181395789046409 0 0.18167068815541229 0.3172871949451509 0 0.2158827433059799 0.28291812180966353 0 0.22869853433708259 0.32926601157252972 0 0.72697660274813125 0.25013020121300722 0 0.76158241945162342 0.21609838150487781 0 0.77368243834988404 0.26338452677407342 0 0.24121819135329231 0.37549898587490399 0 0.28752430618081892 0.38793161926470882 0 0.25325117912208478 0.42131329289111269 0 0.20715947445539931 0.40932976035952551 0 0.25325117912208478 0.42131329289111269 0 0.2189427238830364 0.45502863173210578 0 0.36574169503779902 0.1934314895932287 0 0.35333958142636562 0.14635843173201121 0 0.4001137819986687 0.159862903385251 0 0.85736300927939646 0.76969307522730945 0 0.90324651396166034 0.78182913440948876 0 0.86905826382711893 0.81741461395684978 0 0.2161463982504187 0.75902301619278723 0 0.25122976573731842 0.723697220139219 0 0.26428576092257272 0.7706480622485874 0 0.84360738243626232 0.90862147881433675 0 0.87937337662726822 0.86627320223067628 0 0.89945650522467213 0.91642856392935101 0 0.80860651863157174 0.22919479276744681 0 0.8437044172193231 0.19491917217346441 0 0.85586139568210273 0.24241578171305911 0 0.86905826382711893 0.81741461395684978 0 0.91823413878607574 0.8316336155135422 0 0.87937337662726822 0.86627320223067628 0 0.17312930619985761 0.44343305340039502 0 0.2189427238830364 0.45502863173210578 0 0.18488173396532959 0.4893689995204325 0 0.77368243834988404 0.26338452677407342 0 0.80860651863157174 0.22919479276744681 0 0.82051551323253635 0.27659011682778328 0 0.22859704820774959 0.8059026383813449 0 0.26428576092257272 0.7706480622485874 0 0.27586158209009137 0.81823123128621722 0 0.77613019678972694 0.61442996883449097 0 0.81066929581266534 0.58062244154194254 0 0.82222332964830347 0.6276275375781708 0 0.95964561239974433 0.22527027991937451 0 0.95689954658273657 0.27521466662033728 0 0.914145818033962 0.25128824713029141 0 0.45107811670233677 0.82029010820527981 0 0.48502593405217709 0.78590889853764323 0 0.49624132478598998 0.83299450029751487 0 0.8459722039838562 0.72194057435968506 0 0.85736300927939646 0.76969307522730945 0 0.81063664368583455 0.7556786250676879 0 0.80006821241160297 0.53440514447721599 0 0.83417138920290468 0.49935506278966202 0 0.84367338466678743 0.54737151998453304 0 0.15903316155193251 0.87592122887974944 0 0.20683218871455439 0.88845749477989999 0 0.16904504879648469 0.92144669420012559 0 0.6470679622688148 0.79569466377309839 0 0.69369820020450235 0.80925436245211924 0 0.6587173009471784 0.8426064063201526 0 0.33108658951373471 0.22752039782590491 0 0.2844201450795385 0.21471784711976349 0 0.31881596505099857 0.1806022236252886 0 0.62135254930833539 0.41183221236546752 0 0.58816778798847702 0.37864745094882041 0 0.63317152700801582 0.36470905770339551 0 0.41183221239241502 0.37864745067208611 0 0.37864745099008412 0.4118322119547283 0 0.36470988198035698 0.36684004543984189 0 0.37864745070398431 0.58816778765148903 0 0.4118322119679112 0.62135254901949388 0 0.36650098499977241 0.63349901458153279 0 0.58816778769119094 0.62135254926717065 0 0.62135254905149107 0.58816778798804847 0 0.63870019447380344 0.62757797182747166 0 0.1295934160234555 0.47655361622238979 0 0.18488173396532959 0.4893689995204325 0 0.1498004539760914 0.52431375509026656 0 0.781288108565516 0.12725693326621829 0 0.79638090455430577 0.1818047831815022 0 0.74930607584838227 0.1691845749765449 0 0.78742698540995471 0.66125569026062014 0 0.83388619085208182 0.67474124461845175 0 0.79902786143333038 0.70836608403309909 0 0.27586158209009137 0.81823123128621722 0 0.32256467478101009 0.82987344535239382 0 0.28848698890447688 0.8655815931859091 0 0.046462992154567742 0.1238465640393773 0 0.039926062821361949 0.072354143845604971 0 0.077380076123279753 0.081182952542592834 0 0.83135074708648937 0.14727879406695771 0 0.781288108565516 0.12725693326621829 0 0.82139569446423799 0.098505836339831232 0 0.2032932043406433 0.2360695538196145 0 0.1562135798751694 0.22330849058415511 0 0.1908854579234916 0.18880988001155199 0 0.58566394056543802 0.2098087108728203 0 0.57447111750545876 0.16388025523968561 0 0.62111509824638977 0.17681761550029351 0 0.1315008951001343 0.1280517926605359 0 0.14351347079908941 0.1759058857568731 0 0.090499517102997543 0.1610819462962175 0 0.5 0.65000000000000002 0 0.5463525490313631 0.64265847748484872 0 0.52918375858331101 0.68428362906404994 0 0.65000000000000002 0.5 0 0.64265847748500704 0.45364745096912412 0 0.68604905144552053 0.47156028487647722 0 0.5 0.34999999999999998 0 0.45364745098269782 0.35734152251058271 0 0.47454023424457747 0.31084499390883802 0 0.34999999999999998 0.5 0 0.35734152250828449 0.54635254901022923 0 0.31576613202503789 0.52834815541418179 0 0.40400196463545568 0.80779405347688682 0 0.45107811670233677 0.82029010820527981 0 0.41456652458338428 0.85177860555425955 0 0.1498004539760914 0.52431375509026656 0 0.16418627115288961 0.57126003086402255 0 0.11730375641754059 0.55965132004506968 0 0.85736300927939646 0.76969307522730945 0 0.89090334707434615 0.73578105705175578 0 0.90324651396166034 0.78182913440948876 0 0.2161463982504187 0.75902301619278723 0 0.26428576092257272 0.7706480622485874 0 0.22859704820774959 0.8059026383813449 0 0.86905826382711893 0.81741461395684978 0 0.90324651396166034 0.78182913440948876 0 0.91823413878607574 0.8316336155135422 0 0.20414334562883829 0.71181395789046409 0 0.25122976573731842 0.723697220139219 0 0.2161463982504187 0.75902301619278723 0 0.32088034466556331 0.35421247799751099 0 0.27496691826781949 0.34167494523959069 0 0.308813255607987 0.30795898324078141 0 0.2161463982504187 0.75902301619278723 0 0.22859704820774959 0.8059026383813449 0 0.1812962633161006 0.79380832389456712 0 0.54635254922475573 0.35734152257798829 0 0.5 0.34999999999999998 0 0.52110691462239711 0.31861945236618822 0 0.4118322119679112 0.62135254901949388 0 0.45364745078062202 0.64265847742375892 0 0.41249613505695182 0.66923494817944618 0 0.2377208955941435 0.20202212844970219 0 0.1908854579234916 0.18880988001155199 0 0.22543957329241071 0.1550991836928455 0 0.62135254905149107 0.58816778798804847 0 0.64265847742471593 0.54635254921643284 0 0.67228187977851617 0.58387115639584652 0 0.72697660274813125 0.25013020121300722 0 0.71485974850635436 0.20302173631701789 0 0.76158241945162342 0.21609838150487781 0 0.1223486977679816 0.25869419840486191 0 0.13447191220747651 0.30507586359841071 0 0.086697256245001186 0.29232435988395161 0 0.64265847742471593 0.54635254921643284 0 0.65000000000000002 0.5 0 0.68367699194708442 0.52759220806038765 0 0.1687258507709474 0.095490813383686562 0 0.1315008951001343 0.1280517926605359 0 0.1200099315339016 0.077653443122240873 0 0.17831661838250501 0.14120588524839731 0 0.1315008951001343 0.1280517926605359 0 0.1687258507709474 0.095490813383686562 0 0.27209961697692719 0.16769178946820121 0 0.2377208955941435 0.20202212844970219 0 0.22543957329241071 0.1550991836928455 0 0.1908854579234916 0.18880988001155199 0 0.14351347079908941 0.1759058857568731 0 0.17831661838250501 0.14120588524839731 0 0.77368243834988404 0.26338452677407342 0 0.76158241945162342 0.21609838150487781 0 0.80860651863157174 0.22919479276744681 0 0.1481500207506371 0.83036676638067253 0 0.15903316155193251 0.87592122887974944 0 0.1161422387149683 0.86547059657908199 0 0.84339696167179956 0.37104459320349098 0 0.83249236507827296 0.32391400365673018 0 0.87667931237060925 0.33600880471748801 0 0.81066929581266534 0.58062244154194254 0 0.84367338466678743 0.54737151998453304 0 0.85745557322751398 0.59382087560199759 0 0.1481500207506371 0.83036676638067253 0 0.1938261651588826 0.84091855678399297 0 0.15903316155193251 0.87592122887974944 0 0.77530719228240685 0.78958355124470847 0 0.78663319108556085 0.83744400322556323 0 0.74011092496818875 0.82319986864412131 0 0.20683218871455439 0.88845749477989999 0 0.1938261651588826 0.84091855678399297 0 0.2405582946985993 0.85489218398726852 0 0.72880356381820699 0.77560521466259491 0 0.76393843310071285 0.74197760515878497 0 0.77530719228240685 0.78958355124470847 0 0.36574169503779902 0.1934314895932287 0 0.31881596505099857 0.1806022236252886 0 0.35333958142636562 0.14635843173201121 0 0.8437044172193231 0.19491917217346441 0 0.83135074708648937 0.14727879406695771 0 0.88027718961491597 0.16890685394504701 0 0.79902786143333038 0.70836608403309909 0 0.83388619085208182 0.67474124461845175 0 0.8459722039838562 0.72194057435968506 0 0.8437044172193231 0.19491917217346441 0 0.79638090455430577 0.1818047831815022 0 0.83135074708648937 0.14727879406695771 0 0.80860651863157174 0.22919479276744681 0 0.76158241945162342 0.21609838150487781 0 0.79638090455430577 0.1818047831815022 0 0.61178777491340275 0.29319077260630311 0 0.56238206809764923 0.29626424335307311 0 0.59599109452070609 0.25416509842380841 0 0.78742698540995471 0.66125569026062014 0 0.82222332964830347 0.6276275375781708 0 0.83388619085208182 0.67474124461845175 0 0.1812962633161006 0.79380832389456712 0 0.1938261651588826 0.84091855678399297 0 0.1481500207506371 0.83036676638067253 0 0.1812962633161006 0.79380832389456712 0 0.22859704820774959 0.8059026383813449 0 0.1938261651588826 0.84091855678399297 0 0.1562135798751694 0.22330849058415511 0 0.1688483468874416 0.2704851293808202 0 0.1223486977679816 0.25869419840486191 0 0.71485974850635436 0.20302173631701789 0 0.6679657043633036 0.19000774533597739 0 0.7018173421871472 0.15912511383809999 0 0.17740148787797921 0.61819480490631962 0 0.19094817228430611 0.66476077372461984 0 0.14287628545576181 0.65276572538170352 0 0.36470988198035698 0.36684004543984189 0 0.32088034466556331 0.35421247799751099 0 0.35448760274322261 0.32067657220971041 0 0.83417138920290468 0.49935506278966202 0 0.86866244560929884 0.46555808453349418 0 0.88184482393306052 0.51496423190039953 0 0.308813255607987 0.30795898324078141 0 0.2625532574273699 0.29535512737037573 0 0.29679510437185269 0.2614526680727729 0 0.67077258370200354 0.88902991999225311 0 0.70516154553489196 0.85665462594482489 0 0.71723288590496792 0.90431602374920672 0 0.2032932043406433 0.2360695538196145 0 0.1688483468874416 0.2704851293808202 0 0.1562135798751694 0.22330849058415511 0 0.29679510437185269 0.2614526680727729 0 0.25012614838952452 0.2487875290004842 0 0.2844201450795385 0.21471784711976349 0 0.49372894318698451 0.1853018249770636 0 0.44691493017038658 0.17292842948016621 0 0.48249303566887242 0.13213388349025171 0 0.17831661838250501 0.14120588524839731 0 0.14351347079908941 0.1759058857568731 0 0.1315008951001343 0.1280517926605359 0 0.2032932043406433 0.2360695538196145 0 0.2158827433059799 0.28291812180966353 0 0.1688483468874416 0.2704851293808202 0 0.80860651863157174 0.22919479276744681 0 0.79638090455430577 0.1818047831815022 0 0.8437044172193231 0.19491917217346441 0 0.8459722039838562 0.72194057435968506 0 0.83388619085208182 0.67474124461845175 0 0.88043209328530214 0.68744495006864015 0 0.91514717792368905 0.30253716940241521 0 0.87667931237060925 0.33600880471748801 0 0.86914026372019537 0.28879235390796121 0 0.37864745070398431 0.58816778765148903 0 0.36650098499977241 0.63349901458153279 0 0.33724946221203828 0.60862080124685558 0 0.8459722039838562 0.72194057435968506 0 0.88043209328530214 0.68744495006864015 0 0.89090334707434615 0.73578105705175578 0 0.36470988198035698 0.36684004543984189 0 0.37864745099008412 0.4118322119547283 0 0.33477710856986692 0.40125536742221463 0 0.4001137819986687 0.159862903385251 0 0.35333958142636562 0.14635843173201121 0 0.38584632601418228 0.1131800506791984 0 0.6587173009471784 0.8426064063201526 0 0.69369820020450235 0.80925436245211924 0 0.70516154553489196 0.85665462594482489 0 0.17831661838250501 0.14120588524839731 0 0.21371242976322291 0.11025941475718409 0 0.22543957329241071 0.1550991836928455 0 0.89090334707434615 0.73578105705175578 0 0.88043209328530214 0.68744495006864015 0 0.92218078330803088 0.70406624354773717 0 0.1908854579234916 0.18880988001155199 0 0.1562135798751694 0.22330849058415511 0 0.14351347079908941 0.1759058857568731 0 0.58566394056543802 0.2098087108728203 0 0.54016027696726976 0.1979478583885344 0 0.57447111750545876 0.16388025523968561 0 0.3681616852440931 0.84083004841831832 0 0.40400196463545568 0.80779405347688682 0 0.41456652458338428 0.85177860555425955 0 0.38584632601418228 0.1131800506791984 0 0.35333958142636562 0.14635843173201121 0 0.34072008036207702 0.099098754250516286 0 0.31881596505099857 0.1806022236252886 0 0.2844201450795385 0.21471784711976349 0 0.27209961697692719 0.16769178946820121 0 0.24121819135329231 0.37549898587490399 0 0.25325117912208478 0.42131329289111269 0 0.20715947445539931 0.40932976035952551 0 0.6587173009471784 0.8426064063201526 0 0.70516154553489196 0.85665462594482489 0 0.67077258370200354 0.88902991999225311 0 0.8437044172193231 0.19491917217346441 0 0.88635534601829558 0.21061780232281321 0 0.85586139568210273 0.24241578171305911 0 0.25012614838952452 0.2487875290004842 0 0.2625532574273699 0.29535512737037573 0 0.2158827433059799 0.28291812180966353 0 0.27586158209009137 0.81823123128621722 0 0.28848698890447688 0.8655815931859091 0 0.2405582946985993 0.85489218398726852 0 0.34999999999999998 0.5 0 0.31576613202503789 0.52834815541418179 0 0.30936757174870949 0.4823540594895247 0 0.37675468828568498 0.069132711627988425 0 0.34072008036207702 0.099098754250516286 0 0.33020383807770792 0.046654937372080638 0 0.22859704820774959 0.8059026383813449 0 0.27586158209009137 0.81823123128621722 0 0.2405582946985993 0.85489218398726852 0 0.86866244560929884 0.46555808453349418 0 0.90011516599611796 0.42721526287528039 0 0.9143241462135312 0.47056519256566559 0 0.20715947445539931 0.40932976035952551 0 0.2189427238830364 0.45502863173210578 0 0.17312930619985761 0.44343305340039502 0 0.5 0.65000000000000002 0 0.52918375858331101 0.68428362906404994 0 0.48490105552598978 0.68779036798958981 0 0.68604905144552053 0.47156028487647722 0 0.64265847748500704 0.45364745096912412 0 0.67555362698366894 0.42684150091669459 0 0.63317152700801582 0.36470905770339551 0 0.58816778798847702 0.37864745094882041 0 0.59952343892079241 0.3349683879484272 0 0.64947331774475359 0.27349824373396953 0 0.69850973727558974 0.28331582783127618 0 0.67889035133130005 0.3150107979018632 0 0.52918375858331101 0.68428362906404994 0 0.5463525490313631 0.64265847748484872 0 0.57685186786456055 0.68015001521488094 0 0.61063151535650173 0.1284580669285102 0 0.56288191494810635 0.1177334652194388 0 0.59779804093187627 0.083380612143778121 0 0.47454023424457747 0.31084499390883802 0 0.45364745098269782 0.35734152251058271 0 0.42668514034547439 0.32616646409264177 0 0.45107811670233677 0.82029010820527981 0 0.46415692004836528 0.87018306883313112 0 0.41456652458338428 0.85177860555425955 0 0.17312930619985761 0.44343305340039502 0 0.18488173396532959 0.4893689995204325 0 0.1295934160234555 0.47655361622238979 0 0.46415692004836528 0.87018306883313112 0 0.49624132478598998 0.83299450029751487 0 0.51129147390510576 0.87929668389199678 0 0.82222332964830347 0.6276275375781708 0 0.81066929581266534 0.58062244154194254 0 0.85745557322751398 0.59382087560199759 0 0.29679510437185269 0.2614526680727729 0 0.2625532574273699 0.29535512737037573 0 0.25012614838952452 0.2487875290004842 0 0.63317152700801582 0.36470905770339551 0 0.64271250948253922 0.32120932146972808 0 0.67937323217120238 0.35450114370967301 0 0.61063151535650173 0.1284580669285102 0 0.57447111750545876 0.16388025523968561 0 0.56288191494810635 0.1177334652194388 0 0.25012614838952452 0.2487875290004842 0 0.2158827433059799 0.28291812180966353 0 0.2032932043406433 0.2360695538196145 0 0.1295934160234555 0.47655361622238979 0 0.1498004539760914 0.52431375509026656 0 0.099135177913415973 0.52012888817318326 0 0.86866244560929884 0.46555808453349418 0 0.85476900704125003 0.41847365778417001 0 0.90011516599611796 0.42721526287528039 0 0.09329329492433043 0.1139934779461087 0 0.046462992154567742 0.1238465640393773 0 0.077380076123279753 0.081182952542592834 0 0.308813255607987 0.30795898324078141 0 0.27496691826781949 0.34167494523959069 0 0.2625532574273699 0.29535512737037573 0 0.62111509824638977 0.17681761550029351 0 0.57447111750545876 0.16388025523968561 0 0.61063151535650173 0.1284580669285102 0 0.38584632601418228 0.1131800506791984 0 0.34072008036207702 0.099098754250516286 0 0.37675468828568498 0.069132711627988425 0 0.84367338466678743 0.54737151998453304 0 0.83417138920290468 0.49935506278966202 0 0.88184482393306052 0.51496423190039953 0 0.20715947445539931 0.40932976035952551 0 0.17312930619985761 0.44343305340039502 0 0.16236088147219871 0.3966663692298969 0 0.32088034466556331 0.35421247799751099 0 0.33477710856986692 0.40125536742221463 0 0.28752430618081892 0.38793161926470882 0 0.32088034466556331 0.35421247799751099 0 0.308813255607987 0.30795898324078141 0 0.35448760274322261 0.32067657220971041 0 0.32088034466556331 0.35421247799751099 0 0.28752430618081892 0.38793161926470882 0 0.27496691826781949 0.34167494523959069 0 0.044817949168197632 0.32295671268078391 0 0 0.30000000000124832 0 0.041945110588267227 0.27336592719494252 0 0.27496691826781949 0.34167494523959069 0 0.28752430618081892 0.38793161926470882 0 0.24121819135329231 0.37549898587490399 0 0.45107811670233677 0.82029010820527981 0 0.49624132478598998 0.83299450029751487 0 0.46415692004836528 0.87018306883313112 0 0.1938261651588826 0.84091855678399297 0 0.22859704820774959 0.8059026383813449 0 0.2405582946985993 0.85489218398726852 0 0.64271250948253922 0.32120932146972808 0 0.59952343892079241 0.3349683879484272 0 0.61178777491340275 0.29319077260630311 0 0.36470988198035698 0.36684004543984189 0 0.33477710856986692 0.40125536742221463 0 0.32088034466556331 0.35421247799751099 0 0.099135177913415973 0.52012888817318326 0 0.1498004539760914 0.52431375509026656 0 0.11730375641754059 0.55965132004506968 0 0.48249303566887242 0.13213388349025171 0 0.50022331039198309 0.08482622204910871 0 0.52473890353712549 0.1138066857361629 0 0.72145771991900087 0.44262707722827099 0 0.67555362698366894 0.42684150091669459 0 0.71641571149007788 0.38432272985112448 0 0.85736300927939646 0.76969307522730945 0 0.86905826382711893 0.81741461395684978 0 0.82204322357744997 0.80362822556551139 0 0 0.25000000000104028 0 0.041278391492516713 0.22499115991508919 0 0.041945110588267227 0.27336592719494252 0 0.79902786143333038 0.70836608403309909 0 0.8459722039838562 0.72194057435968506 0 0.81063664368583455 0.7556786250676879 0 0.090499517102997543 0.1610819462962175 0 0.14351347079908941 0.1759058857568731 0 0.1106134038801895 0.2114835736645129 0 0.86866244560929884 0.46555808453349418 0 0.9143241462135312 0.47056519256566559 0 0.88184482393306052 0.51496423190039953 0 0.33724946221203828 0.60862080124685558 0 0.36650098499977241 0.63349901458153279 0 0.32284559676280822 0.65058020017585083 0 0.72145771991900087 0.44262707722827099 0 0.71641571149007788 0.38432272985112448 0 0.76141480252372085 0.41569539738195288 0 0.6679657043633036 0.19000774533597739 0 0.62111509824638977 0.17681761550029351 0 0.65595996795162048 0.1431711648397975 0 0.76393843310071285 0.74197760515878497 0 0.79902786143333038 0.70836608403309909 0 0.81063664368583455 0.7556786250676879 0 0.2032932043406433 0.2360695538196145 0 0.1908854579234916 0.18880988001155199 0 0.2377208955941435 0.20202212844970219 0 0.63870019447380344 0.62757797182747166 0 0.68828919945127753 0.63507098816724472 0 0.65623031960550648 0.67118302373025429 0 0.63317152700801582 0.36470905770339551 0 0.59952343892079241 0.3349683879484272 0 0.64271250948253922 0.32120932146972808 0 0.30936757174870949 0.4823540594895247 0 0.31576613202503789 0.52834815541418179 0 0.27480339701924422 0.51505499509332231 0 0.1562135798751694 0.22330849058415511 0 0.1223486977679816 0.25869419840486191 0 0.1106134038801895 0.2114835736645129 0 0.68604905144552053 0.47156028487647722 0 0.67555362698366894 0.42684150091669459 0 0.72145771991900087 0.44262707722827099 0 0.48502593405217709 0.78590889853764323 0 0.43821850675871532 0.77365075625746837 0 0.471842169466482 0.7339583471671004 0 0.77530719228240685 0.78958355124470847 0 0.76393843310071285 0.74197760515878497 0 0.81063664368583455 0.7556786250676879 0 0.14351347079908941 0.1759058857568731 0 0.1562135798751694 0.22330849058415511 0 0.1106134038801895 0.2114835736645129 0 0.62111509824638977 0.17681761550029351 0 0.61063151535650173 0.1284580669285102 0 0.65595996795162048 0.1431711648397975 0 0.52918375858331101 0.68428362906404994 0 0.57685186786456055 0.68015001521488094 0 0.54823975024879701 0.72320703166517397 0 0.54016027696726976 0.1979478583885344 0 0.49372894318698451 0.1853018249770636 0 0.52818793375758344 0.1514145846346599 0 0.27209961697692719 0.16769178946820121 0 0.2844201450795385 0.21471784711976349 0 0.2377208955941435 0.20202212844970219 0 0.2844201450795385 0.21471784711976349 0 0.25012614838952452 0.2487875290004842 0 0.2377208955941435 0.20202212844970219 0 0.7018173421871472 0.15912511383809999 0 0.6679657043633036 0.19000774533597739 0 0.65595996795162048 0.1431711648397975 0 0.25012614838952452 0.2487875290004842 0 0.2032932043406433 0.2360695538196145 0 0.2377208955941435 0.20202212844970219 0 0.76158241945162342 0.21609838150487781 0 0.71485974850635436 0.20302173631701789 0 0.74930607584838227 0.1691845749765449 0 0.79638090455430577 0.1818047831815022 0 0.76158241945162342 0.21609838150487781 0 0.74930607584838227 0.1691845749765449 0 0.71485974850635436 0.20302173631701789 0 0.7018173421871472 0.15912511383809999 0 0.74930607584838227 0.1691845749765449 0 0.88027718961491597 0.16890685394504701 0 0.83135074708648937 0.14727879406695771 0 0.87101575915054075 0.1152914960286778 0 0.62500064197699601 0.042717205165360379 0 0.65043995921956044 0.092703552080504709 0 0.59779804093187627 0.083380612143778121 0 0.084358795237786804 0.59408416098681427 0 0.11730375641754059 0.55965132004506968 0 0.13260578469676379 0.60532077463569189 0 0.70388689716415764 0.085777455944805403 0 0.73086698082406532 0.12567501296637351 0 0.6873971128182198 0.1216257713005645 0 0.49372894318698451 0.1853018249770636 0 0.48249303566887242 0.13213388349025171 0 0.52818793375758344 0.1514145846346599 0 0.31881596505099857 0.1806022236252886 0 0.27209961697692719 0.16769178946820121 0 0.3065032166489845 0.13372356207151201 0 0.51129147390510576 0.87929668389199678 0 0.54747816624180645 0.91667945069908963 0 0.49512499483819977 0.91684168198255889 0 0.35333958142636562 0.14635843173201121 0 0.31881596505099857 0.1806022236252886 0 0.3065032166489845 0.13372356207151201 0 0.34072008036207702 0.099098754250516286 0 0.35333958142636562 0.14635843173201121 0 0.3065032166489845 0.13372356207151201 0 0.76141480252372085 0.41569539738195288 0 0.71641571149007788 0.38432272985112448 0 0.76714445234970097 0.37785816942828421 0 0.57447111750545876 0.16388025523968561 0 0.54016027696726976 0.1979478583885344 0 0.52818793375758344 0.1514145846346599 0 0.2625532574273699 0.29535512737037573 0 0.27496691826781949 0.34167494523959069 0 0.22869853433708259 0.32926601157252972 0 0.27496691826781949 0.34167494523959069 0 0.24121819135329231 0.37549898587490399 0 0.22869853433708259 0.32926601157252972 0 0.70516154553489196 0.85665462594482489 0 0.69369820020450235 0.80925436245211924 0 0.74011092496818875 0.82319986864412131 0 0.72880356381820699 0.77560521466259491 0 0.77530719228240685 0.78958355124470847 0 0.74011092496818875 0.82319986864412131 0 0.56288191494810635 0.1177334652194388 0 0.57447111750545876 0.16388025523968561 0 0.52818793375758344 0.1514145846346599 0 0.2158827433059799 0.28291812180966353 0 0.2625532574273699 0.29535512737037573 0 0.22869853433708259 0.32926601157252972 0 0.1908854579234916 0.18880988001155199 0 0.17831661838250501 0.14120588524839731 0 0.22543957329241071 0.1550991836928455 0 0.078497705665231093 0.044342115043052181 0 0.1200099315339016 0.077653443122240873 0 0.077380076123279753 0.081182952542592834 0 0.095193429167380869 0.34706075402205372 0 0.13447191220747651 0.30507586359841071 0 0.14759089761968719 0.3509122631260736 0 0.2108699794659287 0.58414698475168703 0 0.19722044663029201 0.53655267188017308 0 0.2423074995471827 0.54911097790611185 0 0.69369820020450235 0.80925436245211924 0 0.72880356381820699 0.77560521466259491 0 0.74011092496818875 0.82319986864412131 0 0.83135074708648937 0.14727879406695771 0 0.82139569446423799 0.098505836339831232 0 0.87101575915054075 0.1152914960286778 0 0.70387702584996836 0.6818720668349656 0 0.67046397607576003 0.71563419910606552 0 0.65623031960550648 0.67118302373025429 0 0.1947831112321787 0.36316009751801342 0 0.16236088147219871 0.3966663692298969 0 0.14759089761968719 0.3509122631260736 0 0.95689954658273657 0.27521466662033728 0 0.91514717792368905 0.30253716940241521 0 0.914145818033962 0.25128824713029141 0 0.18167068815541229 0.3172871949451509 0 0.22869853433708259 0.32926601157252972 0 0.1947831112321787 0.36316009751801342 0 0.91560204435319836 0.65433464099873195 0 0.88043209328530214 0.68744495006864015 0 0.86737199778504614 0.6412725358480037 0 0.84999999999965292 1 0 0.8246204827096576 0.95818836661386264 0 0.87348587564327129 0.95717441133561487 0 0.20715947445539931 0.40932976035952551 0 0.16236088147219871 0.3966663692298969 0 0.1947831112321787 0.36316009751801342 0 0.82051551323253635 0.27659011682778328 0 0.85586139568210273 0.24241578171305911 0 0.86914026372019537 0.28879235390796121 0 0.87667931237060925 0.33600880471748801 0 0.83249236507827296 0.32391400365673018 0 0.86914026372019537 0.28879235390796121 0 0.4195989183438848 0.043126601695698451 0 0.37675468828568498 0.069132711627988425 0 0.37515892292865338 0.02963056172629553 0 0.92323088348980031 0.95980805865613994 0 0.89999999999958358 1 0 0.87348587564327129 0.95717441133561487 0 0.27209961697692719 0.16769178946820121 0 0.22543957329241071 0.1550991836928455 0 0.26035521598548989 0.12213849306585089 0 0.82139569446423799 0.098505836339831232 0 0.781288108565516 0.12725693326621829 0 0.78836649178003415 0.079761454737770535 0 0.59758325871734785 0.91553410728099183 0 0.57044601068512168 0.86987314095495238 0 0.62469373338335865 0.87652917741682901 0 0.3065032166489845 0.13372356207151201 0 0.27209961697692719 0.16769178946820121 0 0.26035521598548989 0.12213849306585089 0 0.78663319108556085 0.83744400322556323 0 0.79760581102748462 0.88617889053938992 0 0.75132465244709956 0.87087186864640975 0 0.70516154553489196 0.85665462594482489 0 0.74011092496818875 0.82319986864412131 0 0.75132465244709956 0.87087186864640975 0 0.22543957329241071 0.1550991836928455 0 0.21371242976322291 0.11025941475718409 0 0.26035521598548989 0.12213849306585089 0 0.22869853433708259 0.32926601157252972 0 0.24121819135329231 0.37549898587490399 0 0.1947831112321787 0.36316009751801342 0 0.71641571149007788 0.38432272985112448 0 0.67555362698366894 0.42684150091669459 0 0.66517332939226004 0.38844132890927102 0 0.33020383807770792 0.046654937372080638 0 0.34072008036207702 0.099098754250516286 0 0.29436532469989618 0.087509409999987256 0 0.24121819135329231 0.37549898587490399 0 0.20715947445539931 0.40932976035952551 0 0.1947831112321787 0.36316009751801342 0 0.18167068815541229 0.3172871949451509 0 0.1947831112321787 0.36316009751801342 0 0.14759089761968719 0.3509122631260736 0 0.9143241462135312 0.47056519256566559 0 0.9580541599203376 0.48181378126810881 0 0.9237696379272724 0.5117909495458477 0 0.25325117912208478 0.42131329289111269 0 0.30105435468064079 0.43538700586074641 0 0.26429748197621128 0.46791468270143599 0 0.82139569446423799 0.098505836339831232 0 0.82216895576638893 0.047827917734555719 0 0.853016395635531 0.075593267172701595 0 0.39205752157714058 0.76121507238098352 0 0.35803394673857158 0.79557160693288465 0 0.34657064131600679 0.74821336164430585 0 0.10000000000041601 1 0 0.050000000000207989 1 0 0.079082782798763573 0.95477239955126714 0 1 0.89999999999973679 0 1 0.94999999999986839 0 0.95179169119040075 0.92010412261493535 0 0 0.10000000000041601 0 0 0.050000000000207989 0 0.039926062821361949 0.072354143845604971 0 0.89999999999973679 0 0 0.94999999999986839 0 0 0.92128973660660529 0.046450182502675907 0 0.74011092496818875 0.82319986864412131 0 0.78663319108556085 0.83744400322556323 0 0.75132465244709956 0.87087186864640975 0 0.41249613505695182 0.66923494817944618 0 0.45364745078062202 0.64265847742375892 0 0.44549576247412542 0.69274794457143685 0 0.92487414761692099 0.38746282296849172 0 0.88574841371222357 0.38241489490992692 0 0.92062852947853768 0.34700876435878553 0 0.83249236507827296 0.32391400365673018 0 0.82051551323253635 0.27659011682778328 0 0.86914026372019537 0.28879235390796121 0 0.15903316155193251 0.87592122887974944 0 0.16904504879648469 0.92144669420012559 0 0.1225941061546777 0.91340007374259535 0 0.88043209328530214 0.68744495006864015 0 0.83388619085208182 0.67474124461845175 0 0.86737199778504614 0.6412725358480037 0 0.1812962633161006 0.79380832389456712 0 0.13032052621771259 0.78219668480394955 0 0.16994890750234659 0.74808226729095184 0 0.11730375641754059 0.55965132004506968 0 0.084358795237786804 0.59408416098681427 0 0.078148865113969124 0.55418568717746686 0 0.20414334562883829 0.71181395789046409 0 0.2161463982504187 0.75902301619278723 0 0.16994890750234659 0.74808226729095184 0 0.82222332964830347 0.6276275375781708 0 0.85745557322751398 0.59382087560199759 0 0.86737199778504614 0.6412725358480037 0 0 0.30000000000124832 0 0 0.25000000000104028 0 0.041945110588267227 0.27336592719494252 0 0.13447191220747651 0.30507586359841071 0 0.18167068815541229 0.3172871949451509 0 0.14759089761968719 0.3509122631260736 0 0.47482264833919668 0.95812481984236575 0 0.44809161090723337 0.9184635160862028 0 0.49512499483819977 0.91684168198255889 0 0.95312441851197016 0.4280417684424796 0 1 0.44999999999882923 0 0.9580541599203376 0.48181378126810881 0 1 0.49999999999869432 0 0.958984369262458 0.52750260598276144 0 0.9580541599203376 0.48181378126810881 0 0.11730375641754059 0.55965132004506968 0 0.16418627115288961 0.57126003086402255 0 0.13260578469676379 0.60532077463569189 0 0.17740148787797921 0.61819480490631962 0 0.14287628545576181 0.65276572538170352 0 0.13260578469676379 0.60532077463569189 0 0.30936757174870949 0.4823540594895247 0 0.27480339701924422 0.51505499509332231 0 0.26429748197621128 0.46791468270143599 0 0.6587173009471784 0.8426064063201526 0 0.67077258370200354 0.88902991999225311 0 0.62469373338335865 0.87652917741682901 0 0.17312930619985761 0.44343305340039502 0 0.1295934160234555 0.47655361622238979 0 0.12645441543072941 0.42459780729406471 0 0.20414334562883829 0.71181395789046409 0 0.16994890750234659 0.74808226729095184 0 0.1604486902667418 0.69825763163569143 0 0.43167747128525941 0.12639597047857831 0 0.38584632601418228 0.1131800506791984 0 0.41172058133126332 0.082396653063404574 0 0.71723288590496792 0.90431602374920672 0 0.70516154553489196 0.85665462594482489 0 0.75132465244709956 0.87087186864640975 0 0.95313496640149964 0.78172210120551022 0 1 0.79999999999947335 0 0.96608260887514119 0.82638992214330065 0 0.25604444491736661 0.59703227949720872 0 0.2108699794659287 0.58414698475168703 0 0.2423074995471827 0.54911097790611185 0 0.89999999999958358 1 0 0.84999999999965292 1 0 0.87348587564327129 0.95717441133561487 0 0.30167211282385148 0.91342906052452066 0 0.28848698890447688 0.8655815931859091 0 0.33320259325766682 0.87426651443103465 0 0.69850973727558974 0.28331582783127618 0 0.73950473375542025 0.29752653822589281 0 0.71236340107984786 0.3295169019878878 0 0.34072008036207702 0.099098754250516286 0 0.3065032166489845 0.13372356207151201 0 0.29436532469989618 0.087509409999987256 0 0.4001137819986687 0.159862903385251 0 0.38584632601418228 0.1131800506791984 0 0.43167747128525941 0.12639597047857831 0 1 0.84999999999960507 0 0.95904393918813025 0.86859389399837217 0 0.96608260887514119 0.82638992214330065 0 0.19722044663029201 0.53655267188017308 0 0.18488173396532959 0.4893689995204325 0 0.23040888050354941 0.50217182647226344 0 0.50516362734325326 0.2311435220952355 0 0.55158829735710835 0.24438139657768829 0 0.51371286675838745 0.27492022896106327 0 0.48249303566887242 0.13213388349025171 0 0.44691493017038658 0.17292842948016621 0 0.43167747128525941 0.12639597047857831 0 0.35141857864979442 0.91632396264433091 0 0.30167211282385148 0.91342906052452066 0 0.33320259325766682 0.87426651443103465 0 0.91560204435319836 0.65433464099873195 0 0.9573294635603885 0.62404107340216075 0 0.95925571407652455 0.67731513989524772 0 0.59779804093187627 0.083380612143778121 0 0.56288191494810635 0.1177334652194388 0 0.54833755324855737 0.07939687727850997 0 0.3065032166489845 0.13372356207151201 0 0.26035521598548989 0.12213849306585089 0 0.29436532469989618 0.087509409999987256 0 0.71723288590496792 0.90431602374920672 0 0.72380332109952672 0.95325727168637431 0 0.68592650189256854 0.92340416053048568 0 0.39412459449315229 0.29081407784202468 0 0.42547956711856899 0.25093749777835372 0 0.43836463353839039 0.28862085465270221 0 0.63338708357124918 0.22394301413887571 0 0.68105401381692787 0.2367246345384757 0 0.64947331774475359 0.27349824373396953 0 0.50022331039198309 0.08482622204910871 0 0.52500439185100245 0.041601305030130667 0 0.54833755324855737 0.07939687727850997 0 0.42668514034547439 0.32616646409264177 0 0.39412459449315229 0.29081407784202468 0 0.43836463353839039 0.28862085465270221 0 0.57501949604497837 0.040793846835497673 0 0.62500064197699601 0.042717205165360379 0 0.59779804093187627 0.083380612143778121 0 0.54747816624180645 0.91667945069908963 0 0.52490914958749124 0.9583025525425668 0 0.49512499483819977 0.91684168198255889 0 0.83388619085208182 0.67474124461845175 0 0.82222332964830347 0.6276275375781708 0 0.86737199778504614 0.6412725358480037 0 0.95312441851197016 0.4280417684424796 0 0.92487414761692099 0.38746282296849172 0 0.96425864534991756 0.37431808246015269 0 1 0.64999999999907843 0 1 0.69999999999921003 0 0.95925571407652455 0.67731513989524772 0 0.1315008951001343 0.1280517926605359 0 0.090499517102997543 0.1610819462962175 0 0.09329329492433043 0.1139934779461087 0 0.67046397607576003 0.71563419910606552 0 0.62419143301756608 0.70167484906838873 0 0.65623031960550648 0.67118302373025429 0 0.72380332109952672 0.95325727168637431 0 0.76120355616150315 0.91743779977535223 0 0.77644581214580399 0.96078718619433512 0 0.084358795237786804 0.59408416098681427 0 0.041695690289667853 0.57511597037253481 0 0.078148865113969124 0.55418568717746686 0 0.1161422387149683 0.86547059657908199 0 0.15903316155193251 0.87592122887974944 0 0.1225941061546777 0.91340007374259535 0 0.14999999999970359 0 0 0.17082455476986819 0.045531505552603213 0 0.1238664383937038 0.033505412743579259 0 0.26429748197621128 0.46791468270143599 0 0.27480339701924422 0.51505499509332231 0 0.23040888050354941 0.50217182647226344 0 0.078497705665231093 0.044342115043052181 0 0.099999999999814668 0 0 0.1238664383937038 0.033505412743579259 0 0.58816778769119094 0.62135254926717065 0 0.63870019447380344 0.62757797182747166 0 0.6168283205305255 0.66038768182163321 0 0.95964561239974433 0.22527027991937451 0 0.914145818033962 0.25128824713029141 0 0.92603671991779968 0.1991855166745444 0 0.62419143301756608 0.70167484906838873 0 0.57685186786456055 0.68015001521488094 0 0.6168283205305255 0.66038768182163321 0 0.13320778151830709 0.95944723287864619 0 0.10000000000041601 1 0 0.079082782798763573 0.95477239955126714 0 0.95904393918813025 0.86859389399837217 0 1 0.89999999999973679 0 0.95179169119040075 0.92010412261493535 0 0.046462992154567742 0.1238465640393773 0 0 0.10000000000041601 0 0.039926062821361949 0.072354143845604971 0 0.87256721763064804 0.039592335857390283 0 0.89999999999973679 0 0 0.92128973660660529 0.046450182502675907 0 0.91876238748899386 0.096953581977407333 0 0.95847083245351472 0.12503748630457351 0 0.92014482768696004 0.1484082597947631 0 1 0.69999999999921003 0 1 0.74999999999934175 0 0.96042199323752997 0.73144888142456899 0 0.32256467478101009 0.82987344535239382 0 0.3681616852440931 0.84083004841831832 0 0.33320259325766682 0.87426651443103465 0 0.35448760274322261 0.32067657220971041 0 0.39412459449315229 0.29081407784202468 0 0.38919855926755931 0.33606363419588281 0 0.8077240271188989 0.40392117147345141 0 0.76141480252372085 0.41569539738195288 0 0.76714445234970097 0.37785816942828421 0 0.2161463982504187 0.75902301619278723 0 0.1812962633161006 0.79380832389456712 0 0.16994890750234659 0.74808226729095184 0 0.62419143301756608 0.70167484906838873 0 0.63665510147631188 0.74970907512354268 0 0.59329989081147261 0.73801529915239183 0 0.67050590439878832 0.95866514850374962 0 0.62282970694394424 0.95784004819930335 0 0.64391761147589655 0.9195510983038373 0 0.12645441543072941 0.42459780729406471 0 0.08628144269722221 0.39999974570760682 0 0.1226851172606513 0.38263634438698069 0 0.16236088147219871 0.3966663692298969 0 0.17312930619985761 0.44343305340039502 0 0.12645441543072941 0.42459780729406471 0 0.75000000000034661 1 0 0.72380332109952672 0.95325727168637431 0 0.77644581214580399 0.96078718619433512 0 0.9594820642527262 0.32414170018469329 0 1 0.34999999999912063 0 0.96425864534991756 0.37431808246015269 0 0.2189427238830364 0.45502863173210578 0 0.25325117912208478 0.42131329289111269 0 0.26429748197621128 0.46791468270143599 0 0.96425864534991756 0.37431808246015269 0 0.92487414761692099 0.38746282296849172 0 0.92062852947853768 0.34700876435878553 0 0.16418627115288961 0.57126003086402255 0 0.17740148787797921 0.61819480490631962 0 0.13260578469676379 0.60532077463569189 0 0.61182686273854792 0.82934024363962044 0 0.6587173009471784 0.8426064063201526 0 0.62469373338335865 0.87652917741682901 0 0.78701141937333097 0.4863596872951117 0 0.80006821241160297 0.53440514447721599 0 0.76096025256858746 0.52796642590137544 0 1 0.3999999999989749 0 0.95312441851197016 0.4280417684424796 0 0.96425864534991756 0.37431808246015269 0 0.92487414761692099 0.38746282296849172 0 0.90011516599611796 0.42721526287528039 0 0.88574841371222357 0.38241489490992692 0 0.226446184634465 0.96008041577753644 0 0.1793968477965549 0.96234370287551196 0 0.20823450653860051 0.92462317548637118 0 0.8246204827096576 0.95818836661386264 0 0.79999999999999982 1 0 0.77644581214580399 0.96078718619433512 0 0.226446184634465 0.96008041577753644 0 0.20000000000083221 1 0 0.1793968477965549 0.96234370287551196 0 0.37890157410416908 0.7149524408337472 0 0.39205752157714058 0.76121507238098352 0 0.34657064131600679 0.74821336164430585 0 0.58566394056543802 0.2098087108728203 0 0.63338708357124918 0.22394301413887571 0 0.59599109452070609 0.25416509842380841 0 0.14287628545576181 0.65276572538170352 0 0.19094817228430611 0.66476077372461984 0 0.1604486902667418 0.69825763163569143 0 0.15000000000062411 1 0 0.13320778151830709 0.95944723287864619 0 0.1793968477965549 0.96234370287551196 0 0.914145818033962 0.25128824713029141 0 0.88635534601829558 0.21061780232281321 0 0.92603671991779968 0.1991855166745444 0 0.1106134038801895 0.2114835736645129 0 0.1223486977679816 0.25869419840486191 0 0.079185158514327877 0.243474468220131 0 0.16994890750234659 0.74808226729095184 0 0.12769248279288201 0.72672148533534586 0 0.1604486902667418 0.69825763163569143 0 0.781288108565516 0.12725693326621829 0 0.74930607584838227 0.1691845749765449 0 0.73086698082406532 0.12567501296637351 0 0.39412459449315229 0.29081407784202468 0 0.42668514034547439 0.32616646409264177 0 0.38919855926755931 0.33606363419588281 0 0.048250905711434373 0.52194809630973238 0 0.041873086397989527 0.47259057028333379 0 0.07931114857148161 0.48664108117523919 0 0.82407221792128116 0.45143645534149679 0 0.78701141937333097 0.4863596872951117 0 0.78927306009656339 0.44019515911906121 0 0.041253068969294072 0.82505446993099607 0 0.080889106072974254 0.80187427521317889 0 0.076715938302104131 0.84905817394603778 0 0.085395568307063185 0.70246357202764831 0 0.093940149608076021 0.64983258879466355 0 0.12310494445153269 0.68659664419727984 0 0.79844501191759076 0.35530604439194691 0 0.8077240271188989 0.40392117147345141 0 0.76714445234970097 0.37785816942828421 0 0.45013046781376442 0.086245515831997188 0 0.43167747128525941 0.12639597047857831 0 0.41172058133126332 0.082396653063404574 0 0.77287901323217156 0.041989546370536798 0 0.82216895576638893 0.047827917734555719 0 0.78836649178003415 0.079761454737770535 0 0.37675468828568498 0.069132711627988425 0 0.33020383807770792 0.046654937372080638 0 0.37515892292865338 0.02963056172629553 0 0.84339696167179956 0.37104459320349098 0 0.87667931237060925 0.33600880471748801 0 0.88574841371222357 0.38241489490992692 0 0.37890157410416908 0.7149524408337472 0 0.33473256778295157 0.69966066530847337 0 0.37079653456609218 0.67396836105764935 0 0.90011516599611796 0.42721526287528039 0 0.85476900704125003 0.41847365778417001 0 0.88574841371222357 0.38241489490992692 0 0.3999999999989749 0 0 0.4195989183438848 0.043126601695698451 0 0.37515892292865338 0.02963056172629553 0 0.080889106072974254 0.80187427521317889 0 0.13032052621771259 0.78219668480394955 0 0.1103329914269283 0.82705543859900488 0 0.65043995921956044 0.092703552080504709 0 0.70388689716415764 0.085777455944805403 0 0.6873971128182198 0.1216257713005645 0 0.2189427238830364 0.45502863173210578 0 0.26429748197621128 0.46791468270143599 0 0.23040888050354941 0.50217182647226344 0 1 1 0 0.94999999999979179 1 0 0.96339745962140277 0.9633974596214232 0 1 0.94999999999986839 0 1 1 0 0.96339745962140277 0.9633974596214232 0 0.050000000000207989 1 0 0 1 0 0.03660254037858459 0.96339745962141543 0 0 1 0 0 0.94999999999979179 0 0.03660254037858459 0.96339745962141543 0 0 0.050000000000207989 0 0 0 0 0.036602540378321891 0.036602540378404519 0 0.94999999999986839 0 0 1 0 0 0.96339745962160295 0.036602540378334887 0 0 0 0 0.049999999999899652 0 0 0.036602540378321891 0.036602540378404519 0 1 0 0 1 0.049999999999899652 0 0.96339745962160295 0.036602540378334887 0 0.44691493017038658 0.17292842948016621 0 0.4001137819986687 0.159862903385251 0 0.43167747128525941 0.12639597047857831 0 0.76597697594051217 0.56892051838111724 0 0.72598370095931708 0.60130952856352926 0 0.72219777468854007 0.55274578832773036 0 0.87937337662726822 0.86627320223067628 0 0.91823413878607574 0.8316336155135422 0 0.91953900968354996 0.88153445228216598 0 0.88184482393306052 0.51496423190039953 0 0.9146532297943637 0.54979451485530073 0 0.87892422412296911 0.56338380428852253 0 0.49624132478598998 0.83299450029751487 0 0.52658050753761221 0.80158066360080016 0 0.53431166281711107 0.84131213868127375 0 0.54823975024879701 0.72320703166517397 0 0.51678723713650809 0.75544698268289645 0 0.51052784273365992 0.71661544304345504 0 0.41183221239241502 0.37864745067208611 0 0.36470988198035698 0.36684004543984189 0 0.38919855926755931 0.33606363419588281 0 0.62135254930833539 0.41183221236546752 0 0.63317152700801582 0.36470905770339551 0 0.66517332939226004 0.38844132890927102 0 0.72380332109952672 0.95325727168637431 0 0.67050590439878832 0.95866514850374962 0 0.68592650189256854 0.92340416053048568 0 0.3681616852440931 0.84083004841831832 0 0.41456652458338428 0.85177860555425955 0 0.38008277838748239 0.8815801154353875 0 0.9146532297943637 0.54979451485530073 0 0.90646186263273854 0.59961706802362691 0 0.87892422412296911 0.56338380428852253 0 0.13032052621771259 0.78219668480394955 0 0.1481500207506371 0.83036676638067253 0 0.1103329914269283 0.82705543859900488 0 1 0.44999999999882923 0 1 0.49999999999869432 0 0.9580541599203376 0.48181378126810881 0 0.57501949604497837 0.040793846835497673 0 0.59779804093187627 0.083380612143778121 0 0.54833755324855737 0.07939687727850997 0 0.84367338466678743 0.54737151998453304 0 0.88184482393306052 0.51496423190039953 0 0.87892422412296911 0.56338380428852253 0 0.043292679013788873 0.1749851196480692 0 0.090499517102997543 0.1610819462962175 0 0.072228091112011145 0.1999875902574284 0 0.32284559676280822 0.65058020017585083 0 0.26971691023508132 0.64273159393780088 0 0.29806451797012701 0.60606944101743643 0 0.1106134038801895 0.2114835736645129 0 0.079185158514327877 0.243474468220131 0 0.072228091112011145 0.1999875902574284 0 0.1200099315339016 0.077653443122240873 0 0.1315008951001343 0.1280517926605359 0 0.09329329492433043 0.1139934779461087 0 0.095193429167380869 0.34706075402205372 0 0.14759089761968719 0.3509122631260736 0 0.1226851172606513 0.38263634438698069 0 0.52918375858331101 0.68428362906404994 0 0.54823975024879701 0.72320703166517397 0 0.51052784273365992 0.71661544304345504 0 1 0.79999999999947335 0 1 0.84999999999960507 0 0.96608260887514119 0.82638992214330065 0 0.61178777491340275 0.29319077260630311 0 0.59952343892079241 0.3349683879484272 0 0.56238206809764923 0.29626424335307311 0 0.8246204827096576 0.95818836661386264 0 0.77644581214580399 0.96078718619433512 0 0.80251746205330432 0.92485161004608274 0 0.37675468828568498 0.069132711627988425 0 0.4195989183438848 0.043126601695698451 0 0.41172058133126332 0.082396653063404574 0 0.1161422387149683 0.86547059657908199 0 0.1225941061546777 0.91340007374259535 0 0.078796133656434481 0.89721863941538449 0 0.38008277838748239 0.8815801154353875 0 0.41456652458338428 0.85177860555425955 0 0.42474130150357958 0.88911288490696561 0 0.79760581102748462 0.88617889053938992 0 0.84360738243626232 0.90862147881433675 0 0.80251746205330432 0.92485161004608274 0 0.18488173396532959 0.4893689995204325 0 0.2189427238830364 0.45502863173210578 0 0.23040888050354941 0.50217182647226344 0 0.041450047375335961 0.92470385240153519 0 0.039556463471678689 0.8749605126401907 0 0.078796133656434481 0.89721863941538449 0 0.76597697594051217 0.56892051838111724 0 0.72219777468854007 0.55274578832773036 0 0.76096025256858746 0.52796642590137544 0 0.52818793375758344 0.1514145846346599 0 0.48249303566887242 0.13213388349025171 0 0.52473890353712549 0.1138066857361629 0 0.9573294635603885 0.62404107340216075 0 1 0.64999999999907843 0 0.95925571407652455 0.67731513989524772 0 0.68105401381692787 0.2367246345384757 0 0.69850973727558974 0.28331582783127618 0 0.64947331774475359 0.27349824373396953 0 0.099135177913415973 0.52012888817318326 0 0.11730375641754059 0.55965132004506968 0 0.078148865113969124 0.55418568717746686 0 0.041945110588267227 0.27336592719494252 0 0.041278391492516713 0.22499115991508919 0 0.079185158514327877 0.243474468220131 0 0.78701141937333097 0.4863596872951117 0 0.75975091809660233 0.45451657770763643 0 0.78927306009656339 0.44019515911906121 0 0.47099363149017859 0.26434123964165279 0 0.50516362734325326 0.2311435220952355 0 0.51371286675838745 0.27492022896106327 0 0.87667931237060925 0.33600880471748801 0 0.91514717792368905 0.30253716940241521 0 0.92062852947853768 0.34700876435878553 0 0.28848698890447688 0.8655815931859091 0 0.32256467478101009 0.82987344535239382 0 0.33320259325766682 0.87426651443103465 0 0.1161422387149683 0.86547059657908199 0 0.078796133656434481 0.89721863941538449 0 0.076715938302104131 0.84905817394603778 0 0.89090334707434615 0.73578105705175578 0 0.92218078330803088 0.70406624354773717 0 0.92783794273818598 0.75059792589460483 0 0.51678723713650809 0.75544698268289645 0 0.54823975024879701 0.72320703166517397 0 0.55883976872793484 0.76757105289738425 0 0.52658050753761221 0.80158066360080016 0 0.56699899717172553 0.82281570466110421 0 0.53431166281711107 0.84131213868127375 0 0.62469373338335865 0.87652917741682901 0 0.67077258370200354 0.88902991999225311 0 0.64391761147589655 0.9195510983038373 0 0.099999999999814668 0 0 0.14999999999970359 0 0 0.1238664383937038 0.033505412743579259 0 0.26035521598548989 0.12213849306585089 0 0.21371242976322291 0.11025941475718409 0 0.24456225820181879 0.079082973689590705 0 0.65623031960550648 0.67118302373025429 0 0.62419143301756608 0.70167484906838873 0 0.6168283205305255 0.66038768182163321 0 0.63870019447380344 0.62757797182747166 0 0.65623031960550648 0.67118302373025429 0 0.6168283205305255 0.66038768182163321 0 0.25604444491736661 0.59703227949720872 0 0.2423074995471827 0.54911097790611185 0 0.2848509896301491 0.56084705287358017 0 0.50022331039198309 0.08482622204910871 0 0.54833755324855737 0.07939687727850997 0 0.52473890353712549 0.1138066857361629 0 0.25604444491736661 0.59703227949720872 0 0.2848509896301491 0.56084705287358017 0 0.29806451797012701 0.60606944101743643 0 0.74930607584838227 0.1691845749765449 0 0.7018173421871472 0.15912511383809999 0 0.73086698082406532 0.12567501296637351 0 0.1793968477965549 0.96234370287551196 0 0.16904504879648469 0.92144669420012559 0 0.20823450653860051 0.92462317548637118 0 0.52490914958749124 0.9583025525425668 0 0.47482264833919668 0.95812481984236575 0 0.49512499483819977 0.91684168198255889 0 1 0.74999999999934175 0 0.95313496640149964 0.78172210120551022 0 0.96042199323752997 0.73144888142456899 0 0.16236088147219871 0.3966663692298969 0 0.12645441543072941 0.42459780729406471 0 0.1226851172606513 0.38263634438698069 0 0.91514717792368905 0.30253716940241521 0 0.9594820642527262 0.32414170018469329 0 0.92062852947853768 0.34700876435878553 0 0.67050590439878832 0.95866514850374962 0 0.64391761147589655 0.9195510983038373 0 0.68592650189256854 0.92340416053048568 0 0.086697256245001186 0.29232435988395161 0 0.041945110588267227 0.27336592719494252 0 0.079185158514327877 0.243474468220131 0 0.19094817228430611 0.66476077372461984 0 0.20414334562883829 0.71181395789046409 0 0.1604486902667418 0.69825763163569143 0 0.1223486977679816 0.25869419840486191 0 0.086697256245001186 0.29232435988395161 0 0.079185158514327877 0.243474468220131 0 0.95847083245351472 0.12503748630457351 0 0.95861957711044454 0.17501806068598341 0 0.92014482768696004 0.1484082597947631 0 0.27458677319886232 0.04345509109650416 0 0.29436532469989618 0.087509409999987256 0 0.24456225820181879 0.079082973689590705 0 0.22425375258037719 0.039809946896071528 0 0.27458677319886232 0.04345509109650416 0 0.24456225820181879 0.079082973689590705 0 0.52658050753761221 0.80158066360080016 0 0.51678723713650809 0.75544698268289645 0 0.55883976872793484 0.76757105289738425 0 0.29436532469989618 0.087509409999987256 0 0.26035521598548989 0.12213849306585089 0 0.24456225820181879 0.079082973689590705 0 0.33724946221203828 0.60862080124685558 0 0.32284559676280822 0.65058020017585083 0 0.29806451797012701 0.60606944101743643 0 0.95313496640149964 0.78172210120551022 0 0.90324651396166034 0.78182913440948876 0 0.92783794273818598 0.75059792589460483 0 0.51678723713650809 0.75544698268289645 0 0.471842169466482 0.7339583471671004 0 0.51052784273365992 0.71661544304345504 0 0.24456225820181879 0.079082973689590705 0 0.21371242976322291 0.11025941475718409 0 0.2012234693289052 0.072030776964876586 0 0.73950473375542025 0.29752653822589281 0 0.75085425653037818 0.34471616597401339 0 0.71236340107984786 0.3295169019878878 0 0.078796133656434481 0.89721863941538449 0 0.039556463471678689 0.8749605126401907 0 0.076715938302104131 0.84905817394603778 0 0.33320259325766682 0.87426651443103465 0 0.3681616852440931 0.84083004841831832 0 0.38008277838748239 0.8815801154353875 0 0.72145771991900087 0.44262707722827099 0 0.76141480252372085 0.41569539738195288 0 0.75975091809660233 0.45451657770763643 0 0.471842169466482 0.7339583471671004 0 0.48490105552598978 0.68779036798958981 0 0.51052784273365992 0.71661544304345504 0 0.52500439185100245 0.041601305030130667 0 0.57501949604497837 0.040793846835497673 0 0.54833755324855737 0.07939687727850997 0 0.59758325871734785 0.91553410728099183 0 0.62469373338335865 0.87652917741682901 0 0.64391761147589655 0.9195510983038373 0 0.79999999999999982 1 0 0.75000000000034661 1 0 0.77644581214580399 0.96078718619433512 0 0.80006821241160297 0.53440514447721599 0 0.76597697594051217 0.56892051838111724 0 0.76096025256858746 0.52796642590137544 0 0.041695690289667853 0.57511597037253481 0 0.048250905711434373 0.52194809630973238 0 0.078148865113969124 0.55418568717746686 0 0.55158829735710835 0.24438139657768829 0 0.58566394056543802 0.2098087108728203 0 0.59599109452070609 0.25416509842380841 0 0.87256721763064804 0.039592335857390283 0 0.92128973660660529 0.046450182502675907 0 0.88688964959594552 0.07605690132245442 0 1 0.34999999999912063 0 1 0.3999999999989749 0 0.96425864534991756 0.37431808246015269 0 0.63665510147631188 0.74970907512354268 0 0.60271272297068568 0.78469958023635233 0 0.59329989081147261 0.73801529915239183 0 0.20000000000083221 1 0 0.15000000000062411 1 0 0.1793968477965549 0.96234370287551196 0 0.85476900704125003 0.41847365778417001 0 0.84339696167179956 0.37104459320349098 0 0.88574841371222357 0.38241489490992692 0 0.079185158514327877 0.243474468220131 0 0.041278391492516713 0.22499115991508919 0 0.072228091112011145 0.1999875902574284 0 0.076715938302104131 0.84905817394603778 0 0.080889106072974254 0.80187427521317889 0 0.1103329914269283 0.82705543859900488 0 0.92014482768696004 0.1484082597947631 0 0.95861957711044454 0.17501806068598341 0 0.92603671991779968 0.1991855166745444 0 0.73086698082406532 0.12567501296637351 0 0.7018173421871472 0.15912511383809999 0 0.6873971128182198 0.1216257713005645 0 0.26971691023508132 0.64273159393780088 0 0.25604444491736661 0.59703227949720872 0 0.29806451797012701 0.60606944101743643 0 0.22425375258037719 0.039809946896071528 0 0.24456225820181879 0.079082973689590705 0 0.2012234693289052 0.072030776964876586 0 0.76120355616150315 0.91743779977535223 0 0.79760581102748462 0.88617889053938992 0 0.80251746205330432 0.92485161004608274 0 0.60271272297068568 0.78469958023635233 0 0.55883976872793484 0.76757105289738425 0 0.59329989081147261 0.73801529915239183 0 0.56699899717172553 0.82281570466110421 0 0.57044601068512168 0.86987314095495238 0 0.53431166281711107 0.84131213868127375 0 0.69850973727558974 0.28331582783127618 0 0.71236340107984786 0.3295169019878878 0 0.67889035133130005 0.3150107979018632 0 0.62282970694394424 0.95784004819930335 0 0.59758325871734785 0.91553410728099183 0 0.64391761147589655 0.9195510983038373 0 0.46415692004836528 0.87018306883313112 0 0.44809161090723337 0.9184635160862028 0 0.42474130150357958 0.88911288490696561 0 0.1687258507709474 0.095490813383686562 0 0.17082455476986819 0.045531505552603213 0 0.2012234693289052 0.072030776964876586 0 0.47099363149017859 0.26434123964165279 0 0.47454023424457747 0.31084499390883802 0 0.43836463353839039 0.28862085465270221 0 0.82216895576638893 0.047827917734555719 0 0.87256721763064804 0.039592335857390283 0 0.853016395635531 0.075593267172701595 0 0.090499517102997543 0.1610819462962175 0 0.1106134038801895 0.2114835736645129 0 0.072228091112011145 0.1999875902574284 0 0.20683218871455439 0.88845749477989999 0 0.249745795115841 0.91026158950624625 0 0.20823450653860051 0.92462317548637118 0 0.41456652458338428 0.85177860555425955 0 0.46415692004836528 0.87018306883313112 0 0.42474130150357958 0.88911288490696561 0 0.39998267273679378 0.91505342693840552 0 0.35141857864979442 0.91632396264433091 0 0.38008277838748239 0.8815801154353875 0 0.76141480252372085 0.41569539738195288 0 0.8077240271188989 0.40392117147345141 0 0.78927306009656339 0.44019515911906121 0 0.92218078330803088 0.70406624354773717 0 0.96042199323752997 0.73144888142456899 0 0.92783794273818598 0.75059792589460483 0 0.14287628545576181 0.65276572538170352 0 0.1604486902667418 0.69825763163569143 0 0.12310494445153269 0.68659664419727984 0 0.249745795115841 0.91026158950624625 0 0.226446184634465 0.96008041577753644 0 0.20823450653860051 0.92462317548637118 0 0.9146532297943637 0.54979451485530073 0 0.88184482393306052 0.51496423190039953 0 0.9237696379272724 0.5117909495458477 0 0.42547956711856899 0.25093749777835372 0 0.47099363149017859 0.26434123964165279 0 0.43836463353839039 0.28862085465270221 0 0.4195989183438848 0.043126601695698451 0 0.45013046781376442 0.086245515831997188 0 0.41172058133126332 0.082396653063404574 0 0.77644581214580399 0.96078718619433512 0 0.76120355616150315 0.91743779977535223 0 0.80251746205330432 0.92485161004608274 0 0.47454023424457747 0.31084499390883802 0 0.42668514034547439 0.32616646409264177 0 0.43836463353839039 0.28862085465270221 0 0.039926062821361949 0.072354143845604971 0 0 0.050000000000207989 0 0.036602540378321891 0.036602540378404519 0 0.079082782798763573 0.95477239955126714 0 0.050000000000207989 1 0 0.03660254037858459 0.96339745962141543 0 0.95179169119040075 0.92010412261493535 0 1 0.94999999999986839 0 0.96339745962140277 0.9633974596214232 0 0.92128973660660529 0.046450182502675907 0 0.94999999999986839 0 0 0.96339745962160295 0.036602540378334887 0 0.12769248279288201 0.72672148533534586 0 0.085395568307063185 0.70246357202764831 0 0.12310494445153269 0.68659664419727984 0 0.89945650522467213 0.91642856392935101 0 0.87937337662726822 0.86627320223067628 0 0.91953900968354996 0.88153445228216598 0 0.36470988198035698 0.36684004543984189 0 0.35448760274322261 0.32067657220971041 0 0.38919855926755931 0.33606363419588281 0 0.63317152700801582 0.36470905770339551 0 0.67937323217120238 0.35450114370967301 0 0.66517332939226004 0.38844132890927102 0 0.039556463471678689 0.8749605126401907 0 0.041253068969294072 0.82505446993099607 0 0.076715938302104131 0.84905817394603778 0 0.51129147390510576 0.87929668389199678 0 0.49624132478598998 0.83299450029751487 0 0.53431166281711107 0.84131213868127375 0 0.14759089761968719 0.3509122631260736 0 0.16236088147219871 0.3966663692298969 0 0.1226851172606513 0.38263634438698069 0 0.39998267273679378 0.91505342693840552 0 0.38008277838748239 0.8815801154353875 0 0.42474130150357958 0.88911288490696561 0 0.38584632601418228 0.1131800506791984 0 0.37675468828568498 0.069132711627988425 0 0.41172058133126332 0.082396653063404574 0 0.87101575915054075 0.1152914960286778 0 0.82139569446423799 0.098505836339831232 0 0.853016395635531 0.075593267172701595 0 0.21371242976322291 0.11025941475718409 0 0.1687258507709474 0.095490813383686562 0 0.2012234693289052 0.072030776964876586 0 0.041278391492516713 0.22499115991508919 0 0.043292679013788873 0.1749851196480692 0 0.072228091112011145 0.1999875902574284 0 0.90324651396166034 0.78182913440948876 0 0.89090334707434615 0.73578105705175578 0 0.92783794273818598 0.75059792589460483 0 0.94999999999979179 1 0 0.92323088348980031 0.95980805865613994 0 0.96339745962140277 0.9633974596214232 0 0 0.94999999999979179 0 0.041450047375335961 0.92470385240153519 0 0.03660254037858459 0.96339745962141543 0 0.049999999999899652 0 0 0.078497705665231093 0.044342115043052181 0 0.036602540378321891 0.036602540378404519 0 1 0.049999999999899652 0 0.9576641080255659 0.075211555245367073 0 0.96339745962160295 0.036602540378334887 0 0.55883976872793484 0.76757105289738425 0 0.54823975024879701 0.72320703166517397 0 0.59329989081147261 0.73801529915239183 0 0.95861957711044454 0.17501806068598341 0 0.95964561239974433 0.22527027991937451 0 0.92603671991779968 0.1991855166745444 0 0.88184482393306052 0.51496423190039953 0 0.9143241462135312 0.47056519256566559 0 0.9237696379272724 0.5117909495458477 0 0.17082455476986819 0.045531505552603213 0 0.22425375258037719 0.039809946896071528 0 0.2012234693289052 0.072030776964876586 0 0.75000024196736592 0.086290204234965612 0 0.77287901323217156 0.041989546370536798 0 0.78836649178003415 0.079761454737770535 0 0.31576613202503789 0.52834815541418179 0 0.35734152250828449 0.54635254901022923 0 0.32769283214427358 0.57058194179315103 0 0.041873086397989527 0.47259057028333379 0 0.084676328930990946 0.44829771481711927 0 0.07931114857148161 0.48664108117523919 0 0.958984369262458 0.52750260598276144 0 0.9146532297943637 0.54979451485530073 0 0.9237696379272724 0.5117909495458477 0 0.75085425653037818 0.34471616597401339 0 0.79844501191759076 0.35530604439194691 0 0.76714445234970097 0.37785816942828421 0 0.34999999999912063 0 0 0.3999999999989749 0 0 0.37515892292865338 0.02963056172629553 0 0.85745557322751398 0.59382087560199759 0 0.84367338466678743 0.54737151998453304 0 0.87892422412296911 0.56338380428852253 0 0.8077240271188989 0.40392117147345141 0 0.82407221792128116 0.45143645534149679 0 0.78927306009656339 0.44019515911906121 0 0.35141857864979442 0.91632396264433091 0 0.33320259325766682 0.87426651443103465 0 0.38008277838748239 0.8815801154353875 0 0.7018173421871472 0.15912511383809999 0 0.65595996795162048 0.1431711648397975 0 0.6873971128182198 0.1216257713005645 0 0.67937323217120238 0.35450114370967301 0 0.64271250948253922 0.32120932146972808 0 0.67889035133130005 0.3150107979018632 0 0.91876238748899386 0.096953581977407333 0 0.87101575915054075 0.1152914960286778 0 0.88688964959594552 0.07605690132245442 0 0.56288191494810635 0.1177334652194388 0 0.52818793375758344 0.1514145846346599 0 0.52473890353712549 0.1138066857361629 0 0.48490105552598978 0.68779036798958981 0 0.52918375858331101 0.68428362906404994 0 0.51052784273365992 0.71661544304345504 0 0.16904504879648469 0.92144669420012559 0 0.20683218871455439 0.88845749477989999 0 0.20823450653860051 0.92462317548637118 0 0.1481500207506371 0.83036676638067253 0 0.1161422387149683 0.86547059657908199 0 0.1103329914269283 0.82705543859900488 0 0.44809161090723337 0.9184635160862028 0 0.39998267273679378 0.91505342693840552 0 0.42474130150357958 0.88911288490696561 0 0.67077258370200354 0.88902991999225311 0 0.71723288590496792 0.90431602374920672 0 0.68592650189256854 0.92340416053048568 0 0.041450047375335961 0.92470385240153519 0 0.079082782798763573 0.95477239955126714 0 0.03660254037858459 0.96339745962141543 0 0.92323088348980031 0.95980805865613994 0 0.95179169119040075 0.92010412261493535 0 0.96339745962140277 0.9633974596214232 0 0.078497705665231093 0.044342115043052181 0 0.039926062821361949 0.072354143845604971 0 0.036602540378321891 0.036602540378404519 0 0.9576641080255659 0.075211555245367073 0 0.92128973660660529 0.046450182502675907 0 0.96339745962160295 0.036602540378334887 0 0.54833755324855737 0.07939687727850997 0 0.56288191494810635 0.1177334652194388 0 0.52473890353712549 0.1138066857361629 0 0.64391761147589655 0.9195510983038373 0 0.67077258370200354 0.88902991999225311 0 0.68592650189256854 0.92340416053048568 0 0.2848509896301491 0.56084705287358017 0 0.31576613202503789 0.52834815541418179 0 0.32769283214427358 0.57058194179315103 0 0.1604486902667418 0.69825763163569143 0 0.12769248279288201 0.72672148533534586 0 0.12310494445153269 0.68659664419727984 0 0.039926062821361949 0.072354143845604971 0 0.078497705665231093 0.044342115043052181 0 0.077380076123279753 0.081182952542592834 0 0.1200099315339016 0.077653443122240873 0 0.09329329492433043 0.1139934779461087 0 0.077380076123279753 0.081182952542592834 0 0.96042199323752997 0.73144888142456899 0 0.95313496640149964 0.78172210120551022 0 0.92783794273818598 0.75059792589460483 0 0.75975091809660233 0.45451657770763643 0 0.76141480252372085 0.41569539738195288 0 0.78927306009656339 0.44019515911906121 0 0.71236340107984786 0.3295169019878878 0 0.67937323217120238 0.35450114370967301 0 0.67889035133130005 0.3150107979018632 0 0.1161422387149683 0.86547059657908199 0 0.076715938302104131 0.84905817394603778 0 0.1103329914269283 0.82705543859900488 0 0.87101575915054075 0.1152914960286778 0 0.853016395635531 0.075593267172701595 0 0.88688964959594552 0.07605690132245442 0 0.853016395635531 0.075593267172701595 0 0.87256721763064804 0.039592335857390283 0 0.88688964959594552 0.07605690132245442 0 

        </DataArray>

      </Points>

      <Cells>

        <DataArray type="Int32" Name="connectivity" format="ascii">

0 1 2 3 4 5 6 7 8 9 10 11 12 13 14 15 16 17 18 19 20 21 22 23 24 25 26 27 28 29 30 31 32 33 34 35 36 37 38 39 40 41 42 43 44 45 46 47 48 49 50 51 52 53 54 55 56 57 58 59 60 61 62 63 64 65 66 67 68 69 70 71 72 73 74 75 76 77 78 79 80 81 82 83 84 85 86 87 88 89 90 91 92 93 94 95 96 97 98 99 100 101 102 103 104 105 106 107 108 109 110 111 112 113 114 115 116 117 118 119 120 121 122 123 124 125 126 127 128 129 130 131 132 133 134 135 136 137 138 139 140 141 142 143 144 145 146 147 148 149 150 151 152 153 154 155 156 157 158 159 160 161 162 163 164 165 166 167 168 169 170 171 172 173 174 175 176 177 178 179 180 181 182 183 184 185 186 187 188 189 190 191 192 193 194 195 196 197 198 199 200 201 202 203 204 205 206 207 208 209 210 211 212 213 214 215 216 217 218 219 220 221 222 223 224 225 226 227 228 229 230 231 232 233 234 235 236 237 238 239 240 241 242 243 244 245 246 247 248 249 250 251 252 253 254 255 256 257 258 259 260 261 262 263 264 265 266 267 268 269 270 271 272 273 274 275 276 277 278 279 280 281 282 283 284 285 286 287 288 289 290 291 292 293 294 295 296 297 298 299 300 301 302 303 304 305 306 307 308 309 310 311 312 313 314 315 316 317 318 319 320 321 322 323 324 325 326 327 328 329 330 331 332 333 334 335 336 337 338 339 340 341 342 343 344 345 346 347 348 349 350 351 352 353 354 355 356 357 358 359 360 361 362 363 364 365 366 367 368 369 370 371 372 373 374 375 376 377 378 379 380 381 382 383 384 385 386 387 388 389 390 391 392 393 394 395 396 397 398 399 400 401 402 403 404 405 406 407 408 409 410 411 412 413 414 415 416 417 418 419 420 421 422 423 424 425 426 427 428 429 430 431 432 433 434 435 436 437 438 439 440 441 442 443 444 445 446 447 448 449 450 451 452 453 454 455 456 457 458 459 460 461 462 463 464 465 466 467 468 469 470 471 472 473 474 475 476 477 478 479 480 481 482 483 484 485 486 487 488 489 490 491 492 493 494 495 496 497 498 499 500 501 502 503 504 505 506 507 508 509 510 511 512 513 514 515 516 517 518 519 520 521 522 523 524 525 526 527 528 529 530 531 532 533 534 535 536 537 538 539 540 541 542 543 544 545 546 547 548 549 550 551 552 553 554 555 556 557 558 559 560 561 562 563 564 565 566 567 568 569 570 571 572 573 574 575 576 577 578 579 580 581 582 583 584 585 586 587 588 589 590 591 592 593 594 595 596 597 598 599 600 601 602 603 604 605 606 607 608 609 610 611 612 613 614 615 616 617 618 619 620 621 622 623 624 625 626 627 628 629 630 631 632 633 634 635 636 637 638 639 640 641 642 643 644 645 646 647 648 649 650 651 652 653 654 655 656 657 658 659 660 661 662 663 664 665 666 667 668 669 670 671 672 673 674 675 676 677 678 679 680 681 682 683 684 685 686 687 688 689 690 691 692 693 694 695 696 697 698 699 700 701 702 703 704 705 706 707 708 709 710 711 712 713 714 715 716 717 718 719 720 721 722 723 724 725 726 727 728 729 730 731 732 733 734 735 736 737 738 739 740 741 742 743 744 745 746 747 748 749 750 751 752 753 754 755 756 757 758 759 760 761 762 763 764 765 766 767 768 769 770 771 772 773 774 775 776 777 778 779 780 781 782 783 784 785 786 787 788 789 790 791 792 793 794 795 796 797 798 799 800 801 802 803 804 805 806 807 808 809 810 811 812 813 814 815 816 817 818 819 820 821 822 823 824 825 826 827 828 829 830 831 832 833 834 835 836 837 838 839 840 841 842 843 844 845 846 847 848 849 850 851 852 853 854 855 856 857 858 859 860 861 862 863 864 865 866 867 868 869 870 871 872 873 874 875 876 877 878 879 880 881 882 883 884 885 886 887 888 889 890 891 892 893 894 895 896 897 898 899 900 901 902 903 904 905 906 907 908 909 910 911 912 913 914 915 916 917 918 919 920 921 922 923 924 925 926 927 928 929 930 931 932 933 934 935 936 937 938 939 940 941 942 943 944 945 946 947 948 949 950 951 952 953 954 955 956 957 958 959 960 961 962 963 964 965 966 967 968 969 970 971 972 973 974 975 976 977 978 979 980 981 982 983 984 985 986 987 988 989 990 991 992 993 994 995 996 997 998 999 1000 1001 1002 1003 1004 1005 1006 1007 1008 1009 1010 1011 1012 1013 1014 1015 1016 1017 1018 1019 1020 1021 1022 1023 1024 1025 1026 1027 1028 1029 1030 1031 1032 1033 1034 1035 1036 1037 1038 1039 1040 1041 1042 1043 1044 1045 1046 1047 1048 1049 1050 1051 1052 1053 1054 1055 1056 1057 1058 1059 1060 1061 1062 1063 1064 1065 1066 1067 1068 1069 1070 1071 1072 1073 1074 1075 1076 1077 1078 1079 1080 1081 1082 1083 1084 1085 1086 1087 1088 1089 1090 1091 1092 1093 1094 1095 1096 1097 1098 1099 1100 1101 1102 1103 1104 1105 1106 1107 1108 1109 1110 1111 1112 1113 1114 1115 1116 1117 1118 1119 1120 1121 1122 1123 1124 1125 1126 1127 1128 1129 1130 1131 1132 1133 1134 1135 1136 1137 1138 1139 1140 1141 1142 1143 1144 1145 1146 1147 1148 1149 1150 1151 1152 1153 1154 1155 1156 1157 1158 1159 1160 1161 1162 1163 1164 1165 1166 1167 1168 1169 1170 1171 1172 1173 1174 1175 1176 1177 1178 1179 1180 1181 1182 1183 1184 1185 1186 1187 1188 1189 1190 1191 1192 1193 1194 1195 1196 1197 1198 1199 1200 1201 1202 1203 1204 1205 1206 1207 1208 1209 1210 1211 1212 1213 1214 1215 1216 1217 1218 1219 1220 1221 1222 1223 1224 1225 1226 1227 1228 1229 1230 1231 1232 1233 1234 1235 1236 1237 1238 1239 1240 1241 1242 1243 1244 1245 1246 1247 1248 1249 1250 1251 1252 1253 1254 1255 1256 1257 1258 1259 1260 1261 1262 1263 1264 1265 1266 1267 1268 1269 1270 1271 1272 1273 1274 1275 1276 1277 1278 1279 1280 1281 1282 1283 1284 1285 1286 1287 1288 1289 1290 1291 1292 1293 1294 1295 1296 1297 1298 1299 1300 1301 1302 1303 1304 1305 1306 1307 1308 1309 1310 1311 1312 1313 1314 1315 1316 1317 1318 1319 1320 1321 1322 1323 1324 1325 1326 1327 1328 1329 1330 1331 1332 1333 1334 1335 1336 1337 1338 1339 1340 1341 1342 1343 1344 1345 1346 1347 1348 1349 1350 1351 1352 1353 1354 1355 1356 1357 1358 1359 1360 1361 1362 1363 1364 1365 1366 1367 1368 1369 1370 1371 1372 1373 1374 1375 1376 1377 1378 1379 1380 1381 1382 1383 1384 1385 1386 1387 1388 1389 1390 1391 1392 1393 1394 1395 1396 1397 1398 1399 1400 1401 1402 1403 1404 1405 1406 1407 1408 1409 1410 1411 1412 1413 1414 1415 1416 1417 1418 1419 1420 1421 1422 1423 1424 1425 1426 1427 1428 1429 1430 1431 1432 1433 1434 1435 1436 1437 1438 1439 1440 1441 1442 1443 1444 1445 1446 1447 1448 1449 1450 1451 1452 1453 1454 1455 1456 1457 1458 1459 1460 1461 1462 1463 1464 1465 1466 1467 1468 1469 1470 1471 1472 1473 1474 1475 1476 1477 1478 1479 1480 1481 1482 1483 1484 1485 1486 1487 1488 1489 1490 1491 1492 1493 1494 1495 1496 1497 1498 1499 1500 1501 1502 1503 1504 1505 1506 1507 1508 1509 1510 1511 1512 1513 1514 1515 1516 1517 1518 1519 1520 1521 1522 1523 1524 1525 1526 1527 1528 1529 1530 1531 1532 1533 1534 1535 1536 1537 1538 1539 1540 1541 1542 1543 1544 1545 1546 1547 1548 1549 1550 1551 1552 1553 1554 1555 1556 1557 1558 1559 1560 1561 1562 1563 1564 1565 1566 1567 1568 1569 1570 1571 1572 1573 1574 1575 1576 1577 1578 1579 1580 1581 1582 1583 1584 1585 1586 1587 1588 1589 1590 1591 1592 1593 1594 1595 1596 1597 1598 1599 1600 1601 1602 1603 1604 1605 1606 1607 1608 1609 1610 1611 1612 1613 1614 1615 1616 1617 1618 1619 1620 1621 1622 1623 1624 1625 1626 1627 1628 1629 1630 1631 1632 1633 1634 1635 1636 1637 1638 1639 1640 1641 1642 1643 1644 1645 1646 1647 1648 1649 1650 1651 1652 1653 1654 1655 1656 1657 1658 1659 1660 1661 1662 1663 1664 1665 1666 1667 1668 1669 1670 1671 1672 1673 1674 1675 1676 1677 1678 1679 1680 1681 1682 1683 1684 1685 1686 1687 1688 1689 1690 1691 1692 1693 1694 1695 1696 1697 1698 1699 1700 1701 1702 1703 1704 1705 1706 1707 1708 1709 1710 1711 1712 1713 1714 1715 1716 1717 1718 1719 1720 1721 1722 1723 1724 1725 1726 1727 1728 1729 1730 1731 1732 1733 1734 1735 1736 1737 1738 1739 1740 1741 1742 1743 1744 1745 1746 1747 1748 1749 1750 1751 1752 1753 1754 1755 1756 1757 1758 1759 1760 1761 1762 1763 1764 1765 1766 1767 1768 1769 1770 1771 1772 1773 1774 1775 1776 1777 1778 1779 1780 1781 1782 1783 1784 1785 1786 1787 1788 1789 1790 1791 1792 1793 1794 1795 1796 1797 1798 1799 1800 1801 1802 1803 1804 1805 1806 1807 1808 1809 1810 1811 1812 1813 1814 1815 1816 1817 1818 1819 1820 1821 1822 1823 1824 1825 1826 1827 1828 1829 1830 1831 1832 1833 1834 1835 1836 1837 1838 1839 1840 1841 1842 1843 1844 1845 1846 1847 1848 1849 1850 1851 1852 1853 1854 1855 1856 1857 1858 1859 1860 1861 1862 1863 1864 1865 1866 1867 1868 1869 1870 1871 1872 1873 1874 1875 1876 1877 1878 1879 1880 1881 1882 1883 1884 1885 1886 1887 1888 1889 1890 1891 1892 1893 1894 1895 1896 1897 1898 1899 1900 1901 1902 1903 1904 1905 1906 1907 1908 1909 1910 1911 1912 1913 1914 1915 1916 1917 1918 1919 1920 1921 1922 1923 1924 1925 1926 1927 1928 1929 1930 1931 1932 1933 1934 1935 1936 1937 1938 1939 1940 1941 1942 1943 1944 1945 1946 1947 1948 1949 1950 1951 1952 1953 1954 1955 1956 1957 1958 1959 1960 1961 1962 1963 1964 1965 1966 1967 1968 1969 1970 1971 1972 1973 1974 1975 1976 1977 1978 1979 1980 1981 1982 1983 1984 1985 1986 1987 1988 1989 1990 1991 1992 1993 1994 1995 1996 1997 1998 1999 2000 2001 2002 2003 2004 2005 2006 2007 2008 2009 2010 2011 2012 2013 2014 2015 2016 2017 2018 2019 2020 2021 2022 2023 2024 2025 2026 2027 2028 2029 2030 2031 2032 2033 2034 2035 2036 2037 2038 2039 2040 2041 2042 2043 2044 2045 2046 2047 2048 2049 2050 2051 2052 2053 2054 2055 2056 2057 2058 2059 2060 2061 2062 2063 2064 2065 2066 2067 2068 2069 2070 2071 2072 2073 2074 2075 2076 2077 2078 2079 2080 2081 2082 2083 2084 2085 2086 2087 2088 2089 2090 2091 2092 2093 2094 2095 2096 2097 2098 2099 2100 2101 2102 2103 2104 2105 2106 2107 2108 2109 2110 2111 2112 2113 2114 2115 2116 2117 2118 2119 2120 2121 2122 2123 2124 2125 2126 2127 2128 2129 2130 2131 2132 2133 2134 2135 2136 2137 2138 2139 2140 2141 2142 2143 2144 2145 2146 2147 2148 2149 2150 2151 2152 2153 2154 2155 2156 2157 2158 2159 2160 2161 2162 2163 2164 2165 2166 2167 2168 2169 2170 2171 2172 2173 2174 2175 2176 2177 2178 2179 2180 2181 2182 2183 2184 2185 2186 2187 2188 2189 2190 2191 2192 2193 2194 2195 2196 2197 2198 2199 2200 2201 2202 2203 2204 2205 2206 2207 2208 2209 2210 2211 2212 2213 2214 2215 2216 2217 2218 2219 2220 2221 2222 2223 2224 2225 2226 2227 2228 2229 2230 2231 2232 2233 2234 2235 2236 2237 2238 2239 2240 2241 2242 2243 2244 2245 2246 2247 2248 2249 2250 2251 2252 2253 2254 2255 2256 2257 2258 2259 2260 2261 2262 2263 2264 2265 2266 2267 2268 2269 2270 2271 2272 2273 2274 2275 2276 2277 2278 2279 2280 2281 2282 2283 2284 2285 2286 2287 2288 2289 2290 2291 2292 2293 2294 2295 2296 2297 2298 2299 2300 2301 2302 2303 2304 2305 2306 2307 2308 2309 2310 2311 2312 2313 2314 2315 2316 2317 2318 2319 2320 2321 2322 2323 2324 2325 2326 2327 2328 2329 2330 2331 2332 2333 2334 2335 2336 2337 2338 2339 2340 2341 2342 2343 2344 2345 2346 2347 2348 2349 2350 2351 2352 2353 2354 2355 2356 2357 2358 2359 2360 2361 2362 2363 2364 2365 2366 2367 2368 2369 2370 2371 2372 2373 2374 2375 2376 2377 2378 2379 2380 2381 2382 2383 2384 2385 2386 2387 2388 2389 2390 2391 2392 2393 2394 2395 2396 2397 2398 2399 2400 2401 2402 2403 2404 2405 2406 2407 2408 2409 2410 2411 2412 2413 2414 2415 2416 2417 2418 2419 2420 2421 2422 2423 2424 2425 2426 2427 2428 2429 2430 2431 2432 2433 2434 2435 2436 2437 2438 2439 2440 2441 2442 2443 2444 2445 2446 2447 2448 2449 2450 2451 2452 2453 2454 2455 2456 2457 2458 2459 2460 2461 2462 2463 2464 2465 2466 2467 2468 2469 2470 2471 2472 2473 2474 2475 2476 2477 2478 2479 2480 2481 2482 2483 2484 2485 2486 2487 2488 2489 2490 2491 2492 2493 2494 2495 2496 2497 2498 2499 2500 2501 2502 2503 2504 2505 2506 2507 2508 2509 2510 2511 2512 2513 2514 2515 2516 2517 2518 2519 2520 2521 2522 2523 2524 2525 2526 2527 2528 2529 2530 2531 2532 2533 2534 2535 2536 2537 2538 2539 2540 2541 2542 2543 2544 2545 2546 2547 2548 2549 2550 2551 2552 2553 2554 2555 2556 2557 2558 2559 2560 2561 2562 2563 2564 2565 2566 2567 2568 2569 2570 2571 2572 2573 2574 2575 2576 2577 2578 2579 2580 2581 2582 2583 2584 2585 2586 2587 2588 2589 2590 2591 2592 2593 2594 2595 2596 2597 2598 2599 2600 2601 2602 2603 2604 2605 2606 2607 2608 2609 2610 2611 2612 2613 2614 2615 2616 2617 2618 2619 2620 2621 2622 2623 2624 2625 2626 2627 2628 2629 2630 2631 2632 2633 2634 2635 2636 2637 2638 2639 2640 2641 2642 2643 2644 2645 2646 2647 2648 2649 2650 2651 2652 2653 2654 2655 2656 2657 2658 2659 2660 2661 2662 2663 2664 2665 2666 2667 2668 2669 2670 2671 2672 2673 2674 2675 2676 2677 2678 2679 2680 2681 2682 2683 2684 2685 2686 2687 2688 2689 2690 2691 2692 2693 2694 2695 2696 2697 2698 2699 2700 2701 2702 2703 2704 2705 2706 2707 2708 2709 2710 2711 2712 2713 2714 2715 2716 2717 2718 2719 2720 2721 2722 2723 2724 2725 2726 2727 2728 2729 2730 2731 2732 2733 2734 2735 2736 2737 2738 2739 2740 2741 2742 2743 2744 2745 2746 2747 2748 2749 2750 2751 2752 2753 2754 2755 2756 2757 2758 2759 2760 2761 2762 2763 2764 2765 2766 2767 2768 2769 2770 2771 2772 2773 2774 2775 2776 2777 2778 2779 2780 2781 2782 2783 2784 2785 2786 2787 2788 2789 2790 2791 2792 2793 2794 2795 2796 2797 2798 2799 2800 2801 2802 2803 2804 2805 2806 2807 2808 2809 2810 2811 2812 2813 2814 2815 2816 2817 2818 2819 2820 2821 2822 2823 2824 2825 

        </DataArray>

        <DataArray type="Int32" Name="offsets" format="ascii">

3 6 9 12 15 18 21 24 27 30 33 36 39 42 45 48 51 54 57 60 63 66 69 72 75 78 81 84 87 90 93 96 99 102 105 108 111 114 117 120 123 126 129 132 135 138 141 144 147 150 153 156 159 162 165 168 171 174 177 180 183 186 189 192 195 198 201 204 207 210 213 216 219 222 225 228 231 234 237 240 243 246 249 252 255 258 261 264 267 270 273 276 279 282 285 288 291 294 297 300 303 306 309 312 315 318 321 324 327 330 333 336 339 342 345 348 351 354 357 360 363 366 369 372 375 378 381 384 387 390 393 396 399 402 405 408 411 414 417 420 423 426 429 432 435 438 441 444 447 450 453 456 459 462 465 468 471 474 477 480 483 486 489 492 495 498 501 504 507 510 513 516 519 522 525 528 531 534 537 540 543 546 549 552 555 558 561 564 567 570 573 576 579 582 585 588 591 594 597 600 603 606 609 612 615 618 621 624 627 630 633 636 639 642 645 648 651 654 657 660 663 666 669 672 675 678 681 684 687 690 693 696 699 702 705 708 711 714 717 720 723 726 729 732 735 738 741 744 747 750 753 756 759 762 765 768 771 774 777 780 783 786 789 792 795 798 801 804 807 810 813 816 819 822 825 828 831 834 837 840 843 846 849 852 855 858 861 864 867 870 873 876 879 882 885 888 891 894 897 900 903 906 909 912 915 918 921 924 927 930 933 936 939 942 945 948 951 954 957 960 963 966 969 972 975 978 981 984 987 990 993 996 999 1002 1005 1008 1011 1014 1017 1020 1023 1026 1029 1032 1035 1038 1041 1044 1047 1050 1053 1056 1059 1062 1065 1068 1071 1074 1077 1080 1083 1086 1089 1092 1095 1098 1101 1104 1107 1110 1113 1116 1119 1122 1125 1128 1131 1134 1137 1140 1143 1146 1149 1152 1155 1158 1161 1164 1167 1170 1173 1176 1179 1182 1185 1188 1191 1194 1197 1200 1203 1206 1209 1212 1215 1218 1221 1224 1227 1230 1233 1236 1239 1242 1245 1248 1251 1254 1257 1260 1263 1266 1269 1272 1275 1278 1281 1284 1287 1290 1293 1296 1299 1302 1305 1308 1311 1314 1317 1320 1323 1326 1329 1332 1335 1338 1341 1344 1347 1350 1353 1356 1359 1362 1365 1368 1371 1374 1377 1380 1383 1386 1389 1392 1395 1398 1401 1404 1407 1410 1413 1416 1419 1422 1425 1428 1431 1434 1437 1440 1443 1446 1449 1452 1455 1458 1461 1464 1467 1470 1473 1476 1479 1482 1485 1488 1491 1494 1497 1500 1503 1506 1509 1512 1515 1518 1521 1524 1527 1530 1533 1536 1539 1542 1545 1548 1551 1554 1557 1560 1563 1566 1569 1572 1575 1578 1581 1584 1587 1590 1593 1596 1599 1602 1605 1608 1611 1614 1617 1620 1623 1626 1629 1632 1635 1638 1641 1644 1647 1650 1653 1656 1659 1662 1665 1668 1671 1674 1677 1680 1683 1686 1689 1692 1695 1698 1701 1704 1707 1710 1713 1716 1719 1722 1725 1728 1731 1734 1737 1740 1743 1746 1749 1752 1755 1758 1761 1764 1767 1770 1773 1776 1779 1782 1785 1788 1791 1794 1797 1800 1803 1806 1809 1812 1815 1818 1821 1824 1827 1830 1833 1836 1839 1842 1845 1848 1851 1854 1857 1860 1863 1866 1869 1872 1875 1878 1881 1884 1887 1890 1893 1896 1899 1902 1905 1908 1911 1914 1917 1920 1923 1926 1929 1932 1935 1938 1941 1944 1947 1950 1953 1956 1959 1962 1965 1968 1971 1974 1977 1980 1983 1986 1989 1992 1995 1998 2001 2004 2007 2010 2013 2016 2019 2022 2025 2028 2031 2034 2037 2040 2043 2046 2049 2052 2055 2058 2061 2064 2067 2070 2073 2076 2079 2082 2085 2088 2091 2094 2097 2100 2103 2106 2109 2112 2115 2118 2121 2124 2127 2130 2133 2136 2139 2142 2145 2148 2151 2154 2157 2160 2163 2166 2169 2172 2175 2178 2181 2184 2187 2190 2193 2196 2199 2202 2205 2208 2211 2214 2217 2220 2223 2226 2229 2232 2235 2238 2241 2244 2247 2250 2253 2256 2259 2262 2265 2268 2271 2274 2277 2280 2283 2286 2289 2292 2295 2298 2301 2304 2307 2310 2313 2316 2319 2322 2325 2328 2331 2334 2337 2340 2343 2346 2349 2352 2355 2358 2361 2364 2367 2370 2373 2376 2379 2382 2385 2388 2391 2394 2397 2400 2403 2406 2409 2412 2415 2418 2421 2424 2427 2430 2433 2436 2439 2442 2445 2448 2451 2454 2457 2460 2463 2466 2469 2472 2475 2478 2481 2484 2487 2490 2493 2496 2499 2502 2505 2508 2511 2514 2517 2520 2523 2526 2529 2532 2535 2538 2541 2544 2547 2550 2553 2556 2559 2562 2565 2568 2571 2574 2577 2580 2583 2586 2589 2592 2595 2598 2601 2604 2607 2610 2613 2616 2619 2622 2625 2628 2631 2634 2637 2640 2643 2646 2649 2652 2655 2658 2661 2664 2667 2670 2673 2676 2679 2682 2685 2688 2691 2694 2697 2700 2703 2706 2709 2712 2715 2718 2721 2724 2727 2730 2733 2736 2739 2742 2745 2748 2751 2754 2757 2760 2763 2766 2769 2772 2775 2778 2781 2784 2787 2790 2793 2796 2799 2802 2805 2808 2811 2814 2817 2820 2823 2826 

        </DataArray>

        <DataArray type="Int32" Name="types" format="ascii">

5 5 5 5 5 5 5 5 5 5 5 5 5 5 5 5 5 5 5 5 5 5 5 5 5 5 5 5 5 5 5 5 5 5 5 5 5 5 5 5 5 5 5 5 5 5 5 5 5 5 5 5 5 5 5 5 5 5 5 5 5 5 5 5 5 5 5 5 5 5 5 5 5 5 5 5 5 5 5 5 5 5 5 5 5 5 5 5 5 5 5 5 5 5 5 5 5 5 5 5 5 5 5 5 5 5 5 5 5 5 5 5 5 5 5 5 5 5 5 5 5 5 5 5 5 5 5 5 5 5 5 5 5 5 5 5 5 5 5 5 5 5 5 5 5 5 5 5 5 5 5 5 5 5 5 5 5 5 5 5 5 5 5 5 5 5 5 5 5 5 5 5 5 5 5 5 5 5 5 5 5 5 5 5 5 5 5 5 5 5 5 5 5 5 5 5 5 5 5 5 5 5 5 5 5 5 5 5 5 5 5 5 5 5 5 5 5 5 5 5 5 5 5 5 5 5 5 5 5 5 5 5 5 5 5 5 5 5 5 5 5 5 5 5 5 5 5 5 5 5 5 5 5 5 5 5 5 5 5 5 5 5 5 5 5 5 5 5 5 5 5 5 5 5 5 5 5 5 5 5 5 5 5 5 5 5 5 5 5 5 5 5 5 5 5 5 5 5 5 5 5 5 5 5 5 5 5 5 5 5 5 5 5 5 5 5 5 5 5 5 5 5 5 5 5 5 5 5 5 5 5 5 5 5 5 5 5 5 5 5 5 5 5 5 5 5 5 5 5 5 5 5 5 5 5 5 5 5 5 5 5 5 5 5 5 5 5 5 5 5 5 5 5 5 5 5 5 5 5 5 5 5 5 5 5 5 5 5 5 5 5 5 5 5 5 5 5 5 5 5 5 5 5 5 5 5 5 5 5 5 5 5 5 5 5 5 5 5 5 5 5 5 5 5 5 5 5 5 5 5 5 5 5 5 5 5 5 5 5 5 5 5 5 5 5 5 5 5 5 5 5 5 5 5 5 5 5 5 5 5 5 5 5 5 5 5 5 5 5 5 5 5 5 5 5 5 5 5 5 5 5 5 5 5 5 5 5 5 5 5 5 5 5 5 5 5 5 5 5 5 5 5 5 5 5 5 5 5 5 5 5 5 5 5 5 5 5 5 5 5 5 5 5 5 5 5 5 5 5 5 5 5 5 5 5 5 5 5 5 5 5 5 5 5 5 5 5 5 5 5 5 5 5 5 5 5 5 5 5 5 5 5 5 5 5 5 5 5 5 5 5 5 5 5 5 5 5 5 5 5 5 5 5 5 5 5 5 5 5 5 5 5 5 5 5 5 5 5 5 5 5 5 5 5 5 5 5 5 5 5 5 5 5 5 5 5 5 5 5 5 5 5 5 5 5 5 5 5 5 5 5 5 5 5 5 5 5 5 5 5 5 5 5 5 5 5 5 5 5 5 5 5 5 5 5 5 5 5 5 5 5 5 5 5 5 5 5 5 5 5 5 5 5 5 5 5 5 5 5 5 5 5 5 5 5 5 5 5 5 5 5 5 5 5 5 5 5 5 5 5 5 5 5 5 5 5 5 5 5 5 5 5 5 5 5 5 5 5 5 5 5 5 5 5 5 5 5 5 5 5 5 5 5 5 5 5 5 5 5 5 5 5 5 5 5 5 5 5 5 5 5 5 5 5 5 5 5 5 5 5 5 5 5 5 5 5 5 5 5 5 5 5 5 5 5 5 5 5 5 5 5 5 5 5 5 5 5 5 5 5 5 5 5 5 5 5 5 5 5 5 5 5 5 5 5 5 5 5 5 5 5 5 5 5 5 5 5 5 5 5 5 5 5 5 5 5 5 5 5 5 5 5 5 5 5 5 5 5 5 5 5 5 5 5 5 5 5 5 5 5 5 5 5 5 5 5 5 5 5 5 5 5 5 5 5 5 5 5 5 5 5 5 5 5 5 5 5 5 5 5 5 5 5 5 5 5 5 5 5 5 5 5 5 5 5 5 5 5 5 5 5 5 5 5 5 5 5 5 5 5 5 5 5 5 5 5 5 5 5 5 5 5 5 5 5 5 5 5 5 5 5 5 5 5 5 5 5 5 5 5 5 5 

        </DataArray>

      </Cells>

    </Piece>

  </UnstructuredGrid>

</VTKFile>

